timestamp,topic,payload_size_bytes,payload_preview
2026-04-22T16:23:36,shellyazplug-e4b323337220/online,5,false
2026-04-22T16:23:36,iot/dht11/debug,46,[0;36m[D][sensor:124]: 'Humidity' >> 39 %[0m
2026-04-22T16:23:36,iot/dht11/status,6,online
2026-04-22T16:23:36,iot/dht11/sensor/temperature/state,4,24.8
2026-04-22T16:23:36,iot/dht11/sensor/humidity/state,2,39
2026-04-22T16:23:36,iot/mq/debug,50,[0;36m[D][sensor:124]: 'Gas Sensor' >> 0.56 V[0m
2026-04-22T16:23:36,iot/mq/status,6,online
2026-04-22T16:23:36,iot/mq/sensor/gas_sensor/state,4,0.56
2026-04-22T16:23:36,iot/pir/debug,50,[0;36m[D][binary_sensor:048]: 'Motion' >> OFF[0m
2026-04-22T16:23:36,iot/pir/status,6,online
2026-04-22T16:23:36,iot/pir/binary_sensor/motion/state,3,OFF
2026-04-22T16:23:36,homeassistant/sensor/dht11_node/temperature/config,380,"{""sug_dsp_prc"":1,""unit_of_meas"":""°C"",""stat_cla"":""measurement"",""name"":""Temperature"",""dev_cla"":""temperature"",""stat_t"":""iot"
2026-04-22T16:23:36,homeassistant/sensor/dht11_node/humidity/config,366,"{""sug_dsp_prc"":0,""unit_of_meas"":""%"",""stat_cla"":""measurement"",""name"":""Humidity"",""dev_cla"":""humidity"",""stat_t"":""iot/dht11/"
2026-04-22T16:23:36,homeassistant/sensor/mq_node/gas_sensor/config,362,"{""sug_dsp_prc"":2,""unit_of_meas"":""V"",""stat_cla"":""measurement"",""name"":""Gas Sensor"",""dev_cla"":""voltage"",""stat_t"":""iot/mq/se"
2026-04-22T16:23:36,homeassistant/binary_sensor/pir_node/motion/config,306,"{""name"":""Motion"",""dev_cla"":""motion"",""stat_t"":""iot/pir/binary_sensor/motion/state"",""avty_t"":""iot/pir/status"",""uniq_id"":""E"
2026-04-22T16:23:36,esphome/discover/dht11_node,149,"{""ip"":""192.168.8.167"",""name"":""dht11_node"",""version"":""2026.3.2"",""mac"":""348518b90f38"",""platform"":""ESP32"",""board"":""esp32-s3"
2026-04-22T16:23:36,esphome/discover/mq_node,146,"{""ip"":""192.168.8.203"",""name"":""mq_node"",""version"":""2026.3.2"",""mac"":""348518b91934"",""platform"":""ESP32"",""board"":""esp32-s3-de"
2026-04-22T16:23:36,esphome/discover/pir_node,147,"{""ip"":""192.168.8.215"",""name"":""pir_node"",""version"":""2026.3.2"",""mac"":""348518b90f68"",""platform"":""ESP32"",""board"":""esp32-s3-d"
2026-04-22T16:23:36,shellyazplug-node/online,4,true
2026-04-22T16:23:36,iot/dht11/debug,59,[0;36m[D][dht:048]: Temperature 24.8°C Humidity 39.0%[0m
2026-04-22T16:23:36,iot/dht11/debug,53,[0;36m[D][sensor:124]: 'Temperature' >> 24.8 °C[0m
2026-04-22T16:23:36,iot/dht11/sensor/temperature/state,4,24.8
2026-04-22T16:23:36,iot/dht11/debug,46,[0;36m[D][sensor:124]: 'Humidity' >> 39 %[0m
2026-04-22T16:23:36,iot/dht11/sensor/humidity/state,2,39
2026-04-22T16:23:39,iot/mq/debug,50,[0;36m[D][sensor:124]: 'Gas Sensor' >> 0.56 V[0m
2026-04-22T16:23:39,iot/mq/sensor/gas_sensor/state,4,0.56
2026-04-22T16:23:44,iot/mq/debug,50,[0;36m[D][sensor:124]: 'Gas Sensor' >> 0.56 V[0m
2026-04-22T16:23:44,iot/mq/sensor/gas_sensor/state,4,0.56
2026-04-22T16:23:46,iot/dht11/debug,59,[0;36m[D][dht:048]: Temperature 24.8°C Humidity 39.0%[0m
2026-04-22T16:23:46,iot/dht11/debug,53,[0;36m[D][sensor:124]: 'Temperature' >> 24.8 °C[0m
2026-04-22T16:23:46,iot/dht11/sensor/temperature/state,4,24.8
2026-04-22T16:23:46,iot/dht11/debug,46,[0;36m[D][sensor:124]: 'Humidity' >> 39 %[0m
2026-04-22T16:23:46,iot/dht11/sensor/humidity/state,2,39
2026-04-22T16:23:49,iot/mq/debug,50,[0;36m[D][sensor:124]: 'Gas Sensor' >> 0.56 V[0m
2026-04-22T16:23:49,iot/mq/sensor/gas_sensor/state,4,0.56
2026-04-22T16:23:54,iot/mq/debug,50,[0;36m[D][sensor:124]: 'Gas Sensor' >> 0.56 V[0m
2026-04-22T16:23:54,iot/mq/sensor/gas_sensor/state,4,0.56
2026-04-22T16:23:56,iot/dht11/debug,59,[0;36m[D][dht:048]: Temperature 24.8°C Humidity 39.0%[0m
2026-04-22T16:23:56,iot/dht11/debug,53,[0;36m[D][sensor:124]: 'Temperature' >> 24.8 °C[0m
2026-04-22T16:23:56,iot/dht11/sensor/temperature/state,4,24.8
2026-04-22T16:23:56,iot/dht11/debug,46,[0;36m[D][sensor:124]: 'Humidity' >> 39 %[0m
2026-04-22T16:23:56,iot/dht11/sensor/humidity/state,2,39
2026-04-22T16:23:59,iot/mq/debug,50,[0;36m[D][sensor:124]: 'Gas Sensor' >> 0.56 V[0m
2026-04-22T16:23:59,iot/mq/sensor/gas_sensor/state,4,0.56
2026-04-22T16:24:04,iot/mq/debug,50,[0;36m[D][sensor:124]: 'Gas Sensor' >> 0.56 V[0m
2026-04-22T16:24:04,iot/mq/sensor/gas_sensor/state,4,0.56
2026-04-22T16:24:06,iot/dht11/debug,59,[0;36m[D][dht:048]: Temperature 24.8°C Humidity 39.0%[0m
2026-04-22T16:24:06,iot/dht11/debug,53,[0;36m[D][sensor:124]: 'Temperature' >> 24.8 °C[0m
2026-04-22T16:24:06,iot/dht11/sensor/temperature/state,4,24.8
2026-04-22T16:24:06,iot/dht11/debug,46,[0;36m[D][sensor:124]: 'Humidity' >> 39 %[0m
2026-04-22T16:24:06,iot/dht11/sensor/humidity/state,2,39
2026-04-22T16:24:09,iot/mq/debug,50,[0;36m[D][sensor:124]: 'Gas Sensor' >> 0.56 V[0m
2026-04-22T16:24:09,iot/mq/sensor/gas_sensor/state,4,0.56
2026-04-22T16:24:14,iot/mq/debug,50,[0;36m[D][sensor:124]: 'Gas Sensor' >> 0.56 V[0m
2026-04-22T16:24:14,iot/mq/sensor/gas_sensor/state,4,0.56
2026-04-22T16:24:16,iot/dht11/debug,59,[0;36m[D][dht:048]: Temperature 24.8°C Humidity 39.0%[0m
2026-04-22T16:24:16,iot/dht11/debug,53,[0;36m[D][sensor:124]: 'Temperature' >> 24.8 °C[0m
2026-04-22T16:24:16,iot/dht11/sensor/temperature/state,4,24.8
2026-04-22T16:24:16,iot/dht11/debug,46,[0;36m[D][sensor:124]: 'Humidity' >> 39 %[0m
2026-04-22T16:24:16,iot/dht11/sensor/humidity/state,2,39
2026-04-22T16:24:19,iot/mq/debug,50,[0;36m[D][sensor:124]: 'Gas Sensor' >> 0.56 V[0m
2026-04-22T16:24:19,iot/mq/sensor/gas_sensor/state,4,0.56
2026-04-22T16:24:24,iot/mq/debug,50,[0;36m[D][sensor:124]: 'Gas Sensor' >> 0.56 V[0m
2026-04-22T16:24:24,iot/mq/sensor/gas_sensor/state,4,0.56
2026-04-22T16:24:26,iot/dht11/debug,59,[0;36m[D][dht:048]: Temperature 24.8°C Humidity 39.0%[0m
2026-04-22T16:24:26,iot/dht11/debug,53,[0;36m[D][sensor:124]: 'Temperature' >> 24.8 °C[0m
2026-04-22T16:24:26,iot/dht11/sensor/temperature/state,4,24.8
2026-04-22T16:24:26,iot/dht11/debug,46,[0;36m[D][sensor:124]: 'Humidity' >> 39 %[0m
2026-04-22T16:24:26,iot/dht11/sensor/humidity/state,2,39
2026-04-22T16:24:29,iot/mq/debug,50,[0;36m[D][sensor:124]: 'Gas Sensor' >> 0.56 V[0m
2026-04-22T16:24:29,iot/mq/sensor/gas_sensor/state,4,0.56
2026-04-22T16:24:34,iot/mq/debug,50,[0;36m[D][sensor:124]: 'Gas Sensor' >> 0.56 V[0m
2026-04-22T16:24:34,iot/mq/sensor/gas_sensor/state,4,0.56
2026-04-22T16:24:36,iot/dht11/debug,59,[0;36m[D][dht:048]: Temperature 24.8°C Humidity 39.0%[0m
2026-04-22T16:24:36,iot/dht11/debug,53,[0;36m[D][sensor:124]: 'Temperature' >> 24.8 °C[0m
2026-04-22T16:24:36,iot/dht11/sensor/temperature/state,4,24.8
2026-04-22T16:24:36,iot/dht11/debug,46,[0;36m[D][sensor:124]: 'Humidity' >> 39 %[0m
2026-04-22T16:24:36,iot/dht11/sensor/humidity/state,2,39
2026-04-22T16:24:39,iot/mq/debug,50,[0;36m[D][sensor:124]: 'Gas Sensor' >> 0.56 V[0m
2026-04-22T16:24:39,iot/mq/sensor/gas_sensor/state,4,0.56
2026-04-22T16:24:44,iot/mq/debug,50,[0;36m[D][sensor:124]: 'Gas Sensor' >> 0.56 V[0m
2026-04-22T16:24:44,iot/mq/sensor/gas_sensor/state,4,0.56
2026-04-22T16:24:46,iot/dht11/debug,59,[0;36m[D][dht:048]: Temperature 24.8°C Humidity 39.0%[0m
2026-04-22T16:24:46,iot/dht11/debug,53,[0;36m[D][sensor:124]: 'Temperature' >> 24.8 °C[0m
2026-04-22T16:24:46,iot/dht11/sensor/temperature/state,4,24.8
2026-04-22T16:24:46,iot/dht11/debug,46,[0;36m[D][sensor:124]: 'Humidity' >> 39 %[0m
2026-04-22T16:24:46,iot/dht11/sensor/humidity/state,2,39
2026-04-22T16:24:49,iot/mq/debug,50,[0;36m[D][sensor:124]: 'Gas Sensor' >> 0.56 V[0m
2026-04-22T16:24:49,iot/mq/sensor/gas_sensor/state,4,0.56
2026-04-22T16:24:54,iot/mq/debug,50,[0;36m[D][sensor:124]: 'Gas Sensor' >> 0.56 V[0m
2026-04-22T16:24:54,iot/mq/sensor/gas_sensor/state,4,0.56
2026-04-22T16:24:56,iot/dht11/debug,59,[0;36m[D][dht:048]: Temperature 24.8°C Humidity 39.0%[0m
2026-04-22T16:24:56,iot/dht11/debug,53,[0;36m[D][sensor:124]: 'Temperature' >> 24.8 °C[0m
2026-04-22T16:24:56,iot/dht11/sensor/temperature/state,4,24.8
2026-04-22T16:24:56,iot/dht11/debug,46,[0;36m[D][sensor:124]: 'Humidity' >> 39 %[0m
2026-04-22T16:24:56,iot/dht11/sensor/humidity/state,2,39
2026-04-22T16:24:59,iot/mq/debug,50,[0;36m[D][sensor:124]: 'Gas Sensor' >> 0.56 V[0m
2026-04-22T16:24:59,iot/mq/sensor/gas_sensor/state,4,0.56
2026-04-22T16:25:04,iot/mq/debug,50,[0;36m[D][sensor:124]: 'Gas Sensor' >> 0.56 V[0m
2026-04-22T16:25:04,iot/mq/sensor/gas_sensor/state,4,0.56
2026-04-22T16:25:06,iot/dht11/debug,59,[0;36m[D][dht:048]: Temperature 24.8°C Humidity 39.0%[0m
2026-04-22T16:25:06,iot/dht11/debug,53,[0;36m[D][sensor:124]: 'Temperature' >> 24.8 °C[0m
2026-04-22T16:25:06,iot/dht11/sensor/temperature/state,4,24.8
2026-04-22T16:25:06,iot/dht11/debug,46,[0;36m[D][sensor:124]: 'Humidity' >> 39 %[0m
2026-04-22T16:25:06,iot/dht11/sensor/humidity/state,2,39
2026-04-22T16:25:09,iot/mq/debug,50,[0;36m[D][sensor:124]: 'Gas Sensor' >> 0.56 V[0m
2026-04-22T16:25:09,iot/mq/sensor/gas_sensor/state,4,0.56
2026-04-22T16:25:14,iot/mq/debug,50,[0;36m[D][sensor:124]: 'Gas Sensor' >> 0.56 V[0m
2026-04-22T16:25:14,iot/mq/sensor/gas_sensor/state,4,0.56
2026-04-22T16:25:16,iot/dht11/debug,59,[0;36m[D][dht:048]: Temperature 24.8°C Humidity 39.0%[0m
2026-04-22T16:25:16,iot/dht11/debug,53,[0;36m[D][sensor:124]: 'Temperature' >> 24.8 °C[0m
2026-04-22T16:25:16,iot/dht11/sensor/temperature/state,4,24.8
2026-04-22T16:25:16,iot/dht11/debug,46,[0;36m[D][sensor:124]: 'Humidity' >> 39 %[0m
2026-04-22T16:25:16,iot/dht11/sensor/humidity/state,2,39
2026-04-22T16:25:19,iot/mq/debug,50,[0;36m[D][sensor:124]: 'Gas Sensor' >> 0.56 V[0m
2026-04-22T16:25:19,iot/mq/sensor/gas_sensor/state,4,0.56
2026-04-22T16:25:24,iot/mq/debug,50,[0;36m[D][sensor:124]: 'Gas Sensor' >> 0.56 V[0m
2026-04-22T16:25:24,iot/mq/sensor/gas_sensor/state,4,0.56
2026-04-22T16:25:26,iot/dht11/debug,59,[0;36m[D][dht:048]: Temperature 24.8°C Humidity 39.0%[0m
2026-04-22T16:25:26,iot/dht11/debug,53,[0;36m[D][sensor:124]: 'Temperature' >> 24.8 °C[0m
2026-04-22T16:25:26,iot/dht11/sensor/temperature/state,4,24.8
2026-04-22T16:25:26,iot/dht11/debug,46,[0;36m[D][sensor:124]: 'Humidity' >> 39 %[0m
2026-04-22T16:25:26,iot/dht11/sensor/humidity/state,2,39
2026-04-22T16:25:29,iot/mq/debug,50,[0;36m[D][sensor:124]: 'Gas Sensor' >> 0.56 V[0m
2026-04-22T16:25:29,iot/mq/sensor/gas_sensor/state,4,0.56
2026-04-22T16:25:34,iot/mq/debug,50,[0;36m[D][sensor:124]: 'Gas Sensor' >> 0.56 V[0m
2026-04-22T16:25:34,iot/mq/sensor/gas_sensor/state,4,0.56
2026-04-22T16:25:36,iot/dht11/debug,59,[0;36m[D][dht:048]: Temperature 24.8°C Humidity 39.0%[0m
2026-04-22T16:25:36,iot/dht11/debug,53,[0;36m[D][sensor:124]: 'Temperature' >> 24.8 °C[0m
2026-04-22T16:25:36,iot/dht11/sensor/temperature/state,4,24.8
2026-04-22T16:25:36,iot/dht11/debug,46,[0;36m[D][sensor:124]: 'Humidity' >> 39 %[0m
2026-04-22T16:25:36,iot/dht11/sensor/humidity/state,2,39
2026-04-22T16:25:39,iot/mq/debug,50,[0;36m[D][sensor:124]: 'Gas Sensor' >> 0.56 V[0m
2026-04-22T16:25:39,iot/mq/sensor/gas_sensor/state,4,0.56
2026-04-22T16:25:44,shellyazplug-node/rpc,85,"{""id"": 1, ""src"": ""attacker"", ""method"": ""Switch.Set"", ""params"": {""id"": 0, ""on"": true}}"
2026-04-22T16:25:44,attacker/rpc,85,"{""id"":1,""src"":""shellyazplug-e4b323337220"",""dst"":""attacker"",""result"":{""was_on"":false}}"
2026-04-22T16:25:44,shellyazplug-node/debug/log,88,"shellyazplug-e4b323337220 4115 33677.288 1|shos_rpc_inst.c:230     Switch.Set via MQTT 
"
2026-04-22T16:25:44,shellyazplug-node/status/switch:0,199,"{""id"":0, ""source"":""MQTT"", ""output"":true, ""apower"":0.0, ""voltage"":230.8, ""freq"":50.0, ""current"":0.000, ""aenergy"":{""total"""
2026-04-22T16:25:44,shellyazplug-node/events/rpc,167,"{""src"":""shellyazplug-e4b323337220"",""dst"":""shellyazplug-node/events"",""method"":""NotifyStatus"",""params"":{""ts"":33677.28,""swi"
2026-04-22T16:25:44,shellyazplug-node/debug/log,133,"shellyazplug-e4b323337220 4116 33677.304 1|shelly_notification:163 Status change of switch:0: {""id"":0,""output"":true,""sou"
2026-04-22T16:25:44,iot/mq/debug,50,[0;36m[D][sensor:124]: 'Gas Sensor' >> 0.56 V[0m
2026-04-22T16:25:44,iot/mq/sensor/gas_sensor/state,4,0.56
2026-04-22T16:25:44,shellyazplug-node/rpc,86,"{""id"": 1, ""src"": ""attacker"", ""method"": ""Switch.Set"", ""params"": {""id"": 0, ""on"": false}}"
2026-04-22T16:25:44,attacker/rpc,84,"{""id"":1,""src"":""shellyazplug-e4b323337220"",""dst"":""attacker"",""result"":{""was_on"":true}}"
2026-04-22T16:25:44,shellyazplug-node/debug/log,88,"shellyazplug-e4b323337220 4117 33677.798 1|shos_rpc_inst.c:230     Switch.Set via MQTT 
"
2026-04-22T16:25:45,shellyazplug-node/status/switch:0,200,"{""id"":0, ""source"":""MQTT"", ""output"":false, ""apower"":0.0, ""voltage"":230.8, ""freq"":50.0, ""current"":0.000, ""aenergy"":{""total"
2026-04-22T16:25:45,shellyazplug-node/events/rpc,191,"{""src"":""shellyazplug-e4b323337220"",""dst"":""shellyazplug-node/events"",""method"":""NotifyStatus"",""params"":{""ts"":33677.79,""swi"
2026-04-22T16:25:45,shellyazplug-node/debug/log,157,"shellyazplug-e4b323337220 4118 33677.816 1|shelly_notification:163 Status change of switch:0: {""id"":0,""apower"":0,""curren"
2026-04-22T16:25:45,shellyazplug-node/rpc,85,"{""id"": 1, ""src"": ""attacker"", ""method"": ""Switch.Set"", ""params"": {""id"": 0, ""on"": true}}"
2026-04-22T16:25:45,attacker/rpc,85,"{""id"":1,""src"":""shellyazplug-e4b323337220"",""dst"":""attacker"",""result"":{""was_on"":false}}"
2026-04-22T16:25:45,shellyazplug-node/debug/log,88,"shellyazplug-e4b323337220 4119 33678.310 1|shos_rpc_inst.c:230     Switch.Set via MQTT 
"
2026-04-22T16:25:45,shellyazplug-node/status/switch:0,199,"{""id"":0, ""source"":""MQTT"", ""output"":true, ""apower"":0.0, ""voltage"":230.8, ""freq"":50.0, ""current"":0.000, ""aenergy"":{""total"""
2026-04-22T16:25:45,shellyazplug-node/events/rpc,167,"{""src"":""shellyazplug-e4b323337220"",""dst"":""shellyazplug-node/events"",""method"":""NotifyStatus"",""params"":{""ts"":33678.31,""swi"
2026-04-22T16:25:45,shellyazplug-node/debug/log,133,"shellyazplug-e4b323337220 4120 33678.326 1|shelly_notification:163 Status change of switch:0: {""id"":0,""output"":true,""sou"
2026-04-22T16:25:45,shellyazplug-node/rpc,86,"{""id"": 1, ""src"": ""attacker"", ""method"": ""Switch.Set"", ""params"": {""id"": 0, ""on"": false}}"
2026-04-22T16:25:45,attacker/rpc,84,"{""id"":1,""src"":""shellyazplug-e4b323337220"",""dst"":""attacker"",""result"":{""was_on"":true}}"
2026-04-22T16:25:45,shellyazplug-node/debug/log,88,"shellyazplug-e4b323337220 4121 33678.787 1|shos_rpc_inst.c:230     Switch.Set via MQTT 
"
2026-04-22T16:25:46,shellyazplug-node/status/switch:0,200,"{""id"":0, ""source"":""MQTT"", ""output"":false, ""apower"":0.0, ""voltage"":230.8, ""freq"":50.0, ""current"":0.000, ""aenergy"":{""total"
2026-04-22T16:25:46,shellyazplug-node/events/rpc,191,"{""src"":""shellyazplug-e4b323337220"",""dst"":""shellyazplug-node/events"",""method"":""NotifyStatus"",""params"":{""ts"":33678.78,""swi"
2026-04-22T16:25:46,shellyazplug-node/debug/log,157,"shellyazplug-e4b323337220 4122 33678.806 1|shelly_notification:163 Status change of switch:0: {""id"":0,""apower"":0,""curren"
2026-04-22T16:25:46,shellyazplug-node/rpc,85,"{""id"": 1, ""src"": ""attacker"", ""method"": ""Switch.Set"", ""params"": {""id"": 0, ""on"": true}}"
2026-04-22T16:25:46,attacker/rpc,85,"{""id"":1,""src"":""shellyazplug-e4b323337220"",""dst"":""attacker"",""result"":{""was_on"":false}}"
2026-04-22T16:25:46,iot/dht11/debug,59,[0;36m[D][dht:048]: Temperature 24.8°C Humidity 39.0%[0m
2026-04-22T16:25:46,shellyazplug-node/debug/log,88,"shellyazplug-e4b323337220 4123 33679.291 1|shos_rpc_inst.c:230     Switch.Set via MQTT 
"
2026-04-22T16:25:46,iot/dht11/debug,53,[0;36m[D][sensor:124]: 'Temperature' >> 24.8 °C[0m
2026-04-22T16:25:46,iot/dht11/sensor/temperature/state,4,24.8
2026-04-22T16:25:46,iot/dht11/debug,46,[0;36m[D][sensor:124]: 'Humidity' >> 39 %[0m
2026-04-22T16:25:46,iot/dht11/sensor/humidity/state,2,39
2026-04-22T16:25:46,shellyazplug-node/status/switch:0,199,"{""id"":0, ""source"":""MQTT"", ""output"":true, ""apower"":0.0, ""voltage"":230.8, ""freq"":50.0, ""current"":0.000, ""aenergy"":{""total"""
2026-04-22T16:25:46,shellyazplug-node/events/rpc,167,"{""src"":""shellyazplug-e4b323337220"",""dst"":""shellyazplug-node/events"",""method"":""NotifyStatus"",""params"":{""ts"":33679.29,""swi"
2026-04-22T16:25:46,shellyazplug-node/debug/log,133,"shellyazplug-e4b323337220 4124 33679.307 1|shelly_notification:163 Status change of switch:0: {""id"":0,""output"":true,""sou"
2026-04-22T16:25:46,shellyazplug-node/rpc,86,"{""id"": 1, ""src"": ""attacker"", ""method"": ""Switch.Set"", ""params"": {""id"": 0, ""on"": false}}"
2026-04-22T16:25:46,attacker/rpc,84,"{""id"":1,""src"":""shellyazplug-e4b323337220"",""dst"":""attacker"",""result"":{""was_on"":true}}"
2026-04-22T16:25:46,shellyazplug-node/debug/log,88,"shellyazplug-e4b323337220 4125 33679.789 1|shos_rpc_inst.c:230     Switch.Set via MQTT 
"
2026-04-22T16:25:47,shellyazplug-node/status/switch:0,200,"{""id"":0, ""source"":""MQTT"", ""output"":false, ""apower"":0.0, ""voltage"":230.7, ""freq"":50.0, ""current"":0.000, ""aenergy"":{""total"
2026-04-22T16:25:47,shellyazplug-node/events/rpc,191,"{""src"":""shellyazplug-e4b323337220"",""dst"":""shellyazplug-node/events"",""method"":""NotifyStatus"",""params"":{""ts"":33679.79,""swi"
2026-04-22T16:25:47,shellyazplug-node/debug/log,157,"shellyazplug-e4b323337220 4126 33679.808 1|shelly_notification:163 Status change of switch:0: {""id"":0,""apower"":0,""curren"
2026-04-22T16:25:47,shellyazplug-node/rpc,85,"{""id"": 1, ""src"": ""attacker"", ""method"": ""Switch.Set"", ""params"": {""id"": 0, ""on"": true}}"
2026-04-22T16:25:47,attacker/rpc,85,"{""id"":1,""src"":""shellyazplug-e4b323337220"",""dst"":""attacker"",""result"":{""was_on"":false}}"
2026-04-22T16:25:47,shellyazplug-node/debug/log,88,"shellyazplug-e4b323337220 4127 33680.290 1|shos_rpc_inst.c:230     Switch.Set via MQTT 
"
2026-04-22T16:25:47,shellyazplug-node/status/switch:0,199,"{""id"":0, ""source"":""MQTT"", ""output"":true, ""apower"":0.0, ""voltage"":230.7, ""freq"":50.0, ""current"":0.000, ""aenergy"":{""total"""
2026-04-22T16:25:47,shellyazplug-node/events/rpc,167,"{""src"":""shellyazplug-e4b323337220"",""dst"":""shellyazplug-node/events"",""method"":""NotifyStatus"",""params"":{""ts"":33680.29,""swi"
2026-04-22T16:25:47,shellyazplug-node/debug/log,133,"shellyazplug-e4b323337220 4128 33680.306 1|shelly_notification:163 Status change of switch:0: {""id"":0,""output"":true,""sou"
2026-04-22T16:25:47,shellyazplug-node/rpc,86,"{""id"": 1, ""src"": ""attacker"", ""method"": ""Switch.Set"", ""params"": {""id"": 0, ""on"": false}}"
2026-04-22T16:25:47,attacker/rpc,84,"{""id"":1,""src"":""shellyazplug-e4b323337220"",""dst"":""attacker"",""result"":{""was_on"":true}}"
2026-04-22T16:25:47,shellyazplug-node/debug/log,88,"shellyazplug-e4b323337220 4129 33680.790 1|shos_rpc_inst.c:230     Switch.Set via MQTT 
"
2026-04-22T16:25:48,shellyazplug-node/status/switch:0,200,"{""id"":0, ""source"":""MQTT"", ""output"":false, ""apower"":0.0, ""voltage"":230.8, ""freq"":50.0, ""current"":0.000, ""aenergy"":{""total"
2026-04-22T16:25:48,shellyazplug-node/events/rpc,191,"{""src"":""shellyazplug-e4b323337220"",""dst"":""shellyazplug-node/events"",""method"":""NotifyStatus"",""params"":{""ts"":33680.79,""swi"
2026-04-22T16:25:48,shellyazplug-node/debug/log,157,"shellyazplug-e4b323337220 4130 33680.809 1|shelly_notification:163 Status change of switch:0: {""id"":0,""apower"":0,""curren"
2026-04-22T16:25:48,shellyazplug-node/rpc,85,"{""id"": 1, ""src"": ""attacker"", ""method"": ""Switch.Set"", ""params"": {""id"": 0, ""on"": true}}"
2026-04-22T16:25:48,attacker/rpc,85,"{""id"":1,""src"":""shellyazplug-e4b323337220"",""dst"":""attacker"",""result"":{""was_on"":false}}"
2026-04-22T16:25:48,shellyazplug-node/debug/log,88,"shellyazplug-e4b323337220 4131 33681.292 1|shos_rpc_inst.c:230     Switch.Set via MQTT 
"
2026-04-22T16:25:48,shellyazplug-node/status/switch:0,199,"{""id"":0, ""source"":""MQTT"", ""output"":true, ""apower"":0.0, ""voltage"":230.8, ""freq"":50.0, ""current"":0.000, ""aenergy"":{""total"""
2026-04-22T16:25:48,shellyazplug-node/events/rpc,167,"{""src"":""shellyazplug-e4b323337220"",""dst"":""shellyazplug-node/events"",""method"":""NotifyStatus"",""params"":{""ts"":33681.29,""swi"
2026-04-22T16:25:48,shellyazplug-node/debug/log,133,"shellyazplug-e4b323337220 4132 33681.309 1|shelly_notification:163 Status change of switch:0: {""id"":0,""output"":true,""sou"
2026-04-22T16:25:48,shellyazplug-node/rpc,86,"{""id"": 1, ""src"": ""attacker"", ""method"": ""Switch.Set"", ""params"": {""id"": 0, ""on"": false}}"
2026-04-22T16:25:48,attacker/rpc,84,"{""id"":1,""src"":""shellyazplug-e4b323337220"",""dst"":""attacker"",""result"":{""was_on"":true}}"
2026-04-22T16:25:48,shellyazplug-node/debug/log,88,"shellyazplug-e4b323337220 4133 33681.791 1|shos_rpc_inst.c:230     Switch.Set via MQTT 
"
2026-04-22T16:25:49,shellyazplug-node/status/switch:0,200,"{""id"":0, ""source"":""MQTT"", ""output"":false, ""apower"":0.0, ""voltage"":230.7, ""freq"":50.0, ""current"":0.000, ""aenergy"":{""total"
2026-04-22T16:25:49,shellyazplug-node/events/rpc,191,"{""src"":""shellyazplug-e4b323337220"",""dst"":""shellyazplug-node/events"",""method"":""NotifyStatus"",""params"":{""ts"":33681.79,""swi"
2026-04-22T16:25:49,shellyazplug-node/debug/log,157,"shellyazplug-e4b323337220 4134 33681.810 1|shelly_notification:163 Status change of switch:0: {""id"":0,""apower"":0,""curren"
2026-04-22T16:25:49,shellyazplug-node/rpc,85,"{""id"": 1, ""src"": ""attacker"", ""method"": ""Switch.Set"", ""params"": {""id"": 0, ""on"": true}}"
2026-04-22T16:25:49,attacker/rpc,85,"{""id"":1,""src"":""shellyazplug-e4b323337220"",""dst"":""attacker"",""result"":{""was_on"":false}}"
2026-04-22T16:25:49,shellyazplug-node/debug/log,88,"shellyazplug-e4b323337220 4135 33682.301 1|shos_rpc_inst.c:230     Switch.Set via MQTT 
"
2026-04-22T16:25:49,shellyazplug-node/status/switch:0,199,"{""id"":0, ""source"":""MQTT"", ""output"":true, ""apower"":0.0, ""voltage"":230.7, ""freq"":50.0, ""current"":0.000, ""aenergy"":{""total"""
2026-04-22T16:25:49,shellyazplug-node/events/rpc,167,"{""src"":""shellyazplug-e4b323337220"",""dst"":""shellyazplug-node/events"",""method"":""NotifyStatus"",""params"":{""ts"":33682.30,""swi"
2026-04-22T16:25:49,shellyazplug-node/debug/log,133,"shellyazplug-e4b323337220 4136 33682.317 1|shelly_notification:163 Status change of switch:0: {""id"":0,""output"":true,""sou"
2026-04-22T16:25:49,iot/mq/debug,50,[0;36m[D][sensor:124]: 'Gas Sensor' >> 0.56 V[0m
2026-04-22T16:25:49,iot/mq/sensor/gas_sensor/state,4,0.56
2026-04-22T16:25:49,shellyazplug-node/rpc,86,"{""id"": 1, ""src"": ""attacker"", ""method"": ""Switch.Set"", ""params"": {""id"": 0, ""on"": false}}"
2026-04-22T16:25:49,attacker/rpc,84,"{""id"":1,""src"":""shellyazplug-e4b323337220"",""dst"":""attacker"",""result"":{""was_on"":true}}"
2026-04-22T16:25:49,shellyazplug-node/debug/log,88,"shellyazplug-e4b323337220 4137 33682.792 1|shos_rpc_inst.c:230     Switch.Set via MQTT 
"
2026-04-22T16:25:50,shellyazplug-node/status/switch:0,200,"{""id"":0, ""source"":""MQTT"", ""output"":false, ""apower"":0.0, ""voltage"":230.7, ""freq"":50.0, ""current"":0.000, ""aenergy"":{""total"
2026-04-22T16:25:50,shellyazplug-node/events/rpc,191,"{""src"":""shellyazplug-e4b323337220"",""dst"":""shellyazplug-node/events"",""method"":""NotifyStatus"",""params"":{""ts"":33682.79,""swi"
2026-04-22T16:25:50,shellyazplug-node/debug/log,157,"shellyazplug-e4b323337220 4138 33682.811 1|shelly_notification:163 Status change of switch:0: {""id"":0,""apower"":0,""curren"
2026-04-22T16:25:50,shellyazplug-node/rpc,85,"{""id"": 1, ""src"": ""attacker"", ""method"": ""Switch.Set"", ""params"": {""id"": 0, ""on"": true}}"
2026-04-22T16:25:50,attacker/rpc,85,"{""id"":1,""src"":""shellyazplug-e4b323337220"",""dst"":""attacker"",""result"":{""was_on"":false}}"
2026-04-22T16:25:50,shellyazplug-node/debug/log,88,"shellyazplug-e4b323337220 4139 33683.293 1|shos_rpc_inst.c:230     Switch.Set via MQTT 
"
2026-04-22T16:25:50,shellyazplug-node/status/switch:0,199,"{""id"":0, ""source"":""MQTT"", ""output"":true, ""apower"":0.0, ""voltage"":230.7, ""freq"":50.0, ""current"":0.000, ""aenergy"":{""total"""
2026-04-22T16:25:50,shellyazplug-node/events/rpc,167,"{""src"":""shellyazplug-e4b323337220"",""dst"":""shellyazplug-node/events"",""method"":""NotifyStatus"",""params"":{""ts"":33683.29,""swi"
2026-04-22T16:25:50,shellyazplug-node/debug/log,133,"shellyazplug-e4b323337220 4140 33683.310 1|shelly_notification:163 Status change of switch:0: {""id"":0,""output"":true,""sou"
2026-04-22T16:25:50,shellyazplug-node/rpc,86,"{""id"": 1, ""src"": ""attacker"", ""method"": ""Switch.Set"", ""params"": {""id"": 0, ""on"": false}}"
2026-04-22T16:25:50,attacker/rpc,84,"{""id"":1,""src"":""shellyazplug-e4b323337220"",""dst"":""attacker"",""result"":{""was_on"":true}}"
2026-04-22T16:25:50,shellyazplug-node/debug/log,88,"shellyazplug-e4b323337220 4141 33683.794 1|shos_rpc_inst.c:230     Switch.Set via MQTT 
"
2026-04-22T16:25:51,shellyazplug-node/status/switch:0,200,"{""id"":0, ""source"":""MQTT"", ""output"":false, ""apower"":0.0, ""voltage"":230.8, ""freq"":50.0, ""current"":0.000, ""aenergy"":{""total"
2026-04-22T16:25:51,shellyazplug-node/events/rpc,191,"{""src"":""shellyazplug-e4b323337220"",""dst"":""shellyazplug-node/events"",""method"":""NotifyStatus"",""params"":{""ts"":33683.79,""swi"
2026-04-22T16:25:51,shellyazplug-node/debug/log,157,"shellyazplug-e4b323337220 4142 33683.812 1|shelly_notification:163 Status change of switch:0: {""id"":0,""apower"":0,""curren"
2026-04-22T16:25:51,shellyazplug-node/rpc,85,"{""id"": 1, ""src"": ""attacker"", ""method"": ""Switch.Set"", ""params"": {""id"": 0, ""on"": true}}"
2026-04-22T16:25:51,attacker/rpc,85,"{""id"":1,""src"":""shellyazplug-e4b323337220"",""dst"":""attacker"",""result"":{""was_on"":false}}"
2026-04-22T16:25:51,shellyazplug-node/debug/log,88,"shellyazplug-e4b323337220 4143 33684.295 1|shos_rpc_inst.c:230     Switch.Set via MQTT 
"
2026-04-22T16:25:51,shellyazplug-node/status/switch:0,199,"{""id"":0, ""source"":""MQTT"", ""output"":true, ""apower"":0.0, ""voltage"":230.8, ""freq"":50.0, ""current"":0.000, ""aenergy"":{""total"""
2026-04-22T16:25:51,shellyazplug-node/events/rpc,167,"{""src"":""shellyazplug-e4b323337220"",""dst"":""shellyazplug-node/events"",""method"":""NotifyStatus"",""params"":{""ts"":33684.29,""swi"
2026-04-22T16:25:51,shellyazplug-node/debug/log,133,"shellyazplug-e4b323337220 4144 33684.312 1|shelly_notification:163 Status change of switch:0: {""id"":0,""output"":true,""sou"
2026-04-22T16:25:51,shellyazplug-node/rpc,86,"{""id"": 1, ""src"": ""attacker"", ""method"": ""Switch.Set"", ""params"": {""id"": 0, ""on"": false}}"
2026-04-22T16:25:51,attacker/rpc,84,"{""id"":1,""src"":""shellyazplug-e4b323337220"",""dst"":""attacker"",""result"":{""was_on"":true}}"
2026-04-22T16:25:51,shellyazplug-node/debug/log,88,"shellyazplug-e4b323337220 4145 33684.794 1|shos_rpc_inst.c:230     Switch.Set via MQTT 
"
2026-04-22T16:25:52,shellyazplug-node/status/switch:0,200,"{""id"":0, ""source"":""MQTT"", ""output"":false, ""apower"":0.0, ""voltage"":230.7, ""freq"":50.0, ""current"":0.000, ""aenergy"":{""total"
2026-04-22T16:25:52,shellyazplug-node/events/rpc,191,"{""src"":""shellyazplug-e4b323337220"",""dst"":""shellyazplug-node/events"",""method"":""NotifyStatus"",""params"":{""ts"":33684.79,""swi"
2026-04-22T16:25:52,shellyazplug-node/debug/log,157,"shellyazplug-e4b323337220 4146 33684.813 1|shelly_notification:163 Status change of switch:0: {""id"":0,""apower"":0,""curren"
2026-04-22T16:25:52,shellyazplug-node/rpc,85,"{""id"": 1, ""src"": ""attacker"", ""method"": ""Switch.Set"", ""params"": {""id"": 0, ""on"": true}}"
2026-04-22T16:25:52,attacker/rpc,85,"{""id"":1,""src"":""shellyazplug-e4b323337220"",""dst"":""attacker"",""result"":{""was_on"":false}}"
2026-04-22T16:25:52,shellyazplug-node/debug/log,88,"shellyazplug-e4b323337220 4147 33685.295 1|shos_rpc_inst.c:230     Switch.Set via MQTT 
"
2026-04-22T16:25:52,shellyazplug-node/status/switch:0,199,"{""id"":0, ""source"":""MQTT"", ""output"":true, ""apower"":0.0, ""voltage"":230.7, ""freq"":50.0, ""current"":0.000, ""aenergy"":{""total"""
2026-04-22T16:25:52,shellyazplug-node/events/rpc,167,"{""src"":""shellyazplug-e4b323337220"",""dst"":""shellyazplug-node/events"",""method"":""NotifyStatus"",""params"":{""ts"":33685.29,""swi"
2026-04-22T16:25:52,shellyazplug-node/debug/log,133,"shellyazplug-e4b323337220 4148 33685.311 1|shelly_notification:163 Status change of switch:0: {""id"":0,""output"":true,""sou"
2026-04-22T16:25:52,shellyazplug-node/rpc,86,"{""id"": 1, ""src"": ""attacker"", ""method"": ""Switch.Set"", ""params"": {""id"": 0, ""on"": false}}"
2026-04-22T16:25:52,attacker/rpc,84,"{""id"":1,""src"":""shellyazplug-e4b323337220"",""dst"":""attacker"",""result"":{""was_on"":true}}"
2026-04-22T16:25:52,shellyazplug-node/debug/log,88,"shellyazplug-e4b323337220 4149 33685.795 1|shos_rpc_inst.c:230     Switch.Set via MQTT 
"
2026-04-22T16:25:53,shellyazplug-node/status/switch:0,200,"{""id"":0, ""source"":""MQTT"", ""output"":false, ""apower"":0.0, ""voltage"":230.7, ""freq"":50.0, ""current"":0.000, ""aenergy"":{""total"
2026-04-22T16:25:53,shellyazplug-node/events/rpc,191,"{""src"":""shellyazplug-e4b323337220"",""dst"":""shellyazplug-node/events"",""method"":""NotifyStatus"",""params"":{""ts"":33685.79,""swi"
2026-04-22T16:25:53,shellyazplug-node/debug/log,157,"shellyazplug-e4b323337220 4150 33685.814 1|shelly_notification:163 Status change of switch:0: {""id"":0,""apower"":0,""curren"
2026-04-22T16:25:53,shellyazplug-node/rpc,85,"{""id"": 1, ""src"": ""attacker"", ""method"": ""Switch.Set"", ""params"": {""id"": 0, ""on"": true}}"
2026-04-22T16:25:53,attacker/rpc,85,"{""id"":1,""src"":""shellyazplug-e4b323337220"",""dst"":""attacker"",""result"":{""was_on"":false}}"
2026-04-22T16:25:53,shellyazplug-node/debug/log,88,"shellyazplug-e4b323337220 4151 33686.296 1|shos_rpc_inst.c:230     Switch.Set via MQTT 
"
2026-04-22T16:25:53,shellyazplug-node/status/switch:0,199,"{""id"":0, ""source"":""MQTT"", ""output"":true, ""apower"":0.0, ""voltage"":230.7, ""freq"":50.0, ""current"":0.000, ""aenergy"":{""total"""
2026-04-22T16:25:53,shellyazplug-node/events/rpc,167,"{""src"":""shellyazplug-e4b323337220"",""dst"":""shellyazplug-node/events"",""method"":""NotifyStatus"",""params"":{""ts"":33686.29,""swi"
2026-04-22T16:25:53,shellyazplug-node/debug/log,133,"shellyazplug-e4b323337220 4152 33686.312 1|shelly_notification:163 Status change of switch:0: {""id"":0,""output"":true,""sou"
2026-04-22T16:25:53,shellyazplug-node/rpc,86,"{""id"": 1, ""src"": ""attacker"", ""method"": ""Switch.Set"", ""params"": {""id"": 0, ""on"": false}}"
2026-04-22T16:25:53,attacker/rpc,84,"{""id"":1,""src"":""shellyazplug-e4b323337220"",""dst"":""attacker"",""result"":{""was_on"":true}}"
2026-04-22T16:25:53,shellyazplug-node/debug/log,88,"shellyazplug-e4b323337220 4153 33686.796 1|shos_rpc_inst.c:230     Switch.Set via MQTT 
"
2026-04-22T16:25:54,shellyazplug-node/status/switch:0,200,"{""id"":0, ""source"":""MQTT"", ""output"":false, ""apower"":0.0, ""voltage"":230.7, ""freq"":50.0, ""current"":0.000, ""aenergy"":{""total"
2026-04-22T16:25:54,shellyazplug-node/events/rpc,191,"{""src"":""shellyazplug-e4b323337220"",""dst"":""shellyazplug-node/events"",""method"":""NotifyStatus"",""params"":{""ts"":33686.79,""swi"
2026-04-22T16:25:54,shellyazplug-node/debug/log,157,"shellyazplug-e4b323337220 4154 33686.815 1|shelly_notification:163 Status change of switch:0: {""id"":0,""apower"":0,""curren"
2026-04-22T16:25:54,shellyazplug-node/rpc,85,"{""id"": 1, ""src"": ""attacker"", ""method"": ""Switch.Set"", ""params"": {""id"": 0, ""on"": true}}"
2026-04-22T16:25:54,attacker/rpc,85,"{""id"":1,""src"":""shellyazplug-e4b323337220"",""dst"":""attacker"",""result"":{""was_on"":false}}"
2026-04-22T16:25:54,shellyazplug-node/debug/log,88,"shellyazplug-e4b323337220 4155 33687.299 1|shos_rpc_inst.c:230     Switch.Set via MQTT 
"
2026-04-22T16:25:54,shellyazplug-node/status/switch:0,199,"{""id"":0, ""source"":""MQTT"", ""output"":true, ""apower"":0.0, ""voltage"":230.7, ""freq"":50.0, ""current"":0.000, ""aenergy"":{""total"""
2026-04-22T16:25:54,shellyazplug-node/events/rpc,167,"{""src"":""shellyazplug-e4b323337220"",""dst"":""shellyazplug-node/events"",""method"":""NotifyStatus"",""params"":{""ts"":33687.30,""swi"
2026-04-22T16:25:54,shellyazplug-node/debug/log,133,"shellyazplug-e4b323337220 4156 33687.315 1|shelly_notification:163 Status change of switch:0: {""id"":0,""output"":true,""sou"
2026-04-22T16:25:54,iot/mq/debug,50,[0;36m[D][sensor:124]: 'Gas Sensor' >> 0.56 V[0m
2026-04-22T16:25:54,iot/mq/sensor/gas_sensor/state,4,0.56
2026-04-22T16:25:54,shellyazplug-node/rpc,86,"{""id"": 1, ""src"": ""attacker"", ""method"": ""Switch.Set"", ""params"": {""id"": 0, ""on"": false}}"
2026-04-22T16:25:54,attacker/rpc,84,"{""id"":1,""src"":""shellyazplug-e4b323337220"",""dst"":""attacker"",""result"":{""was_on"":true}}"
2026-04-22T16:25:54,shellyazplug-node/debug/log,88,"shellyazplug-e4b323337220 4157 33687.798 1|shos_rpc_inst.c:230     Switch.Set via MQTT 
"
2026-04-22T16:25:55,shellyazplug-node/status/switch:0,200,"{""id"":0, ""source"":""MQTT"", ""output"":false, ""apower"":0.0, ""voltage"":230.8, ""freq"":50.0, ""current"":0.000, ""aenergy"":{""total"
2026-04-22T16:25:55,shellyazplug-node/events/rpc,191,"{""src"":""shellyazplug-e4b323337220"",""dst"":""shellyazplug-node/events"",""method"":""NotifyStatus"",""params"":{""ts"":33687.80,""swi"
2026-04-22T16:25:55,shellyazplug-node/debug/log,157,"shellyazplug-e4b323337220 4158 33687.818 1|shelly_notification:163 Status change of switch:0: {""id"":0,""apower"":0,""curren"
2026-04-22T16:25:55,shellyazplug-node/rpc,85,"{""id"": 1, ""src"": ""attacker"", ""method"": ""Switch.Set"", ""params"": {""id"": 0, ""on"": true}}"
2026-04-22T16:25:55,attacker/rpc,85,"{""id"":1,""src"":""shellyazplug-e4b323337220"",""dst"":""attacker"",""result"":{""was_on"":false}}"
2026-04-22T16:25:55,shellyazplug-node/debug/log,88,"shellyazplug-e4b323337220 4159 33688.299 1|shos_rpc_inst.c:230     Switch.Set via MQTT 
"
2026-04-22T16:25:55,shellyazplug-node/status/switch:0,199,"{""id"":0, ""source"":""MQTT"", ""output"":true, ""apower"":0.0, ""voltage"":230.8, ""freq"":50.0, ""current"":0.000, ""aenergy"":{""total"""
2026-04-22T16:25:55,shellyazplug-node/events/rpc,167,"{""src"":""shellyazplug-e4b323337220"",""dst"":""shellyazplug-node/events"",""method"":""NotifyStatus"",""params"":{""ts"":33688.30,""swi"
2026-04-22T16:25:55,shellyazplug-node/debug/log,133,"shellyazplug-e4b323337220 4160 33688.315 1|shelly_notification:163 Status change of switch:0: {""id"":0,""output"":true,""sou"
2026-04-22T16:25:55,shellyazplug-node/rpc,86,"{""id"": 1, ""src"": ""attacker"", ""method"": ""Switch.Set"", ""params"": {""id"": 0, ""on"": false}}"
2026-04-22T16:25:55,attacker/rpc,84,"{""id"":1,""src"":""shellyazplug-e4b323337220"",""dst"":""attacker"",""result"":{""was_on"":true}}"
2026-04-22T16:25:55,shellyazplug-node/debug/log,88,"shellyazplug-e4b323337220 4161 33688.800 1|shos_rpc_inst.c:230     Switch.Set via MQTT 
"
2026-04-22T16:25:56,shellyazplug-node/status/switch:0,200,"{""id"":0, ""source"":""MQTT"", ""output"":false, ""apower"":0.0, ""voltage"":230.8, ""freq"":50.0, ""current"":0.000, ""aenergy"":{""total"
2026-04-22T16:25:56,shellyazplug-node/events/rpc,191,"{""src"":""shellyazplug-e4b323337220"",""dst"":""shellyazplug-node/events"",""method"":""NotifyStatus"",""params"":{""ts"":33688.80,""swi"
2026-04-22T16:25:56,shellyazplug-node/debug/log,157,"shellyazplug-e4b323337220 4162 33688.820 1|shelly_notification:163 Status change of switch:0: {""id"":0,""apower"":0,""curren"
2026-04-22T16:25:56,shellyazplug-node/rpc,85,"{""id"": 1, ""src"": ""attacker"", ""method"": ""Switch.Set"", ""params"": {""id"": 0, ""on"": true}}"
2026-04-22T16:25:56,attacker/rpc,85,"{""id"":1,""src"":""shellyazplug-e4b323337220"",""dst"":""attacker"",""result"":{""was_on"":false}}"
2026-04-22T16:25:56,iot/dht11/debug,59,[0;36m[D][dht:048]: Temperature 24.8°C Humidity 39.0%[0m
2026-04-22T16:25:56,shellyazplug-node/debug/log,88,"shellyazplug-e4b323337220 4163 33689.300 1|shos_rpc_inst.c:230     Switch.Set via MQTT 
"
2026-04-22T16:25:56,iot/dht11/debug,53,[0;36m[D][sensor:124]: 'Temperature' >> 24.8 °C[0m
2026-04-22T16:25:56,iot/dht11/sensor/temperature/state,4,24.8
2026-04-22T16:25:56,iot/dht11/debug,46,[0;36m[D][sensor:124]: 'Humidity' >> 39 %[0m
2026-04-22T16:25:56,iot/dht11/sensor/humidity/state,2,39
2026-04-22T16:25:56,shellyazplug-node/status/switch:0,199,"{""id"":0, ""source"":""MQTT"", ""output"":true, ""apower"":0.0, ""voltage"":230.8, ""freq"":50.0, ""current"":0.000, ""aenergy"":{""total"""
2026-04-22T16:25:56,shellyazplug-node/events/rpc,167,"{""src"":""shellyazplug-e4b323337220"",""dst"":""shellyazplug-node/events"",""method"":""NotifyStatus"",""params"":{""ts"":33689.30,""swi"
2026-04-22T16:25:56,shellyazplug-node/debug/log,133,"shellyazplug-e4b323337220 4164 33689.316 1|shelly_notification:163 Status change of switch:0: {""id"":0,""output"":true,""sou"
2026-04-22T16:25:56,shellyazplug-node/rpc,86,"{""id"": 1, ""src"": ""attacker"", ""method"": ""Switch.Set"", ""params"": {""id"": 0, ""on"": false}}"
2026-04-22T16:25:56,attacker/rpc,84,"{""id"":1,""src"":""shellyazplug-e4b323337220"",""dst"":""attacker"",""result"":{""was_on"":true}}"
2026-04-22T16:25:56,shellyazplug-node/debug/log,88,"shellyazplug-e4b323337220 4165 33689.800 1|shos_rpc_inst.c:230     Switch.Set via MQTT 
"
2026-04-22T16:25:57,shellyazplug-node/status/switch:0,200,"{""id"":0, ""source"":""MQTT"", ""output"":false, ""apower"":0.0, ""voltage"":230.8, ""freq"":50.0, ""current"":0.000, ""aenergy"":{""total"
2026-04-22T16:25:57,shellyazplug-node/events/rpc,191,"{""src"":""shellyazplug-e4b323337220"",""dst"":""shellyazplug-node/events"",""method"":""NotifyStatus"",""params"":{""ts"":33689.80,""swi"
2026-04-22T16:25:57,shellyazplug-node/debug/log,157,"shellyazplug-e4b323337220 4166 33689.819 1|shelly_notification:163 Status change of switch:0: {""id"":0,""apower"":0,""curren"
2026-04-22T16:25:57,shellyazplug-node/rpc,85,"{""id"": 1, ""src"": ""attacker"", ""method"": ""Switch.Set"", ""params"": {""id"": 0, ""on"": true}}"
2026-04-22T16:25:57,attacker/rpc,85,"{""id"":1,""src"":""shellyazplug-e4b323337220"",""dst"":""attacker"",""result"":{""was_on"":false}}"
2026-04-22T16:25:57,shellyazplug-node/debug/log,88,"shellyazplug-e4b323337220 4167 33690.301 1|shos_rpc_inst.c:230     Switch.Set via MQTT 
"
2026-04-22T16:25:57,shellyazplug-node/status/switch:0,199,"{""id"":0, ""source"":""MQTT"", ""output"":true, ""apower"":0.0, ""voltage"":230.8, ""freq"":50.0, ""current"":0.000, ""aenergy"":{""total"""
2026-04-22T16:25:57,shellyazplug-node/events/rpc,167,"{""src"":""shellyazplug-e4b323337220"",""dst"":""shellyazplug-node/events"",""method"":""NotifyStatus"",""params"":{""ts"":33690.30,""swi"
2026-04-22T16:25:57,shellyazplug-node/debug/log,133,"shellyazplug-e4b323337220 4168 33690.317 1|shelly_notification:163 Status change of switch:0: {""id"":0,""output"":true,""sou"
2026-04-22T16:25:57,shellyazplug-node/rpc,86,"{""id"": 1, ""src"": ""attacker"", ""method"": ""Switch.Set"", ""params"": {""id"": 0, ""on"": false}}"
2026-04-22T16:25:57,attacker/rpc,84,"{""id"":1,""src"":""shellyazplug-e4b323337220"",""dst"":""attacker"",""result"":{""was_on"":true}}"
2026-04-22T16:25:57,shellyazplug-node/debug/log,88,"shellyazplug-e4b323337220 4169 33690.802 1|shos_rpc_inst.c:230     Switch.Set via MQTT 
"
2026-04-22T16:25:58,shellyazplug-node/status/switch:0,200,"{""id"":0, ""source"":""MQTT"", ""output"":false, ""apower"":0.0, ""voltage"":230.8, ""freq"":50.0, ""current"":0.000, ""aenergy"":{""total"
2026-04-22T16:25:58,shellyazplug-node/events/rpc,191,"{""src"":""shellyazplug-e4b323337220"",""dst"":""shellyazplug-node/events"",""method"":""NotifyStatus"",""params"":{""ts"":33690.80,""swi"
2026-04-22T16:25:58,shellyazplug-node/debug/log,157,"shellyazplug-e4b323337220 4170 33690.820 1|shelly_notification:163 Status change of switch:0: {""id"":0,""apower"":0,""curren"
2026-04-22T16:25:58,shellyazplug-node/rpc,85,"{""id"": 1, ""src"": ""attacker"", ""method"": ""Switch.Set"", ""params"": {""id"": 0, ""on"": true}}"
2026-04-22T16:25:58,attacker/rpc,85,"{""id"":1,""src"":""shellyazplug-e4b323337220"",""dst"":""attacker"",""result"":{""was_on"":false}}"
2026-04-22T16:25:58,shellyazplug-node/debug/log,88,"shellyazplug-e4b323337220 4171 33691.302 1|shos_rpc_inst.c:230     Switch.Set via MQTT 
"
2026-04-22T16:25:58,shellyazplug-node/status/switch:0,199,"{""id"":0, ""source"":""MQTT"", ""output"":true, ""apower"":0.0, ""voltage"":230.8, ""freq"":50.0, ""current"":0.000, ""aenergy"":{""total"""
2026-04-22T16:25:58,shellyazplug-node/events/rpc,167,"{""src"":""shellyazplug-e4b323337220"",""dst"":""shellyazplug-node/events"",""method"":""NotifyStatus"",""params"":{""ts"":33691.30,""swi"
2026-04-22T16:25:58,shellyazplug-node/debug/log,133,"shellyazplug-e4b323337220 4172 33691.318 1|shelly_notification:163 Status change of switch:0: {""id"":0,""output"":true,""sou"
2026-04-22T16:25:58,shellyazplug-node/rpc,86,"{""id"": 1, ""src"": ""attacker"", ""method"": ""Switch.Set"", ""params"": {""id"": 0, ""on"": false}}"
2026-04-22T16:25:58,attacker/rpc,84,"{""id"":1,""src"":""shellyazplug-e4b323337220"",""dst"":""attacker"",""result"":{""was_on"":true}}"
2026-04-22T16:25:58,shellyazplug-node/debug/log,88,"shellyazplug-e4b323337220 4173 33691.802 1|shos_rpc_inst.c:230     Switch.Set via MQTT 
"
2026-04-22T16:25:59,shellyazplug-node/status/switch:0,200,"{""id"":0, ""source"":""MQTT"", ""output"":false, ""apower"":0.0, ""voltage"":230.7, ""freq"":50.0, ""current"":0.000, ""aenergy"":{""total"
2026-04-22T16:25:59,shellyazplug-node/events/rpc,191,"{""src"":""shellyazplug-e4b323337220"",""dst"":""shellyazplug-node/events"",""method"":""NotifyStatus"",""params"":{""ts"":33691.80,""swi"
2026-04-22T16:25:59,shellyazplug-node/debug/log,157,"shellyazplug-e4b323337220 4174 33691.821 1|shelly_notification:163 Status change of switch:0: {""id"":0,""apower"":0,""curren"
2026-04-22T16:25:59,shellyazplug-node/rpc,85,"{""id"": 1, ""src"": ""attacker"", ""method"": ""Switch.Set"", ""params"": {""id"": 0, ""on"": true}}"
2026-04-22T16:25:59,attacker/rpc,85,"{""id"":1,""src"":""shellyazplug-e4b323337220"",""dst"":""attacker"",""result"":{""was_on"":false}}"
2026-04-22T16:25:59,shellyazplug-node/debug/log,88,"shellyazplug-e4b323337220 4175 33692.304 1|shos_rpc_inst.c:230     Switch.Set via MQTT 
"
2026-04-22T16:25:59,shellyazplug-node/status/switch:0,199,"{""id"":0, ""source"":""MQTT"", ""output"":true, ""apower"":0.0, ""voltage"":230.7, ""freq"":50.0, ""current"":0.000, ""aenergy"":{""total"""
2026-04-22T16:25:59,shellyazplug-node/events/rpc,167,"{""src"":""shellyazplug-e4b323337220"",""dst"":""shellyazplug-node/events"",""method"":""NotifyStatus"",""params"":{""ts"":33692.30,""swi"
2026-04-22T16:25:59,shellyazplug-node/debug/log,133,"shellyazplug-e4b323337220 4176 33692.320 1|shelly_notification:163 Status change of switch:0: {""id"":0,""output"":true,""sou"
2026-04-22T16:25:59,iot/mq/debug,50,[0;36m[D][sensor:124]: 'Gas Sensor' >> 0.56 V[0m
2026-04-22T16:25:59,iot/mq/sensor/gas_sensor/state,4,0.56
2026-04-22T16:25:59,shellyazplug-node/rpc,86,"{""id"": 1, ""src"": ""attacker"", ""method"": ""Switch.Set"", ""params"": {""id"": 0, ""on"": false}}"
2026-04-22T16:25:59,attacker/rpc,84,"{""id"":1,""src"":""shellyazplug-e4b323337220"",""dst"":""attacker"",""result"":{""was_on"":true}}"
2026-04-22T16:25:59,shellyazplug-node/debug/log,88,"shellyazplug-e4b323337220 4177 33692.803 1|shos_rpc_inst.c:230     Switch.Set via MQTT 
"
2026-04-22T16:26:00,shellyazplug-node/status/switch:0,200,"{""id"":0, ""source"":""MQTT"", ""output"":false, ""apower"":0.0, ""voltage"":230.8, ""freq"":50.0, ""current"":0.000, ""aenergy"":{""total"
2026-04-22T16:26:00,shellyazplug-node/events/rpc,191,"{""src"":""shellyazplug-e4b323337220"",""dst"":""shellyazplug-node/events"",""method"":""NotifyStatus"",""params"":{""ts"":33692.80,""swi"
2026-04-22T16:26:00,shellyazplug-node/debug/log,157,"shellyazplug-e4b323337220 4178 33692.822 1|shelly_notification:163 Status change of switch:0: {""id"":0,""apower"":0,""curren"
2026-04-22T16:26:00,shellyazplug-node/rpc,85,"{""id"": 1, ""src"": ""attacker"", ""method"": ""Switch.Set"", ""params"": {""id"": 0, ""on"": true}}"
2026-04-22T16:26:00,attacker/rpc,85,"{""id"":1,""src"":""shellyazplug-e4b323337220"",""dst"":""attacker"",""result"":{""was_on"":false}}"
2026-04-22T16:26:00,shellyazplug-node/debug/log,88,"shellyazplug-e4b323337220 4179 33693.306 1|shos_rpc_inst.c:230     Switch.Set via MQTT 
"
2026-04-22T16:26:00,shellyazplug-node/status/switch:0,199,"{""id"":0, ""source"":""MQTT"", ""output"":true, ""apower"":0.0, ""voltage"":230.8, ""freq"":50.0, ""current"":0.000, ""aenergy"":{""total"""
2026-04-22T16:26:00,shellyazplug-node/events/rpc,167,"{""src"":""shellyazplug-e4b323337220"",""dst"":""shellyazplug-node/events"",""method"":""NotifyStatus"",""params"":{""ts"":33693.30,""swi"
2026-04-22T16:26:00,shellyazplug-node/debug/log,133,"shellyazplug-e4b323337220 4180 33693.323 1|shelly_notification:163 Status change of switch:0: {""id"":0,""output"":true,""sou"
2026-04-22T16:26:00,shellyazplug-node/rpc,86,"{""id"": 1, ""src"": ""attacker"", ""method"": ""Switch.Set"", ""params"": {""id"": 0, ""on"": false}}"
2026-04-22T16:26:00,attacker/rpc,84,"{""id"":1,""src"":""shellyazplug-e4b323337220"",""dst"":""attacker"",""result"":{""was_on"":true}}"
2026-04-22T16:26:00,shellyazplug-node/debug/log,88,"shellyazplug-e4b323337220 4181 33693.804 1|shos_rpc_inst.c:230     Switch.Set via MQTT 
"
2026-04-22T16:26:01,shellyazplug-node/status/switch:0,200,"{""id"":0, ""source"":""MQTT"", ""output"":false, ""apower"":0.0, ""voltage"":230.9, ""freq"":50.0, ""current"":0.000, ""aenergy"":{""total"
2026-04-22T16:26:01,shellyazplug-node/events/rpc,191,"{""src"":""shellyazplug-e4b323337220"",""dst"":""shellyazplug-node/events"",""method"":""NotifyStatus"",""params"":{""ts"":33693.80,""swi"
2026-04-22T16:26:01,shellyazplug-node/debug/log,157,"shellyazplug-e4b323337220 4182 33693.823 1|shelly_notification:163 Status change of switch:0: {""id"":0,""apower"":0,""curren"
2026-04-22T16:26:01,shellyazplug-node/rpc,85,"{""id"": 1, ""src"": ""attacker"", ""method"": ""Switch.Set"", ""params"": {""id"": 0, ""on"": true}}"
2026-04-22T16:26:01,attacker/rpc,85,"{""id"":1,""src"":""shellyazplug-e4b323337220"",""dst"":""attacker"",""result"":{""was_on"":false}}"
2026-04-22T16:26:01,shellyazplug-node/debug/log,88,"shellyazplug-e4b323337220 4183 33694.305 1|shos_rpc_inst.c:230     Switch.Set via MQTT 
"
2026-04-22T16:26:01,shellyazplug-node/status/switch:0,199,"{""id"":0, ""source"":""MQTT"", ""output"":true, ""apower"":0.0, ""voltage"":230.9, ""freq"":50.0, ""current"":0.000, ""aenergy"":{""total"""
2026-04-22T16:26:01,shellyazplug-node/events/rpc,167,"{""src"":""shellyazplug-e4b323337220"",""dst"":""shellyazplug-node/events"",""method"":""NotifyStatus"",""params"":{""ts"":33694.30,""swi"
2026-04-22T16:26:01,shellyazplug-node/debug/log,133,"shellyazplug-e4b323337220 4184 33694.321 1|shelly_notification:163 Status change of switch:0: {""id"":0,""output"":true,""sou"
2026-04-22T16:26:01,shellyazplug-node/rpc,86,"{""id"": 1, ""src"": ""attacker"", ""method"": ""Switch.Set"", ""params"": {""id"": 0, ""on"": false}}"
2026-04-22T16:26:01,attacker/rpc,84,"{""id"":1,""src"":""shellyazplug-e4b323337220"",""dst"":""attacker"",""result"":{""was_on"":true}}"
2026-04-22T16:26:01,shellyazplug-node/debug/log,88,"shellyazplug-e4b323337220 4185 33694.809 1|shos_rpc_inst.c:230     Switch.Set via MQTT 
"
2026-04-22T16:26:02,shellyazplug-node/status/switch:0,200,"{""id"":0, ""source"":""MQTT"", ""output"":false, ""apower"":0.0, ""voltage"":230.8, ""freq"":50.0, ""current"":0.000, ""aenergy"":{""total"
2026-04-22T16:26:02,shellyazplug-node/events/rpc,191,"{""src"":""shellyazplug-e4b323337220"",""dst"":""shellyazplug-node/events"",""method"":""NotifyStatus"",""params"":{""ts"":33694.81,""swi"
2026-04-22T16:26:02,shellyazplug-node/debug/log,157,"shellyazplug-e4b323337220 4186 33694.827 1|shelly_notification:163 Status change of switch:0: {""id"":0,""apower"":0,""curren"
2026-04-22T16:26:02,shellyazplug-node/rpc,85,"{""id"": 1, ""src"": ""attacker"", ""method"": ""Switch.Set"", ""params"": {""id"": 0, ""on"": true}}"
2026-04-22T16:26:02,attacker/rpc,85,"{""id"":1,""src"":""shellyazplug-e4b323337220"",""dst"":""attacker"",""result"":{""was_on"":false}}"
2026-04-22T16:26:02,shellyazplug-node/debug/log,88,"shellyazplug-e4b323337220 4187 33695.307 1|shos_rpc_inst.c:230     Switch.Set via MQTT 
"
2026-04-22T16:26:02,shellyazplug-node/status/switch:0,199,"{""id"":0, ""source"":""MQTT"", ""output"":true, ""apower"":0.0, ""voltage"":230.8, ""freq"":50.0, ""current"":0.000, ""aenergy"":{""total"""
2026-04-22T16:26:02,shellyazplug-node/events/rpc,167,"{""src"":""shellyazplug-e4b323337220"",""dst"":""shellyazplug-node/events"",""method"":""NotifyStatus"",""params"":{""ts"":33695.30,""swi"
2026-04-22T16:26:02,shellyazplug-node/debug/log,133,"shellyazplug-e4b323337220 4188 33695.323 1|shelly_notification:163 Status change of switch:0: {""id"":0,""output"":true,""sou"
2026-04-22T16:26:02,shellyazplug-node/rpc,86,"{""id"": 1, ""src"": ""attacker"", ""method"": ""Switch.Set"", ""params"": {""id"": 0, ""on"": false}}"
2026-04-22T16:26:02,attacker/rpc,84,"{""id"":1,""src"":""shellyazplug-e4b323337220"",""dst"":""attacker"",""result"":{""was_on"":true}}"
2026-04-22T16:26:02,shellyazplug-node/debug/log,88,"shellyazplug-e4b323337220 4189 33695.806 1|shos_rpc_inst.c:230     Switch.Set via MQTT 
"
2026-04-22T16:26:03,shellyazplug-node/status/switch:0,200,"{""id"":0, ""source"":""MQTT"", ""output"":false, ""apower"":0.0, ""voltage"":230.7, ""freq"":50.0, ""current"":0.000, ""aenergy"":{""total"
2026-04-22T16:26:03,shellyazplug-node/events/rpc,191,"{""src"":""shellyazplug-e4b323337220"",""dst"":""shellyazplug-node/events"",""method"":""NotifyStatus"",""params"":{""ts"":33695.80,""swi"
2026-04-22T16:26:03,shellyazplug-node/debug/log,157,"shellyazplug-e4b323337220 4190 33695.825 1|shelly_notification:163 Status change of switch:0: {""id"":0,""apower"":0,""curren"
2026-04-22T16:26:03,shellyazplug-node/rpc,85,"{""id"": 1, ""src"": ""attacker"", ""method"": ""Switch.Set"", ""params"": {""id"": 0, ""on"": true}}"
2026-04-22T16:26:03,attacker/rpc,85,"{""id"":1,""src"":""shellyazplug-e4b323337220"",""dst"":""attacker"",""result"":{""was_on"":false}}"
2026-04-22T16:26:03,shellyazplug-node/debug/log,88,"shellyazplug-e4b323337220 4191 33696.307 1|shos_rpc_inst.c:230     Switch.Set via MQTT 
"
2026-04-22T16:26:03,shellyazplug-node/status/switch:0,199,"{""id"":0, ""source"":""MQTT"", ""output"":true, ""apower"":0.0, ""voltage"":230.7, ""freq"":50.0, ""current"":0.000, ""aenergy"":{""total"""
2026-04-22T16:26:03,shellyazplug-node/events/rpc,167,"{""src"":""shellyazplug-e4b323337220"",""dst"":""shellyazplug-node/events"",""method"":""NotifyStatus"",""params"":{""ts"":33696.30,""swi"
2026-04-22T16:26:03,shellyazplug-node/debug/log,133,"shellyazplug-e4b323337220 4192 33696.324 1|shelly_notification:163 Status change of switch:0: {""id"":0,""output"":true,""sou"
2026-04-22T16:26:03,shellyazplug-node/rpc,86,"{""id"": 1, ""src"": ""attacker"", ""method"": ""Switch.Set"", ""params"": {""id"": 0, ""on"": false}}"
2026-04-22T16:26:03,attacker/rpc,84,"{""id"":1,""src"":""shellyazplug-e4b323337220"",""dst"":""attacker"",""result"":{""was_on"":true}}"
2026-04-22T16:26:03,shellyazplug-node/debug/log,88,"shellyazplug-e4b323337220 4193 33696.809 1|shos_rpc_inst.c:230     Switch.Set via MQTT 
"
2026-04-22T16:26:04,shellyazplug-node/status/switch:0,200,"{""id"":0, ""source"":""MQTT"", ""output"":false, ""apower"":0.0, ""voltage"":230.7, ""freq"":50.0, ""current"":0.000, ""aenergy"":{""total"
2026-04-22T16:26:04,shellyazplug-node/events/rpc,191,"{""src"":""shellyazplug-e4b323337220"",""dst"":""shellyazplug-node/events"",""method"":""NotifyStatus"",""params"":{""ts"":33696.81,""swi"
2026-04-22T16:26:04,shellyazplug-node/debug/log,157,"shellyazplug-e4b323337220 4194 33696.828 1|shelly_notification:163 Status change of switch:0: {""id"":0,""apower"":0,""curren"
2026-04-22T16:26:04,shellyazplug-node/rpc,85,"{""id"": 1, ""src"": ""attacker"", ""method"": ""Switch.Set"", ""params"": {""id"": 0, ""on"": true}}"
2026-04-22T16:26:04,attacker/rpc,85,"{""id"":1,""src"":""shellyazplug-e4b323337220"",""dst"":""attacker"",""result"":{""was_on"":false}}"
2026-04-22T16:26:04,shellyazplug-node/debug/log,88,"shellyazplug-e4b323337220 4195 33697.307 1|shos_rpc_inst.c:230     Switch.Set via MQTT 
"
2026-04-22T16:26:04,shellyazplug-node/status/switch:0,199,"{""id"":0, ""source"":""MQTT"", ""output"":true, ""apower"":0.0, ""voltage"":230.7, ""freq"":50.0, ""current"":0.000, ""aenergy"":{""total"""
2026-04-22T16:26:04,shellyazplug-node/events/rpc,167,"{""src"":""shellyazplug-e4b323337220"",""dst"":""shellyazplug-node/events"",""method"":""NotifyStatus"",""params"":{""ts"":33697.30,""swi"
2026-04-22T16:26:04,shellyazplug-node/debug/log,133,"shellyazplug-e4b323337220 4196 33697.324 1|shelly_notification:163 Status change of switch:0: {""id"":0,""output"":true,""sou"
2026-04-22T16:26:04,iot/mq/debug,50,[0;36m[D][sensor:124]: 'Gas Sensor' >> 0.56 V[0m
2026-04-22T16:26:04,iot/mq/sensor/gas_sensor/state,4,0.56
2026-04-22T16:26:04,shellyazplug-node/rpc,86,"{""id"": 1, ""src"": ""attacker"", ""method"": ""Switch.Set"", ""params"": {""id"": 0, ""on"": false}}"
2026-04-22T16:26:04,attacker/rpc,84,"{""id"":1,""src"":""shellyazplug-e4b323337220"",""dst"":""attacker"",""result"":{""was_on"":true}}"
2026-04-22T16:26:05,shellyazplug-node/debug/log,88,"shellyazplug-e4b323337220 4197 33697.811 1|shos_rpc_inst.c:230     Switch.Set via MQTT 
"
2026-04-22T16:26:05,shellyazplug-node/status/switch:0,200,"{""id"":0, ""source"":""MQTT"", ""output"":false, ""apower"":0.0, ""voltage"":230.6, ""freq"":50.0, ""current"":0.000, ""aenergy"":{""total"
2026-04-22T16:26:05,shellyazplug-node/events/rpc,191,"{""src"":""shellyazplug-e4b323337220"",""dst"":""shellyazplug-node/events"",""method"":""NotifyStatus"",""params"":{""ts"":33697.81,""swi"
2026-04-22T16:26:05,shellyazplug-node/debug/log,157,"shellyazplug-e4b323337220 4198 33697.830 1|shelly_notification:163 Status change of switch:0: {""id"":0,""apower"":0,""curren"
2026-04-22T16:26:05,shellyazplug-node/rpc,85,"{""id"": 1, ""src"": ""attacker"", ""method"": ""Switch.Set"", ""params"": {""id"": 0, ""on"": true}}"
2026-04-22T16:26:05,attacker/rpc,85,"{""id"":1,""src"":""shellyazplug-e4b323337220"",""dst"":""attacker"",""result"":{""was_on"":false}}"
2026-04-22T16:26:05,shellyazplug-node/debug/log,88,"shellyazplug-e4b323337220 4199 33698.310 1|shos_rpc_inst.c:230     Switch.Set via MQTT 
"
2026-04-22T16:26:05,shellyazplug-node/status/switch:0,199,"{""id"":0, ""source"":""MQTT"", ""output"":true, ""apower"":0.0, ""voltage"":230.6, ""freq"":50.0, ""current"":0.000, ""aenergy"":{""total"""
2026-04-22T16:26:05,shellyazplug-node/events/rpc,167,"{""src"":""shellyazplug-e4b323337220"",""dst"":""shellyazplug-node/events"",""method"":""NotifyStatus"",""params"":{""ts"":33698.31,""swi"
2026-04-22T16:26:05,shellyazplug-node/debug/log,133,"shellyazplug-e4b323337220 4200 33698.328 1|shelly_notification:163 Status change of switch:0: {""id"":0,""output"":true,""sou"
2026-04-22T16:26:05,shellyazplug-node/rpc,86,"{""id"": 1, ""src"": ""attacker"", ""method"": ""Switch.Set"", ""params"": {""id"": 0, ""on"": false}}"
2026-04-22T16:26:05,attacker/rpc,84,"{""id"":1,""src"":""shellyazplug-e4b323337220"",""dst"":""attacker"",""result"":{""was_on"":true}}"
2026-04-22T16:26:05,shellyazplug-node/debug/log,88,"shellyazplug-e4b323337220 4201 33698.809 1|shos_rpc_inst.c:230     Switch.Set via MQTT 
"
2026-04-22T16:26:06,shellyazplug-node/status/switch:0,200,"{""id"":0, ""source"":""MQTT"", ""output"":false, ""apower"":0.0, ""voltage"":230.7, ""freq"":50.0, ""current"":0.000, ""aenergy"":{""total"
2026-04-22T16:26:06,shellyazplug-node/events/rpc,191,"{""src"":""shellyazplug-e4b323337220"",""dst"":""shellyazplug-node/events"",""method"":""NotifyStatus"",""params"":{""ts"":33698.81,""swi"
2026-04-22T16:26:06,shellyazplug-node/debug/log,157,"shellyazplug-e4b323337220 4202 33698.827 1|shelly_notification:163 Status change of switch:0: {""id"":0,""apower"":0,""curren"
2026-04-22T16:26:06,shellyazplug-node/rpc,85,"{""id"": 1, ""src"": ""attacker"", ""method"": ""Switch.Set"", ""params"": {""id"": 0, ""on"": true}}"
2026-04-22T16:26:06,attacker/rpc,85,"{""id"":1,""src"":""shellyazplug-e4b323337220"",""dst"":""attacker"",""result"":{""was_on"":false}}"
2026-04-22T16:26:06,iot/dht11/debug,59,[0;36m[D][dht:048]: Temperature 24.8°C Humidity 39.0%[0m
2026-04-22T16:26:06,shellyazplug-node/debug/log,88,"shellyazplug-e4b323337220 4203 33699.309 1|shos_rpc_inst.c:230     Switch.Set via MQTT 
"
2026-04-22T16:26:06,iot/dht11/debug,53,[0;36m[D][sensor:124]: 'Temperature' >> 24.8 °C[0m
2026-04-22T16:26:06,iot/dht11/sensor/temperature/state,4,24.8
2026-04-22T16:26:06,iot/dht11/debug,46,[0;36m[D][sensor:124]: 'Humidity' >> 39 %[0m
2026-04-22T16:26:06,iot/dht11/sensor/humidity/state,2,39
2026-04-22T16:26:06,shellyazplug-node/status/switch:0,199,"{""id"":0, ""source"":""MQTT"", ""output"":true, ""apower"":0.0, ""voltage"":230.7, ""freq"":50.0, ""current"":0.000, ""aenergy"":{""total"""
2026-04-22T16:26:06,shellyazplug-node/events/rpc,167,"{""src"":""shellyazplug-e4b323337220"",""dst"":""shellyazplug-node/events"",""method"":""NotifyStatus"",""params"":{""ts"":33699.31,""swi"
2026-04-22T16:26:06,shellyazplug-node/debug/log,133,"shellyazplug-e4b323337220 4204 33699.325 1|shelly_notification:163 Status change of switch:0: {""id"":0,""output"":true,""sou"
2026-04-22T16:26:06,shellyazplug-node/rpc,86,"{""id"": 1, ""src"": ""attacker"", ""method"": ""Switch.Set"", ""params"": {""id"": 0, ""on"": false}}"
2026-04-22T16:26:06,attacker/rpc,84,"{""id"":1,""src"":""shellyazplug-e4b323337220"",""dst"":""attacker"",""result"":{""was_on"":true}}"
2026-04-22T16:26:06,shellyazplug-node/debug/log,88,"shellyazplug-e4b323337220 4205 33699.812 1|shos_rpc_inst.c:230     Switch.Set via MQTT 
"
2026-04-22T16:26:07,shellyazplug-node/status/switch:0,200,"{""id"":0, ""source"":""MQTT"", ""output"":false, ""apower"":0.0, ""voltage"":230.7, ""freq"":50.0, ""current"":0.000, ""aenergy"":{""total"
2026-04-22T16:26:07,shellyazplug-node/events/rpc,191,"{""src"":""shellyazplug-e4b323337220"",""dst"":""shellyazplug-node/events"",""method"":""NotifyStatus"",""params"":{""ts"":33699.81,""swi"
2026-04-22T16:26:07,shellyazplug-node/debug/log,157,"shellyazplug-e4b323337220 4206 33699.831 1|shelly_notification:163 Status change of switch:0: {""id"":0,""apower"":0,""curren"
2026-04-22T16:26:07,shellyazplug-node/rpc,85,"{""id"": 1, ""src"": ""attacker"", ""method"": ""Switch.Set"", ""params"": {""id"": 0, ""on"": true}}"
2026-04-22T16:26:07,attacker/rpc,85,"{""id"":1,""src"":""shellyazplug-e4b323337220"",""dst"":""attacker"",""result"":{""was_on"":false}}"
2026-04-22T16:26:07,shellyazplug-node/debug/log,88,"shellyazplug-e4b323337220 4207 33700.313 1|shos_rpc_inst.c:230     Switch.Set via MQTT 
"
2026-04-22T16:26:07,shellyazplug-node/status/switch:0,199,"{""id"":0, ""source"":""MQTT"", ""output"":true, ""apower"":0.0, ""voltage"":230.7, ""freq"":50.0, ""current"":0.000, ""aenergy"":{""total"""
2026-04-22T16:26:07,shellyazplug-node/events/rpc,167,"{""src"":""shellyazplug-e4b323337220"",""dst"":""shellyazplug-node/events"",""method"":""NotifyStatus"",""params"":{""ts"":33700.31,""swi"
2026-04-22T16:26:07,shellyazplug-node/debug/log,133,"shellyazplug-e4b323337220 4208 33700.330 1|shelly_notification:163 Status change of switch:0: {""id"":0,""output"":true,""sou"
2026-04-22T16:26:07,shellyazplug-node/rpc,86,"{""id"": 1, ""src"": ""attacker"", ""method"": ""Switch.Set"", ""params"": {""id"": 0, ""on"": false}}"
2026-04-22T16:26:07,attacker/rpc,84,"{""id"":1,""src"":""shellyazplug-e4b323337220"",""dst"":""attacker"",""result"":{""was_on"":true}}"
2026-04-22T16:26:07,shellyazplug-node/debug/log,88,"shellyazplug-e4b323337220 4209 33700.811 1|shos_rpc_inst.c:230     Switch.Set via MQTT 
"
2026-04-22T16:26:08,shellyazplug-node/status/switch:0,200,"{""id"":0, ""source"":""MQTT"", ""output"":false, ""apower"":0.0, ""voltage"":230.5, ""freq"":50.0, ""current"":0.000, ""aenergy"":{""total"
2026-04-22T16:26:08,shellyazplug-node/events/rpc,191,"{""src"":""shellyazplug-e4b323337220"",""dst"":""shellyazplug-node/events"",""method"":""NotifyStatus"",""params"":{""ts"":33700.81,""swi"
2026-04-22T16:26:08,shellyazplug-node/debug/log,157,"shellyazplug-e4b323337220 4210 33700.829 1|shelly_notification:163 Status change of switch:0: {""id"":0,""apower"":0,""curren"
2026-04-22T16:26:08,shellyazplug-node/rpc,85,"{""id"": 1, ""src"": ""attacker"", ""method"": ""Switch.Set"", ""params"": {""id"": 0, ""on"": true}}"
2026-04-22T16:26:08,attacker/rpc,85,"{""id"":1,""src"":""shellyazplug-e4b323337220"",""dst"":""attacker"",""result"":{""was_on"":false}}"
2026-04-22T16:26:08,shellyazplug-node/debug/log,88,"shellyazplug-e4b323337220 4211 33701.312 1|shos_rpc_inst.c:230     Switch.Set via MQTT 
"
2026-04-22T16:26:08,shellyazplug-node/status/switch:0,199,"{""id"":0, ""source"":""MQTT"", ""output"":true, ""apower"":0.0, ""voltage"":230.5, ""freq"":50.0, ""current"":0.000, ""aenergy"":{""total"""
2026-04-22T16:26:08,shellyazplug-node/events/rpc,167,"{""src"":""shellyazplug-e4b323337220"",""dst"":""shellyazplug-node/events"",""method"":""NotifyStatus"",""params"":{""ts"":33701.31,""swi"
2026-04-22T16:26:08,shellyazplug-node/debug/log,133,"shellyazplug-e4b323337220 4212 33701.328 1|shelly_notification:163 Status change of switch:0: {""id"":0,""output"":true,""sou"
2026-04-22T16:26:08,shellyazplug-node/rpc,86,"{""id"": 1, ""src"": ""attacker"", ""method"": ""Switch.Set"", ""params"": {""id"": 0, ""on"": false}}"
2026-04-22T16:26:08,attacker/rpc,84,"{""id"":1,""src"":""shellyazplug-e4b323337220"",""dst"":""attacker"",""result"":{""was_on"":true}}"
2026-04-22T16:26:08,shellyazplug-node/debug/log,88,"shellyazplug-e4b323337220 4213 33701.812 1|shos_rpc_inst.c:230     Switch.Set via MQTT 
"
2026-04-22T16:26:09,shellyazplug-node/status/switch:0,200,"{""id"":0, ""source"":""MQTT"", ""output"":false, ""apower"":0.0, ""voltage"":230.5, ""freq"":50.0, ""current"":0.000, ""aenergy"":{""total"
2026-04-22T16:26:09,shellyazplug-node/events/rpc,191,"{""src"":""shellyazplug-e4b323337220"",""dst"":""shellyazplug-node/events"",""method"":""NotifyStatus"",""params"":{""ts"":33701.81,""swi"
2026-04-22T16:26:09,shellyazplug-node/debug/log,157,"shellyazplug-e4b323337220 4214 33701.830 1|shelly_notification:163 Status change of switch:0: {""id"":0,""apower"":0,""curren"
2026-04-22T16:26:09,shellyazplug-node/rpc,85,"{""id"": 1, ""src"": ""attacker"", ""method"": ""Switch.Set"", ""params"": {""id"": 0, ""on"": true}}"
2026-04-22T16:26:09,attacker/rpc,85,"{""id"":1,""src"":""shellyazplug-e4b323337220"",""dst"":""attacker"",""result"":{""was_on"":false}}"
2026-04-22T16:26:09,shellyazplug-node/debug/log,88,"shellyazplug-e4b323337220 4215 33702.312 1|shos_rpc_inst.c:230     Switch.Set via MQTT 
"
2026-04-22T16:26:09,shellyazplug-node/status/switch:0,199,"{""id"":0, ""source"":""MQTT"", ""output"":true, ""apower"":0.0, ""voltage"":230.5, ""freq"":50.0, ""current"":0.000, ""aenergy"":{""total"""
2026-04-22T16:26:09,shellyazplug-node/events/rpc,167,"{""src"":""shellyazplug-e4b323337220"",""dst"":""shellyazplug-node/events"",""method"":""NotifyStatus"",""params"":{""ts"":33702.31,""swi"
2026-04-22T16:26:09,shellyazplug-node/debug/log,133,"shellyazplug-e4b323337220 4216 33702.329 1|shelly_notification:163 Status change of switch:0: {""id"":0,""output"":true,""sou"
2026-04-22T16:26:09,iot/mq/debug,50,[0;36m[D][sensor:124]: 'Gas Sensor' >> 0.56 V[0m
2026-04-22T16:26:09,iot/mq/sensor/gas_sensor/state,4,0.56
2026-04-22T16:26:09,shellyazplug-node/rpc,86,"{""id"": 1, ""src"": ""attacker"", ""method"": ""Switch.Set"", ""params"": {""id"": 0, ""on"": false}}"
2026-04-22T16:26:09,attacker/rpc,84,"{""id"":1,""src"":""shellyazplug-e4b323337220"",""dst"":""attacker"",""result"":{""was_on"":true}}"
2026-04-22T16:26:09,shellyazplug-node/debug/log,88,"shellyazplug-e4b323337220 4217 33702.813 1|shos_rpc_inst.c:230     Switch.Set via MQTT 
"
2026-04-22T16:26:10,shellyazplug-node/status/switch:0,200,"{""id"":0, ""source"":""MQTT"", ""output"":false, ""apower"":0.0, ""voltage"":230.5, ""freq"":50.0, ""current"":0.000, ""aenergy"":{""total"
2026-04-22T16:26:10,shellyazplug-node/events/rpc,191,"{""src"":""shellyazplug-e4b323337220"",""dst"":""shellyazplug-node/events"",""method"":""NotifyStatus"",""params"":{""ts"":33702.81,""swi"
2026-04-22T16:26:10,shellyazplug-node/debug/log,157,"shellyazplug-e4b323337220 4218 33702.831 1|shelly_notification:163 Status change of switch:0: {""id"":0,""apower"":0,""curren"
2026-04-22T16:26:10,shellyazplug-node/rpc,85,"{""id"": 1, ""src"": ""attacker"", ""method"": ""Switch.Set"", ""params"": {""id"": 0, ""on"": true}}"
2026-04-22T16:26:10,attacker/rpc,85,"{""id"":1,""src"":""shellyazplug-e4b323337220"",""dst"":""attacker"",""result"":{""was_on"":false}}"
2026-04-22T16:26:10,shellyazplug-node/debug/log,88,"shellyazplug-e4b323337220 4219 33703.313 1|shos_rpc_inst.c:230     Switch.Set via MQTT 
"
2026-04-22T16:26:10,shellyazplug-node/status/switch:0,199,"{""id"":0, ""source"":""MQTT"", ""output"":true, ""apower"":0.0, ""voltage"":230.5, ""freq"":50.0, ""current"":0.000, ""aenergy"":{""total"""
2026-04-22T16:26:10,shellyazplug-node/events/rpc,167,"{""src"":""shellyazplug-e4b323337220"",""dst"":""shellyazplug-node/events"",""method"":""NotifyStatus"",""params"":{""ts"":33703.31,""swi"
2026-04-22T16:26:10,shellyazplug-node/debug/log,133,"shellyazplug-e4b323337220 4220 33703.330 1|shelly_notification:163 Status change of switch:0: {""id"":0,""output"":true,""sou"
2026-04-22T16:26:10,shellyazplug-node/rpc,86,"{""id"": 1, ""src"": ""attacker"", ""method"": ""Switch.Set"", ""params"": {""id"": 0, ""on"": false}}"
2026-04-22T16:26:10,attacker/rpc,84,"{""id"":1,""src"":""shellyazplug-e4b323337220"",""dst"":""attacker"",""result"":{""was_on"":true}}"
2026-04-22T16:26:11,shellyazplug-node/debug/log,88,"shellyazplug-e4b323337220 4221 33703.817 1|shos_rpc_inst.c:230     Switch.Set via MQTT 
"
2026-04-22T16:26:11,shellyazplug-node/status/switch:0,200,"{""id"":0, ""source"":""MQTT"", ""output"":false, ""apower"":0.0, ""voltage"":230.4, ""freq"":50.0, ""current"":0.000, ""aenergy"":{""total"
2026-04-22T16:26:11,shellyazplug-node/events/rpc,191,"{""src"":""shellyazplug-e4b323337220"",""dst"":""shellyazplug-node/events"",""method"":""NotifyStatus"",""params"":{""ts"":33703.81,""swi"
2026-04-22T16:26:11,shellyazplug-node/debug/log,157,"shellyazplug-e4b323337220 4222 33703.836 1|shelly_notification:163 Status change of switch:0: {""id"":0,""apower"":0,""curren"
2026-04-22T16:26:11,shellyazplug-node/rpc,85,"{""id"": 1, ""src"": ""attacker"", ""method"": ""Switch.Set"", ""params"": {""id"": 0, ""on"": true}}"
2026-04-22T16:26:11,attacker/rpc,85,"{""id"":1,""src"":""shellyazplug-e4b323337220"",""dst"":""attacker"",""result"":{""was_on"":false}}"
2026-04-22T16:26:11,shellyazplug-node/debug/log,88,"shellyazplug-e4b323337220 4223 33704.322 1|shos_rpc_inst.c:230     Switch.Set via MQTT 
"
2026-04-22T16:26:11,shellyazplug-node/status/switch:0,199,"{""id"":0, ""source"":""MQTT"", ""output"":true, ""apower"":0.0, ""voltage"":230.4, ""freq"":50.0, ""current"":0.000, ""aenergy"":{""total"""
2026-04-22T16:26:11,shellyazplug-node/events/rpc,167,"{""src"":""shellyazplug-e4b323337220"",""dst"":""shellyazplug-node/events"",""method"":""NotifyStatus"",""params"":{""ts"":33704.32,""swi"
2026-04-22T16:26:11,shellyazplug-node/debug/log,133,"shellyazplug-e4b323337220 4224 33704.338 1|shelly_notification:163 Status change of switch:0: {""id"":0,""output"":true,""sou"
2026-04-22T16:26:11,shellyazplug-node/rpc,86,"{""id"": 1, ""src"": ""attacker"", ""method"": ""Switch.Set"", ""params"": {""id"": 0, ""on"": false}}"
2026-04-22T16:26:11,attacker/rpc,84,"{""id"":1,""src"":""shellyazplug-e4b323337220"",""dst"":""attacker"",""result"":{""was_on"":true}}"
2026-04-22T16:26:12,shellyazplug-node/debug/log,88,"shellyazplug-e4b323337220 4225 33704.815 1|shos_rpc_inst.c:230     Switch.Set via MQTT 
"
2026-04-22T16:26:12,shellyazplug-node/status/switch:0,200,"{""id"":0, ""source"":""MQTT"", ""output"":false, ""apower"":0.0, ""voltage"":230.5, ""freq"":50.0, ""current"":0.000, ""aenergy"":{""total"
2026-04-22T16:26:12,shellyazplug-node/events/rpc,191,"{""src"":""shellyazplug-e4b323337220"",""dst"":""shellyazplug-node/events"",""method"":""NotifyStatus"",""params"":{""ts"":33704.81,""swi"
2026-04-22T16:26:12,shellyazplug-node/debug/log,157,"shellyazplug-e4b323337220 4226 33704.834 1|shelly_notification:163 Status change of switch:0: {""id"":0,""apower"":0,""curren"
2026-04-22T16:26:12,shellyazplug-node/rpc,85,"{""id"": 1, ""src"": ""attacker"", ""method"": ""Switch.Set"", ""params"": {""id"": 0, ""on"": true}}"
2026-04-22T16:26:12,attacker/rpc,85,"{""id"":1,""src"":""shellyazplug-e4b323337220"",""dst"":""attacker"",""result"":{""was_on"":false}}"
2026-04-22T16:26:12,shellyazplug-node/debug/log,88,"shellyazplug-e4b323337220 4227 33705.315 1|shos_rpc_inst.c:230     Switch.Set via MQTT 
"
2026-04-22T16:26:12,shellyazplug-node/status/switch:0,199,"{""id"":0, ""source"":""MQTT"", ""output"":true, ""apower"":0.0, ""voltage"":230.5, ""freq"":50.0, ""current"":0.000, ""aenergy"":{""total"""
2026-04-22T16:26:12,shellyazplug-node/events/rpc,167,"{""src"":""shellyazplug-e4b323337220"",""dst"":""shellyazplug-node/events"",""method"":""NotifyStatus"",""params"":{""ts"":33705.31,""swi"
2026-04-22T16:26:12,shellyazplug-node/debug/log,133,"shellyazplug-e4b323337220 4228 33705.332 1|shelly_notification:163 Status change of switch:0: {""id"":0,""output"":true,""sou"
2026-04-22T16:26:12,shellyazplug-node/rpc,86,"{""id"": 1, ""src"": ""attacker"", ""method"": ""Switch.Set"", ""params"": {""id"": 0, ""on"": false}}"
2026-04-22T16:26:12,attacker/rpc,84,"{""id"":1,""src"":""shellyazplug-e4b323337220"",""dst"":""attacker"",""result"":{""was_on"":true}}"
2026-04-22T16:26:13,shellyazplug-node/debug/log,88,"shellyazplug-e4b323337220 4229 33705.816 1|shos_rpc_inst.c:230     Switch.Set via MQTT 
"
2026-04-22T16:26:13,shellyazplug-node/status/switch:0,200,"{""id"":0, ""source"":""MQTT"", ""output"":false, ""apower"":0.0, ""voltage"":230.4, ""freq"":50.0, ""current"":0.000, ""aenergy"":{""total"
2026-04-22T16:26:13,shellyazplug-node/events/rpc,191,"{""src"":""shellyazplug-e4b323337220"",""dst"":""shellyazplug-node/events"",""method"":""NotifyStatus"",""params"":{""ts"":33705.81,""swi"
2026-04-22T16:26:13,shellyazplug-node/debug/log,157,"shellyazplug-e4b323337220 4230 33705.834 1|shelly_notification:163 Status change of switch:0: {""id"":0,""apower"":0,""curren"
2026-04-22T16:26:13,shellyazplug-node/rpc,85,"{""id"": 1, ""src"": ""attacker"", ""method"": ""Switch.Set"", ""params"": {""id"": 0, ""on"": true}}"
2026-04-22T16:26:13,attacker/rpc,85,"{""id"":1,""src"":""shellyazplug-e4b323337220"",""dst"":""attacker"",""result"":{""was_on"":false}}"
2026-04-22T16:26:13,shellyazplug-node/debug/log,88,"shellyazplug-e4b323337220 4231 33706.316 1|shos_rpc_inst.c:230     Switch.Set via MQTT 
"
2026-04-22T16:26:13,shellyazplug-node/status/switch:0,199,"{""id"":0, ""source"":""MQTT"", ""output"":true, ""apower"":0.0, ""voltage"":230.4, ""freq"":50.0, ""current"":0.000, ""aenergy"":{""total"""
2026-04-22T16:26:13,shellyazplug-node/events/rpc,167,"{""src"":""shellyazplug-e4b323337220"",""dst"":""shellyazplug-node/events"",""method"":""NotifyStatus"",""params"":{""ts"":33706.31,""swi"
2026-04-22T16:26:13,shellyazplug-node/debug/log,133,"shellyazplug-e4b323337220 4232 33706.333 1|shelly_notification:163 Status change of switch:0: {""id"":0,""output"":true,""sou"
2026-04-22T16:26:13,shellyazplug-node/rpc,86,"{""id"": 1, ""src"": ""attacker"", ""method"": ""Switch.Set"", ""params"": {""id"": 0, ""on"": false}}"
2026-04-22T16:26:13,attacker/rpc,84,"{""id"":1,""src"":""shellyazplug-e4b323337220"",""dst"":""attacker"",""result"":{""was_on"":true}}"
2026-04-22T16:26:14,shellyazplug-node/debug/log,88,"shellyazplug-e4b323337220 4233 33706.817 1|shos_rpc_inst.c:230     Switch.Set via MQTT 
"
2026-04-22T16:26:14,shellyazplug-node/status/switch:0,200,"{""id"":0, ""source"":""MQTT"", ""output"":false, ""apower"":0.0, ""voltage"":230.4, ""freq"":50.0, ""current"":0.000, ""aenergy"":{""total"
2026-04-22T16:26:14,shellyazplug-node/events/rpc,191,"{""src"":""shellyazplug-e4b323337220"",""dst"":""shellyazplug-node/events"",""method"":""NotifyStatus"",""params"":{""ts"":33706.81,""swi"
2026-04-22T16:26:14,shellyazplug-node/debug/log,157,"shellyazplug-e4b323337220 4234 33706.836 1|shelly_notification:163 Status change of switch:0: {""id"":0,""apower"":0,""curren"
2026-04-22T16:26:14,shellyazplug-node/rpc,85,"{""id"": 1, ""src"": ""attacker"", ""method"": ""Switch.Set"", ""params"": {""id"": 0, ""on"": true}}"
2026-04-22T16:26:14,attacker/rpc,85,"{""id"":1,""src"":""shellyazplug-e4b323337220"",""dst"":""attacker"",""result"":{""was_on"":false}}"
2026-04-22T16:26:14,shellyazplug-node/debug/log,88,"shellyazplug-e4b323337220 4235 33707.317 1|shos_rpc_inst.c:230     Switch.Set via MQTT 
"
2026-04-22T16:26:14,shellyazplug-node/status/switch:0,199,"{""id"":0, ""source"":""MQTT"", ""output"":true, ""apower"":0.0, ""voltage"":230.4, ""freq"":50.0, ""current"":0.000, ""aenergy"":{""total"""
2026-04-22T16:26:14,shellyazplug-node/events/rpc,167,"{""src"":""shellyazplug-e4b323337220"",""dst"":""shellyazplug-node/events"",""method"":""NotifyStatus"",""params"":{""ts"":33707.31,""swi"
2026-04-22T16:26:14,shellyazplug-node/debug/log,133,"shellyazplug-e4b323337220 4236 33707.333 1|shelly_notification:163 Status change of switch:0: {""id"":0,""output"":true,""sou"
2026-04-22T16:26:14,iot/mq/debug,50,[0;36m[D][sensor:124]: 'Gas Sensor' >> 0.56 V[0m
2026-04-22T16:26:14,iot/mq/sensor/gas_sensor/state,4,0.56
2026-04-22T16:26:14,shellyazplug-node/rpc,86,"{""id"": 1, ""src"": ""attacker"", ""method"": ""Switch.Set"", ""params"": {""id"": 0, ""on"": false}}"
2026-04-22T16:26:14,attacker/rpc,84,"{""id"":1,""src"":""shellyazplug-e4b323337220"",""dst"":""attacker"",""result"":{""was_on"":true}}"
2026-04-22T16:26:15,shellyazplug-node/debug/log,88,"shellyazplug-e4b323337220 4237 33707.818 1|shos_rpc_inst.c:230     Switch.Set via MQTT 
"
2026-04-22T16:26:15,shellyazplug-node/status/switch:0,200,"{""id"":0, ""source"":""MQTT"", ""output"":false, ""apower"":0.0, ""voltage"":230.3, ""freq"":50.0, ""current"":0.000, ""aenergy"":{""total"
2026-04-22T16:26:15,shellyazplug-node/events/rpc,191,"{""src"":""shellyazplug-e4b323337220"",""dst"":""shellyazplug-node/events"",""method"":""NotifyStatus"",""params"":{""ts"":33707.81,""swi"
2026-04-22T16:26:15,shellyazplug-node/debug/log,157,"shellyazplug-e4b323337220 4238 33707.836 1|shelly_notification:163 Status change of switch:0: {""id"":0,""apower"":0,""curren"
2026-04-22T16:26:15,shellyazplug-node/rpc,85,"{""id"": 1, ""src"": ""attacker"", ""method"": ""Switch.Set"", ""params"": {""id"": 0, ""on"": true}}"
2026-04-22T16:26:15,attacker/rpc,85,"{""id"":1,""src"":""shellyazplug-e4b323337220"",""dst"":""attacker"",""result"":{""was_on"":false}}"
2026-04-22T16:26:15,shellyazplug-node/debug/log,88,"shellyazplug-e4b323337220 4239 33708.318 1|shos_rpc_inst.c:230     Switch.Set via MQTT 
"
2026-04-22T16:26:15,shellyazplug-node/status/switch:0,199,"{""id"":0, ""source"":""MQTT"", ""output"":true, ""apower"":0.0, ""voltage"":230.3, ""freq"":50.0, ""current"":0.000, ""aenergy"":{""total"""
2026-04-22T16:26:15,shellyazplug-node/events/rpc,167,"{""src"":""shellyazplug-e4b323337220"",""dst"":""shellyazplug-node/events"",""method"":""NotifyStatus"",""params"":{""ts"":33708.31,""swi"
2026-04-22T16:26:15,shellyazplug-node/debug/log,133,"shellyazplug-e4b323337220 4240 33708.335 1|shelly_notification:163 Status change of switch:0: {""id"":0,""output"":true,""sou"
2026-04-22T16:26:15,shellyazplug-node/rpc,86,"{""id"": 1, ""src"": ""attacker"", ""method"": ""Switch.Set"", ""params"": {""id"": 0, ""on"": false}}"
2026-04-22T16:26:15,attacker/rpc,84,"{""id"":1,""src"":""shellyazplug-e4b323337220"",""dst"":""attacker"",""result"":{""was_on"":true}}"
2026-04-22T16:26:16,shellyazplug-node/debug/log,88,"shellyazplug-e4b323337220 4241 33708.826 1|shos_rpc_inst.c:230     Switch.Set via MQTT 
"
2026-04-22T16:26:16,shellyazplug-node/status/switch:0,200,"{""id"":0, ""source"":""MQTT"", ""output"":false, ""apower"":0.0, ""voltage"":230.2, ""freq"":50.0, ""current"":0.000, ""aenergy"":{""total"
2026-04-22T16:26:16,shellyazplug-node/events/rpc,191,"{""src"":""shellyazplug-e4b323337220"",""dst"":""shellyazplug-node/events"",""method"":""NotifyStatus"",""params"":{""ts"":33708.82,""swi"
2026-04-22T16:26:16,shellyazplug-node/debug/log,157,"shellyazplug-e4b323337220 4242 33708.845 1|shelly_notification:163 Status change of switch:0: {""id"":0,""apower"":0,""curren"
2026-04-22T16:26:16,shellyazplug-node/rpc,85,"{""id"": 1, ""src"": ""attacker"", ""method"": ""Switch.Set"", ""params"": {""id"": 0, ""on"": true}}"
2026-04-22T16:26:16,attacker/rpc,85,"{""id"":1,""src"":""shellyazplug-e4b323337220"",""dst"":""attacker"",""result"":{""was_on"":false}}"
2026-04-22T16:26:16,iot/dht11/debug,59,[0;36m[D][dht:048]: Temperature 24.8°C Humidity 39.0%[0m
2026-04-22T16:26:16,shellyazplug-node/debug/log,88,"shellyazplug-e4b323337220 4243 33709.320 1|shos_rpc_inst.c:230     Switch.Set via MQTT 
"
2026-04-22T16:26:16,iot/dht11/debug,53,[0;36m[D][sensor:124]: 'Temperature' >> 24.8 °C[0m
2026-04-22T16:26:16,iot/dht11/sensor/temperature/state,4,24.8
2026-04-22T16:26:16,iot/dht11/debug,46,[0;36m[D][sensor:124]: 'Humidity' >> 39 %[0m
2026-04-22T16:26:16,iot/dht11/sensor/humidity/state,2,39
2026-04-22T16:26:16,shellyazplug-node/status/switch:0,199,"{""id"":0, ""source"":""MQTT"", ""output"":true, ""apower"":0.0, ""voltage"":230.2, ""freq"":50.0, ""current"":0.000, ""aenergy"":{""total"""
2026-04-22T16:26:16,shellyazplug-node/events/rpc,167,"{""src"":""shellyazplug-e4b323337220"",""dst"":""shellyazplug-node/events"",""method"":""NotifyStatus"",""params"":{""ts"":33709.32,""swi"
2026-04-22T16:26:16,shellyazplug-node/debug/log,133,"shellyazplug-e4b323337220 4244 33709.337 1|shelly_notification:163 Status change of switch:0: {""id"":0,""output"":true,""sou"
2026-04-22T16:26:16,shellyazplug-node/rpc,86,"{""id"": 1, ""src"": ""attacker"", ""method"": ""Switch.Set"", ""params"": {""id"": 0, ""on"": false}}"
2026-04-22T16:26:16,attacker/rpc,84,"{""id"":1,""src"":""shellyazplug-e4b323337220"",""dst"":""attacker"",""result"":{""was_on"":true}}"
2026-04-22T16:26:17,shellyazplug-node/debug/log,88,"shellyazplug-e4b323337220 4245 33709.820 1|shos_rpc_inst.c:230     Switch.Set via MQTT 
"
2026-04-22T16:26:17,shellyazplug-node/status/switch:0,200,"{""id"":0, ""source"":""MQTT"", ""output"":false, ""apower"":0.0, ""voltage"":230.3, ""freq"":50.0, ""current"":0.000, ""aenergy"":{""total"
2026-04-22T16:26:17,shellyazplug-node/events/rpc,191,"{""src"":""shellyazplug-e4b323337220"",""dst"":""shellyazplug-node/events"",""method"":""NotifyStatus"",""params"":{""ts"":33709.82,""swi"
2026-04-22T16:26:17,shellyazplug-node/debug/log,157,"shellyazplug-e4b323337220 4246 33709.838 1|shelly_notification:163 Status change of switch:0: {""id"":0,""apower"":0,""curren"
2026-04-22T16:26:17,shellyazplug-node/rpc,85,"{""id"": 1, ""src"": ""attacker"", ""method"": ""Switch.Set"", ""params"": {""id"": 0, ""on"": true}}"
2026-04-22T16:26:17,attacker/rpc,85,"{""id"":1,""src"":""shellyazplug-e4b323337220"",""dst"":""attacker"",""result"":{""was_on"":false}}"
2026-04-22T16:26:17,shellyazplug-node/debug/log,88,"shellyazplug-e4b323337220 4247 33710.320 1|shos_rpc_inst.c:230     Switch.Set via MQTT 
"
2026-04-22T16:26:17,shellyazplug-node/status/switch:0,199,"{""id"":0, ""source"":""MQTT"", ""output"":true, ""apower"":0.0, ""voltage"":230.3, ""freq"":50.0, ""current"":0.000, ""aenergy"":{""total"""
2026-04-22T16:26:17,shellyazplug-node/events/rpc,167,"{""src"":""shellyazplug-e4b323337220"",""dst"":""shellyazplug-node/events"",""method"":""NotifyStatus"",""params"":{""ts"":33710.32,""swi"
2026-04-22T16:26:17,shellyazplug-node/debug/log,133,"shellyazplug-e4b323337220 4248 33710.336 1|shelly_notification:163 Status change of switch:0: {""id"":0,""output"":true,""sou"
2026-04-22T16:26:17,shellyazplug-node/rpc,86,"{""id"": 1, ""src"": ""attacker"", ""method"": ""Switch.Set"", ""params"": {""id"": 0, ""on"": false}}"
2026-04-22T16:26:17,attacker/rpc,84,"{""id"":1,""src"":""shellyazplug-e4b323337220"",""dst"":""attacker"",""result"":{""was_on"":true}}"
2026-04-22T16:26:18,shellyazplug-node/debug/log,88,"shellyazplug-e4b323337220 4249 33710.821 1|shos_rpc_inst.c:230     Switch.Set via MQTT 
"
2026-04-22T16:26:18,shellyazplug-node/status/switch:0,200,"{""id"":0, ""source"":""MQTT"", ""output"":false, ""apower"":0.0, ""voltage"":230.3, ""freq"":50.0, ""current"":0.000, ""aenergy"":{""total"
2026-04-22T16:26:18,shellyazplug-node/events/rpc,191,"{""src"":""shellyazplug-e4b323337220"",""dst"":""shellyazplug-node/events"",""method"":""NotifyStatus"",""params"":{""ts"":33710.82,""swi"
2026-04-22T16:26:18,shellyazplug-node/debug/log,157,"shellyazplug-e4b323337220 4250 33710.839 1|shelly_notification:163 Status change of switch:0: {""id"":0,""apower"":0,""curren"
2026-04-22T16:26:18,shellyazplug-node/rpc,85,"{""id"": 1, ""src"": ""attacker"", ""method"": ""Switch.Set"", ""params"": {""id"": 0, ""on"": true}}"
2026-04-22T16:26:18,attacker/rpc,85,"{""id"":1,""src"":""shellyazplug-e4b323337220"",""dst"":""attacker"",""result"":{""was_on"":false}}"
2026-04-22T16:26:18,shellyazplug-node/debug/log,88,"shellyazplug-e4b323337220 4251 33711.320 1|shos_rpc_inst.c:230     Switch.Set via MQTT 
"
2026-04-22T16:26:18,shellyazplug-node/status/switch:0,199,"{""id"":0, ""source"":""MQTT"", ""output"":true, ""apower"":0.0, ""voltage"":230.3, ""freq"":50.0, ""current"":0.000, ""aenergy"":{""total"""
2026-04-22T16:26:18,shellyazplug-node/events/rpc,167,"{""src"":""shellyazplug-e4b323337220"",""dst"":""shellyazplug-node/events"",""method"":""NotifyStatus"",""params"":{""ts"":33711.32,""swi"
2026-04-22T16:26:18,shellyazplug-node/debug/log,133,"shellyazplug-e4b323337220 4252 33711.337 1|shelly_notification:163 Status change of switch:0: {""id"":0,""output"":true,""sou"
2026-04-22T16:26:18,shellyazplug-node/rpc,86,"{""id"": 1, ""src"": ""attacker"", ""method"": ""Switch.Set"", ""params"": {""id"": 0, ""on"": false}}"
2026-04-22T16:26:18,attacker/rpc,84,"{""id"":1,""src"":""shellyazplug-e4b323337220"",""dst"":""attacker"",""result"":{""was_on"":true}}"
2026-04-22T16:26:19,shellyazplug-node/debug/log,88,"shellyazplug-e4b323337220 4253 33711.822 1|shos_rpc_inst.c:230     Switch.Set via MQTT 
"
2026-04-22T16:26:19,shellyazplug-node/status/switch:0,200,"{""id"":0, ""source"":""MQTT"", ""output"":false, ""apower"":0.0, ""voltage"":230.3, ""freq"":50.0, ""current"":0.000, ""aenergy"":{""total"
2026-04-22T16:26:19,shellyazplug-node/events/rpc,191,"{""src"":""shellyazplug-e4b323337220"",""dst"":""shellyazplug-node/events"",""method"":""NotifyStatus"",""params"":{""ts"":33711.82,""swi"
2026-04-22T16:26:19,shellyazplug-node/debug/log,157,"shellyazplug-e4b323337220 4254 33711.840 1|shelly_notification:163 Status change of switch:0: {""id"":0,""apower"":0,""curren"
2026-04-22T16:26:19,shellyazplug-node/rpc,85,"{""id"": 1, ""src"": ""attacker"", ""method"": ""Switch.Set"", ""params"": {""id"": 0, ""on"": true}}"
2026-04-22T16:26:19,attacker/rpc,85,"{""id"":1,""src"":""shellyazplug-e4b323337220"",""dst"":""attacker"",""result"":{""was_on"":false}}"
2026-04-22T16:26:19,shellyazplug-node/debug/log,88,"shellyazplug-e4b323337220 4255 33712.322 1|shos_rpc_inst.c:230     Switch.Set via MQTT 
"
2026-04-22T16:26:19,shellyazplug-node/status/switch:0,199,"{""id"":0, ""source"":""MQTT"", ""output"":true, ""apower"":0.0, ""voltage"":230.3, ""freq"":50.0, ""current"":0.000, ""aenergy"":{""total"""
2026-04-22T16:26:19,shellyazplug-node/events/rpc,167,"{""src"":""shellyazplug-e4b323337220"",""dst"":""shellyazplug-node/events"",""method"":""NotifyStatus"",""params"":{""ts"":33712.32,""swi"
2026-04-22T16:26:19,shellyazplug-node/debug/log,133,"shellyazplug-e4b323337220 4256 33712.338 1|shelly_notification:163 Status change of switch:0: {""id"":0,""output"":true,""sou"
2026-04-22T16:26:19,iot/mq/debug,50,[0;36m[D][sensor:124]: 'Gas Sensor' >> 0.56 V[0m
2026-04-22T16:26:19,iot/mq/sensor/gas_sensor/state,4,0.56
2026-04-22T16:26:19,shellyazplug-node/rpc,86,"{""id"": 1, ""src"": ""attacker"", ""method"": ""Switch.Set"", ""params"": {""id"": 0, ""on"": false}}"
2026-04-22T16:26:19,attacker/rpc,84,"{""id"":1,""src"":""shellyazplug-e4b323337220"",""dst"":""attacker"",""result"":{""was_on"":true}}"
2026-04-22T16:26:20,shellyazplug-node/debug/log,88,"shellyazplug-e4b323337220 4257 33712.823 1|shos_rpc_inst.c:230     Switch.Set via MQTT 
"
2026-04-22T16:26:20,shellyazplug-node/status/switch:0,200,"{""id"":0, ""source"":""MQTT"", ""output"":false, ""apower"":0.0, ""voltage"":230.3, ""freq"":50.0, ""current"":0.000, ""aenergy"":{""total"
2026-04-22T16:26:20,shellyazplug-node/events/rpc,191,"{""src"":""shellyazplug-e4b323337220"",""dst"":""shellyazplug-node/events"",""method"":""NotifyStatus"",""params"":{""ts"":33712.82,""swi"
2026-04-22T16:26:20,shellyazplug-node/debug/log,157,"shellyazplug-e4b323337220 4258 33712.841 1|shelly_notification:163 Status change of switch:0: {""id"":0,""apower"":0,""curren"
2026-04-22T16:26:20,shellyazplug-node/rpc,85,"{""id"": 1, ""src"": ""attacker"", ""method"": ""Switch.Set"", ""params"": {""id"": 0, ""on"": true}}"
2026-04-22T16:26:20,attacker/rpc,85,"{""id"":1,""src"":""shellyazplug-e4b323337220"",""dst"":""attacker"",""result"":{""was_on"":false}}"
2026-04-22T16:26:20,shellyazplug-node/debug/log,88,"shellyazplug-e4b323337220 4259 33713.323 1|shos_rpc_inst.c:230     Switch.Set via MQTT 
"
2026-04-22T16:26:20,shellyazplug-node/status/switch:0,199,"{""id"":0, ""source"":""MQTT"", ""output"":true, ""apower"":0.0, ""voltage"":230.3, ""freq"":50.0, ""current"":0.000, ""aenergy"":{""total"""
2026-04-22T16:26:20,shellyazplug-node/events/rpc,167,"{""src"":""shellyazplug-e4b323337220"",""dst"":""shellyazplug-node/events"",""method"":""NotifyStatus"",""params"":{""ts"":33713.32,""swi"
2026-04-22T16:26:20,shellyazplug-node/debug/log,133,"shellyazplug-e4b323337220 4260 33713.339 1|shelly_notification:163 Status change of switch:0: {""id"":0,""output"":true,""sou"
2026-04-22T16:26:20,shellyazplug-node/rpc,86,"{""id"": 1, ""src"": ""attacker"", ""method"": ""Switch.Set"", ""params"": {""id"": 0, ""on"": false}}"
2026-04-22T16:26:20,attacker/rpc,84,"{""id"":1,""src"":""shellyazplug-e4b323337220"",""dst"":""attacker"",""result"":{""was_on"":true}}"
2026-04-22T16:26:21,shellyazplug-node/debug/log,88,"shellyazplug-e4b323337220 4261 33713.823 1|shos_rpc_inst.c:230     Switch.Set via MQTT 
"
2026-04-22T16:26:21,shellyazplug-node/status/switch:0,200,"{""id"":0, ""source"":""MQTT"", ""output"":false, ""apower"":0.0, ""voltage"":230.2, ""freq"":50.0, ""current"":0.000, ""aenergy"":{""total"
2026-04-22T16:26:21,shellyazplug-node/events/rpc,191,"{""src"":""shellyazplug-e4b323337220"",""dst"":""shellyazplug-node/events"",""method"":""NotifyStatus"",""params"":{""ts"":33713.82,""swi"
2026-04-22T16:26:21,shellyazplug-node/debug/log,157,"shellyazplug-e4b323337220 4262 33713.841 1|shelly_notification:163 Status change of switch:0: {""id"":0,""apower"":0,""curren"
2026-04-22T16:26:21,shellyazplug-node/rpc,85,"{""id"": 1, ""src"": ""attacker"", ""method"": ""Switch.Set"", ""params"": {""id"": 0, ""on"": true}}"
2026-04-22T16:26:21,attacker/rpc,85,"{""id"":1,""src"":""shellyazplug-e4b323337220"",""dst"":""attacker"",""result"":{""was_on"":false}}"
2026-04-22T16:26:21,shellyazplug-node/debug/log,88,"shellyazplug-e4b323337220 4263 33714.324 1|shos_rpc_inst.c:230     Switch.Set via MQTT 
"
2026-04-22T16:26:21,shellyazplug-node/status/switch:0,199,"{""id"":0, ""source"":""MQTT"", ""output"":true, ""apower"":0.0, ""voltage"":230.2, ""freq"":50.0, ""current"":0.000, ""aenergy"":{""total"""
2026-04-22T16:26:21,shellyazplug-node/events/rpc,167,"{""src"":""shellyazplug-e4b323337220"",""dst"":""shellyazplug-node/events"",""method"":""NotifyStatus"",""params"":{""ts"":33714.32,""swi"
2026-04-22T16:26:21,shellyazplug-node/debug/log,133,"shellyazplug-e4b323337220 4264 33714.340 1|shelly_notification:163 Status change of switch:0: {""id"":0,""output"":true,""sou"
2026-04-22T16:26:21,shellyazplug-node/rpc,86,"{""id"": 1, ""src"": ""attacker"", ""method"": ""Switch.Set"", ""params"": {""id"": 0, ""on"": false}}"
2026-04-22T16:26:21,attacker/rpc,84,"{""id"":1,""src"":""shellyazplug-e4b323337220"",""dst"":""attacker"",""result"":{""was_on"":true}}"
2026-04-22T16:26:22,shellyazplug-node/debug/log,88,"shellyazplug-e4b323337220 4265 33714.825 1|shos_rpc_inst.c:230     Switch.Set via MQTT 
"
2026-04-22T16:26:22,shellyazplug-node/status/switch:0,200,"{""id"":0, ""source"":""MQTT"", ""output"":false, ""apower"":0.0, ""voltage"":229.7, ""freq"":50.0, ""current"":0.000, ""aenergy"":{""total"
2026-04-22T16:26:22,shellyazplug-node/events/rpc,191,"{""src"":""shellyazplug-e4b323337220"",""dst"":""shellyazplug-node/events"",""method"":""NotifyStatus"",""params"":{""ts"":33714.82,""swi"
2026-04-22T16:26:22,shellyazplug-node/debug/log,157,"shellyazplug-e4b323337220 4266 33714.843 1|shelly_notification:163 Status change of switch:0: {""id"":0,""apower"":0,""curren"
2026-04-22T16:26:22,shellyazplug-node/rpc,85,"{""id"": 1, ""src"": ""attacker"", ""method"": ""Switch.Set"", ""params"": {""id"": 0, ""on"": true}}"
2026-04-22T16:26:22,attacker/rpc,85,"{""id"":1,""src"":""shellyazplug-e4b323337220"",""dst"":""attacker"",""result"":{""was_on"":false}}"
2026-04-22T16:26:22,shellyazplug-node/debug/log,88,"shellyazplug-e4b323337220 4267 33715.324 1|shos_rpc_inst.c:230     Switch.Set via MQTT 
"
2026-04-22T16:26:22,shellyazplug-node/status/switch:0,199,"{""id"":0, ""source"":""MQTT"", ""output"":true, ""apower"":0.0, ""voltage"":229.7, ""freq"":50.0, ""current"":0.000, ""aenergy"":{""total"""
2026-04-22T16:26:22,shellyazplug-node/events/rpc,167,"{""src"":""shellyazplug-e4b323337220"",""dst"":""shellyazplug-node/events"",""method"":""NotifyStatus"",""params"":{""ts"":33715.32,""swi"
2026-04-22T16:26:22,shellyazplug-node/debug/log,133,"shellyazplug-e4b323337220 4268 33715.341 1|shelly_notification:163 Status change of switch:0: {""id"":0,""output"":true,""sou"
2026-04-22T16:26:22,shellyazplug-node/rpc,86,"{""id"": 1, ""src"": ""attacker"", ""method"": ""Switch.Set"", ""params"": {""id"": 0, ""on"": false}}"
2026-04-22T16:26:22,attacker/rpc,84,"{""id"":1,""src"":""shellyazplug-e4b323337220"",""dst"":""attacker"",""result"":{""was_on"":true}}"
2026-04-22T16:26:23,shellyazplug-node/debug/log,88,"shellyazplug-e4b323337220 4269 33715.825 1|shos_rpc_inst.c:230     Switch.Set via MQTT 
"
2026-04-22T16:26:23,shellyazplug-node/status/switch:0,200,"{""id"":0, ""source"":""MQTT"", ""output"":false, ""apower"":0.0, ""voltage"":230.0, ""freq"":50.0, ""current"":0.000, ""aenergy"":{""total"
2026-04-22T16:26:23,shellyazplug-node/events/rpc,191,"{""src"":""shellyazplug-e4b323337220"",""dst"":""shellyazplug-node/events"",""method"":""NotifyStatus"",""params"":{""ts"":33715.82,""swi"
2026-04-22T16:26:23,shellyazplug-node/debug/log,157,"shellyazplug-e4b323337220 4270 33715.844 1|shelly_notification:163 Status change of switch:0: {""id"":0,""apower"":0,""curren"
2026-04-22T16:26:23,shellyazplug-node/rpc,85,"{""id"": 1, ""src"": ""attacker"", ""method"": ""Switch.Set"", ""params"": {""id"": 0, ""on"": true}}"
2026-04-22T16:26:23,attacker/rpc,85,"{""id"":1,""src"":""shellyazplug-e4b323337220"",""dst"":""attacker"",""result"":{""was_on"":false}}"
2026-04-22T16:26:23,shellyazplug-node/debug/log,88,"shellyazplug-e4b323337220 4271 33716.325 1|shos_rpc_inst.c:230     Switch.Set via MQTT 
"
2026-04-22T16:26:23,shellyazplug-node/status/switch:0,199,"{""id"":0, ""source"":""MQTT"", ""output"":true, ""apower"":0.0, ""voltage"":230.0, ""freq"":50.0, ""current"":0.000, ""aenergy"":{""total"""
2026-04-22T16:26:23,shellyazplug-node/events/rpc,167,"{""src"":""shellyazplug-e4b323337220"",""dst"":""shellyazplug-node/events"",""method"":""NotifyStatus"",""params"":{""ts"":33716.32,""swi"
2026-04-22T16:26:23,shellyazplug-node/debug/log,133,"shellyazplug-e4b323337220 4272 33716.342 1|shelly_notification:163 Status change of switch:0: {""id"":0,""output"":true,""sou"
2026-04-22T16:26:23,shellyazplug-node/rpc,86,"{""id"": 1, ""src"": ""attacker"", ""method"": ""Switch.Set"", ""params"": {""id"": 0, ""on"": false}}"
2026-04-22T16:26:23,attacker/rpc,84,"{""id"":1,""src"":""shellyazplug-e4b323337220"",""dst"":""attacker"",""result"":{""was_on"":true}}"
2026-04-22T16:26:24,shellyazplug-node/debug/log,88,"shellyazplug-e4b323337220 4273 33716.826 1|shos_rpc_inst.c:230     Switch.Set via MQTT 
"
2026-04-22T16:26:24,shellyazplug-node/status/switch:0,200,"{""id"":0, ""source"":""MQTT"", ""output"":false, ""apower"":0.0, ""voltage"":230.1, ""freq"":50.0, ""current"":0.000, ""aenergy"":{""total"
2026-04-22T16:26:24,shellyazplug-node/events/rpc,191,"{""src"":""shellyazplug-e4b323337220"",""dst"":""shellyazplug-node/events"",""method"":""NotifyStatus"",""params"":{""ts"":33716.82,""swi"
2026-04-22T16:26:24,shellyazplug-node/debug/log,157,"shellyazplug-e4b323337220 4274 33716.846 1|shelly_notification:163 Status change of switch:0: {""id"":0,""apower"":0,""curren"
2026-04-22T16:26:24,shellyazplug-node/rpc,85,"{""id"": 1, ""src"": ""attacker"", ""method"": ""Switch.Set"", ""params"": {""id"": 0, ""on"": true}}"
2026-04-22T16:26:24,attacker/rpc,85,"{""id"":1,""src"":""shellyazplug-e4b323337220"",""dst"":""attacker"",""result"":{""was_on"":false}}"
2026-04-22T16:26:24,shellyazplug-node/debug/log,88,"shellyazplug-e4b323337220 4275 33717.327 1|shos_rpc_inst.c:230     Switch.Set via MQTT 
"
2026-04-22T16:26:24,shellyazplug-node/status/switch:0,199,"{""id"":0, ""source"":""MQTT"", ""output"":true, ""apower"":0.0, ""voltage"":230.1, ""freq"":50.0, ""current"":0.000, ""aenergy"":{""total"""
2026-04-22T16:26:24,shellyazplug-node/events/rpc,167,"{""src"":""shellyazplug-e4b323337220"",""dst"":""shellyazplug-node/events"",""method"":""NotifyStatus"",""params"":{""ts"":33717.32,""swi"
2026-04-22T16:26:24,shellyazplug-node/debug/log,133,"shellyazplug-e4b323337220 4276 33717.344 1|shelly_notification:163 Status change of switch:0: {""id"":0,""output"":true,""sou"
2026-04-22T16:26:24,iot/mq/debug,50,[0;36m[D][sensor:124]: 'Gas Sensor' >> 0.56 V[0m
2026-04-22T16:26:24,iot/mq/sensor/gas_sensor/state,4,0.56
2026-04-22T16:26:24,shellyazplug-node/rpc,86,"{""id"": 1, ""src"": ""attacker"", ""method"": ""Switch.Set"", ""params"": {""id"": 0, ""on"": false}}"
2026-04-22T16:26:24,attacker/rpc,84,"{""id"":1,""src"":""shellyazplug-e4b323337220"",""dst"":""attacker"",""result"":{""was_on"":true}}"
2026-04-22T16:26:25,shellyazplug-node/debug/log,88,"shellyazplug-e4b323337220 4277 33717.827 1|shos_rpc_inst.c:230     Switch.Set via MQTT 
"
2026-04-22T16:26:25,shellyazplug-node/status/switch:0,200,"{""id"":0, ""source"":""MQTT"", ""output"":false, ""apower"":0.0, ""voltage"":230.2, ""freq"":50.0, ""current"":0.000, ""aenergy"":{""total"
2026-04-22T16:26:25,shellyazplug-node/events/rpc,191,"{""src"":""shellyazplug-e4b323337220"",""dst"":""shellyazplug-node/events"",""method"":""NotifyStatus"",""params"":{""ts"":33717.82,""swi"
2026-04-22T16:26:25,shellyazplug-node/debug/log,157,"shellyazplug-e4b323337220 4278 33717.846 1|shelly_notification:163 Status change of switch:0: {""id"":0,""apower"":0,""curren"
2026-04-22T16:26:25,shellyazplug-node/rpc,85,"{""id"": 1, ""src"": ""attacker"", ""method"": ""Switch.Set"", ""params"": {""id"": 0, ""on"": true}}"
2026-04-22T16:26:25,attacker/rpc,85,"{""id"":1,""src"":""shellyazplug-e4b323337220"",""dst"":""attacker"",""result"":{""was_on"":false}}"
2026-04-22T16:26:25,shellyazplug-node/debug/log,88,"shellyazplug-e4b323337220 4279 33718.327 1|shos_rpc_inst.c:230     Switch.Set via MQTT 
"
2026-04-22T16:26:25,shellyazplug-node/status/switch:0,199,"{""id"":0, ""source"":""MQTT"", ""output"":true, ""apower"":0.0, ""voltage"":230.2, ""freq"":50.0, ""current"":0.000, ""aenergy"":{""total"""
2026-04-22T16:26:25,shellyazplug-node/events/rpc,167,"{""src"":""shellyazplug-e4b323337220"",""dst"":""shellyazplug-node/events"",""method"":""NotifyStatus"",""params"":{""ts"":33718.32,""swi"
2026-04-22T16:26:25,shellyazplug-node/debug/log,133,"shellyazplug-e4b323337220 4280 33718.344 1|shelly_notification:163 Status change of switch:0: {""id"":0,""output"":true,""sou"
2026-04-22T16:26:25,shellyazplug-node/rpc,86,"{""id"": 1, ""src"": ""attacker"", ""method"": ""Switch.Set"", ""params"": {""id"": 0, ""on"": false}}"
2026-04-22T16:26:25,attacker/rpc,84,"{""id"":1,""src"":""shellyazplug-e4b323337220"",""dst"":""attacker"",""result"":{""was_on"":true}}"
2026-04-22T16:26:26,shellyazplug-node/debug/log,88,"shellyazplug-e4b323337220 4281 33718.829 1|shos_rpc_inst.c:230     Switch.Set via MQTT 
"
2026-04-22T16:26:26,shellyazplug-node/status/switch:0,200,"{""id"":0, ""source"":""MQTT"", ""output"":false, ""apower"":0.0, ""voltage"":230.2, ""freq"":50.0, ""current"":0.000, ""aenergy"":{""total"
2026-04-22T16:26:26,shellyazplug-node/events/rpc,191,"{""src"":""shellyazplug-e4b323337220"",""dst"":""shellyazplug-node/events"",""method"":""NotifyStatus"",""params"":{""ts"":33718.83,""swi"
2026-04-22T16:26:26,shellyazplug-node/debug/log,157,"shellyazplug-e4b323337220 4282 33718.848 1|shelly_notification:163 Status change of switch:0: {""id"":0,""apower"":0,""curren"
2026-04-22T16:26:26,shellyazplug-node/rpc,85,"{""id"": 1, ""src"": ""attacker"", ""method"": ""Switch.Set"", ""params"": {""id"": 0, ""on"": true}}"
2026-04-22T16:26:26,iot/dht11/debug,59,[0;36m[D][dht:048]: Temperature 24.9°C Humidity 39.0%[0m
2026-04-22T16:26:26,attacker/rpc,85,"{""id"":1,""src"":""shellyazplug-e4b323337220"",""dst"":""attacker"",""result"":{""was_on"":false}}"
2026-04-22T16:26:26,shellyazplug-node/debug/log,88,"shellyazplug-e4b323337220 4283 33719.332 1|shos_rpc_inst.c:230     Switch.Set via MQTT 
"
2026-04-22T16:26:26,iot/dht11/debug,53,[0;36m[D][sensor:124]: 'Temperature' >> 24.9 °C[0m
2026-04-22T16:26:26,iot/dht11/sensor/temperature/state,4,24.9
2026-04-22T16:26:26,iot/dht11/debug,46,[0;36m[D][sensor:124]: 'Humidity' >> 39 %[0m
2026-04-22T16:26:26,iot/dht11/sensor/humidity/state,2,39
2026-04-22T16:26:26,shellyazplug-node/status/switch:0,199,"{""id"":0, ""source"":""MQTT"", ""output"":true, ""apower"":0.0, ""voltage"":230.2, ""freq"":50.0, ""current"":0.000, ""aenergy"":{""total"""
2026-04-22T16:26:26,shellyazplug-node/events/rpc,167,"{""src"":""shellyazplug-e4b323337220"",""dst"":""shellyazplug-node/events"",""method"":""NotifyStatus"",""params"":{""ts"":33719.33,""swi"
2026-04-22T16:26:26,shellyazplug-node/debug/log,133,"shellyazplug-e4b323337220 4284 33719.348 1|shelly_notification:163 Status change of switch:0: {""id"":0,""output"":true,""sou"
2026-04-22T16:26:27,shellyazplug-node/rpc,86,"{""id"": 1, ""src"": ""attacker"", ""method"": ""Switch.Set"", ""params"": {""id"": 0, ""on"": false}}"
2026-04-22T16:26:27,attacker/rpc,84,"{""id"":1,""src"":""shellyazplug-e4b323337220"",""dst"":""attacker"",""result"":{""was_on"":true}}"
2026-04-22T16:26:27,shellyazplug-node/debug/log,88,"shellyazplug-e4b323337220 4285 33719.985 1|shos_rpc_inst.c:230     Switch.Set via MQTT 
"
2026-04-22T16:26:27,shellyazplug-node/status/switch:0,200,"{""id"":0, ""source"":""MQTT"", ""output"":false, ""apower"":0.0, ""voltage"":230.2, ""freq"":50.0, ""current"":0.000, ""aenergy"":{""total"
2026-04-22T16:26:27,shellyazplug-node/events/rpc,191,"{""src"":""shellyazplug-e4b323337220"",""dst"":""shellyazplug-node/events"",""method"":""NotifyStatus"",""params"":{""ts"":33719.98,""swi"
2026-04-22T16:26:27,shellyazplug-node/debug/log,157,"shellyazplug-e4b323337220 4286 33720.003 1|shelly_notification:163 Status change of switch:0: {""id"":0,""apower"":0,""curren"
2026-04-22T16:26:27,shellyazplug-node/rpc,85,"{""id"": 1, ""src"": ""attacker"", ""method"": ""Switch.Set"", ""params"": {""id"": 0, ""on"": true}}"
2026-04-22T16:26:27,attacker/rpc,85,"{""id"":1,""src"":""shellyazplug-e4b323337220"",""dst"":""attacker"",""result"":{""was_on"":false}}"
2026-04-22T16:26:27,shellyazplug-node/debug/log,88,"shellyazplug-e4b323337220 4287 33720.581 1|shos_rpc_inst.c:230     Switch.Set via MQTT 
"
2026-04-22T16:26:27,shellyazplug-node/status/switch:0,199,"{""id"":0, ""source"":""MQTT"", ""output"":true, ""apower"":0.0, ""voltage"":230.2, ""freq"":50.0, ""current"":0.000, ""aenergy"":{""total"""
2026-04-22T16:26:27,shellyazplug-node/events/rpc,167,"{""src"":""shellyazplug-e4b323337220"",""dst"":""shellyazplug-node/events"",""method"":""NotifyStatus"",""params"":{""ts"":33720.58,""swi"
2026-04-22T16:26:27,shellyazplug-node/debug/log,133,"shellyazplug-e4b323337220 4288 33720.597 1|shelly_notification:163 Status change of switch:0: {""id"":0,""output"":true,""sou"
2026-04-22T16:26:28,shellyazplug-node/rpc,86,"{""id"": 1, ""src"": ""attacker"", ""method"": ""Switch.Set"", ""params"": {""id"": 0, ""on"": false}}"
2026-04-22T16:26:28,attacker/rpc,84,"{""id"":1,""src"":""shellyazplug-e4b323337220"",""dst"":""attacker"",""result"":{""was_on"":true}}"
2026-04-22T16:26:28,shellyazplug-node/debug/log,88,"shellyazplug-e4b323337220 4289 33721.088 1|shos_rpc_inst.c:230     Switch.Set via MQTT 
"
2026-04-22T16:26:28,shellyazplug-node/status/switch:0,200,"{""id"":0, ""source"":""MQTT"", ""output"":false, ""apower"":0.0, ""voltage"":230.2, ""freq"":50.0, ""current"":0.000, ""aenergy"":{""total"
2026-04-22T16:26:28,shellyazplug-node/events/rpc,191,"{""src"":""shellyazplug-e4b323337220"",""dst"":""shellyazplug-node/events"",""method"":""NotifyStatus"",""params"":{""ts"":33721.09,""swi"
2026-04-22T16:26:28,shellyazplug-node/debug/log,157,"shellyazplug-e4b323337220 4290 33721.107 1|shelly_notification:163 Status change of switch:0: {""id"":0,""apower"":0,""curren"
2026-04-22T16:26:28,shellyazplug-node/rpc,85,"{""id"": 1, ""src"": ""attacker"", ""method"": ""Switch.Set"", ""params"": {""id"": 0, ""on"": true}}"
2026-04-22T16:26:28,attacker/rpc,85,"{""id"":1,""src"":""shellyazplug-e4b323337220"",""dst"":""attacker"",""result"":{""was_on"":false}}"
2026-04-22T16:26:28,shellyazplug-node/debug/log,88,"shellyazplug-e4b323337220 4291 33721.583 1|shos_rpc_inst.c:230     Switch.Set via MQTT 
"
2026-04-22T16:26:28,shellyazplug-node/status/switch:0,199,"{""id"":0, ""source"":""MQTT"", ""output"":true, ""apower"":0.0, ""voltage"":230.2, ""freq"":50.0, ""current"":0.000, ""aenergy"":{""total"""
2026-04-22T16:26:28,shellyazplug-node/events/rpc,167,"{""src"":""shellyazplug-e4b323337220"",""dst"":""shellyazplug-node/events"",""method"":""NotifyStatus"",""params"":{""ts"":33721.58,""swi"
2026-04-22T16:26:28,shellyazplug-node/debug/log,133,"shellyazplug-e4b323337220 4292 33721.600 1|shelly_notification:163 Status change of switch:0: {""id"":0,""output"":true,""sou"
2026-04-22T16:26:29,shellyazplug-node/rpc,86,"{""id"": 1, ""src"": ""attacker"", ""method"": ""Switch.Set"", ""params"": {""id"": 0, ""on"": false}}"
2026-04-22T16:26:29,attacker/rpc,84,"{""id"":1,""src"":""shellyazplug-e4b323337220"",""dst"":""attacker"",""result"":{""was_on"":true}}"
2026-04-22T16:26:29,shellyazplug-node/debug/log,88,"shellyazplug-e4b323337220 4293 33722.083 1|shos_rpc_inst.c:230     Switch.Set via MQTT 
"
2026-04-22T16:26:29,shellyazplug-node/status/switch:0,200,"{""id"":0, ""source"":""MQTT"", ""output"":false, ""apower"":0.0, ""voltage"":230.3, ""freq"":50.0, ""current"":0.000, ""aenergy"":{""total"
2026-04-22T16:26:29,shellyazplug-node/events/rpc,191,"{""src"":""shellyazplug-e4b323337220"",""dst"":""shellyazplug-node/events"",""method"":""NotifyStatus"",""params"":{""ts"":33722.08,""swi"
2026-04-22T16:26:29,shellyazplug-node/debug/log,157,"shellyazplug-e4b323337220 4294 33722.101 1|shelly_notification:163 Status change of switch:0: {""id"":0,""apower"":0,""curren"
2026-04-22T16:26:29,shellyazplug-node/rpc,85,"{""id"": 1, ""src"": ""attacker"", ""method"": ""Switch.Set"", ""params"": {""id"": 0, ""on"": true}}"
2026-04-22T16:26:29,attacker/rpc,85,"{""id"":1,""src"":""shellyazplug-e4b323337220"",""dst"":""attacker"",""result"":{""was_on"":false}}"
2026-04-22T16:26:29,shellyazplug-node/debug/log,88,"shellyazplug-e4b323337220 4295 33722.583 1|shos_rpc_inst.c:230     Switch.Set via MQTT 
"
2026-04-22T16:26:29,shellyazplug-node/status/switch:0,199,"{""id"":0, ""source"":""MQTT"", ""output"":true, ""apower"":0.0, ""voltage"":230.3, ""freq"":50.0, ""current"":0.000, ""aenergy"":{""total"""
2026-04-22T16:26:29,shellyazplug-node/events/rpc,167,"{""src"":""shellyazplug-e4b323337220"",""dst"":""shellyazplug-node/events"",""method"":""NotifyStatus"",""params"":{""ts"":33722.58,""swi"
2026-04-22T16:26:29,shellyazplug-node/debug/log,133,"shellyazplug-e4b323337220 4296 33722.600 1|shelly_notification:163 Status change of switch:0: {""id"":0,""output"":true,""sou"
2026-04-22T16:26:29,iot/mq/debug,50,[0;36m[D][sensor:124]: 'Gas Sensor' >> 0.56 V[0m
2026-04-22T16:26:29,iot/mq/sensor/gas_sensor/state,4,0.56
2026-04-22T16:26:30,shellyazplug-node/rpc,86,"{""id"": 1, ""src"": ""attacker"", ""method"": ""Switch.Set"", ""params"": {""id"": 0, ""on"": false}}"
2026-04-22T16:26:30,attacker/rpc,84,"{""id"":1,""src"":""shellyazplug-e4b323337220"",""dst"":""attacker"",""result"":{""was_on"":true}}"
2026-04-22T16:26:30,shellyazplug-node/debug/log,88,"shellyazplug-e4b323337220 4297 33723.084 1|shos_rpc_inst.c:230     Switch.Set via MQTT 
"
2026-04-22T16:26:30,shellyazplug-node/status/switch:0,200,"{""id"":0, ""source"":""MQTT"", ""output"":false, ""apower"":0.0, ""voltage"":230.3, ""freq"":50.0, ""current"":0.000, ""aenergy"":{""total"
2026-04-22T16:26:30,shellyazplug-node/events/rpc,191,"{""src"":""shellyazplug-e4b323337220"",""dst"":""shellyazplug-node/events"",""method"":""NotifyStatus"",""params"":{""ts"":33723.08,""swi"
2026-04-22T16:26:30,shellyazplug-node/debug/log,157,"shellyazplug-e4b323337220 4298 33723.103 1|shelly_notification:163 Status change of switch:0: {""id"":0,""apower"":0,""curren"
2026-04-22T16:26:30,shellyazplug-node/rpc,85,"{""id"": 1, ""src"": ""attacker"", ""method"": ""Switch.Set"", ""params"": {""id"": 0, ""on"": true}}"
2026-04-22T16:26:30,attacker/rpc,85,"{""id"":1,""src"":""shellyazplug-e4b323337220"",""dst"":""attacker"",""result"":{""was_on"":false}}"
2026-04-22T16:26:30,shellyazplug-node/debug/log,88,"shellyazplug-e4b323337220 4299 33723.585 1|shos_rpc_inst.c:230     Switch.Set via MQTT 
"
2026-04-22T16:26:30,shellyazplug-node/status/switch:0,199,"{""id"":0, ""source"":""MQTT"", ""output"":true, ""apower"":0.0, ""voltage"":230.3, ""freq"":50.0, ""current"":0.000, ""aenergy"":{""total"""
2026-04-22T16:26:30,shellyazplug-node/events/rpc,167,"{""src"":""shellyazplug-e4b323337220"",""dst"":""shellyazplug-node/events"",""method"":""NotifyStatus"",""params"":{""ts"":33723.58,""swi"
2026-04-22T16:26:30,shellyazplug-node/debug/log,133,"shellyazplug-e4b323337220 4300 33723.602 1|shelly_notification:163 Status change of switch:0: {""id"":0,""output"":true,""sou"
2026-04-22T16:26:31,shellyazplug-node/rpc,86,"{""id"": 1, ""src"": ""attacker"", ""method"": ""Switch.Set"", ""params"": {""id"": 0, ""on"": false}}"
2026-04-22T16:26:31,attacker/rpc,84,"{""id"":1,""src"":""shellyazplug-e4b323337220"",""dst"":""attacker"",""result"":{""was_on"":true}}"
2026-04-22T16:26:31,shellyazplug-node/debug/log,88,"shellyazplug-e4b323337220 4301 33724.087 1|shos_rpc_inst.c:230     Switch.Set via MQTT 
"
2026-04-22T16:26:31,shellyazplug-node/status/switch:0,200,"{""id"":0, ""source"":""MQTT"", ""output"":false, ""apower"":0.0, ""voltage"":230.2, ""freq"":50.0, ""current"":0.000, ""aenergy"":{""total"
2026-04-22T16:26:31,shellyazplug-node/events/rpc,191,"{""src"":""shellyazplug-e4b323337220"",""dst"":""shellyazplug-node/events"",""method"":""NotifyStatus"",""params"":{""ts"":33724.08,""swi"
2026-04-22T16:26:31,shellyazplug-node/debug/log,157,"shellyazplug-e4b323337220 4302 33724.105 1|shelly_notification:163 Status change of switch:0: {""id"":0,""apower"":0,""curren"
2026-04-22T16:26:31,shellyazplug-node/rpc,85,"{""id"": 1, ""src"": ""attacker"", ""method"": ""Switch.Set"", ""params"": {""id"": 0, ""on"": true}}"
2026-04-22T16:26:31,attacker/rpc,85,"{""id"":1,""src"":""shellyazplug-e4b323337220"",""dst"":""attacker"",""result"":{""was_on"":false}}"
2026-04-22T16:26:31,shellyazplug-node/debug/log,88,"shellyazplug-e4b323337220 4303 33724.588 1|shos_rpc_inst.c:230     Switch.Set via MQTT 
"
2026-04-22T16:26:31,shellyazplug-node/status/switch:0,199,"{""id"":0, ""source"":""MQTT"", ""output"":true, ""apower"":0.0, ""voltage"":230.2, ""freq"":50.0, ""current"":0.000, ""aenergy"":{""total"""
2026-04-22T16:26:31,shellyazplug-node/events/rpc,167,"{""src"":""shellyazplug-e4b323337220"",""dst"":""shellyazplug-node/events"",""method"":""NotifyStatus"",""params"":{""ts"":33724.58,""swi"
2026-04-22T16:26:31,shellyazplug-node/debug/log,133,"shellyazplug-e4b323337220 4304 33724.605 1|shelly_notification:163 Status change of switch:0: {""id"":0,""output"":true,""sou"
2026-04-22T16:26:32,shellyazplug-node/rpc,86,"{""id"": 1, ""src"": ""attacker"", ""method"": ""Switch.Set"", ""params"": {""id"": 0, ""on"": false}}"
2026-04-22T16:26:32,attacker/rpc,84,"{""id"":1,""src"":""shellyazplug-e4b323337220"",""dst"":""attacker"",""result"":{""was_on"":true}}"
2026-04-22T16:26:32,shellyazplug-node/debug/log,88,"shellyazplug-e4b323337220 4305 33725.086 1|shos_rpc_inst.c:230     Switch.Set via MQTT 
"
2026-04-22T16:26:32,shellyazplug-node/status/switch:0,200,"{""id"":0, ""source"":""MQTT"", ""output"":false, ""apower"":0.0, ""voltage"":230.1, ""freq"":50.0, ""current"":0.000, ""aenergy"":{""total"
2026-04-22T16:26:32,shellyazplug-node/events/rpc,191,"{""src"":""shellyazplug-e4b323337220"",""dst"":""shellyazplug-node/events"",""method"":""NotifyStatus"",""params"":{""ts"":33725.08,""swi"
2026-04-22T16:26:32,shellyazplug-node/debug/log,157,"shellyazplug-e4b323337220 4306 33725.104 1|shelly_notification:163 Status change of switch:0: {""id"":0,""apower"":0,""curren"
2026-04-22T16:26:32,shellyazplug-node/rpc,85,"{""id"": 1, ""src"": ""attacker"", ""method"": ""Switch.Set"", ""params"": {""id"": 0, ""on"": true}}"
2026-04-22T16:26:32,attacker/rpc,85,"{""id"":1,""src"":""shellyazplug-e4b323337220"",""dst"":""attacker"",""result"":{""was_on"":false}}"
2026-04-22T16:26:32,shellyazplug-node/debug/log,88,"shellyazplug-e4b323337220 4307 33725.587 1|shos_rpc_inst.c:230     Switch.Set via MQTT 
"
2026-04-22T16:26:32,shellyazplug-node/status/switch:0,199,"{""id"":0, ""source"":""MQTT"", ""output"":true, ""apower"":0.0, ""voltage"":230.1, ""freq"":50.0, ""current"":0.000, ""aenergy"":{""total"""
2026-04-22T16:26:32,shellyazplug-node/events/rpc,167,"{""src"":""shellyazplug-e4b323337220"",""dst"":""shellyazplug-node/events"",""method"":""NotifyStatus"",""params"":{""ts"":33725.58,""swi"
2026-04-22T16:26:32,shellyazplug-node/debug/log,133,"shellyazplug-e4b323337220 4308 33725.604 1|shelly_notification:163 Status change of switch:0: {""id"":0,""output"":true,""sou"
2026-04-22T16:26:33,shellyazplug-node/rpc,86,"{""id"": 1, ""src"": ""attacker"", ""method"": ""Switch.Set"", ""params"": {""id"": 0, ""on"": false}}"
2026-04-22T16:26:33,attacker/rpc,84,"{""id"":1,""src"":""shellyazplug-e4b323337220"",""dst"":""attacker"",""result"":{""was_on"":true}}"
2026-04-22T16:26:33,shellyazplug-node/debug/log,88,"shellyazplug-e4b323337220 4309 33726.089 1|shos_rpc_inst.c:230     Switch.Set via MQTT 
"
2026-04-22T16:26:33,shellyazplug-node/status/switch:0,200,"{""id"":0, ""source"":""MQTT"", ""output"":false, ""apower"":0.0, ""voltage"":230.1, ""freq"":50.0, ""current"":0.000, ""aenergy"":{""total"
2026-04-22T16:26:33,shellyazplug-node/events/rpc,191,"{""src"":""shellyazplug-e4b323337220"",""dst"":""shellyazplug-node/events"",""method"":""NotifyStatus"",""params"":{""ts"":33726.09,""swi"
2026-04-22T16:26:33,shellyazplug-node/debug/log,157,"shellyazplug-e4b323337220 4310 33726.108 1|shelly_notification:163 Status change of switch:0: {""id"":0,""apower"":0,""curren"
2026-04-22T16:26:33,shellyazplug-node/rpc,85,"{""id"": 1, ""src"": ""attacker"", ""method"": ""Switch.Set"", ""params"": {""id"": 0, ""on"": true}}"
2026-04-22T16:26:33,attacker/rpc,85,"{""id"":1,""src"":""shellyazplug-e4b323337220"",""dst"":""attacker"",""result"":{""was_on"":false}}"
2026-04-22T16:26:33,shellyazplug-node/debug/log,88,"shellyazplug-e4b323337220 4311 33726.588 1|shos_rpc_inst.c:230     Switch.Set via MQTT 
"
2026-04-22T16:26:33,shellyazplug-node/status/switch:0,199,"{""id"":0, ""source"":""MQTT"", ""output"":true, ""apower"":0.0, ""voltage"":230.1, ""freq"":50.0, ""current"":0.000, ""aenergy"":{""total"""
2026-04-22T16:26:33,shellyazplug-node/events/rpc,167,"{""src"":""shellyazplug-e4b323337220"",""dst"":""shellyazplug-node/events"",""method"":""NotifyStatus"",""params"":{""ts"":33726.58,""swi"
2026-04-22T16:26:33,shellyazplug-node/debug/log,133,"shellyazplug-e4b323337220 4312 33726.605 1|shelly_notification:163 Status change of switch:0: {""id"":0,""output"":true,""sou"
2026-04-22T16:26:34,shellyazplug-node/rpc,86,"{""id"": 1, ""src"": ""attacker"", ""method"": ""Switch.Set"", ""params"": {""id"": 0, ""on"": false}}"
2026-04-22T16:26:34,attacker/rpc,84,"{""id"":1,""src"":""shellyazplug-e4b323337220"",""dst"":""attacker"",""result"":{""was_on"":true}}"
2026-04-22T16:26:34,shellyazplug-node/debug/log,88,"shellyazplug-e4b323337220 4313 33727.088 1|shos_rpc_inst.c:230     Switch.Set via MQTT 
"
2026-04-22T16:26:34,shellyazplug-node/status/switch:0,200,"{""id"":0, ""source"":""MQTT"", ""output"":false, ""apower"":0.0, ""voltage"":230.0, ""freq"":50.0, ""current"":0.000, ""aenergy"":{""total"
2026-04-22T16:26:34,shellyazplug-node/events/rpc,191,"{""src"":""shellyazplug-e4b323337220"",""dst"":""shellyazplug-node/events"",""method"":""NotifyStatus"",""params"":{""ts"":33727.08,""swi"
2026-04-22T16:26:34,shellyazplug-node/debug/log,157,"shellyazplug-e4b323337220 4314 33727.107 1|shelly_notification:163 Status change of switch:0: {""id"":0,""apower"":0,""curren"
2026-04-22T16:26:34,shellyazplug-node/rpc,85,"{""id"": 1, ""src"": ""attacker"", ""method"": ""Switch.Set"", ""params"": {""id"": 0, ""on"": true}}"
2026-04-22T16:26:34,attacker/rpc,85,"{""id"":1,""src"":""shellyazplug-e4b323337220"",""dst"":""attacker"",""result"":{""was_on"":false}}"
2026-04-22T16:26:34,shellyazplug-node/debug/log,88,"shellyazplug-e4b323337220 4315 33727.589 1|shos_rpc_inst.c:230     Switch.Set via MQTT 
"
2026-04-22T16:26:34,shellyazplug-node/status/switch:0,199,"{""id"":0, ""source"":""MQTT"", ""output"":true, ""apower"":0.0, ""voltage"":230.0, ""freq"":50.0, ""current"":0.000, ""aenergy"":{""total"""
2026-04-22T16:26:34,shellyazplug-node/events/rpc,167,"{""src"":""shellyazplug-e4b323337220"",""dst"":""shellyazplug-node/events"",""method"":""NotifyStatus"",""params"":{""ts"":33727.59,""swi"
2026-04-22T16:26:34,shellyazplug-node/debug/log,133,"shellyazplug-e4b323337220 4316 33727.605 1|shelly_notification:163 Status change of switch:0: {""id"":0,""output"":true,""sou"
2026-04-22T16:26:34,iot/mq/debug,50,[0;36m[D][sensor:124]: 'Gas Sensor' >> 0.56 V[0m
2026-04-22T16:26:34,iot/mq/sensor/gas_sensor/state,4,0.56
2026-04-22T16:26:35,shellyazplug-node/rpc,86,"{""id"": 1, ""src"": ""attacker"", ""method"": ""Switch.Set"", ""params"": {""id"": 0, ""on"": false}}"
2026-04-22T16:26:35,attacker/rpc,84,"{""id"":1,""src"":""shellyazplug-e4b323337220"",""dst"":""attacker"",""result"":{""was_on"":true}}"
2026-04-22T16:26:35,shellyazplug-node/debug/log,88,"shellyazplug-e4b323337220 4317 33728.091 1|shos_rpc_inst.c:230     Switch.Set via MQTT 
"
2026-04-22T16:26:35,shellyazplug-node/status/switch:0,200,"{""id"":0, ""source"":""MQTT"", ""output"":false, ""apower"":0.0, ""voltage"":230.2, ""freq"":50.0, ""current"":0.000, ""aenergy"":{""total"
2026-04-22T16:26:35,shellyazplug-node/events/rpc,191,"{""src"":""shellyazplug-e4b323337220"",""dst"":""shellyazplug-node/events"",""method"":""NotifyStatus"",""params"":{""ts"":33728.09,""swi"
2026-04-22T16:26:35,shellyazplug-node/debug/log,157,"shellyazplug-e4b323337220 4318 33728.109 1|shelly_notification:163 Status change of switch:0: {""id"":0,""apower"":0,""curren"
2026-04-22T16:26:35,shellyazplug-node/rpc,85,"{""id"": 1, ""src"": ""attacker"", ""method"": ""Switch.Set"", ""params"": {""id"": 0, ""on"": true}}"
2026-04-22T16:26:35,attacker/rpc,85,"{""id"":1,""src"":""shellyazplug-e4b323337220"",""dst"":""attacker"",""result"":{""was_on"":false}}"
2026-04-22T16:26:35,shellyazplug-node/debug/log,88,"shellyazplug-e4b323337220 4319 33728.589 1|shos_rpc_inst.c:230     Switch.Set via MQTT 
"
2026-04-22T16:26:35,shellyazplug-node/status/switch:0,199,"{""id"":0, ""source"":""MQTT"", ""output"":true, ""apower"":0.0, ""voltage"":230.2, ""freq"":50.0, ""current"":0.000, ""aenergy"":{""total"""
2026-04-22T16:26:35,shellyazplug-node/events/rpc,167,"{""src"":""shellyazplug-e4b323337220"",""dst"":""shellyazplug-node/events"",""method"":""NotifyStatus"",""params"":{""ts"":33728.59,""swi"
2026-04-22T16:26:35,shellyazplug-node/debug/log,133,"shellyazplug-e4b323337220 4320 33728.606 1|shelly_notification:163 Status change of switch:0: {""id"":0,""output"":true,""sou"
2026-04-22T16:26:36,shellyazplug-node/rpc,86,"{""id"": 1, ""src"": ""attacker"", ""method"": ""Switch.Set"", ""params"": {""id"": 0, ""on"": false}}"
2026-04-22T16:26:36,attacker/rpc,84,"{""id"":1,""src"":""shellyazplug-e4b323337220"",""dst"":""attacker"",""result"":{""was_on"":true}}"
2026-04-22T16:26:36,shellyazplug-node/debug/log,88,"shellyazplug-e4b323337220 4321 33729.090 1|shos_rpc_inst.c:230     Switch.Set via MQTT 
"
2026-04-22T16:26:36,shellyazplug-node/status/switch:0,200,"{""id"":0, ""source"":""MQTT"", ""output"":false, ""apower"":0.0, ""voltage"":230.3, ""freq"":50.0, ""current"":0.000, ""aenergy"":{""total"
2026-04-22T16:26:36,shellyazplug-node/events/rpc,191,"{""src"":""shellyazplug-e4b323337220"",""dst"":""shellyazplug-node/events"",""method"":""NotifyStatus"",""params"":{""ts"":33729.09,""swi"
2026-04-22T16:26:36,shellyazplug-node/debug/log,157,"shellyazplug-e4b323337220 4322 33729.109 1|shelly_notification:163 Status change of switch:0: {""id"":0,""apower"":0,""curren"
2026-04-22T16:26:36,iot/dht11/debug,59,[0;36m[D][dht:048]: Temperature 24.9°C Humidity 39.0%[0m
2026-04-22T16:26:36,iot/dht11/debug,53,[0;36m[D][sensor:124]: 'Temperature' >> 24.9 °C[0m
2026-04-22T16:26:36,iot/dht11/sensor/temperature/state,4,24.9
2026-04-22T16:26:36,iot/dht11/debug,46,[0;36m[D][sensor:124]: 'Humidity' >> 39 %[0m
2026-04-22T16:26:36,iot/dht11/sensor/humidity/state,2,39
2026-04-22T16:26:36,shellyazplug-node/rpc,85,"{""id"": 1, ""src"": ""attacker"", ""method"": ""Switch.Set"", ""params"": {""id"": 0, ""on"": true}}"
2026-04-22T16:26:36,attacker/rpc,85,"{""id"":1,""src"":""shellyazplug-e4b323337220"",""dst"":""attacker"",""result"":{""was_on"":false}}"
2026-04-22T16:26:36,shellyazplug-node/debug/log,88,"shellyazplug-e4b323337220 4323 33729.591 1|shos_rpc_inst.c:230     Switch.Set via MQTT 
"
2026-04-22T16:26:36,shellyazplug-node/status/switch:0,199,"{""id"":0, ""source"":""MQTT"", ""output"":true, ""apower"":0.0, ""voltage"":230.3, ""freq"":50.0, ""current"":0.000, ""aenergy"":{""total"""
2026-04-22T16:26:36,shellyazplug-node/events/rpc,167,"{""src"":""shellyazplug-e4b323337220"",""dst"":""shellyazplug-node/events"",""method"":""NotifyStatus"",""params"":{""ts"":33729.59,""swi"
2026-04-22T16:26:36,shellyazplug-node/debug/log,133,"shellyazplug-e4b323337220 4324 33729.607 1|shelly_notification:163 Status change of switch:0: {""id"":0,""output"":true,""sou"
2026-04-22T16:26:37,shellyazplug-node/rpc,86,"{""id"": 1, ""src"": ""attacker"", ""method"": ""Switch.Set"", ""params"": {""id"": 0, ""on"": false}}"
2026-04-22T16:26:37,attacker/rpc,84,"{""id"":1,""src"":""shellyazplug-e4b323337220"",""dst"":""attacker"",""result"":{""was_on"":true}}"
2026-04-22T16:26:37,shellyazplug-node/debug/log,88,"shellyazplug-e4b323337220 4325 33730.092 1|shos_rpc_inst.c:230     Switch.Set via MQTT 
"
2026-04-22T16:26:37,shellyazplug-node/status/switch:0,200,"{""id"":0, ""source"":""MQTT"", ""output"":false, ""apower"":0.0, ""voltage"":230.1, ""freq"":50.0, ""current"":0.000, ""aenergy"":{""total"
2026-04-22T16:26:37,shellyazplug-node/events/rpc,191,"{""src"":""shellyazplug-e4b323337220"",""dst"":""shellyazplug-node/events"",""method"":""NotifyStatus"",""params"":{""ts"":33730.09,""swi"
2026-04-22T16:26:37,shellyazplug-node/debug/log,157,"shellyazplug-e4b323337220 4326 33730.111 1|shelly_notification:163 Status change of switch:0: {""id"":0,""apower"":0,""curren"
2026-04-22T16:26:37,shellyazplug-node/rpc,85,"{""id"": 1, ""src"": ""attacker"", ""method"": ""Switch.Set"", ""params"": {""id"": 0, ""on"": true}}"
2026-04-22T16:26:37,attacker/rpc,85,"{""id"":1,""src"":""shellyazplug-e4b323337220"",""dst"":""attacker"",""result"":{""was_on"":false}}"
2026-04-22T16:26:37,shellyazplug-node/debug/log,88,"shellyazplug-e4b323337220 4327 33730.592 1|shos_rpc_inst.c:230     Switch.Set via MQTT 
"
2026-04-22T16:26:37,shellyazplug-node/status/switch:0,199,"{""id"":0, ""source"":""MQTT"", ""output"":true, ""apower"":0.0, ""voltage"":230.1, ""freq"":50.0, ""current"":0.000, ""aenergy"":{""total"""
2026-04-22T16:26:37,shellyazplug-node/events/rpc,167,"{""src"":""shellyazplug-e4b323337220"",""dst"":""shellyazplug-node/events"",""method"":""NotifyStatus"",""params"":{""ts"":33730.59,""swi"
2026-04-22T16:26:37,shellyazplug-node/debug/log,133,"shellyazplug-e4b323337220 4328 33730.609 1|shelly_notification:163 Status change of switch:0: {""id"":0,""output"":true,""sou"
2026-04-22T16:26:38,shellyazplug-node/rpc,86,"{""id"": 1, ""src"": ""attacker"", ""method"": ""Switch.Set"", ""params"": {""id"": 0, ""on"": false}}"
2026-04-22T16:26:38,attacker/rpc,84,"{""id"":1,""src"":""shellyazplug-e4b323337220"",""dst"":""attacker"",""result"":{""was_on"":true}}"
2026-04-22T16:26:38,shellyazplug-node/debug/log,88,"shellyazplug-e4b323337220 4329 33731.092 1|shos_rpc_inst.c:230     Switch.Set via MQTT 
"
2026-04-22T16:26:38,shellyazplug-node/status/switch:0,200,"{""id"":0, ""source"":""MQTT"", ""output"":false, ""apower"":0.0, ""voltage"":230.0, ""freq"":50.0, ""current"":0.000, ""aenergy"":{""total"
2026-04-22T16:26:38,shellyazplug-node/events/rpc,191,"{""src"":""shellyazplug-e4b323337220"",""dst"":""shellyazplug-node/events"",""method"":""NotifyStatus"",""params"":{""ts"":33731.09,""swi"
2026-04-22T16:26:38,shellyazplug-node/debug/log,157,"shellyazplug-e4b323337220 4330 33731.111 1|shelly_notification:163 Status change of switch:0: {""id"":0,""apower"":0,""curren"
2026-04-22T16:26:38,shellyazplug-node/rpc,85,"{""id"": 1, ""src"": ""attacker"", ""method"": ""Switch.Set"", ""params"": {""id"": 0, ""on"": true}}"
2026-04-22T16:26:38,attacker/rpc,85,"{""id"":1,""src"":""shellyazplug-e4b323337220"",""dst"":""attacker"",""result"":{""was_on"":false}}"
2026-04-22T16:26:38,shellyazplug-node/debug/log,88,"shellyazplug-e4b323337220 4331 33731.593 1|shos_rpc_inst.c:230     Switch.Set via MQTT 
"
2026-04-22T16:26:38,shellyazplug-node/status/switch:0,199,"{""id"":0, ""source"":""MQTT"", ""output"":true, ""apower"":0.0, ""voltage"":230.0, ""freq"":50.0, ""current"":0.000, ""aenergy"":{""total"""
2026-04-22T16:26:38,shellyazplug-node/events/rpc,167,"{""src"":""shellyazplug-e4b323337220"",""dst"":""shellyazplug-node/events"",""method"":""NotifyStatus"",""params"":{""ts"":33731.59,""swi"
2026-04-22T16:26:38,shellyazplug-node/debug/log,133,"shellyazplug-e4b323337220 4332 33731.610 1|shelly_notification:163 Status change of switch:0: {""id"":0,""output"":true,""sou"
2026-04-22T16:26:39,shellyazplug-node/rpc,86,"{""id"": 1, ""src"": ""attacker"", ""method"": ""Switch.Set"", ""params"": {""id"": 0, ""on"": false}}"
2026-04-22T16:26:39,attacker/rpc,84,"{""id"":1,""src"":""shellyazplug-e4b323337220"",""dst"":""attacker"",""result"":{""was_on"":true}}"
2026-04-22T16:26:39,shellyazplug-node/debug/log,88,"shellyazplug-e4b323337220 4333 33732.093 1|shos_rpc_inst.c:230     Switch.Set via MQTT 
"
2026-04-22T16:26:39,shellyazplug-node/status/switch:0,200,"{""id"":0, ""source"":""MQTT"", ""output"":false, ""apower"":0.0, ""voltage"":230.0, ""freq"":50.0, ""current"":0.000, ""aenergy"":{""total"
2026-04-22T16:26:39,shellyazplug-node/events/rpc,191,"{""src"":""shellyazplug-e4b323337220"",""dst"":""shellyazplug-node/events"",""method"":""NotifyStatus"",""params"":{""ts"":33732.09,""swi"
2026-04-22T16:26:39,shellyazplug-node/debug/log,157,"shellyazplug-e4b323337220 4334 33732.111 1|shelly_notification:163 Status change of switch:0: {""id"":0,""apower"":0,""curren"
2026-04-22T16:26:39,shellyazplug-node/rpc,85,"{""id"": 1, ""src"": ""attacker"", ""method"": ""Switch.Set"", ""params"": {""id"": 0, ""on"": true}}"
2026-04-22T16:26:39,attacker/rpc,85,"{""id"":1,""src"":""shellyazplug-e4b323337220"",""dst"":""attacker"",""result"":{""was_on"":false}}"
2026-04-22T16:26:39,shellyazplug-node/debug/log,88,"shellyazplug-e4b323337220 4335 33732.596 1|shos_rpc_inst.c:230     Switch.Set via MQTT 
"
2026-04-22T16:26:39,shellyazplug-node/status/switch:0,199,"{""id"":0, ""source"":""MQTT"", ""output"":true, ""apower"":0.0, ""voltage"":229.9, ""freq"":50.0, ""current"":0.000, ""aenergy"":{""total"""
2026-04-22T16:26:39,shellyazplug-node/events/rpc,167,"{""src"":""shellyazplug-e4b323337220"",""dst"":""shellyazplug-node/events"",""method"":""NotifyStatus"",""params"":{""ts"":33732.59,""swi"
2026-04-22T16:26:39,shellyazplug-node/debug/log,133,"shellyazplug-e4b323337220 4336 33732.613 1|shelly_notification:163 Status change of switch:0: {""id"":0,""output"":true,""sou"
2026-04-22T16:26:39,iot/mq/debug,50,[0;36m[D][sensor:124]: 'Gas Sensor' >> 0.56 V[0m
2026-04-22T16:26:39,iot/mq/sensor/gas_sensor/state,4,0.56
2026-04-22T16:26:40,shellyazplug-node/rpc,86,"{""id"": 1, ""src"": ""attacker"", ""method"": ""Switch.Set"", ""params"": {""id"": 0, ""on"": false}}"
2026-04-22T16:26:40,attacker/rpc,84,"{""id"":1,""src"":""shellyazplug-e4b323337220"",""dst"":""attacker"",""result"":{""was_on"":true}}"
2026-04-22T16:26:40,shellyazplug-node/debug/log,88,"shellyazplug-e4b323337220 4337 33733.094 1|shos_rpc_inst.c:230     Switch.Set via MQTT 
"
2026-04-22T16:26:40,shellyazplug-node/status/switch:0,200,"{""id"":0, ""source"":""MQTT"", ""output"":false, ""apower"":0.0, ""voltage"":229.9, ""freq"":50.0, ""current"":0.000, ""aenergy"":{""total"
2026-04-22T16:26:40,shellyazplug-node/events/rpc,191,"{""src"":""shellyazplug-e4b323337220"",""dst"":""shellyazplug-node/events"",""method"":""NotifyStatus"",""params"":{""ts"":33733.09,""swi"
2026-04-22T16:26:40,shellyazplug-node/debug/log,157,"shellyazplug-e4b323337220 4338 33733.112 1|shelly_notification:163 Status change of switch:0: {""id"":0,""apower"":0,""curren"
2026-04-22T16:26:40,shellyazplug-node/rpc,85,"{""id"": 1, ""src"": ""attacker"", ""method"": ""Switch.Set"", ""params"": {""id"": 0, ""on"": true}}"
2026-04-22T16:26:40,attacker/rpc,85,"{""id"":1,""src"":""shellyazplug-e4b323337220"",""dst"":""attacker"",""result"":{""was_on"":false}}"
2026-04-22T16:26:40,shellyazplug-node/debug/log,88,"shellyazplug-e4b323337220 4339 33733.595 1|shos_rpc_inst.c:230     Switch.Set via MQTT 
"
2026-04-22T16:26:40,shellyazplug-node/status/switch:0,199,"{""id"":0, ""source"":""MQTT"", ""output"":true, ""apower"":0.0, ""voltage"":230.0, ""freq"":50.0, ""current"":0.000, ""aenergy"":{""total"""
2026-04-22T16:26:40,shellyazplug-node/events/rpc,167,"{""src"":""shellyazplug-e4b323337220"",""dst"":""shellyazplug-node/events"",""method"":""NotifyStatus"",""params"":{""ts"":33733.59,""swi"
2026-04-22T16:26:40,shellyazplug-node/debug/log,133,"shellyazplug-e4b323337220 4340 33733.612 1|shelly_notification:163 Status change of switch:0: {""id"":0,""output"":true,""sou"
2026-04-22T16:26:41,shellyazplug-node/rpc,86,"{""id"": 1, ""src"": ""attacker"", ""method"": ""Switch.Set"", ""params"": {""id"": 0, ""on"": false}}"
2026-04-22T16:26:41,attacker/rpc,84,"{""id"":1,""src"":""shellyazplug-e4b323337220"",""dst"":""attacker"",""result"":{""was_on"":true}}"
2026-04-22T16:26:41,shellyazplug-node/debug/log,88,"shellyazplug-e4b323337220 4341 33734.095 1|shos_rpc_inst.c:230     Switch.Set via MQTT 
"
2026-04-22T16:26:41,shellyazplug-node/status/switch:0,200,"{""id"":0, ""source"":""MQTT"", ""output"":false, ""apower"":0.0, ""voltage"":230.0, ""freq"":50.0, ""current"":0.000, ""aenergy"":{""total"
2026-04-22T16:26:41,shellyazplug-node/events/rpc,191,"{""src"":""shellyazplug-e4b323337220"",""dst"":""shellyazplug-node/events"",""method"":""NotifyStatus"",""params"":{""ts"":33734.09,""swi"
2026-04-22T16:26:41,shellyazplug-node/debug/log,157,"shellyazplug-e4b323337220 4342 33734.115 1|shelly_notification:163 Status change of switch:0: {""id"":0,""apower"":0,""curren"
2026-04-22T16:26:41,shellyazplug-node/rpc,85,"{""id"": 1, ""src"": ""attacker"", ""method"": ""Switch.Set"", ""params"": {""id"": 0, ""on"": true}}"
2026-04-22T16:26:41,attacker/rpc,85,"{""id"":1,""src"":""shellyazplug-e4b323337220"",""dst"":""attacker"",""result"":{""was_on"":false}}"
2026-04-22T16:26:41,shellyazplug-node/debug/log,88,"shellyazplug-e4b323337220 4343 33734.599 1|shos_rpc_inst.c:230     Switch.Set via MQTT 
"
2026-04-22T16:26:41,shellyazplug-node/status/switch:0,199,"{""id"":0, ""source"":""MQTT"", ""output"":true, ""apower"":0.0, ""voltage"":230.1, ""freq"":50.0, ""current"":0.000, ""aenergy"":{""total"""
2026-04-22T16:26:41,shellyazplug-node/events/rpc,167,"{""src"":""shellyazplug-e4b323337220"",""dst"":""shellyazplug-node/events"",""method"":""NotifyStatus"",""params"":{""ts"":33734.60,""swi"
2026-04-22T16:26:41,shellyazplug-node/debug/log,133,"shellyazplug-e4b323337220 4344 33734.616 1|shelly_notification:163 Status change of switch:0: {""id"":0,""output"":true,""sou"
2026-04-22T16:26:42,shellyazplug-node/rpc,86,"{""id"": 1, ""src"": ""attacker"", ""method"": ""Switch.Set"", ""params"": {""id"": 0, ""on"": false}}"
2026-04-22T16:26:42,attacker/rpc,84,"{""id"":1,""src"":""shellyazplug-e4b323337220"",""dst"":""attacker"",""result"":{""was_on"":true}}"
2026-04-22T16:26:42,shellyazplug-node/debug/log,88,"shellyazplug-e4b323337220 4345 33735.103 1|shos_rpc_inst.c:230     Switch.Set via MQTT 
"
2026-04-22T16:26:42,shellyazplug-node/status/switch:0,200,"{""id"":0, ""source"":""MQTT"", ""output"":false, ""apower"":0.0, ""voltage"":230.1, ""freq"":50.0, ""current"":0.000, ""aenergy"":{""total"
2026-04-22T16:26:42,shellyazplug-node/events/rpc,191,"{""src"":""shellyazplug-e4b323337220"",""dst"":""shellyazplug-node/events"",""method"":""NotifyStatus"",""params"":{""ts"":33735.10,""swi"
2026-04-22T16:26:42,shellyazplug-node/debug/log,157,"shellyazplug-e4b323337220 4346 33735.122 1|shelly_notification:163 Status change of switch:0: {""id"":0,""apower"":0,""curren"
2026-04-22T16:26:42,shellyazplug-node/rpc,85,"{""id"": 1, ""src"": ""attacker"", ""method"": ""Switch.Set"", ""params"": {""id"": 0, ""on"": true}}"
2026-04-22T16:26:42,attacker/rpc,85,"{""id"":1,""src"":""shellyazplug-e4b323337220"",""dst"":""attacker"",""result"":{""was_on"":false}}"
2026-04-22T16:26:42,shellyazplug-node/debug/log,88,"shellyazplug-e4b323337220 4347 33735.603 1|shos_rpc_inst.c:230     Switch.Set via MQTT 
"
2026-04-22T16:26:42,shellyazplug-node/status/switch:0,199,"{""id"":0, ""source"":""MQTT"", ""output"":true, ""apower"":0.0, ""voltage"":230.1, ""freq"":50.0, ""current"":0.000, ""aenergy"":{""total"""
2026-04-22T16:26:42,shellyazplug-node/events/rpc,167,"{""src"":""shellyazplug-e4b323337220"",""dst"":""shellyazplug-node/events"",""method"":""NotifyStatus"",""params"":{""ts"":33735.60,""swi"
2026-04-22T16:26:42,shellyazplug-node/debug/log,133,"shellyazplug-e4b323337220 4348 33735.619 1|shelly_notification:163 Status change of switch:0: {""id"":0,""output"":true,""sou"
2026-04-22T16:26:43,shellyazplug-node/rpc,86,"{""id"": 1, ""src"": ""attacker"", ""method"": ""Switch.Set"", ""params"": {""id"": 0, ""on"": false}}"
2026-04-22T16:26:43,attacker/rpc,84,"{""id"":1,""src"":""shellyazplug-e4b323337220"",""dst"":""attacker"",""result"":{""was_on"":true}}"
2026-04-22T16:26:43,shellyazplug-node/debug/log,88,"shellyazplug-e4b323337220 4349 33736.103 1|shos_rpc_inst.c:230     Switch.Set via MQTT 
"
2026-04-22T16:26:43,shellyazplug-node/status/switch:0,200,"{""id"":0, ""source"":""MQTT"", ""output"":false, ""apower"":0.0, ""voltage"":230.1, ""freq"":50.0, ""current"":0.000, ""aenergy"":{""total"
2026-04-22T16:26:43,shellyazplug-node/events/rpc,191,"{""src"":""shellyazplug-e4b323337220"",""dst"":""shellyazplug-node/events"",""method"":""NotifyStatus"",""params"":{""ts"":33736.10,""swi"
2026-04-22T16:26:43,shellyazplug-node/debug/log,157,"shellyazplug-e4b323337220 4350 33736.122 1|shelly_notification:163 Status change of switch:0: {""id"":0,""apower"":0,""curren"
2026-04-22T16:26:43,shellyazplug-node/rpc,85,"{""id"": 1, ""src"": ""attacker"", ""method"": ""Switch.Set"", ""params"": {""id"": 0, ""on"": true}}"
2026-04-22T16:26:43,attacker/rpc,85,"{""id"":1,""src"":""shellyazplug-e4b323337220"",""dst"":""attacker"",""result"":{""was_on"":false}}"
2026-04-22T16:26:43,shellyazplug-node/debug/log,88,"shellyazplug-e4b323337220 4351 33736.604 1|shos_rpc_inst.c:230     Switch.Set via MQTT 
"
2026-04-22T16:26:43,shellyazplug-node/status/switch:0,199,"{""id"":0, ""source"":""MQTT"", ""output"":true, ""apower"":0.0, ""voltage"":230.1, ""freq"":50.0, ""current"":0.000, ""aenergy"":{""total"""
2026-04-22T16:26:43,shellyazplug-node/events/rpc,167,"{""src"":""shellyazplug-e4b323337220"",""dst"":""shellyazplug-node/events"",""method"":""NotifyStatus"",""params"":{""ts"":33736.60,""swi"
2026-04-22T16:26:43,shellyazplug-node/debug/log,133,"shellyazplug-e4b323337220 4352 33736.621 1|shelly_notification:163 Status change of switch:0: {""id"":0,""output"":true,""sou"
2026-04-22T16:26:44,shellyazplug-node/rpc,86,"{""id"": 1, ""src"": ""attacker"", ""method"": ""Switch.Set"", ""params"": {""id"": 0, ""on"": false}}"
2026-04-22T16:26:44,attacker/rpc,84,"{""id"":1,""src"":""shellyazplug-e4b323337220"",""dst"":""attacker"",""result"":{""was_on"":true}}"
2026-04-22T16:26:44,shellyazplug-node/debug/log,88,"shellyazplug-e4b323337220 4353 33737.104 1|shos_rpc_inst.c:230     Switch.Set via MQTT 
"
2026-04-22T16:26:44,shellyazplug-node/status/switch:0,200,"{""id"":0, ""source"":""MQTT"", ""output"":false, ""apower"":0.0, ""voltage"":230.1, ""freq"":50.0, ""current"":0.000, ""aenergy"":{""total"
2026-04-22T16:26:44,shellyazplug-node/events/rpc,191,"{""src"":""shellyazplug-e4b323337220"",""dst"":""shellyazplug-node/events"",""method"":""NotifyStatus"",""params"":{""ts"":33737.10,""swi"
2026-04-22T16:26:44,shellyazplug-node/debug/log,157,"shellyazplug-e4b323337220 4354 33737.122 1|shelly_notification:163 Status change of switch:0: {""id"":0,""apower"":0,""curren"
2026-04-22T16:26:44,shellyazplug-node/rpc,85,"{""id"": 1, ""src"": ""attacker"", ""method"": ""Switch.Set"", ""params"": {""id"": 0, ""on"": true}}"
2026-04-22T16:26:44,attacker/rpc,85,"{""id"":1,""src"":""shellyazplug-e4b323337220"",""dst"":""attacker"",""result"":{""was_on"":false}}"
2026-04-22T16:26:44,shellyazplug-node/debug/log,88,"shellyazplug-e4b323337220 4355 33737.605 1|shos_rpc_inst.c:230     Switch.Set via MQTT 
"
2026-04-22T16:26:44,shellyazplug-node/status/switch:0,199,"{""id"":0, ""source"":""MQTT"", ""output"":true, ""apower"":0.0, ""voltage"":230.3, ""freq"":50.0, ""current"":0.000, ""aenergy"":{""total"""
2026-04-22T16:26:44,shellyazplug-node/events/rpc,167,"{""src"":""shellyazplug-e4b323337220"",""dst"":""shellyazplug-node/events"",""method"":""NotifyStatus"",""params"":{""ts"":33737.60,""swi"
2026-04-22T16:26:44,shellyazplug-node/debug/log,133,"shellyazplug-e4b323337220 4356 33737.621 1|shelly_notification:163 Status change of switch:0: {""id"":0,""output"":true,""sou"
2026-04-22T16:26:44,iot/mq/debug,50,[0;36m[D][sensor:124]: 'Gas Sensor' >> 0.56 V[0m
2026-04-22T16:26:44,iot/mq/sensor/gas_sensor/state,4,0.56
2026-04-22T16:26:45,shellyazplug-node/rpc,86,"{""id"": 1, ""src"": ""attacker"", ""method"": ""Switch.Set"", ""params"": {""id"": 0, ""on"": false}}"
2026-04-22T16:26:45,attacker/rpc,84,"{""id"":1,""src"":""shellyazplug-e4b323337220"",""dst"":""attacker"",""result"":{""was_on"":true}}"
2026-04-22T16:26:45,shellyazplug-node/debug/log,88,"shellyazplug-e4b323337220 4357 33738.105 1|shos_rpc_inst.c:230     Switch.Set via MQTT 
"
2026-04-22T16:26:45,shellyazplug-node/status/switch:0,200,"{""id"":0, ""source"":""MQTT"", ""output"":false, ""apower"":0.0, ""voltage"":230.3, ""freq"":50.0, ""current"":0.000, ""aenergy"":{""total"
2026-04-22T16:26:45,shellyazplug-node/events/rpc,191,"{""src"":""shellyazplug-e4b323337220"",""dst"":""shellyazplug-node/events"",""method"":""NotifyStatus"",""params"":{""ts"":33738.10,""swi"
2026-04-22T16:26:45,shellyazplug-node/debug/log,157,"shellyazplug-e4b323337220 4358 33738.123 1|shelly_notification:163 Status change of switch:0: {""id"":0,""apower"":0,""curren"
2026-04-22T16:26:45,shellyazplug-node/rpc,85,"{""id"": 1, ""src"": ""attacker"", ""method"": ""Switch.Set"", ""params"": {""id"": 0, ""on"": true}}"
2026-04-22T16:26:45,attacker/rpc,85,"{""id"":1,""src"":""shellyazplug-e4b323337220"",""dst"":""attacker"",""result"":{""was_on"":false}}"
2026-04-22T16:26:45,shellyazplug-node/debug/log,88,"shellyazplug-e4b323337220 4359 33738.606 1|shos_rpc_inst.c:230     Switch.Set via MQTT 
"
2026-04-22T16:26:45,shellyazplug-node/status/switch:0,199,"{""id"":0, ""source"":""MQTT"", ""output"":true, ""apower"":0.0, ""voltage"":230.1, ""freq"":50.0, ""current"":0.000, ""aenergy"":{""total"""
2026-04-22T16:26:45,shellyazplug-node/events/rpc,167,"{""src"":""shellyazplug-e4b323337220"",""dst"":""shellyazplug-node/events"",""method"":""NotifyStatus"",""params"":{""ts"":33738.60,""swi"
2026-04-22T16:26:45,shellyazplug-node/debug/log,133,"shellyazplug-e4b323337220 4360 33738.623 1|shelly_notification:163 Status change of switch:0: {""id"":0,""output"":true,""sou"
2026-04-22T16:26:46,shellyazplug-node/rpc,86,"{""id"": 1, ""src"": ""attacker"", ""method"": ""Switch.Set"", ""params"": {""id"": 0, ""on"": false}}"
2026-04-22T16:26:46,attacker/rpc,84,"{""id"":1,""src"":""shellyazplug-e4b323337220"",""dst"":""attacker"",""result"":{""was_on"":true}}"
2026-04-22T16:26:46,shellyazplug-node/debug/log,88,"shellyazplug-e4b323337220 4361 33739.106 1|shos_rpc_inst.c:230     Switch.Set via MQTT 
"
2026-04-22T16:26:46,shellyazplug-node/status/switch:0,200,"{""id"":0, ""source"":""MQTT"", ""output"":false, ""apower"":0.0, ""voltage"":230.1, ""freq"":50.0, ""current"":0.000, ""aenergy"":{""total"
2026-04-22T16:26:46,shellyazplug-node/events/rpc,191,"{""src"":""shellyazplug-e4b323337220"",""dst"":""shellyazplug-node/events"",""method"":""NotifyStatus"",""params"":{""ts"":33739.10,""swi"
2026-04-22T16:26:46,shellyazplug-node/debug/log,157,"shellyazplug-e4b323337220 4362 33739.125 1|shelly_notification:163 Status change of switch:0: {""id"":0,""apower"":0,""curren"
2026-04-22T16:26:46,iot/dht11/debug,59,[0;36m[D][dht:048]: Temperature 24.9°C Humidity 39.0%[0m
2026-04-22T16:26:46,iot/dht11/debug,53,[0;36m[D][sensor:124]: 'Temperature' >> 24.9 °C[0m
2026-04-22T16:26:46,iot/dht11/sensor/temperature/state,4,24.9
2026-04-22T16:26:46,iot/dht11/debug,46,[0;36m[D][sensor:124]: 'Humidity' >> 39 %[0m
2026-04-22T16:26:46,iot/dht11/sensor/humidity/state,2,39
2026-04-22T16:26:46,shellyazplug-node/rpc,85,"{""id"": 1, ""src"": ""attacker"", ""method"": ""Switch.Set"", ""params"": {""id"": 0, ""on"": true}}"
2026-04-22T16:26:46,attacker/rpc,85,"{""id"":1,""src"":""shellyazplug-e4b323337220"",""dst"":""attacker"",""result"":{""was_on"":false}}"
2026-04-22T16:26:46,shellyazplug-node/debug/log,88,"shellyazplug-e4b323337220 4363 33739.607 1|shos_rpc_inst.c:230     Switch.Set via MQTT 
"
2026-04-22T16:26:46,shellyazplug-node/status/switch:0,199,"{""id"":0, ""source"":""MQTT"", ""output"":true, ""apower"":0.0, ""voltage"":230.0, ""freq"":50.0, ""current"":0.000, ""aenergy"":{""total"""
2026-04-22T16:26:46,shellyazplug-node/events/rpc,167,"{""src"":""shellyazplug-e4b323337220"",""dst"":""shellyazplug-node/events"",""method"":""NotifyStatus"",""params"":{""ts"":33739.60,""swi"
2026-04-22T16:26:46,shellyazplug-node/debug/log,133,"shellyazplug-e4b323337220 4364 33739.624 1|shelly_notification:163 Status change of switch:0: {""id"":0,""output"":true,""sou"
2026-04-22T16:26:47,shellyazplug-node/rpc,86,"{""id"": 1, ""src"": ""attacker"", ""method"": ""Switch.Set"", ""params"": {""id"": 0, ""on"": false}}"
2026-04-22T16:26:47,attacker/rpc,84,"{""id"":1,""src"":""shellyazplug-e4b323337220"",""dst"":""attacker"",""result"":{""was_on"":true}}"
2026-04-22T16:26:47,shellyazplug-node/debug/log,88,"shellyazplug-e4b323337220 4365 33740.107 1|shos_rpc_inst.c:230     Switch.Set via MQTT 
"
2026-04-22T16:26:47,shellyazplug-node/status/switch:0,200,"{""id"":0, ""source"":""MQTT"", ""output"":false, ""apower"":0.0, ""voltage"":230.0, ""freq"":50.0, ""current"":0.000, ""aenergy"":{""total"
2026-04-22T16:26:47,shellyazplug-node/events/rpc,191,"{""src"":""shellyazplug-e4b323337220"",""dst"":""shellyazplug-node/events"",""method"":""NotifyStatus"",""params"":{""ts"":33740.10,""swi"
2026-04-22T16:26:47,shellyazplug-node/debug/log,157,"shellyazplug-e4b323337220 4366 33740.126 1|shelly_notification:163 Status change of switch:0: {""id"":0,""apower"":0,""curren"
2026-04-22T16:26:47,shellyazplug-node/rpc,85,"{""id"": 1, ""src"": ""attacker"", ""method"": ""Switch.Set"", ""params"": {""id"": 0, ""on"": true}}"
2026-04-22T16:26:47,attacker/rpc,85,"{""id"":1,""src"":""shellyazplug-e4b323337220"",""dst"":""attacker"",""result"":{""was_on"":false}}"
2026-04-22T16:26:47,shellyazplug-node/debug/log,88,"shellyazplug-e4b323337220 4367 33740.607 1|shos_rpc_inst.c:230     Switch.Set via MQTT 
"
2026-04-22T16:26:47,shellyazplug-node/status/switch:0,199,"{""id"":0, ""source"":""MQTT"", ""output"":true, ""apower"":0.0, ""voltage"":229.8, ""freq"":50.0, ""current"":0.000, ""aenergy"":{""total"""
2026-04-22T16:26:47,shellyazplug-node/events/rpc,167,"{""src"":""shellyazplug-e4b323337220"",""dst"":""shellyazplug-node/events"",""method"":""NotifyStatus"",""params"":{""ts"":33740.60,""swi"
2026-04-22T16:26:47,shellyazplug-node/debug/log,133,"shellyazplug-e4b323337220 4368 33740.624 1|shelly_notification:163 Status change of switch:0: {""id"":0,""output"":true,""sou"
2026-04-22T16:26:48,shellyazplug-node/rpc,86,"{""id"": 1, ""src"": ""attacker"", ""method"": ""Switch.Set"", ""params"": {""id"": 0, ""on"": false}}"
2026-04-22T16:26:48,attacker/rpc,84,"{""id"":1,""src"":""shellyazplug-e4b323337220"",""dst"":""attacker"",""result"":{""was_on"":true}}"
2026-04-22T16:26:48,shellyazplug-node/debug/log,88,"shellyazplug-e4b323337220 4369 33741.110 1|shos_rpc_inst.c:230     Switch.Set via MQTT 
"
2026-04-22T16:26:48,shellyazplug-node/status/switch:0,200,"{""id"":0, ""source"":""MQTT"", ""output"":false, ""apower"":0.0, ""voltage"":229.8, ""freq"":50.0, ""current"":0.000, ""aenergy"":{""total"
2026-04-22T16:26:48,shellyazplug-node/events/rpc,191,"{""src"":""shellyazplug-e4b323337220"",""dst"":""shellyazplug-node/events"",""method"":""NotifyStatus"",""params"":{""ts"":33741.11,""swi"
2026-04-22T16:26:48,shellyazplug-node/debug/log,157,"shellyazplug-e4b323337220 4370 33741.129 1|shelly_notification:163 Status change of switch:0: {""id"":0,""apower"":0,""curren"
2026-04-22T16:26:48,shellyazplug-node/rpc,85,"{""id"": 1, ""src"": ""attacker"", ""method"": ""Switch.Set"", ""params"": {""id"": 0, ""on"": true}}"
2026-04-22T16:26:48,attacker/rpc,85,"{""id"":1,""src"":""shellyazplug-e4b323337220"",""dst"":""attacker"",""result"":{""was_on"":false}}"
2026-04-22T16:26:48,shellyazplug-node/debug/log,88,"shellyazplug-e4b323337220 4371 33741.608 1|shos_rpc_inst.c:230     Switch.Set via MQTT 
"
2026-04-22T16:26:48,shellyazplug-node/status/switch:0,199,"{""id"":0, ""source"":""MQTT"", ""output"":true, ""apower"":0.0, ""voltage"":229.9, ""freq"":50.0, ""current"":0.000, ""aenergy"":{""total"""
2026-04-22T16:26:48,shellyazplug-node/events/rpc,167,"{""src"":""shellyazplug-e4b323337220"",""dst"":""shellyazplug-node/events"",""method"":""NotifyStatus"",""params"":{""ts"":33741.61,""swi"
2026-04-22T16:26:48,shellyazplug-node/debug/log,133,"shellyazplug-e4b323337220 4372 33741.625 1|shelly_notification:163 Status change of switch:0: {""id"":0,""output"":true,""sou"
2026-04-22T16:26:49,shellyazplug-node/rpc,86,"{""id"": 1, ""src"": ""attacker"", ""method"": ""Switch.Set"", ""params"": {""id"": 0, ""on"": false}}"
2026-04-22T16:26:49,attacker/rpc,84,"{""id"":1,""src"":""shellyazplug-e4b323337220"",""dst"":""attacker"",""result"":{""was_on"":true}}"
2026-04-22T16:26:49,shellyazplug-node/debug/log,88,"shellyazplug-e4b323337220 4373 33742.109 1|shos_rpc_inst.c:230     Switch.Set via MQTT 
"
2026-04-22T16:26:49,shellyazplug-node/status/switch:0,200,"{""id"":0, ""source"":""MQTT"", ""output"":false, ""apower"":0.0, ""voltage"":229.9, ""freq"":50.0, ""current"":0.000, ""aenergy"":{""total"
2026-04-22T16:26:49,shellyazplug-node/events/rpc,191,"{""src"":""shellyazplug-e4b323337220"",""dst"":""shellyazplug-node/events"",""method"":""NotifyStatus"",""params"":{""ts"":33742.11,""swi"
2026-04-22T16:26:49,shellyazplug-node/debug/log,157,"shellyazplug-e4b323337220 4374 33742.127 1|shelly_notification:163 Status change of switch:0: {""id"":0,""apower"":0,""curren"
2026-04-22T16:26:49,shellyazplug-node/rpc,85,"{""id"": 1, ""src"": ""attacker"", ""method"": ""Switch.Set"", ""params"": {""id"": 0, ""on"": true}}"
2026-04-22T16:26:49,attacker/rpc,85,"{""id"":1,""src"":""shellyazplug-e4b323337220"",""dst"":""attacker"",""result"":{""was_on"":false}}"
2026-04-22T16:26:49,shellyazplug-node/debug/log,88,"shellyazplug-e4b323337220 4375 33742.609 1|shos_rpc_inst.c:230     Switch.Set via MQTT 
"
2026-04-22T16:26:49,shellyazplug-node/status/switch:0,199,"{""id"":0, ""source"":""MQTT"", ""output"":true, ""apower"":0.0, ""voltage"":230.0, ""freq"":50.0, ""current"":0.000, ""aenergy"":{""total"""
2026-04-22T16:26:49,shellyazplug-node/events/rpc,167,"{""src"":""shellyazplug-e4b323337220"",""dst"":""shellyazplug-node/events"",""method"":""NotifyStatus"",""params"":{""ts"":33742.61,""swi"
2026-04-22T16:26:49,shellyazplug-node/debug/log,133,"shellyazplug-e4b323337220 4376 33742.626 1|shelly_notification:163 Status change of switch:0: {""id"":0,""output"":true,""sou"
2026-04-22T16:26:49,iot/mq/debug,50,[0;36m[D][sensor:124]: 'Gas Sensor' >> 0.56 V[0m
2026-04-22T16:26:49,iot/mq/sensor/gas_sensor/state,4,0.56
2026-04-22T16:26:50,shellyazplug-node/rpc,86,"{""id"": 1, ""src"": ""attacker"", ""method"": ""Switch.Set"", ""params"": {""id"": 0, ""on"": false}}"
2026-04-22T16:26:50,attacker/rpc,84,"{""id"":1,""src"":""shellyazplug-e4b323337220"",""dst"":""attacker"",""result"":{""was_on"":true}}"
2026-04-22T16:26:50,shellyazplug-node/debug/log,88,"shellyazplug-e4b323337220 4377 33743.110 1|shos_rpc_inst.c:230     Switch.Set via MQTT 
"
2026-04-22T16:26:50,shellyazplug-node/status/switch:0,200,"{""id"":0, ""source"":""MQTT"", ""output"":false, ""apower"":0.0, ""voltage"":230.0, ""freq"":50.0, ""current"":0.000, ""aenergy"":{""total"
2026-04-22T16:26:50,shellyazplug-node/events/rpc,191,"{""src"":""shellyazplug-e4b323337220"",""dst"":""shellyazplug-node/events"",""method"":""NotifyStatus"",""params"":{""ts"":33743.11,""swi"
2026-04-22T16:26:50,shellyazplug-node/debug/log,157,"shellyazplug-e4b323337220 4378 33743.128 1|shelly_notification:163 Status change of switch:0: {""id"":0,""apower"":0,""curren"
2026-04-22T16:26:50,shellyazplug-node/rpc,85,"{""id"": 1, ""src"": ""attacker"", ""method"": ""Switch.Set"", ""params"": {""id"": 0, ""on"": true}}"
2026-04-22T16:26:50,attacker/rpc,85,"{""id"":1,""src"":""shellyazplug-e4b323337220"",""dst"":""attacker"",""result"":{""was_on"":false}}"
2026-04-22T16:26:50,shellyazplug-node/debug/log,88,"shellyazplug-e4b323337220 4379 33743.611 1|shos_rpc_inst.c:230     Switch.Set via MQTT 
"
2026-04-22T16:26:50,shellyazplug-node/status/switch:0,199,"{""id"":0, ""source"":""MQTT"", ""output"":true, ""apower"":0.0, ""voltage"":230.0, ""freq"":50.0, ""current"":0.000, ""aenergy"":{""total"""
2026-04-22T16:26:50,shellyazplug-node/events/rpc,167,"{""src"":""shellyazplug-e4b323337220"",""dst"":""shellyazplug-node/events"",""method"":""NotifyStatus"",""params"":{""ts"":33743.61,""swi"
2026-04-22T16:26:50,shellyazplug-node/debug/log,133,"shellyazplug-e4b323337220 4380 33743.627 1|shelly_notification:163 Status change of switch:0: {""id"":0,""output"":true,""sou"
2026-04-22T16:26:51,shellyazplug-node/rpc,86,"{""id"": 1, ""src"": ""attacker"", ""method"": ""Switch.Set"", ""params"": {""id"": 0, ""on"": false}}"
2026-04-22T16:26:51,attacker/rpc,84,"{""id"":1,""src"":""shellyazplug-e4b323337220"",""dst"":""attacker"",""result"":{""was_on"":true}}"
2026-04-22T16:26:51,shellyazplug-node/debug/log,88,"shellyazplug-e4b323337220 4381 33744.112 1|shos_rpc_inst.c:230     Switch.Set via MQTT 
"
2026-04-22T16:26:51,shellyazplug-node/status/switch:0,200,"{""id"":0, ""source"":""MQTT"", ""output"":false, ""apower"":0.0, ""voltage"":230.0, ""freq"":50.0, ""current"":0.000, ""aenergy"":{""total"
2026-04-22T16:26:51,shellyazplug-node/events/rpc,191,"{""src"":""shellyazplug-e4b323337220"",""dst"":""shellyazplug-node/events"",""method"":""NotifyStatus"",""params"":{""ts"":33744.11,""swi"
2026-04-22T16:26:51,shellyazplug-node/debug/log,157,"shellyazplug-e4b323337220 4382 33744.131 1|shelly_notification:163 Status change of switch:0: {""id"":0,""apower"":0,""curren"
2026-04-22T16:26:51,shellyazplug-node/rpc,85,"{""id"": 1, ""src"": ""attacker"", ""method"": ""Switch.Set"", ""params"": {""id"": 0, ""on"": true}}"
2026-04-22T16:26:51,attacker/rpc,85,"{""id"":1,""src"":""shellyazplug-e4b323337220"",""dst"":""attacker"",""result"":{""was_on"":false}}"
2026-04-22T16:26:51,shellyazplug-node/debug/log,88,"shellyazplug-e4b323337220 4383 33744.612 1|shos_rpc_inst.c:230     Switch.Set via MQTT 
"
2026-04-22T16:26:51,shellyazplug-node/status/switch:0,199,"{""id"":0, ""source"":""MQTT"", ""output"":true, ""apower"":0.0, ""voltage"":230.0, ""freq"":50.0, ""current"":0.000, ""aenergy"":{""total"""
2026-04-22T16:26:51,shellyazplug-node/events/rpc,167,"{""src"":""shellyazplug-e4b323337220"",""dst"":""shellyazplug-node/events"",""method"":""NotifyStatus"",""params"":{""ts"":33744.61,""swi"
2026-04-22T16:26:51,shellyazplug-node/debug/log,133,"shellyazplug-e4b323337220 4384 33744.629 1|shelly_notification:163 Status change of switch:0: {""id"":0,""output"":true,""sou"
2026-04-22T16:26:52,shellyazplug-node/rpc,86,"{""id"": 1, ""src"": ""attacker"", ""method"": ""Switch.Set"", ""params"": {""id"": 0, ""on"": false}}"
2026-04-22T16:26:52,attacker/rpc,84,"{""id"":1,""src"":""shellyazplug-e4b323337220"",""dst"":""attacker"",""result"":{""was_on"":true}}"
2026-04-22T16:26:52,shellyazplug-node/debug/log,88,"shellyazplug-e4b323337220 4385 33745.128 1|shos_rpc_inst.c:230     Switch.Set via MQTT 
"
2026-04-22T16:26:52,shellyazplug-node/status/switch:0,200,"{""id"":0, ""source"":""MQTT"", ""output"":false, ""apower"":0.0, ""voltage"":230.0, ""freq"":50.0, ""current"":0.000, ""aenergy"":{""total"
2026-04-22T16:26:52,shellyazplug-node/events/rpc,191,"{""src"":""shellyazplug-e4b323337220"",""dst"":""shellyazplug-node/events"",""method"":""NotifyStatus"",""params"":{""ts"":33745.13,""swi"
2026-04-22T16:26:52,shellyazplug-node/debug/log,157,"shellyazplug-e4b323337220 4386 33745.147 1|shelly_notification:163 Status change of switch:0: {""id"":0,""apower"":0,""curren"
2026-04-22T16:26:52,shellyazplug-node/rpc,85,"{""id"": 1, ""src"": ""attacker"", ""method"": ""Switch.Set"", ""params"": {""id"": 0, ""on"": true}}"
2026-04-22T16:26:52,attacker/rpc,85,"{""id"":1,""src"":""shellyazplug-e4b323337220"",""dst"":""attacker"",""result"":{""was_on"":false}}"
2026-04-22T16:26:52,shellyazplug-node/debug/log,88,"shellyazplug-e4b323337220 4387 33745.612 1|shos_rpc_inst.c:230     Switch.Set via MQTT 
"
2026-04-22T16:26:52,shellyazplug-node/status/switch:0,199,"{""id"":0, ""source"":""MQTT"", ""output"":true, ""apower"":0.0, ""voltage"":229.8, ""freq"":50.0, ""current"":0.000, ""aenergy"":{""total"""
2026-04-22T16:26:52,shellyazplug-node/events/rpc,167,"{""src"":""shellyazplug-e4b323337220"",""dst"":""shellyazplug-node/events"",""method"":""NotifyStatus"",""params"":{""ts"":33745.61,""swi"
2026-04-22T16:26:52,shellyazplug-node/debug/log,133,"shellyazplug-e4b323337220 4388 33745.629 1|shelly_notification:163 Status change of switch:0: {""id"":0,""output"":true,""sou"
2026-04-22T16:26:53,shellyazplug-node/rpc,86,"{""id"": 1, ""src"": ""attacker"", ""method"": ""Switch.Set"", ""params"": {""id"": 0, ""on"": false}}"
2026-04-22T16:26:53,attacker/rpc,84,"{""id"":1,""src"":""shellyazplug-e4b323337220"",""dst"":""attacker"",""result"":{""was_on"":true}}"
2026-04-22T16:26:53,shellyazplug-node/debug/log,88,"shellyazplug-e4b323337220 4389 33746.113 1|shos_rpc_inst.c:230     Switch.Set via MQTT 
"
2026-04-22T16:26:53,shellyazplug-node/status/switch:0,200,"{""id"":0, ""source"":""MQTT"", ""output"":false, ""apower"":0.0, ""voltage"":229.8, ""freq"":50.0, ""current"":0.000, ""aenergy"":{""total"
2026-04-22T16:26:53,shellyazplug-node/events/rpc,191,"{""src"":""shellyazplug-e4b323337220"",""dst"":""shellyazplug-node/events"",""method"":""NotifyStatus"",""params"":{""ts"":33746.11,""swi"
2026-04-22T16:26:53,shellyazplug-node/debug/log,157,"shellyazplug-e4b323337220 4390 33746.132 1|shelly_notification:163 Status change of switch:0: {""id"":0,""apower"":0,""curren"
2026-04-22T16:26:53,shellyazplug-node/rpc,85,"{""id"": 1, ""src"": ""attacker"", ""method"": ""Switch.Set"", ""params"": {""id"": 0, ""on"": true}}"
2026-04-22T16:26:53,attacker/rpc,85,"{""id"":1,""src"":""shellyazplug-e4b323337220"",""dst"":""attacker"",""result"":{""was_on"":false}}"
2026-04-22T16:26:53,shellyazplug-node/debug/log,88,"shellyazplug-e4b323337220 4391 33746.613 1|shos_rpc_inst.c:230     Switch.Set via MQTT 
"
2026-04-22T16:26:53,shellyazplug-node/status/switch:0,199,"{""id"":0, ""source"":""MQTT"", ""output"":true, ""apower"":0.0, ""voltage"":229.7, ""freq"":50.0, ""current"":0.000, ""aenergy"":{""total"""
2026-04-22T16:26:53,shellyazplug-node/events/rpc,167,"{""src"":""shellyazplug-e4b323337220"",""dst"":""shellyazplug-node/events"",""method"":""NotifyStatus"",""params"":{""ts"":33746.61,""swi"
2026-04-22T16:26:53,shellyazplug-node/debug/log,133,"shellyazplug-e4b323337220 4392 33746.629 1|shelly_notification:163 Status change of switch:0: {""id"":0,""output"":true,""sou"
2026-04-22T16:26:54,shellyazplug-node/rpc,86,"{""id"": 1, ""src"": ""attacker"", ""method"": ""Switch.Set"", ""params"": {""id"": 0, ""on"": false}}"
2026-04-22T16:26:54,attacker/rpc,84,"{""id"":1,""src"":""shellyazplug-e4b323337220"",""dst"":""attacker"",""result"":{""was_on"":true}}"
2026-04-22T16:26:54,shellyazplug-node/debug/log,88,"shellyazplug-e4b323337220 4393 33747.113 1|shos_rpc_inst.c:230     Switch.Set via MQTT 
"
2026-04-22T16:26:54,shellyazplug-node/status/switch:0,200,"{""id"":0, ""source"":""MQTT"", ""output"":false, ""apower"":0.0, ""voltage"":229.7, ""freq"":50.0, ""current"":0.000, ""aenergy"":{""total"
2026-04-22T16:26:54,shellyazplug-node/events/rpc,191,"{""src"":""shellyazplug-e4b323337220"",""dst"":""shellyazplug-node/events"",""method"":""NotifyStatus"",""params"":{""ts"":33747.11,""swi"
2026-04-22T16:26:54,shellyazplug-node/debug/log,157,"shellyazplug-e4b323337220 4394 33747.132 1|shelly_notification:163 Status change of switch:0: {""id"":0,""apower"":0,""curren"
2026-04-22T16:26:54,shellyazplug-node/rpc,85,"{""id"": 1, ""src"": ""attacker"", ""method"": ""Switch.Set"", ""params"": {""id"": 0, ""on"": true}}"
2026-04-22T16:26:54,attacker/rpc,85,"{""id"":1,""src"":""shellyazplug-e4b323337220"",""dst"":""attacker"",""result"":{""was_on"":false}}"
2026-04-22T16:26:54,shellyazplug-node/debug/log,88,"shellyazplug-e4b323337220 4395 33747.619 1|shos_rpc_inst.c:230     Switch.Set via MQTT 
"
2026-04-22T16:26:54,shellyazplug-node/status/switch:0,199,"{""id"":0, ""source"":""MQTT"", ""output"":true, ""apower"":0.0, ""voltage"":229.8, ""freq"":50.0, ""current"":0.000, ""aenergy"":{""total"""
2026-04-22T16:26:54,shellyazplug-node/events/rpc,167,"{""src"":""shellyazplug-e4b323337220"",""dst"":""shellyazplug-node/events"",""method"":""NotifyStatus"",""params"":{""ts"":33747.62,""swi"
2026-04-22T16:26:54,iot/mq/debug,50,[0;36m[D][sensor:124]: 'Gas Sensor' >> 0.56 V[0m
2026-04-22T16:26:54,shellyazplug-node/debug/log,133,"shellyazplug-e4b323337220 4396 33747.636 1|shelly_notification:163 Status change of switch:0: {""id"":0,""output"":true,""sou"
2026-04-22T16:26:54,iot/mq/sensor/gas_sensor/state,4,0.56
2026-04-22T16:26:55,shellyazplug-node/rpc,86,"{""id"": 1, ""src"": ""attacker"", ""method"": ""Switch.Set"", ""params"": {""id"": 0, ""on"": false}}"
2026-04-22T16:26:55,attacker/rpc,84,"{""id"":1,""src"":""shellyazplug-e4b323337220"",""dst"":""attacker"",""result"":{""was_on"":true}}"
2026-04-22T16:26:55,shellyazplug-node/debug/log,88,"shellyazplug-e4b323337220 4397 33748.115 1|shos_rpc_inst.c:230     Switch.Set via MQTT 
"
2026-04-22T16:26:55,shellyazplug-node/status/switch:0,200,"{""id"":0, ""source"":""MQTT"", ""output"":false, ""apower"":0.0, ""voltage"":229.8, ""freq"":50.0, ""current"":0.000, ""aenergy"":{""total"
2026-04-22T16:26:55,shellyazplug-node/events/rpc,191,"{""src"":""shellyazplug-e4b323337220"",""dst"":""shellyazplug-node/events"",""method"":""NotifyStatus"",""params"":{""ts"":33748.11,""swi"
2026-04-22T16:26:55,shellyazplug-node/debug/log,157,"shellyazplug-e4b323337220 4398 33748.133 1|shelly_notification:163 Status change of switch:0: {""id"":0,""apower"":0,""curren"
2026-04-22T16:26:55,shellyazplug-node/rpc,85,"{""id"": 1, ""src"": ""attacker"", ""method"": ""Switch.Set"", ""params"": {""id"": 0, ""on"": true}}"
2026-04-22T16:26:55,attacker/rpc,85,"{""id"":1,""src"":""shellyazplug-e4b323337220"",""dst"":""attacker"",""result"":{""was_on"":false}}"
2026-04-22T16:26:55,shellyazplug-node/debug/log,88,"shellyazplug-e4b323337220 4399 33748.615 1|shos_rpc_inst.c:230     Switch.Set via MQTT 
"
2026-04-22T16:26:55,shellyazplug-node/status/switch:0,199,"{""id"":0, ""source"":""MQTT"", ""output"":true, ""apower"":0.0, ""voltage"":229.9, ""freq"":50.0, ""current"":0.000, ""aenergy"":{""total"""
2026-04-22T16:26:55,shellyazplug-node/events/rpc,167,"{""src"":""shellyazplug-e4b323337220"",""dst"":""shellyazplug-node/events"",""method"":""NotifyStatus"",""params"":{""ts"":33748.61,""swi"
2026-04-22T16:26:55,shellyazplug-node/debug/log,133,"shellyazplug-e4b323337220 4400 33748.632 1|shelly_notification:163 Status change of switch:0: {""id"":0,""output"":true,""sou"
2026-04-22T16:26:56,shellyazplug-node/rpc,86,"{""id"": 1, ""src"": ""attacker"", ""method"": ""Switch.Set"", ""params"": {""id"": 0, ""on"": false}}"
2026-04-22T16:26:56,attacker/rpc,84,"{""id"":1,""src"":""shellyazplug-e4b323337220"",""dst"":""attacker"",""result"":{""was_on"":true}}"
2026-04-22T16:26:56,shellyazplug-node/debug/log,88,"shellyazplug-e4b323337220 4401 33749.115 1|shos_rpc_inst.c:230     Switch.Set via MQTT 
"
2026-04-22T16:26:56,shellyazplug-node/status/switch:0,200,"{""id"":0, ""source"":""MQTT"", ""output"":false, ""apower"":0.0, ""voltage"":229.9, ""freq"":50.0, ""current"":0.000, ""aenergy"":{""total"
2026-04-22T16:26:56,shellyazplug-node/events/rpc,191,"{""src"":""shellyazplug-e4b323337220"",""dst"":""shellyazplug-node/events"",""method"":""NotifyStatus"",""params"":{""ts"":33749.11,""swi"
2026-04-22T16:26:56,shellyazplug-node/debug/log,157,"shellyazplug-e4b323337220 4402 33749.134 1|shelly_notification:163 Status change of switch:0: {""id"":0,""apower"":0,""curren"
2026-04-22T16:26:56,iot/dht11/debug,59,[0;36m[D][dht:048]: Temperature 24.8°C Humidity 39.0%[0m
2026-04-22T16:26:56,iot/dht11/debug,53,[0;36m[D][sensor:124]: 'Temperature' >> 24.8 °C[0m
2026-04-22T16:26:56,iot/dht11/sensor/temperature/state,4,24.8
2026-04-22T16:26:56,iot/dht11/debug,46,[0;36m[D][sensor:124]: 'Humidity' >> 39 %[0m
2026-04-22T16:26:56,iot/dht11/sensor/humidity/state,2,39
2026-04-22T16:26:56,shellyazplug-node/rpc,85,"{""id"": 1, ""src"": ""attacker"", ""method"": ""Switch.Set"", ""params"": {""id"": 0, ""on"": true}}"
2026-04-22T16:26:56,attacker/rpc,85,"{""id"":1,""src"":""shellyazplug-e4b323337220"",""dst"":""attacker"",""result"":{""was_on"":false}}"
2026-04-22T16:26:56,shellyazplug-node/debug/log,88,"shellyazplug-e4b323337220 4403 33749.621 1|shos_rpc_inst.c:230     Switch.Set via MQTT 
"
2026-04-22T16:26:56,shellyazplug-node/status/switch:0,199,"{""id"":0, ""source"":""MQTT"", ""output"":true, ""apower"":0.0, ""voltage"":229.8, ""freq"":50.0, ""current"":0.000, ""aenergy"":{""total"""
2026-04-22T16:26:56,shellyazplug-node/events/rpc,167,"{""src"":""shellyazplug-e4b323337220"",""dst"":""shellyazplug-node/events"",""method"":""NotifyStatus"",""params"":{""ts"":33749.62,""swi"
2026-04-22T16:26:56,shellyazplug-node/debug/log,133,"shellyazplug-e4b323337220 4404 33749.638 1|shelly_notification:163 Status change of switch:0: {""id"":0,""output"":true,""sou"
2026-04-22T16:26:57,shellyazplug-node/rpc,86,"{""id"": 1, ""src"": ""attacker"", ""method"": ""Switch.Set"", ""params"": {""id"": 0, ""on"": false}}"
2026-04-22T16:26:57,attacker/rpc,84,"{""id"":1,""src"":""shellyazplug-e4b323337220"",""dst"":""attacker"",""result"":{""was_on"":true}}"
2026-04-22T16:26:57,shellyazplug-node/debug/log,88,"shellyazplug-e4b323337220 4405 33750.117 1|shos_rpc_inst.c:230     Switch.Set via MQTT 
"
2026-04-22T16:26:57,shellyazplug-node/status/switch:0,200,"{""id"":0, ""source"":""MQTT"", ""output"":false, ""apower"":0.0, ""voltage"":229.8, ""freq"":50.0, ""current"":0.000, ""aenergy"":{""total"
2026-04-22T16:26:57,shellyazplug-node/events/rpc,191,"{""src"":""shellyazplug-e4b323337220"",""dst"":""shellyazplug-node/events"",""method"":""NotifyStatus"",""params"":{""ts"":33750.11,""swi"
2026-04-22T16:26:57,shellyazplug-node/debug/log,157,"shellyazplug-e4b323337220 4406 33750.135 1|shelly_notification:163 Status change of switch:0: {""id"":0,""apower"":0,""curren"
2026-04-22T16:26:57,shellyazplug-node/rpc,85,"{""id"": 1, ""src"": ""attacker"", ""method"": ""Switch.Set"", ""params"": {""id"": 0, ""on"": true}}"
2026-04-22T16:26:57,attacker/rpc,85,"{""id"":1,""src"":""shellyazplug-e4b323337220"",""dst"":""attacker"",""result"":{""was_on"":false}}"
2026-04-22T16:26:57,shellyazplug-node/debug/log,88,"shellyazplug-e4b323337220 4407 33750.619 1|shos_rpc_inst.c:230     Switch.Set via MQTT 
"
2026-04-22T16:26:57,shellyazplug-node/status/switch:0,199,"{""id"":0, ""source"":""MQTT"", ""output"":true, ""apower"":0.0, ""voltage"":229.8, ""freq"":50.0, ""current"":0.000, ""aenergy"":{""total"""
2026-04-22T16:26:57,shellyazplug-node/events/rpc,167,"{""src"":""shellyazplug-e4b323337220"",""dst"":""shellyazplug-node/events"",""method"":""NotifyStatus"",""params"":{""ts"":33750.62,""swi"
2026-04-22T16:26:57,shellyazplug-node/debug/log,133,"shellyazplug-e4b323337220 4408 33750.637 1|shelly_notification:163 Status change of switch:0: {""id"":0,""output"":true,""sou"
2026-04-22T16:26:58,shellyazplug-node/rpc,86,"{""id"": 1, ""src"": ""attacker"", ""method"": ""Switch.Set"", ""params"": {""id"": 0, ""on"": false}}"
2026-04-22T16:26:58,attacker/rpc,84,"{""id"":1,""src"":""shellyazplug-e4b323337220"",""dst"":""attacker"",""result"":{""was_on"":true}}"
2026-04-22T16:26:58,shellyazplug-node/debug/log,88,"shellyazplug-e4b323337220 4409 33751.117 1|shos_rpc_inst.c:230     Switch.Set via MQTT 
"
2026-04-22T16:26:58,shellyazplug-node/status/switch:0,200,"{""id"":0, ""source"":""MQTT"", ""output"":false, ""apower"":0.0, ""voltage"":229.8, ""freq"":50.0, ""current"":0.000, ""aenergy"":{""total"
2026-04-22T16:26:58,shellyazplug-node/events/rpc,191,"{""src"":""shellyazplug-e4b323337220"",""dst"":""shellyazplug-node/events"",""method"":""NotifyStatus"",""params"":{""ts"":33751.11,""swi"
2026-04-22T16:26:58,shellyazplug-node/debug/log,157,"shellyazplug-e4b323337220 4410 33751.136 1|shelly_notification:163 Status change of switch:0: {""id"":0,""apower"":0,""curren"
2026-04-22T16:26:58,shellyazplug-node/rpc,85,"{""id"": 1, ""src"": ""attacker"", ""method"": ""Switch.Set"", ""params"": {""id"": 0, ""on"": true}}"
2026-04-22T16:26:58,attacker/rpc,85,"{""id"":1,""src"":""shellyazplug-e4b323337220"",""dst"":""attacker"",""result"":{""was_on"":false}}"
2026-04-22T16:26:58,shellyazplug-node/debug/log,88,"shellyazplug-e4b323337220 4411 33751.618 1|shos_rpc_inst.c:230     Switch.Set via MQTT 
"
2026-04-22T16:26:58,shellyazplug-node/status/switch:0,199,"{""id"":0, ""source"":""MQTT"", ""output"":true, ""apower"":0.0, ""voltage"":229.8, ""freq"":50.0, ""current"":0.000, ""aenergy"":{""total"""
2026-04-22T16:26:58,shellyazplug-node/events/rpc,167,"{""src"":""shellyazplug-e4b323337220"",""dst"":""shellyazplug-node/events"",""method"":""NotifyStatus"",""params"":{""ts"":33751.61,""swi"
2026-04-22T16:26:58,shellyazplug-node/debug/log,133,"shellyazplug-e4b323337220 4412 33751.634 1|shelly_notification:163 Status change of switch:0: {""id"":0,""output"":true,""sou"
2026-04-22T16:26:59,shellyazplug-node/rpc,86,"{""id"": 1, ""src"": ""attacker"", ""method"": ""Switch.Set"", ""params"": {""id"": 0, ""on"": false}}"
2026-04-22T16:26:59,attacker/rpc,84,"{""id"":1,""src"":""shellyazplug-e4b323337220"",""dst"":""attacker"",""result"":{""was_on"":true}}"
2026-04-22T16:26:59,shellyazplug-node/debug/log,88,"shellyazplug-e4b323337220 4413 33752.118 1|shos_rpc_inst.c:230     Switch.Set via MQTT 
"
2026-04-22T16:26:59,shellyazplug-node/status/switch:0,200,"{""id"":0, ""source"":""MQTT"", ""output"":false, ""apower"":0.0, ""voltage"":229.8, ""freq"":50.0, ""current"":0.000, ""aenergy"":{""total"
2026-04-22T16:26:59,shellyazplug-node/events/rpc,191,"{""src"":""shellyazplug-e4b323337220"",""dst"":""shellyazplug-node/events"",""method"":""NotifyStatus"",""params"":{""ts"":33752.11,""swi"
2026-04-22T16:26:59,shellyazplug-node/debug/log,157,"shellyazplug-e4b323337220 4414 33752.136 1|shelly_notification:163 Status change of switch:0: {""id"":0,""apower"":0,""curren"
2026-04-22T16:26:59,shellyazplug-node/rpc,85,"{""id"": 1, ""src"": ""attacker"", ""method"": ""Switch.Set"", ""params"": {""id"": 0, ""on"": true}}"
2026-04-22T16:26:59,attacker/rpc,85,"{""id"":1,""src"":""shellyazplug-e4b323337220"",""dst"":""attacker"",""result"":{""was_on"":false}}"
2026-04-22T16:26:59,shellyazplug-node/debug/log,88,"shellyazplug-e4b323337220 4415 33752.619 1|shos_rpc_inst.c:230     Switch.Set via MQTT 
"
2026-04-22T16:26:59,shellyazplug-node/status/switch:0,199,"{""id"":0, ""source"":""MQTT"", ""output"":true, ""apower"":0.0, ""voltage"":229.8, ""freq"":50.0, ""current"":0.000, ""aenergy"":{""total"""
2026-04-22T16:26:59,shellyazplug-node/events/rpc,167,"{""src"":""shellyazplug-e4b323337220"",""dst"":""shellyazplug-node/events"",""method"":""NotifyStatus"",""params"":{""ts"":33752.62,""swi"
2026-04-22T16:26:59,shellyazplug-node/debug/log,133,"shellyazplug-e4b323337220 4416 33752.635 1|shelly_notification:163 Status change of switch:0: {""id"":0,""output"":true,""sou"
2026-04-22T16:26:59,iot/mq/debug,50,[0;36m[D][sensor:124]: 'Gas Sensor' >> 0.56 V[0m
2026-04-22T16:26:59,iot/mq/sensor/gas_sensor/state,4,0.56
2026-04-22T16:27:00,shellyazplug-node/rpc,86,"{""id"": 1, ""src"": ""attacker"", ""method"": ""Switch.Set"", ""params"": {""id"": 0, ""on"": false}}"
2026-04-22T16:27:00,attacker/rpc,84,"{""id"":1,""src"":""shellyazplug-e4b323337220"",""dst"":""attacker"",""result"":{""was_on"":true}}"
2026-04-22T16:27:00,shellyazplug-node/debug/log,88,"shellyazplug-e4b323337220 4417 33753.119 1|shos_rpc_inst.c:230     Switch.Set via MQTT 
"
2026-04-22T16:27:00,shellyazplug-node/status/switch:0,200,"{""id"":0, ""source"":""MQTT"", ""output"":false, ""apower"":0.0, ""voltage"":229.8, ""freq"":50.0, ""current"":0.000, ""aenergy"":{""total"
2026-04-22T16:27:00,shellyazplug-node/events/rpc,191,"{""src"":""shellyazplug-e4b323337220"",""dst"":""shellyazplug-node/events"",""method"":""NotifyStatus"",""params"":{""ts"":33753.12,""swi"
2026-04-22T16:27:00,shellyazplug-node/debug/log,157,"shellyazplug-e4b323337220 4418 33753.138 1|shelly_notification:163 Status change of switch:0: {""id"":0,""apower"":0,""curren"
2026-04-22T16:27:00,shellyazplug-node/rpc,85,"{""id"": 1, ""src"": ""attacker"", ""method"": ""Switch.Set"", ""params"": {""id"": 0, ""on"": true}}"
2026-04-22T16:27:00,attacker/rpc,85,"{""id"":1,""src"":""shellyazplug-e4b323337220"",""dst"":""attacker"",""result"":{""was_on"":false}}"
2026-04-22T16:27:00,shellyazplug-node/debug/log,88,"shellyazplug-e4b323337220 4419 33753.620 1|shos_rpc_inst.c:230     Switch.Set via MQTT 
"
2026-04-22T16:27:00,shellyazplug-node/status/switch:0,199,"{""id"":0, ""source"":""MQTT"", ""output"":true, ""apower"":0.0, ""voltage"":229.8, ""freq"":50.0, ""current"":0.000, ""aenergy"":{""total"""
2026-04-22T16:27:00,shellyazplug-node/events/rpc,167,"{""src"":""shellyazplug-e4b323337220"",""dst"":""shellyazplug-node/events"",""method"":""NotifyStatus"",""params"":{""ts"":33753.62,""swi"
2026-04-22T16:27:00,shellyazplug-node/debug/log,133,"shellyazplug-e4b323337220 4420 33753.636 1|shelly_notification:163 Status change of switch:0: {""id"":0,""output"":true,""sou"
2026-04-22T16:27:01,shellyazplug-node/rpc,86,"{""id"": 1, ""src"": ""attacker"", ""method"": ""Switch.Set"", ""params"": {""id"": 0, ""on"": false}}"
2026-04-22T16:27:01,attacker/rpc,84,"{""id"":1,""src"":""shellyazplug-e4b323337220"",""dst"":""attacker"",""result"":{""was_on"":true}}"
2026-04-22T16:27:01,shellyazplug-node/debug/log,88,"shellyazplug-e4b323337220 4421 33754.120 1|shos_rpc_inst.c:230     Switch.Set via MQTT 
"
2026-04-22T16:27:01,shellyazplug-node/status/switch:0,200,"{""id"":0, ""source"":""MQTT"", ""output"":false, ""apower"":0.0, ""voltage"":229.8, ""freq"":50.0, ""current"":0.000, ""aenergy"":{""total"
2026-04-22T16:27:01,shellyazplug-node/events/rpc,191,"{""src"":""shellyazplug-e4b323337220"",""dst"":""shellyazplug-node/events"",""method"":""NotifyStatus"",""params"":{""ts"":33754.12,""swi"
2026-04-22T16:27:01,shellyazplug-node/debug/log,157,"shellyazplug-e4b323337220 4422 33754.138 1|shelly_notification:163 Status change of switch:0: {""id"":0,""apower"":0,""curren"
2026-04-22T16:27:01,shellyazplug-node/rpc,85,"{""id"": 1, ""src"": ""attacker"", ""method"": ""Switch.Set"", ""params"": {""id"": 0, ""on"": true}}"
2026-04-22T16:27:01,attacker/rpc,85,"{""id"":1,""src"":""shellyazplug-e4b323337220"",""dst"":""attacker"",""result"":{""was_on"":false}}"
2026-04-22T16:27:01,shellyazplug-node/debug/log,88,"shellyazplug-e4b323337220 4423 33754.620 1|shos_rpc_inst.c:230     Switch.Set via MQTT 
"
2026-04-22T16:27:01,shellyazplug-node/status/switch:0,199,"{""id"":0, ""source"":""MQTT"", ""output"":true, ""apower"":0.0, ""voltage"":229.7, ""freq"":50.0, ""current"":0.000, ""aenergy"":{""total"""
2026-04-22T16:27:01,shellyazplug-node/events/rpc,167,"{""src"":""shellyazplug-e4b323337220"",""dst"":""shellyazplug-node/events"",""method"":""NotifyStatus"",""params"":{""ts"":33754.62,""swi"
2026-04-22T16:27:01,shellyazplug-node/debug/log,133,"shellyazplug-e4b323337220 4424 33754.637 1|shelly_notification:163 Status change of switch:0: {""id"":0,""output"":true,""sou"
2026-04-22T16:27:02,shellyazplug-node/rpc,86,"{""id"": 1, ""src"": ""attacker"", ""method"": ""Switch.Set"", ""params"": {""id"": 0, ""on"": false}}"
2026-04-22T16:27:02,attacker/rpc,84,"{""id"":1,""src"":""shellyazplug-e4b323337220"",""dst"":""attacker"",""result"":{""was_on"":true}}"
2026-04-22T16:27:02,shellyazplug-node/debug/log,88,"shellyazplug-e4b323337220 4425 33755.121 1|shos_rpc_inst.c:230     Switch.Set via MQTT 
"
2026-04-22T16:27:02,shellyazplug-node/status/switch:0,200,"{""id"":0, ""source"":""MQTT"", ""output"":false, ""apower"":0.0, ""voltage"":229.7, ""freq"":50.0, ""current"":0.000, ""aenergy"":{""total"
2026-04-22T16:27:02,shellyazplug-node/events/rpc,191,"{""src"":""shellyazplug-e4b323337220"",""dst"":""shellyazplug-node/events"",""method"":""NotifyStatus"",""params"":{""ts"":33755.12,""swi"
2026-04-22T16:27:02,shellyazplug-node/debug/log,157,"shellyazplug-e4b323337220 4426 33755.139 1|shelly_notification:163 Status change of switch:0: {""id"":0,""apower"":0,""curren"
2026-04-22T16:27:02,shellyazplug-node/rpc,85,"{""id"": 1, ""src"": ""attacker"", ""method"": ""Switch.Set"", ""params"": {""id"": 0, ""on"": true}}"
2026-04-22T16:27:02,attacker/rpc,85,"{""id"":1,""src"":""shellyazplug-e4b323337220"",""dst"":""attacker"",""result"":{""was_on"":false}}"
2026-04-22T16:27:02,shellyazplug-node/debug/log,88,"shellyazplug-e4b323337220 4427 33755.623 1|shos_rpc_inst.c:230     Switch.Set via MQTT 
"
2026-04-22T16:27:02,shellyazplug-node/status/switch:0,199,"{""id"":0, ""source"":""MQTT"", ""output"":true, ""apower"":0.0, ""voltage"":230.1, ""freq"":50.0, ""current"":0.000, ""aenergy"":{""total"""
2026-04-22T16:27:02,shellyazplug-node/events/rpc,167,"{""src"":""shellyazplug-e4b323337220"",""dst"":""shellyazplug-node/events"",""method"":""NotifyStatus"",""params"":{""ts"":33755.62,""swi"
2026-04-22T16:27:02,shellyazplug-node/debug/log,133,"shellyazplug-e4b323337220 4428 33755.640 1|shelly_notification:163 Status change of switch:0: {""id"":0,""output"":true,""sou"
2026-04-22T16:27:03,shellyazplug-node/rpc,86,"{""id"": 1, ""src"": ""attacker"", ""method"": ""Switch.Set"", ""params"": {""id"": 0, ""on"": false}}"
2026-04-22T16:27:03,attacker/rpc,84,"{""id"":1,""src"":""shellyazplug-e4b323337220"",""dst"":""attacker"",""result"":{""was_on"":true}}"
2026-04-22T16:27:03,shellyazplug-node/debug/log,88,"shellyazplug-e4b323337220 4429 33756.122 1|shos_rpc_inst.c:230     Switch.Set via MQTT 
"
2026-04-22T16:27:03,shellyazplug-node/status/switch:0,200,"{""id"":0, ""source"":""MQTT"", ""output"":false, ""apower"":0.0, ""voltage"":230.1, ""freq"":50.0, ""current"":0.000, ""aenergy"":{""total"
2026-04-22T16:27:03,shellyazplug-node/events/rpc,191,"{""src"":""shellyazplug-e4b323337220"",""dst"":""shellyazplug-node/events"",""method"":""NotifyStatus"",""params"":{""ts"":33756.12,""swi"
2026-04-22T16:27:03,shellyazplug-node/debug/log,157,"shellyazplug-e4b323337220 4430 33756.140 1|shelly_notification:163 Status change of switch:0: {""id"":0,""apower"":0,""curren"
2026-04-22T16:27:03,shellyazplug-node/rpc,85,"{""id"": 1, ""src"": ""attacker"", ""method"": ""Switch.Set"", ""params"": {""id"": 0, ""on"": true}}"
2026-04-22T16:27:03,attacker/rpc,85,"{""id"":1,""src"":""shellyazplug-e4b323337220"",""dst"":""attacker"",""result"":{""was_on"":false}}"
2026-04-22T16:27:03,shellyazplug-node/debug/log,88,"shellyazplug-e4b323337220 4431 33756.623 1|shos_rpc_inst.c:230     Switch.Set via MQTT 
"
2026-04-22T16:27:03,shellyazplug-node/status/switch:0,199,"{""id"":0, ""source"":""MQTT"", ""output"":true, ""apower"":0.0, ""voltage"":230.2, ""freq"":50.0, ""current"":0.000, ""aenergy"":{""total"""
2026-04-22T16:27:03,shellyazplug-node/events/rpc,167,"{""src"":""shellyazplug-e4b323337220"",""dst"":""shellyazplug-node/events"",""method"":""NotifyStatus"",""params"":{""ts"":33756.62,""swi"
2026-04-22T16:27:03,shellyazplug-node/debug/log,133,"shellyazplug-e4b323337220 4432 33756.639 1|shelly_notification:163 Status change of switch:0: {""id"":0,""output"":true,""sou"
2026-04-22T16:27:04,shellyazplug-node/rpc,86,"{""id"": 1, ""src"": ""attacker"", ""method"": ""Switch.Set"", ""params"": {""id"": 0, ""on"": false}}"
2026-04-22T16:27:04,attacker/rpc,84,"{""id"":1,""src"":""shellyazplug-e4b323337220"",""dst"":""attacker"",""result"":{""was_on"":true}}"
2026-04-22T16:27:04,shellyazplug-node/debug/log,88,"shellyazplug-e4b323337220 4433 33757.124 1|shos_rpc_inst.c:230     Switch.Set via MQTT 
"
2026-04-22T16:27:04,shellyazplug-node/status/switch:0,200,"{""id"":0, ""source"":""MQTT"", ""output"":false, ""apower"":0.0, ""voltage"":230.2, ""freq"":50.0, ""current"":0.000, ""aenergy"":{""total"
2026-04-22T16:27:04,shellyazplug-node/events/rpc,191,"{""src"":""shellyazplug-e4b323337220"",""dst"":""shellyazplug-node/events"",""method"":""NotifyStatus"",""params"":{""ts"":33757.12,""swi"
2026-04-22T16:27:04,shellyazplug-node/debug/log,157,"shellyazplug-e4b323337220 4434 33757.142 1|shelly_notification:163 Status change of switch:0: {""id"":0,""apower"":0,""curren"
2026-04-22T16:27:04,shellyazplug-node/rpc,85,"{""id"": 1, ""src"": ""attacker"", ""method"": ""Switch.Set"", ""params"": {""id"": 0, ""on"": true}}"
2026-04-22T16:27:04,attacker/rpc,85,"{""id"":1,""src"":""shellyazplug-e4b323337220"",""dst"":""attacker"",""result"":{""was_on"":false}}"
2026-04-22T16:27:04,shellyazplug-node/debug/log,88,"shellyazplug-e4b323337220 4435 33757.624 1|shos_rpc_inst.c:230     Switch.Set via MQTT 
"
2026-04-22T16:27:04,shellyazplug-node/status/switch:0,199,"{""id"":0, ""source"":""MQTT"", ""output"":true, ""apower"":0.0, ""voltage"":230.1, ""freq"":50.0, ""current"":0.000, ""aenergy"":{""total"""
2026-04-22T16:27:04,shellyazplug-node/events/rpc,167,"{""src"":""shellyazplug-e4b323337220"",""dst"":""shellyazplug-node/events"",""method"":""NotifyStatus"",""params"":{""ts"":33757.62,""swi"
2026-04-22T16:27:04,shellyazplug-node/debug/log,133,"shellyazplug-e4b323337220 4436 33757.641 1|shelly_notification:163 Status change of switch:0: {""id"":0,""output"":true,""sou"
2026-04-22T16:27:04,iot/mq/debug,50,[0;36m[D][sensor:124]: 'Gas Sensor' >> 0.56 V[0m
2026-04-22T16:27:04,iot/mq/sensor/gas_sensor/state,4,0.56
2026-04-22T16:27:05,shellyazplug-node/rpc,86,"{""id"": 1, ""src"": ""attacker"", ""method"": ""Switch.Set"", ""params"": {""id"": 0, ""on"": false}}"
2026-04-22T16:27:05,attacker/rpc,84,"{""id"":1,""src"":""shellyazplug-e4b323337220"",""dst"":""attacker"",""result"":{""was_on"":true}}"
2026-04-22T16:27:05,shellyazplug-node/debug/log,88,"shellyazplug-e4b323337220 4437 33758.124 1|shos_rpc_inst.c:230     Switch.Set via MQTT 
"
2026-04-22T16:27:05,shellyazplug-node/status/switch:0,200,"{""id"":0, ""source"":""MQTT"", ""output"":false, ""apower"":0.0, ""voltage"":230.1, ""freq"":50.0, ""current"":0.000, ""aenergy"":{""total"
2026-04-22T16:27:05,shellyazplug-node/events/rpc,191,"{""src"":""shellyazplug-e4b323337220"",""dst"":""shellyazplug-node/events"",""method"":""NotifyStatus"",""params"":{""ts"":33758.12,""swi"
2026-04-22T16:27:05,shellyazplug-node/debug/log,157,"shellyazplug-e4b323337220 4438 33758.142 1|shelly_notification:163 Status change of switch:0: {""id"":0,""apower"":0,""curren"
2026-04-22T16:27:05,shellyazplug-node/rpc,85,"{""id"": 1, ""src"": ""attacker"", ""method"": ""Switch.Set"", ""params"": {""id"": 0, ""on"": true}}"
2026-04-22T16:27:05,attacker/rpc,85,"{""id"":1,""src"":""shellyazplug-e4b323337220"",""dst"":""attacker"",""result"":{""was_on"":false}}"
2026-04-22T16:27:05,shellyazplug-node/debug/log,88,"shellyazplug-e4b323337220 4439 33758.624 1|shos_rpc_inst.c:230     Switch.Set via MQTT 
"
2026-04-22T16:27:05,shellyazplug-node/status/switch:0,199,"{""id"":0, ""source"":""MQTT"", ""output"":true, ""apower"":0.0, ""voltage"":230.0, ""freq"":50.0, ""current"":0.000, ""aenergy"":{""total"""
2026-04-22T16:27:05,shellyazplug-node/events/rpc,167,"{""src"":""shellyazplug-e4b323337220"",""dst"":""shellyazplug-node/events"",""method"":""NotifyStatus"",""params"":{""ts"":33758.62,""swi"
2026-04-22T16:27:05,shellyazplug-node/debug/log,133,"shellyazplug-e4b323337220 4440 33758.641 1|shelly_notification:163 Status change of switch:0: {""id"":0,""output"":true,""sou"
2026-04-22T16:27:06,shellyazplug-node/rpc,86,"{""id"": 1, ""src"": ""attacker"", ""method"": ""Switch.Set"", ""params"": {""id"": 0, ""on"": false}}"
2026-04-22T16:27:06,attacker/rpc,84,"{""id"":1,""src"":""shellyazplug-e4b323337220"",""dst"":""attacker"",""result"":{""was_on"":true}}"
2026-04-22T16:27:06,shellyazplug-node/debug/log,88,"shellyazplug-e4b323337220 4441 33759.124 1|shos_rpc_inst.c:230     Switch.Set via MQTT 
"
2026-04-22T16:27:06,shellyazplug-node/status/switch:0,200,"{""id"":0, ""source"":""MQTT"", ""output"":false, ""apower"":0.0, ""voltage"":230.0, ""freq"":50.0, ""current"":0.000, ""aenergy"":{""total"
2026-04-22T16:27:06,shellyazplug-node/events/rpc,191,"{""src"":""shellyazplug-e4b323337220"",""dst"":""shellyazplug-node/events"",""method"":""NotifyStatus"",""params"":{""ts"":33759.12,""swi"
2026-04-22T16:27:06,shellyazplug-node/debug/log,157,"shellyazplug-e4b323337220 4442 33759.143 1|shelly_notification:163 Status change of switch:0: {""id"":0,""apower"":0,""curren"
2026-04-22T16:27:06,iot/dht11/debug,59,[0;36m[D][dht:048]: Temperature 24.9°C Humidity 39.0%[0m
2026-04-22T16:27:06,iot/dht11/debug,53,[0;36m[D][sensor:124]: 'Temperature' >> 24.9 °C[0m
2026-04-22T16:27:06,iot/dht11/sensor/temperature/state,4,24.9
2026-04-22T16:27:06,iot/dht11/debug,46,[0;36m[D][sensor:124]: 'Humidity' >> 39 %[0m
2026-04-22T16:27:06,iot/dht11/sensor/humidity/state,2,39
2026-04-22T16:27:06,shellyazplug-node/rpc,85,"{""id"": 1, ""src"": ""attacker"", ""method"": ""Switch.Set"", ""params"": {""id"": 0, ""on"": true}}"
2026-04-22T16:27:06,attacker/rpc,85,"{""id"":1,""src"":""shellyazplug-e4b323337220"",""dst"":""attacker"",""result"":{""was_on"":false}}"
2026-04-22T16:27:06,shellyazplug-node/debug/log,88,"shellyazplug-e4b323337220 4443 33759.625 1|shos_rpc_inst.c:230     Switch.Set via MQTT 
"
2026-04-22T16:27:06,shellyazplug-node/status/switch:0,199,"{""id"":0, ""source"":""MQTT"", ""output"":true, ""apower"":0.0, ""voltage"":229.8, ""freq"":50.0, ""current"":0.000, ""aenergy"":{""total"""
2026-04-22T16:27:06,shellyazplug-node/events/rpc,167,"{""src"":""shellyazplug-e4b323337220"",""dst"":""shellyazplug-node/events"",""method"":""NotifyStatus"",""params"":{""ts"":33759.62,""swi"
2026-04-22T16:27:06,shellyazplug-node/debug/log,133,"shellyazplug-e4b323337220 4444 33759.641 1|shelly_notification:163 Status change of switch:0: {""id"":0,""output"":true,""sou"
2026-04-22T16:27:07,shellyazplug-node/rpc,86,"{""id"": 1, ""src"": ""attacker"", ""method"": ""Switch.Set"", ""params"": {""id"": 0, ""on"": false}}"
2026-04-22T16:27:07,attacker/rpc,84,"{""id"":1,""src"":""shellyazplug-e4b323337220"",""dst"":""attacker"",""result"":{""was_on"":true}}"
2026-04-22T16:27:07,shellyazplug-node/debug/log,88,"shellyazplug-e4b323337220 4445 33760.127 1|shos_rpc_inst.c:230     Switch.Set via MQTT 
"
2026-04-22T16:27:07,shellyazplug-node/status/switch:0,200,"{""id"":0, ""source"":""MQTT"", ""output"":false, ""apower"":0.0, ""voltage"":229.8, ""freq"":50.0, ""current"":0.000, ""aenergy"":{""total"
2026-04-22T16:27:07,shellyazplug-node/events/rpc,191,"{""src"":""shellyazplug-e4b323337220"",""dst"":""shellyazplug-node/events"",""method"":""NotifyStatus"",""params"":{""ts"":33760.12,""swi"
2026-04-22T16:27:07,shellyazplug-node/debug/log,157,"shellyazplug-e4b323337220 4446 33760.146 1|shelly_notification:163 Status change of switch:0: {""id"":0,""apower"":0,""curren"
2026-04-22T16:27:07,shellyazplug-node/rpc,85,"{""id"": 1, ""src"": ""attacker"", ""method"": ""Switch.Set"", ""params"": {""id"": 0, ""on"": true}}"
2026-04-22T16:27:07,attacker/rpc,85,"{""id"":1,""src"":""shellyazplug-e4b323337220"",""dst"":""attacker"",""result"":{""was_on"":false}}"
2026-04-22T16:27:07,shellyazplug-node/debug/log,88,"shellyazplug-e4b323337220 4447 33760.627 1|shos_rpc_inst.c:230     Switch.Set via MQTT 
"
2026-04-22T16:27:07,shellyazplug-node/status/switch:0,199,"{""id"":0, ""source"":""MQTT"", ""output"":true, ""apower"":0.0, ""voltage"":229.9, ""freq"":50.0, ""current"":0.000, ""aenergy"":{""total"""
2026-04-22T16:27:07,shellyazplug-node/events/rpc,167,"{""src"":""shellyazplug-e4b323337220"",""dst"":""shellyazplug-node/events"",""method"":""NotifyStatus"",""params"":{""ts"":33760.62,""swi"
2026-04-22T16:27:07,shellyazplug-node/debug/log,133,"shellyazplug-e4b323337220 4448 33760.644 1|shelly_notification:163 Status change of switch:0: {""id"":0,""output"":true,""sou"
2026-04-22T16:27:08,shellyazplug-node/rpc,86,"{""id"": 1, ""src"": ""attacker"", ""method"": ""Switch.Set"", ""params"": {""id"": 0, ""on"": false}}"
2026-04-22T16:27:08,attacker/rpc,84,"{""id"":1,""src"":""shellyazplug-e4b323337220"",""dst"":""attacker"",""result"":{""was_on"":true}}"
2026-04-22T16:27:08,shellyazplug-node/debug/log,88,"shellyazplug-e4b323337220 4449 33761.131 1|shos_rpc_inst.c:230     Switch.Set via MQTT 
"
2026-04-22T16:27:08,shellyazplug-node/status/switch:0,200,"{""id"":0, ""source"":""MQTT"", ""output"":false, ""apower"":0.0, ""voltage"":229.9, ""freq"":50.0, ""current"":0.000, ""aenergy"":{""total"
2026-04-22T16:27:08,shellyazplug-node/events/rpc,191,"{""src"":""shellyazplug-e4b323337220"",""dst"":""shellyazplug-node/events"",""method"":""NotifyStatus"",""params"":{""ts"":33761.13,""swi"
2026-04-22T16:27:08,shellyazplug-node/debug/log,157,"shellyazplug-e4b323337220 4450 33761.149 1|shelly_notification:163 Status change of switch:0: {""id"":0,""apower"":0,""curren"
2026-04-22T16:27:08,shellyazplug-node/rpc,85,"{""id"": 1, ""src"": ""attacker"", ""method"": ""Switch.Set"", ""params"": {""id"": 0, ""on"": true}}"
2026-04-22T16:27:08,attacker/rpc,85,"{""id"":1,""src"":""shellyazplug-e4b323337220"",""dst"":""attacker"",""result"":{""was_on"":false}}"
2026-04-22T16:27:08,shellyazplug-node/debug/log,88,"shellyazplug-e4b323337220 4451 33761.629 1|shos_rpc_inst.c:230     Switch.Set via MQTT 
"
2026-04-22T16:27:08,shellyazplug-node/status/switch:0,199,"{""id"":0, ""source"":""MQTT"", ""output"":true, ""apower"":0.0, ""voltage"":230.1, ""freq"":50.0, ""current"":0.000, ""aenergy"":{""total"""
2026-04-22T16:27:08,shellyazplug-node/events/rpc,167,"{""src"":""shellyazplug-e4b323337220"",""dst"":""shellyazplug-node/events"",""method"":""NotifyStatus"",""params"":{""ts"":33761.63,""swi"
2026-04-22T16:27:08,shellyazplug-node/debug/log,133,"shellyazplug-e4b323337220 4452 33761.646 1|shelly_notification:163 Status change of switch:0: {""id"":0,""output"":true,""sou"
2026-04-22T16:27:09,shellyazplug-node/rpc,86,"{""id"": 1, ""src"": ""attacker"", ""method"": ""Switch.Set"", ""params"": {""id"": 0, ""on"": false}}"
2026-04-22T16:27:09,attacker/rpc,84,"{""id"":1,""src"":""shellyazplug-e4b323337220"",""dst"":""attacker"",""result"":{""was_on"":true}}"
2026-04-22T16:27:09,shellyazplug-node/debug/log,88,"shellyazplug-e4b323337220 4453 33762.127 1|shos_rpc_inst.c:230     Switch.Set via MQTT 
"
2026-04-22T16:27:09,shellyazplug-node/status/switch:0,200,"{""id"":0, ""source"":""MQTT"", ""output"":false, ""apower"":0.0, ""voltage"":230.1, ""freq"":50.0, ""current"":0.000, ""aenergy"":{""total"
2026-04-22T16:27:09,shellyazplug-node/events/rpc,191,"{""src"":""shellyazplug-e4b323337220"",""dst"":""shellyazplug-node/events"",""method"":""NotifyStatus"",""params"":{""ts"":33762.12,""swi"
2026-04-22T16:27:09,shellyazplug-node/debug/log,157,"shellyazplug-e4b323337220 4454 33762.145 1|shelly_notification:163 Status change of switch:0: {""id"":0,""apower"":0,""curren"
2026-04-22T16:27:09,shellyazplug-node/rpc,85,"{""id"": 1, ""src"": ""attacker"", ""method"": ""Switch.Set"", ""params"": {""id"": 0, ""on"": true}}"
2026-04-22T16:27:09,attacker/rpc,85,"{""id"":1,""src"":""shellyazplug-e4b323337220"",""dst"":""attacker"",""result"":{""was_on"":false}}"
2026-04-22T16:27:09,shellyazplug-node/debug/log,88,"shellyazplug-e4b323337220 4455 33762.628 1|shos_rpc_inst.c:230     Switch.Set via MQTT 
"
2026-04-22T16:27:09,shellyazplug-node/status/switch:0,199,"{""id"":0, ""source"":""MQTT"", ""output"":true, ""apower"":0.0, ""voltage"":230.3, ""freq"":50.0, ""current"":0.000, ""aenergy"":{""total"""
2026-04-22T16:27:09,shellyazplug-node/events/rpc,167,"{""src"":""shellyazplug-e4b323337220"",""dst"":""shellyazplug-node/events"",""method"":""NotifyStatus"",""params"":{""ts"":33762.63,""swi"
2026-04-22T16:27:09,iot/mq/debug,50,[0;36m[D][sensor:124]: 'Gas Sensor' >> 0.56 V[0m
2026-04-22T16:27:09,shellyazplug-node/debug/log,133,"shellyazplug-e4b323337220 4456 33762.645 1|shelly_notification:163 Status change of switch:0: {""id"":0,""output"":true,""sou"
2026-04-22T16:27:09,iot/mq/sensor/gas_sensor/state,4,0.56
2026-04-22T16:27:10,shellyazplug-node/rpc,86,"{""id"": 1, ""src"": ""attacker"", ""method"": ""Switch.Set"", ""params"": {""id"": 0, ""on"": false}}"
2026-04-22T16:27:10,attacker/rpc,84,"{""id"":1,""src"":""shellyazplug-e4b323337220"",""dst"":""attacker"",""result"":{""was_on"":true}}"
2026-04-22T16:27:10,shellyazplug-node/debug/log,88,"shellyazplug-e4b323337220 4457 33763.128 1|shos_rpc_inst.c:230     Switch.Set via MQTT 
"
2026-04-22T16:27:10,shellyazplug-node/status/switch:0,200,"{""id"":0, ""source"":""MQTT"", ""output"":false, ""apower"":0.0, ""voltage"":230.3, ""freq"":50.0, ""current"":0.000, ""aenergy"":{""total"
2026-04-22T16:27:10,shellyazplug-node/events/rpc,191,"{""src"":""shellyazplug-e4b323337220"",""dst"":""shellyazplug-node/events"",""method"":""NotifyStatus"",""params"":{""ts"":33763.13,""swi"
2026-04-22T16:27:10,shellyazplug-node/debug/log,157,"shellyazplug-e4b323337220 4458 33763.147 1|shelly_notification:163 Status change of switch:0: {""id"":0,""apower"":0,""curren"
2026-04-22T16:27:10,shellyazplug-node/rpc,85,"{""id"": 1, ""src"": ""attacker"", ""method"": ""Switch.Set"", ""params"": {""id"": 0, ""on"": true}}"
2026-04-22T16:27:10,attacker/rpc,85,"{""id"":1,""src"":""shellyazplug-e4b323337220"",""dst"":""attacker"",""result"":{""was_on"":false}}"
2026-04-22T16:27:10,shellyazplug-node/debug/log,88,"shellyazplug-e4b323337220 4459 33763.629 1|shos_rpc_inst.c:230     Switch.Set via MQTT 
"
2026-04-22T16:27:10,shellyazplug-node/status/switch:0,199,"{""id"":0, ""source"":""MQTT"", ""output"":true, ""apower"":0.0, ""voltage"":230.1, ""freq"":50.0, ""current"":0.000, ""aenergy"":{""total"""
2026-04-22T16:27:10,shellyazplug-node/events/rpc,167,"{""src"":""shellyazplug-e4b323337220"",""dst"":""shellyazplug-node/events"",""method"":""NotifyStatus"",""params"":{""ts"":33763.63,""swi"
2026-04-22T16:27:10,shellyazplug-node/debug/log,133,"shellyazplug-e4b323337220 4460 33763.645 1|shelly_notification:163 Status change of switch:0: {""id"":0,""output"":true,""sou"
2026-04-22T16:27:11,shellyazplug-node/rpc,86,"{""id"": 1, ""src"": ""attacker"", ""method"": ""Switch.Set"", ""params"": {""id"": 0, ""on"": false}}"
2026-04-22T16:27:11,attacker/rpc,84,"{""id"":1,""src"":""shellyazplug-e4b323337220"",""dst"":""attacker"",""result"":{""was_on"":true}}"
2026-04-22T16:27:11,shellyazplug-node/debug/log,88,"shellyazplug-e4b323337220 4461 33764.130 1|shos_rpc_inst.c:230     Switch.Set via MQTT 
"
2026-04-22T16:27:11,shellyazplug-node/status/switch:0,200,"{""id"":0, ""source"":""MQTT"", ""output"":false, ""apower"":0.0, ""voltage"":230.1, ""freq"":50.0, ""current"":0.000, ""aenergy"":{""total"
2026-04-22T16:27:11,shellyazplug-node/events/rpc,191,"{""src"":""shellyazplug-e4b323337220"",""dst"":""shellyazplug-node/events"",""method"":""NotifyStatus"",""params"":{""ts"":33764.13,""swi"
2026-04-22T16:27:11,shellyazplug-node/debug/log,157,"shellyazplug-e4b323337220 4462 33764.148 1|shelly_notification:163 Status change of switch:0: {""id"":0,""apower"":0,""curren"
2026-04-22T16:27:11,shellyazplug-node/rpc,85,"{""id"": 1, ""src"": ""attacker"", ""method"": ""Switch.Set"", ""params"": {""id"": 0, ""on"": true}}"
2026-04-22T16:27:11,attacker/rpc,85,"{""id"":1,""src"":""shellyazplug-e4b323337220"",""dst"":""attacker"",""result"":{""was_on"":false}}"
2026-04-22T16:27:11,shellyazplug-node/debug/log,88,"shellyazplug-e4b323337220 4463 33764.632 1|shos_rpc_inst.c:230     Switch.Set via MQTT 
"
2026-04-22T16:27:11,shellyazplug-node/status/switch:0,199,"{""id"":0, ""source"":""MQTT"", ""output"":true, ""apower"":0.0, ""voltage"":230.1, ""freq"":50.0, ""current"":0.000, ""aenergy"":{""total"""
2026-04-22T16:27:11,shellyazplug-node/events/rpc,167,"{""src"":""shellyazplug-e4b323337220"",""dst"":""shellyazplug-node/events"",""method"":""NotifyStatus"",""params"":{""ts"":33764.63,""swi"
2026-04-22T16:27:11,shellyazplug-node/debug/log,133,"shellyazplug-e4b323337220 4464 33764.649 1|shelly_notification:163 Status change of switch:0: {""id"":0,""output"":true,""sou"
2026-04-22T16:27:12,shellyazplug-node/rpc,86,"{""id"": 1, ""src"": ""attacker"", ""method"": ""Switch.Set"", ""params"": {""id"": 0, ""on"": false}}"
2026-04-22T16:27:12,attacker/rpc,84,"{""id"":1,""src"":""shellyazplug-e4b323337220"",""dst"":""attacker"",""result"":{""was_on"":true}}"
2026-04-22T16:27:12,shellyazplug-node/debug/log,88,"shellyazplug-e4b323337220 4465 33765.130 1|shos_rpc_inst.c:230     Switch.Set via MQTT 
"
2026-04-22T16:27:12,shellyazplug-node/status/switch:0,200,"{""id"":0, ""source"":""MQTT"", ""output"":false, ""apower"":0.0, ""voltage"":230.1, ""freq"":50.0, ""current"":0.000, ""aenergy"":{""total"
2026-04-22T16:27:12,shellyazplug-node/events/rpc,191,"{""src"":""shellyazplug-e4b323337220"",""dst"":""shellyazplug-node/events"",""method"":""NotifyStatus"",""params"":{""ts"":33765.13,""swi"
2026-04-22T16:27:12,shellyazplug-node/debug/log,157,"shellyazplug-e4b323337220 4466 33765.148 1|shelly_notification:163 Status change of switch:0: {""id"":0,""apower"":0,""curren"
2026-04-22T16:27:12,shellyazplug-node/rpc,85,"{""id"": 1, ""src"": ""attacker"", ""method"": ""Switch.Set"", ""params"": {""id"": 0, ""on"": true}}"
2026-04-22T16:27:12,attacker/rpc,85,"{""id"":1,""src"":""shellyazplug-e4b323337220"",""dst"":""attacker"",""result"":{""was_on"":false}}"
2026-04-22T16:27:12,shellyazplug-node/debug/log,88,"shellyazplug-e4b323337220 4467 33765.635 1|shos_rpc_inst.c:230     Switch.Set via MQTT 
"
2026-04-22T16:27:12,shellyazplug-node/status/switch:0,199,"{""id"":0, ""source"":""MQTT"", ""output"":true, ""apower"":0.0, ""voltage"":230.1, ""freq"":50.0, ""current"":0.000, ""aenergy"":{""total"""
2026-04-22T16:27:12,shellyazplug-node/events/rpc,167,"{""src"":""shellyazplug-e4b323337220"",""dst"":""shellyazplug-node/events"",""method"":""NotifyStatus"",""params"":{""ts"":33765.63,""swi"
2026-04-22T16:27:12,shellyazplug-node/debug/log,133,"shellyazplug-e4b323337220 4468 33765.652 1|shelly_notification:163 Status change of switch:0: {""id"":0,""output"":true,""sou"
2026-04-22T16:27:13,shellyazplug-node/rpc,86,"{""id"": 1, ""src"": ""attacker"", ""method"": ""Switch.Set"", ""params"": {""id"": 0, ""on"": false}}"
2026-04-22T16:27:13,attacker/rpc,84,"{""id"":1,""src"":""shellyazplug-e4b323337220"",""dst"":""attacker"",""result"":{""was_on"":true}}"
2026-04-22T16:27:13,shellyazplug-node/debug/log,88,"shellyazplug-e4b323337220 4469 33766.131 1|shos_rpc_inst.c:230     Switch.Set via MQTT 
"
2026-04-22T16:27:13,shellyazplug-node/status/switch:0,200,"{""id"":0, ""source"":""MQTT"", ""output"":false, ""apower"":0.0, ""voltage"":230.1, ""freq"":50.0, ""current"":0.000, ""aenergy"":{""total"
2026-04-22T16:27:13,shellyazplug-node/events/rpc,191,"{""src"":""shellyazplug-e4b323337220"",""dst"":""shellyazplug-node/events"",""method"":""NotifyStatus"",""params"":{""ts"":33766.13,""swi"
2026-04-22T16:27:13,shellyazplug-node/debug/log,157,"shellyazplug-e4b323337220 4470 33766.150 1|shelly_notification:163 Status change of switch:0: {""id"":0,""apower"":0,""curren"
2026-04-22T16:27:13,shellyazplug-node/rpc,85,"{""id"": 1, ""src"": ""attacker"", ""method"": ""Switch.Set"", ""params"": {""id"": 0, ""on"": true}}"
2026-04-22T16:27:13,attacker/rpc,85,"{""id"":1,""src"":""shellyazplug-e4b323337220"",""dst"":""attacker"",""result"":{""was_on"":false}}"
2026-04-22T16:27:13,shellyazplug-node/debug/log,88,"shellyazplug-e4b323337220 4471 33766.632 1|shos_rpc_inst.c:230     Switch.Set via MQTT 
"
2026-04-22T16:27:13,shellyazplug-node/status/switch:0,199,"{""id"":0, ""source"":""MQTT"", ""output"":true, ""apower"":0.0, ""voltage"":230.2, ""freq"":50.0, ""current"":0.000, ""aenergy"":{""total"""
2026-04-22T16:27:13,shellyazplug-node/events/rpc,167,"{""src"":""shellyazplug-e4b323337220"",""dst"":""shellyazplug-node/events"",""method"":""NotifyStatus"",""params"":{""ts"":33766.63,""swi"
2026-04-22T16:27:13,shellyazplug-node/debug/log,133,"shellyazplug-e4b323337220 4472 33766.649 1|shelly_notification:163 Status change of switch:0: {""id"":0,""output"":true,""sou"
2026-04-22T16:27:14,shellyazplug-node/rpc,86,"{""id"": 1, ""src"": ""attacker"", ""method"": ""Switch.Set"", ""params"": {""id"": 0, ""on"": false}}"
2026-04-22T16:27:14,attacker/rpc,84,"{""id"":1,""src"":""shellyazplug-e4b323337220"",""dst"":""attacker"",""result"":{""was_on"":true}}"
2026-04-22T16:27:14,shellyazplug-node/debug/log,88,"shellyazplug-e4b323337220 4473 33767.132 1|shos_rpc_inst.c:230     Switch.Set via MQTT 
"
2026-04-22T16:27:14,shellyazplug-node/status/switch:0,200,"{""id"":0, ""source"":""MQTT"", ""output"":false, ""apower"":0.0, ""voltage"":230.2, ""freq"":50.0, ""current"":0.000, ""aenergy"":{""total"
2026-04-22T16:27:14,shellyazplug-node/events/rpc,191,"{""src"":""shellyazplug-e4b323337220"",""dst"":""shellyazplug-node/events"",""method"":""NotifyStatus"",""params"":{""ts"":33767.13,""swi"
2026-04-22T16:27:14,shellyazplug-node/debug/log,157,"shellyazplug-e4b323337220 4474 33767.151 1|shelly_notification:163 Status change of switch:0: {""id"":0,""apower"":0,""curren"
2026-04-22T16:27:14,shellyazplug-node/rpc,85,"{""id"": 1, ""src"": ""attacker"", ""method"": ""Switch.Set"", ""params"": {""id"": 0, ""on"": true}}"
2026-04-22T16:27:14,attacker/rpc,85,"{""id"":1,""src"":""shellyazplug-e4b323337220"",""dst"":""attacker"",""result"":{""was_on"":false}}"
2026-04-22T16:27:14,shellyazplug-node/debug/log,88,"shellyazplug-e4b323337220 4475 33767.633 1|shos_rpc_inst.c:230     Switch.Set via MQTT 
"
2026-04-22T16:27:14,shellyazplug-node/status/switch:0,199,"{""id"":0, ""source"":""MQTT"", ""output"":true, ""apower"":0.0, ""voltage"":230.4, ""freq"":50.0, ""current"":0.000, ""aenergy"":{""total"""
2026-04-22T16:27:14,iot/mq/debug,50,[0;36m[D][sensor:124]: 'Gas Sensor' >> 0.56 V[0m
2026-04-22T16:27:14,shellyazplug-node/events/rpc,167,"{""src"":""shellyazplug-e4b323337220"",""dst"":""shellyazplug-node/events"",""method"":""NotifyStatus"",""params"":{""ts"":33767.63,""swi"
2026-04-22T16:27:14,iot/mq/sensor/gas_sensor/state,4,0.56
2026-04-22T16:27:14,shellyazplug-node/debug/log,133,"shellyazplug-e4b323337220 4476 33767.649 1|shelly_notification:163 Status change of switch:0: {""id"":0,""output"":true,""sou"
2026-04-22T16:27:15,shellyazplug-node/rpc,86,"{""id"": 1, ""src"": ""attacker"", ""method"": ""Switch.Set"", ""params"": {""id"": 0, ""on"": false}}"
2026-04-22T16:27:15,attacker/rpc,84,"{""id"":1,""src"":""shellyazplug-e4b323337220"",""dst"":""attacker"",""result"":{""was_on"":true}}"
2026-04-22T16:27:15,shellyazplug-node/debug/log,88,"shellyazplug-e4b323337220 4477 33768.135 1|shos_rpc_inst.c:230     Switch.Set via MQTT 
"
2026-04-22T16:27:15,shellyazplug-node/status/switch:0,200,"{""id"":0, ""source"":""MQTT"", ""output"":false, ""apower"":0.0, ""voltage"":230.4, ""freq"":50.0, ""current"":0.000, ""aenergy"":{""total"
2026-04-22T16:27:15,shellyazplug-node/events/rpc,191,"{""src"":""shellyazplug-e4b323337220"",""dst"":""shellyazplug-node/events"",""method"":""NotifyStatus"",""params"":{""ts"":33768.13,""swi"
2026-04-22T16:27:15,shellyazplug-node/debug/log,157,"shellyazplug-e4b323337220 4478 33768.154 1|shelly_notification:163 Status change of switch:0: {""id"":0,""apower"":0,""curren"
2026-04-22T16:27:15,shellyazplug-node/rpc,85,"{""id"": 1, ""src"": ""attacker"", ""method"": ""Switch.Set"", ""params"": {""id"": 0, ""on"": true}}"
2026-04-22T16:27:15,attacker/rpc,85,"{""id"":1,""src"":""shellyazplug-e4b323337220"",""dst"":""attacker"",""result"":{""was_on"":false}}"
2026-04-22T16:27:15,shellyazplug-node/debug/log,88,"shellyazplug-e4b323337220 4479 33768.634 1|shos_rpc_inst.c:230     Switch.Set via MQTT 
"
2026-04-22T16:27:15,shellyazplug-node/status/switch:0,199,"{""id"":0, ""source"":""MQTT"", ""output"":true, ""apower"":0.0, ""voltage"":230.4, ""freq"":50.0, ""current"":0.000, ""aenergy"":{""total"""
2026-04-22T16:27:15,shellyazplug-node/events/rpc,167,"{""src"":""shellyazplug-e4b323337220"",""dst"":""shellyazplug-node/events"",""method"":""NotifyStatus"",""params"":{""ts"":33768.63,""swi"
2026-04-22T16:27:15,shellyazplug-node/debug/log,133,"shellyazplug-e4b323337220 4480 33768.650 1|shelly_notification:163 Status change of switch:0: {""id"":0,""output"":true,""sou"
2026-04-22T16:27:16,shellyazplug-node/rpc,86,"{""id"": 1, ""src"": ""attacker"", ""method"": ""Switch.Set"", ""params"": {""id"": 0, ""on"": false}}"
2026-04-22T16:27:16,attacker/rpc,84,"{""id"":1,""src"":""shellyazplug-e4b323337220"",""dst"":""attacker"",""result"":{""was_on"":true}}"
2026-04-22T16:27:16,shellyazplug-node/debug/log,88,"shellyazplug-e4b323337220 4481 33769.138 1|shos_rpc_inst.c:230     Switch.Set via MQTT 
"
2026-04-22T16:27:16,shellyazplug-node/status/switch:0,200,"{""id"":0, ""source"":""MQTT"", ""output"":false, ""apower"":0.0, ""voltage"":230.4, ""freq"":50.0, ""current"":0.000, ""aenergy"":{""total"
2026-04-22T16:27:16,shellyazplug-node/events/rpc,191,"{""src"":""shellyazplug-e4b323337220"",""dst"":""shellyazplug-node/events"",""method"":""NotifyStatus"",""params"":{""ts"":33769.14,""swi"
2026-04-22T16:27:16,shellyazplug-node/debug/log,157,"shellyazplug-e4b323337220 4482 33769.157 1|shelly_notification:163 Status change of switch:0: {""id"":0,""apower"":0,""curren"
2026-04-22T16:27:16,iot/dht11/debug,59,[0;36m[D][dht:048]: Temperature 24.9°C Humidity 39.0%[0m
2026-04-22T16:27:16,iot/dht11/debug,53,[0;36m[D][sensor:124]: 'Temperature' >> 24.9 °C[0m
2026-04-22T16:27:16,iot/dht11/sensor/temperature/state,4,24.9
2026-04-22T16:27:16,iot/dht11/debug,46,[0;36m[D][sensor:124]: 'Humidity' >> 39 %[0m
2026-04-22T16:27:16,iot/dht11/sensor/humidity/state,2,39
2026-04-22T16:27:16,shellyazplug-node/rpc,85,"{""id"": 1, ""src"": ""attacker"", ""method"": ""Switch.Set"", ""params"": {""id"": 0, ""on"": true}}"
2026-04-22T16:27:16,attacker/rpc,85,"{""id"":1,""src"":""shellyazplug-e4b323337220"",""dst"":""attacker"",""result"":{""was_on"":false}}"
2026-04-22T16:27:16,shellyazplug-node/debug/log,88,"shellyazplug-e4b323337220 4483 33769.640 1|shos_rpc_inst.c:230     Switch.Set via MQTT 
"
2026-04-22T16:27:16,shellyazplug-node/status/switch:0,199,"{""id"":0, ""source"":""MQTT"", ""output"":true, ""apower"":0.0, ""voltage"":230.2, ""freq"":50.0, ""current"":0.000, ""aenergy"":{""total"""
2026-04-22T16:27:16,shellyazplug-node/events/rpc,167,"{""src"":""shellyazplug-e4b323337220"",""dst"":""shellyazplug-node/events"",""method"":""NotifyStatus"",""params"":{""ts"":33769.64,""swi"
2026-04-22T16:27:16,shellyazplug-node/debug/log,133,"shellyazplug-e4b323337220 4484 33769.656 1|shelly_notification:163 Status change of switch:0: {""id"":0,""output"":true,""sou"
2026-04-22T16:27:17,shellyazplug-node/rpc,86,"{""id"": 1, ""src"": ""attacker"", ""method"": ""Switch.Set"", ""params"": {""id"": 0, ""on"": false}}"
2026-04-22T16:27:17,attacker/rpc,84,"{""id"":1,""src"":""shellyazplug-e4b323337220"",""dst"":""attacker"",""result"":{""was_on"":true}}"
2026-04-22T16:27:17,shellyazplug-node/debug/log,88,"shellyazplug-e4b323337220 4485 33770.143 1|shos_rpc_inst.c:230     Switch.Set via MQTT 
"
2026-04-22T16:27:17,shellyazplug-node/status/switch:0,200,"{""id"":0, ""source"":""MQTT"", ""output"":false, ""apower"":0.0, ""voltage"":230.2, ""freq"":50.0, ""current"":0.000, ""aenergy"":{""total"
2026-04-22T16:27:17,shellyazplug-node/events/rpc,191,"{""src"":""shellyazplug-e4b323337220"",""dst"":""shellyazplug-node/events"",""method"":""NotifyStatus"",""params"":{""ts"":33770.14,""swi"
2026-04-22T16:27:17,shellyazplug-node/debug/log,157,"shellyazplug-e4b323337220 4486 33770.162 1|shelly_notification:163 Status change of switch:0: {""id"":0,""apower"":0,""curren"
2026-04-22T16:27:17,shellyazplug-node/rpc,85,"{""id"": 1, ""src"": ""attacker"", ""method"": ""Switch.Set"", ""params"": {""id"": 0, ""on"": true}}"
2026-04-22T16:27:17,attacker/rpc,85,"{""id"":1,""src"":""shellyazplug-e4b323337220"",""dst"":""attacker"",""result"":{""was_on"":false}}"
2026-04-22T16:27:17,shellyazplug-node/debug/log,88,"shellyazplug-e4b323337220 4487 33770.643 1|shos_rpc_inst.c:230     Switch.Set via MQTT 
"
2026-04-22T16:27:17,shellyazplug-node/status/switch:0,199,"{""id"":0, ""source"":""MQTT"", ""output"":true, ""apower"":0.0, ""voltage"":230.1, ""freq"":50.0, ""current"":0.000, ""aenergy"":{""total"""
2026-04-22T16:27:17,shellyazplug-node/events/rpc,167,"{""src"":""shellyazplug-e4b323337220"",""dst"":""shellyazplug-node/events"",""method"":""NotifyStatus"",""params"":{""ts"":33770.64,""swi"
2026-04-22T16:27:17,shellyazplug-node/debug/log,133,"shellyazplug-e4b323337220 4488 33770.660 1|shelly_notification:163 Status change of switch:0: {""id"":0,""output"":true,""sou"
2026-04-22T16:27:18,shellyazplug-node/rpc,86,"{""id"": 1, ""src"": ""attacker"", ""method"": ""Switch.Set"", ""params"": {""id"": 0, ""on"": false}}"
2026-04-22T16:27:18,attacker/rpc,84,"{""id"":1,""src"":""shellyazplug-e4b323337220"",""dst"":""attacker"",""result"":{""was_on"":true}}"
2026-04-22T16:27:18,shellyazplug-node/debug/log,88,"shellyazplug-e4b323337220 4489 33771.147 1|shos_rpc_inst.c:230     Switch.Set via MQTT 
"
2026-04-22T16:27:18,shellyazplug-node/status/switch:0,200,"{""id"":0, ""source"":""MQTT"", ""output"":false, ""apower"":0.0, ""voltage"":230.1, ""freq"":50.0, ""current"":0.000, ""aenergy"":{""total"
2026-04-22T16:27:18,shellyazplug-node/events/rpc,191,"{""src"":""shellyazplug-e4b323337220"",""dst"":""shellyazplug-node/events"",""method"":""NotifyStatus"",""params"":{""ts"":33771.14,""swi"
2026-04-22T16:27:18,shellyazplug-node/debug/log,157,"shellyazplug-e4b323337220 4490 33771.166 1|shelly_notification:163 Status change of switch:0: {""id"":0,""apower"":0,""curren"
2026-04-22T16:27:18,shellyazplug-node/rpc,85,"{""id"": 1, ""src"": ""attacker"", ""method"": ""Switch.Set"", ""params"": {""id"": 0, ""on"": true}}"
2026-04-22T16:27:18,attacker/rpc,85,"{""id"":1,""src"":""shellyazplug-e4b323337220"",""dst"":""attacker"",""result"":{""was_on"":false}}"
2026-04-22T16:27:18,shellyazplug-node/debug/log,88,"shellyazplug-e4b323337220 4491 33771.644 1|shos_rpc_inst.c:230     Switch.Set via MQTT 
"
2026-04-22T16:27:18,shellyazplug-node/status/switch:0,199,"{""id"":0, ""source"":""MQTT"", ""output"":true, ""apower"":0.0, ""voltage"":229.9, ""freq"":50.0, ""current"":0.000, ""aenergy"":{""total"""
2026-04-22T16:27:18,shellyazplug-node/events/rpc,167,"{""src"":""shellyazplug-e4b323337220"",""dst"":""shellyazplug-node/events"",""method"":""NotifyStatus"",""params"":{""ts"":33771.64,""swi"
2026-04-22T16:27:18,shellyazplug-node/debug/log,133,"shellyazplug-e4b323337220 4492 33771.661 1|shelly_notification:163 Status change of switch:0: {""id"":0,""output"":true,""sou"
2026-04-22T16:27:19,shellyazplug-node/rpc,86,"{""id"": 1, ""src"": ""attacker"", ""method"": ""Switch.Set"", ""params"": {""id"": 0, ""on"": false}}"
2026-04-22T16:27:19,attacker/rpc,84,"{""id"":1,""src"":""shellyazplug-e4b323337220"",""dst"":""attacker"",""result"":{""was_on"":true}}"
2026-04-22T16:27:19,shellyazplug-node/debug/log,88,"shellyazplug-e4b323337220 4493 33772.145 1|shos_rpc_inst.c:230     Switch.Set via MQTT 
"
2026-04-22T16:27:19,shellyazplug-node/status/switch:0,200,"{""id"":0, ""source"":""MQTT"", ""output"":false, ""apower"":0.0, ""voltage"":229.9, ""freq"":50.0, ""current"":0.000, ""aenergy"":{""total"
2026-04-22T16:27:19,shellyazplug-node/events/rpc,191,"{""src"":""shellyazplug-e4b323337220"",""dst"":""shellyazplug-node/events"",""method"":""NotifyStatus"",""params"":{""ts"":33772.14,""swi"
2026-04-22T16:27:19,shellyazplug-node/debug/log,157,"shellyazplug-e4b323337220 4494 33772.164 1|shelly_notification:163 Status change of switch:0: {""id"":0,""apower"":0,""curren"
2026-04-22T16:27:19,shellyazplug-node/rpc,85,"{""id"": 1, ""src"": ""attacker"", ""method"": ""Switch.Set"", ""params"": {""id"": 0, ""on"": true}}"
2026-04-22T16:27:19,attacker/rpc,85,"{""id"":1,""src"":""shellyazplug-e4b323337220"",""dst"":""attacker"",""result"":{""was_on"":false}}"
2026-04-22T16:27:19,shellyazplug-node/debug/log,88,"shellyazplug-e4b323337220 4495 33772.647 1|shos_rpc_inst.c:230     Switch.Set via MQTT 
"
2026-04-22T16:27:19,iot/mq/debug,50,[0;36m[D][sensor:124]: 'Gas Sensor' >> 0.56 V[0m
2026-04-22T16:27:19,shellyazplug-node/status/switch:0,199,"{""id"":0, ""source"":""MQTT"", ""output"":true, ""apower"":0.0, ""voltage"":230.1, ""freq"":50.0, ""current"":0.000, ""aenergy"":{""total"""
2026-04-22T16:27:19,shellyazplug-node/events/rpc,167,"{""src"":""shellyazplug-e4b323337220"",""dst"":""shellyazplug-node/events"",""method"":""NotifyStatus"",""params"":{""ts"":33772.64,""swi"
2026-04-22T16:27:19,shellyazplug-node/debug/log,133,"shellyazplug-e4b323337220 4496 33772.663 1|shelly_notification:163 Status change of switch:0: {""id"":0,""output"":true,""sou"
2026-04-22T16:27:19,iot/mq/sensor/gas_sensor/state,4,0.56
2026-04-22T16:27:20,shellyazplug-node/rpc,86,"{""id"": 1, ""src"": ""attacker"", ""method"": ""Switch.Set"", ""params"": {""id"": 0, ""on"": false}}"
2026-04-22T16:27:20,attacker/rpc,84,"{""id"":1,""src"":""shellyazplug-e4b323337220"",""dst"":""attacker"",""result"":{""was_on"":true}}"
2026-04-22T16:27:20,shellyazplug-node/debug/log,88,"shellyazplug-e4b323337220 4497 33773.148 1|shos_rpc_inst.c:230     Switch.Set via MQTT 
"
2026-04-22T16:27:20,shellyazplug-node/status/switch:0,200,"{""id"":0, ""source"":""MQTT"", ""output"":false, ""apower"":0.0, ""voltage"":230.1, ""freq"":50.0, ""current"":0.000, ""aenergy"":{""total"
2026-04-22T16:27:20,shellyazplug-node/events/rpc,191,"{""src"":""shellyazplug-e4b323337220"",""dst"":""shellyazplug-node/events"",""method"":""NotifyStatus"",""params"":{""ts"":33773.14,""swi"
2026-04-22T16:27:20,shellyazplug-node/debug/log,157,"shellyazplug-e4b323337220 4498 33773.167 1|shelly_notification:163 Status change of switch:0: {""id"":0,""apower"":0,""curren"
2026-04-22T16:27:20,shellyazplug-node/rpc,85,"{""id"": 1, ""src"": ""attacker"", ""method"": ""Switch.Set"", ""params"": {""id"": 0, ""on"": true}}"
2026-04-22T16:27:20,attacker/rpc,85,"{""id"":1,""src"":""shellyazplug-e4b323337220"",""dst"":""attacker"",""result"":{""was_on"":false}}"
2026-04-22T16:27:20,shellyazplug-node/debug/log,88,"shellyazplug-e4b323337220 4499 33773.646 1|shos_rpc_inst.c:230     Switch.Set via MQTT 
"
2026-04-22T16:27:20,shellyazplug-node/status/switch:0,199,"{""id"":0, ""source"":""MQTT"", ""output"":true, ""apower"":0.0, ""voltage"":230.3, ""freq"":50.0, ""current"":0.000, ""aenergy"":{""total"""
2026-04-22T16:27:20,shellyazplug-node/events/rpc,167,"{""src"":""shellyazplug-e4b323337220"",""dst"":""shellyazplug-node/events"",""method"":""NotifyStatus"",""params"":{""ts"":33773.64,""swi"
2026-04-22T16:27:20,shellyazplug-node/debug/log,133,"shellyazplug-e4b323337220 4500 33773.663 1|shelly_notification:163 Status change of switch:0: {""id"":0,""output"":true,""sou"
2026-04-22T16:27:21,shellyazplug-node/rpc,86,"{""id"": 1, ""src"": ""attacker"", ""method"": ""Switch.Set"", ""params"": {""id"": 0, ""on"": false}}"
2026-04-22T16:27:21,attacker/rpc,84,"{""id"":1,""src"":""shellyazplug-e4b323337220"",""dst"":""attacker"",""result"":{""was_on"":true}}"
2026-04-22T16:27:21,shellyazplug-node/debug/log,88,"shellyazplug-e4b323337220 4501 33774.147 1|shos_rpc_inst.c:230     Switch.Set via MQTT 
"
2026-04-22T16:27:21,shellyazplug-node/status/switch:0,200,"{""id"":0, ""source"":""MQTT"", ""output"":false, ""apower"":0.0, ""voltage"":230.3, ""freq"":50.0, ""current"":0.000, ""aenergy"":{""total"
2026-04-22T16:27:21,shellyazplug-node/events/rpc,191,"{""src"":""shellyazplug-e4b323337220"",""dst"":""shellyazplug-node/events"",""method"":""NotifyStatus"",""params"":{""ts"":33774.14,""swi"
2026-04-22T16:27:21,shellyazplug-node/debug/log,157,"shellyazplug-e4b323337220 4502 33774.166 1|shelly_notification:163 Status change of switch:0: {""id"":0,""apower"":0,""curren"
2026-04-22T16:27:21,shellyazplug-node/rpc,85,"{""id"": 1, ""src"": ""attacker"", ""method"": ""Switch.Set"", ""params"": {""id"": 0, ""on"": true}}"
2026-04-22T16:27:21,attacker/rpc,85,"{""id"":1,""src"":""shellyazplug-e4b323337220"",""dst"":""attacker"",""result"":{""was_on"":false}}"
2026-04-22T16:27:21,shellyazplug-node/debug/log,88,"shellyazplug-e4b323337220 4503 33774.648 1|shos_rpc_inst.c:230     Switch.Set via MQTT 
"
2026-04-22T16:27:21,shellyazplug-node/status/switch:0,199,"{""id"":0, ""source"":""MQTT"", ""output"":true, ""apower"":0.0, ""voltage"":230.4, ""freq"":50.0, ""current"":0.000, ""aenergy"":{""total"""
2026-04-22T16:27:21,shellyazplug-node/events/rpc,167,"{""src"":""shellyazplug-e4b323337220"",""dst"":""shellyazplug-node/events"",""method"":""NotifyStatus"",""params"":{""ts"":33774.64,""swi"
2026-04-22T16:27:21,shellyazplug-node/debug/log,133,"shellyazplug-e4b323337220 4504 33774.665 1|shelly_notification:163 Status change of switch:0: {""id"":0,""output"":true,""sou"
2026-04-22T16:27:22,shellyazplug-node/rpc,86,"{""id"": 1, ""src"": ""attacker"", ""method"": ""Switch.Set"", ""params"": {""id"": 0, ""on"": false}}"
2026-04-22T16:27:22,attacker/rpc,84,"{""id"":1,""src"":""shellyazplug-e4b323337220"",""dst"":""attacker"",""result"":{""was_on"":true}}"
2026-04-22T16:27:22,shellyazplug-node/debug/log,88,"shellyazplug-e4b323337220 4505 33775.148 1|shos_rpc_inst.c:230     Switch.Set via MQTT 
"
2026-04-22T16:27:22,shellyazplug-node/status/switch:0,200,"{""id"":0, ""source"":""MQTT"", ""output"":false, ""apower"":0.0, ""voltage"":230.4, ""freq"":50.0, ""current"":0.000, ""aenergy"":{""total"
2026-04-22T16:27:22,shellyazplug-node/events/rpc,191,"{""src"":""shellyazplug-e4b323337220"",""dst"":""shellyazplug-node/events"",""method"":""NotifyStatus"",""params"":{""ts"":33775.15,""swi"
2026-04-22T16:27:22,shellyazplug-node/debug/log,157,"shellyazplug-e4b323337220 4506 33775.167 1|shelly_notification:163 Status change of switch:0: {""id"":0,""apower"":0,""curren"
2026-04-22T16:27:22,shellyazplug-node/rpc,85,"{""id"": 1, ""src"": ""attacker"", ""method"": ""Switch.Set"", ""params"": {""id"": 0, ""on"": true}}"
2026-04-22T16:27:22,attacker/rpc,85,"{""id"":1,""src"":""shellyazplug-e4b323337220"",""dst"":""attacker"",""result"":{""was_on"":false}}"
2026-04-22T16:27:22,shellyazplug-node/debug/log,88,"shellyazplug-e4b323337220 4507 33775.648 1|shos_rpc_inst.c:230     Switch.Set via MQTT 
"
2026-04-22T16:27:22,shellyazplug-node/status/switch:0,199,"{""id"":0, ""source"":""MQTT"", ""output"":true, ""apower"":0.0, ""voltage"":230.4, ""freq"":50.0, ""current"":0.000, ""aenergy"":{""total"""
2026-04-22T16:27:22,shellyazplug-node/events/rpc,167,"{""src"":""shellyazplug-e4b323337220"",""dst"":""shellyazplug-node/events"",""method"":""NotifyStatus"",""params"":{""ts"":33775.65,""swi"
2026-04-22T16:27:22,shellyazplug-node/debug/log,133,"shellyazplug-e4b323337220 4508 33775.665 1|shelly_notification:163 Status change of switch:0: {""id"":0,""output"":true,""sou"
2026-04-22T16:27:23,shellyazplug-node/rpc,86,"{""id"": 1, ""src"": ""attacker"", ""method"": ""Switch.Set"", ""params"": {""id"": 0, ""on"": false}}"
2026-04-22T16:27:23,attacker/rpc,84,"{""id"":1,""src"":""shellyazplug-e4b323337220"",""dst"":""attacker"",""result"":{""was_on"":true}}"
2026-04-22T16:27:23,shellyazplug-node/debug/log,88,"shellyazplug-e4b323337220 4509 33776.149 1|shos_rpc_inst.c:230     Switch.Set via MQTT 
"
2026-04-22T16:27:23,shellyazplug-node/status/switch:0,200,"{""id"":0, ""source"":""MQTT"", ""output"":false, ""apower"":0.0, ""voltage"":230.4, ""freq"":50.0, ""current"":0.000, ""aenergy"":{""total"
2026-04-22T16:27:23,shellyazplug-node/events/rpc,191,"{""src"":""shellyazplug-e4b323337220"",""dst"":""shellyazplug-node/events"",""method"":""NotifyStatus"",""params"":{""ts"":33776.15,""swi"
2026-04-22T16:27:23,shellyazplug-node/debug/log,157,"shellyazplug-e4b323337220 4510 33776.167 1|shelly_notification:163 Status change of switch:0: {""id"":0,""apower"":0,""curren"
2026-04-22T16:27:23,shellyazplug-node/rpc,85,"{""id"": 1, ""src"": ""attacker"", ""method"": ""Switch.Set"", ""params"": {""id"": 0, ""on"": true}}"
2026-04-22T16:27:23,attacker/rpc,85,"{""id"":1,""src"":""shellyazplug-e4b323337220"",""dst"":""attacker"",""result"":{""was_on"":false}}"
2026-04-22T16:27:23,shellyazplug-node/debug/log,88,"shellyazplug-e4b323337220 4511 33776.649 1|shos_rpc_inst.c:230     Switch.Set via MQTT 
"
2026-04-22T16:27:23,shellyazplug-node/status/switch:0,199,"{""id"":0, ""source"":""MQTT"", ""output"":true, ""apower"":0.0, ""voltage"":230.2, ""freq"":50.0, ""current"":0.000, ""aenergy"":{""total"""
2026-04-22T16:27:23,shellyazplug-node/events/rpc,167,"{""src"":""shellyazplug-e4b323337220"",""dst"":""shellyazplug-node/events"",""method"":""NotifyStatus"",""params"":{""ts"":33776.65,""swi"
2026-04-22T16:27:23,shellyazplug-node/debug/log,133,"shellyazplug-e4b323337220 4512 33776.666 1|shelly_notification:163 Status change of switch:0: {""id"":0,""output"":true,""sou"
2026-04-22T16:27:24,shellyazplug-node/rpc,86,"{""id"": 1, ""src"": ""attacker"", ""method"": ""Switch.Set"", ""params"": {""id"": 0, ""on"": false}}"
2026-04-22T16:27:24,attacker/rpc,84,"{""id"":1,""src"":""shellyazplug-e4b323337220"",""dst"":""attacker"",""result"":{""was_on"":true}}"
2026-04-22T16:27:24,shellyazplug-node/debug/log,88,"shellyazplug-e4b323337220 4513 33777.150 1|shos_rpc_inst.c:230     Switch.Set via MQTT 
"
2026-04-22T16:27:24,shellyazplug-node/status/switch:0,200,"{""id"":0, ""source"":""MQTT"", ""output"":false, ""apower"":0.0, ""voltage"":230.2, ""freq"":50.0, ""current"":0.000, ""aenergy"":{""total"
2026-04-22T16:27:24,shellyazplug-node/events/rpc,191,"{""src"":""shellyazplug-e4b323337220"",""dst"":""shellyazplug-node/events"",""method"":""NotifyStatus"",""params"":{""ts"":33777.15,""swi"
2026-04-22T16:27:24,shellyazplug-node/debug/log,157,"shellyazplug-e4b323337220 4514 33777.168 1|shelly_notification:163 Status change of switch:0: {""id"":0,""apower"":0,""curren"
2026-04-22T16:27:24,shellyazplug-node/rpc,85,"{""id"": 1, ""src"": ""attacker"", ""method"": ""Switch.Set"", ""params"": {""id"": 0, ""on"": true}}"
2026-04-22T16:27:24,attacker/rpc,85,"{""id"":1,""src"":""shellyazplug-e4b323337220"",""dst"":""attacker"",""result"":{""was_on"":false}}"
2026-04-22T16:27:24,shellyazplug-node/debug/log,88,"shellyazplug-e4b323337220 4515 33777.650 1|shos_rpc_inst.c:230     Switch.Set via MQTT 
"
2026-04-22T16:27:24,iot/mq/debug,50,[0;36m[D][sensor:124]: 'Gas Sensor' >> 0.56 V[0m
2026-04-22T16:27:24,shellyazplug-node/status/switch:0,199,"{""id"":0, ""source"":""MQTT"", ""output"":true, ""apower"":0.0, ""voltage"":230.5, ""freq"":50.0, ""current"":0.000, ""aenergy"":{""total"""
2026-04-22T16:27:24,shellyazplug-node/events/rpc,167,"{""src"":""shellyazplug-e4b323337220"",""dst"":""shellyazplug-node/events"",""method"":""NotifyStatus"",""params"":{""ts"":33777.65,""swi"
2026-04-22T16:27:24,shellyazplug-node/debug/log,133,"shellyazplug-e4b323337220 4516 33777.667 1|shelly_notification:163 Status change of switch:0: {""id"":0,""output"":true,""sou"
2026-04-22T16:27:24,iot/mq/sensor/gas_sensor/state,4,0.56
2026-04-22T16:27:25,shellyazplug-node/rpc,86,"{""id"": 1, ""src"": ""attacker"", ""method"": ""Switch.Set"", ""params"": {""id"": 0, ""on"": false}}"
2026-04-22T16:27:25,attacker/rpc,84,"{""id"":1,""src"":""shellyazplug-e4b323337220"",""dst"":""attacker"",""result"":{""was_on"":true}}"
2026-04-22T16:27:25,shellyazplug-node/debug/log,88,"shellyazplug-e4b323337220 4517 33778.154 1|shos_rpc_inst.c:230     Switch.Set via MQTT 
"
2026-04-22T16:27:25,shellyazplug-node/status/switch:0,200,"{""id"":0, ""source"":""MQTT"", ""output"":false, ""apower"":0.0, ""voltage"":230.5, ""freq"":50.0, ""current"":0.000, ""aenergy"":{""total"
2026-04-22T16:27:25,shellyazplug-node/events/rpc,191,"{""src"":""shellyazplug-e4b323337220"",""dst"":""shellyazplug-node/events"",""method"":""NotifyStatus"",""params"":{""ts"":33778.15,""swi"
2026-04-22T16:27:25,shellyazplug-node/debug/log,157,"shellyazplug-e4b323337220 4518 33778.173 1|shelly_notification:163 Status change of switch:0: {""id"":0,""apower"":0,""curren"
2026-04-22T16:27:25,shellyazplug-node/rpc,85,"{""id"": 1, ""src"": ""attacker"", ""method"": ""Switch.Set"", ""params"": {""id"": 0, ""on"": true}}"
2026-04-22T16:27:25,attacker/rpc,85,"{""id"":1,""src"":""shellyazplug-e4b323337220"",""dst"":""attacker"",""result"":{""was_on"":false}}"
2026-04-22T16:27:25,shellyazplug-node/debug/log,88,"shellyazplug-e4b323337220 4519 33778.651 1|shos_rpc_inst.c:230     Switch.Set via MQTT 
"
2026-04-22T16:27:25,shellyazplug-node/status/switch:0,199,"{""id"":0, ""source"":""MQTT"", ""output"":true, ""apower"":0.0, ""voltage"":230.7, ""freq"":50.0, ""current"":0.000, ""aenergy"":{""total"""
2026-04-22T16:27:25,shellyazplug-node/events/rpc,167,"{""src"":""shellyazplug-e4b323337220"",""dst"":""shellyazplug-node/events"",""method"":""NotifyStatus"",""params"":{""ts"":33778.65,""swi"
2026-04-22T16:27:25,shellyazplug-node/debug/log,133,"shellyazplug-e4b323337220 4520 33778.668 1|shelly_notification:163 Status change of switch:0: {""id"":0,""output"":true,""sou"
2026-04-22T16:27:26,shellyazplug-node/rpc,86,"{""id"": 1, ""src"": ""attacker"", ""method"": ""Switch.Set"", ""params"": {""id"": 0, ""on"": false}}"
2026-04-22T16:27:26,attacker/rpc,84,"{""id"":1,""src"":""shellyazplug-e4b323337220"",""dst"":""attacker"",""result"":{""was_on"":true}}"
2026-04-22T16:27:26,shellyazplug-node/debug/log,88,"shellyazplug-e4b323337220 4521 33779.152 1|shos_rpc_inst.c:230     Switch.Set via MQTT 
"
2026-04-22T16:27:26,shellyazplug-node/status/switch:0,200,"{""id"":0, ""source"":""MQTT"", ""output"":false, ""apower"":0.0, ""voltage"":230.7, ""freq"":50.0, ""current"":0.000, ""aenergy"":{""total"
2026-04-22T16:27:26,shellyazplug-node/events/rpc,191,"{""src"":""shellyazplug-e4b323337220"",""dst"":""shellyazplug-node/events"",""method"":""NotifyStatus"",""params"":{""ts"":33779.15,""swi"
2026-04-22T16:27:26,shellyazplug-node/debug/log,157,"shellyazplug-e4b323337220 4522 33779.171 1|shelly_notification:163 Status change of switch:0: {""id"":0,""apower"":0,""curren"
2026-04-22T16:27:26,iot/dht11/debug,59,[0;36m[D][dht:048]: Temperature 24.9°C Humidity 39.0%[0m
2026-04-22T16:27:26,iot/dht11/debug,53,[0;36m[D][sensor:124]: 'Temperature' >> 24.9 °C[0m
2026-04-22T16:27:26,iot/dht11/sensor/temperature/state,4,24.9
2026-04-22T16:27:26,iot/dht11/debug,46,[0;36m[D][sensor:124]: 'Humidity' >> 39 %[0m
2026-04-22T16:27:26,iot/dht11/sensor/humidity/state,2,39
2026-04-22T16:27:26,shellyazplug-node/rpc,85,"{""id"": 1, ""src"": ""attacker"", ""method"": ""Switch.Set"", ""params"": {""id"": 0, ""on"": true}}"
2026-04-22T16:27:26,attacker/rpc,85,"{""id"":1,""src"":""shellyazplug-e4b323337220"",""dst"":""attacker"",""result"":{""was_on"":false}}"
2026-04-22T16:27:26,shellyazplug-node/debug/log,88,"shellyazplug-e4b323337220 4523 33779.654 1|shos_rpc_inst.c:230     Switch.Set via MQTT 
"
2026-04-22T16:27:26,shellyazplug-node/status/switch:0,199,"{""id"":0, ""source"":""MQTT"", ""output"":true, ""apower"":0.0, ""voltage"":230.8, ""freq"":50.0, ""current"":0.000, ""aenergy"":{""total"""
2026-04-22T16:27:26,shellyazplug-node/events/rpc,167,"{""src"":""shellyazplug-e4b323337220"",""dst"":""shellyazplug-node/events"",""method"":""NotifyStatus"",""params"":{""ts"":33779.65,""swi"
2026-04-22T16:27:26,shellyazplug-node/debug/log,133,"shellyazplug-e4b323337220 4524 33779.670 1|shelly_notification:163 Status change of switch:0: {""id"":0,""output"":true,""sou"
2026-04-22T16:27:27,shellyazplug-node/rpc,86,"{""id"": 1, ""src"": ""attacker"", ""method"": ""Switch.Set"", ""params"": {""id"": 0, ""on"": false}}"
2026-04-22T16:27:27,attacker/rpc,84,"{""id"":1,""src"":""shellyazplug-e4b323337220"",""dst"":""attacker"",""result"":{""was_on"":true}}"
2026-04-22T16:27:27,shellyazplug-node/debug/log,88,"shellyazplug-e4b323337220 4525 33780.154 1|shos_rpc_inst.c:230     Switch.Set via MQTT 
"
2026-04-22T16:27:27,shellyazplug-node/status/switch:0,200,"{""id"":0, ""source"":""MQTT"", ""output"":false, ""apower"":0.0, ""voltage"":230.8, ""freq"":50.0, ""current"":0.000, ""aenergy"":{""total"
2026-04-22T16:27:27,shellyazplug-node/events/rpc,191,"{""src"":""shellyazplug-e4b323337220"",""dst"":""shellyazplug-node/events"",""method"":""NotifyStatus"",""params"":{""ts"":33780.15,""swi"
2026-04-22T16:27:27,shellyazplug-node/debug/log,157,"shellyazplug-e4b323337220 4526 33780.172 1|shelly_notification:163 Status change of switch:0: {""id"":0,""apower"":0,""curren"
2026-04-22T16:27:27,shellyazplug-node/rpc,85,"{""id"": 1, ""src"": ""attacker"", ""method"": ""Switch.Set"", ""params"": {""id"": 0, ""on"": true}}"
2026-04-22T16:27:27,attacker/rpc,85,"{""id"":1,""src"":""shellyazplug-e4b323337220"",""dst"":""attacker"",""result"":{""was_on"":false}}"
2026-04-22T16:27:27,shellyazplug-node/debug/log,88,"shellyazplug-e4b323337220 4527 33780.655 1|shos_rpc_inst.c:230     Switch.Set via MQTT 
"
2026-04-22T16:27:27,shellyazplug-node/status/switch:0,199,"{""id"":0, ""source"":""MQTT"", ""output"":true, ""apower"":0.0, ""voltage"":231.1, ""freq"":50.0, ""current"":0.000, ""aenergy"":{""total"""
2026-04-22T16:27:27,shellyazplug-node/events/rpc,167,"{""src"":""shellyazplug-e4b323337220"",""dst"":""shellyazplug-node/events"",""method"":""NotifyStatus"",""params"":{""ts"":33780.65,""swi"
2026-04-22T16:27:27,shellyazplug-node/debug/log,133,"shellyazplug-e4b323337220 4528 33780.671 1|shelly_notification:163 Status change of switch:0: {""id"":0,""output"":true,""sou"
2026-04-22T16:27:28,shellyazplug-node/rpc,86,"{""id"": 1, ""src"": ""attacker"", ""method"": ""Switch.Set"", ""params"": {""id"": 0, ""on"": false}}"
2026-04-22T16:27:28,attacker/rpc,84,"{""id"":1,""src"":""shellyazplug-e4b323337220"",""dst"":""attacker"",""result"":{""was_on"":true}}"
2026-04-22T16:27:28,shellyazplug-node/debug/log,88,"shellyazplug-e4b323337220 4529 33781.154 1|shos_rpc_inst.c:230     Switch.Set via MQTT 
"
2026-04-22T16:27:28,shellyazplug-node/status/switch:0,200,"{""id"":0, ""source"":""MQTT"", ""output"":false, ""apower"":0.0, ""voltage"":231.1, ""freq"":50.0, ""current"":0.000, ""aenergy"":{""total"
2026-04-22T16:27:28,shellyazplug-node/events/rpc,191,"{""src"":""shellyazplug-e4b323337220"",""dst"":""shellyazplug-node/events"",""method"":""NotifyStatus"",""params"":{""ts"":33781.15,""swi"
2026-04-22T16:27:28,shellyazplug-node/debug/log,157,"shellyazplug-e4b323337220 4530 33781.173 1|shelly_notification:163 Status change of switch:0: {""id"":0,""apower"":0,""curren"
2026-04-22T16:27:28,shellyazplug-node/rpc,85,"{""id"": 1, ""src"": ""attacker"", ""method"": ""Switch.Set"", ""params"": {""id"": 0, ""on"": true}}"
2026-04-22T16:27:28,attacker/rpc,85,"{""id"":1,""src"":""shellyazplug-e4b323337220"",""dst"":""attacker"",""result"":{""was_on"":false}}"
2026-04-22T16:27:28,shellyazplug-node/debug/log,88,"shellyazplug-e4b323337220 4531 33781.655 1|shos_rpc_inst.c:230     Switch.Set via MQTT 
"
2026-04-22T16:27:28,shellyazplug-node/status/switch:0,199,"{""id"":0, ""source"":""MQTT"", ""output"":true, ""apower"":0.0, ""voltage"":231.1, ""freq"":50.0, ""current"":0.000, ""aenergy"":{""total"""
2026-04-22T16:27:28,shellyazplug-node/events/rpc,167,"{""src"":""shellyazplug-e4b323337220"",""dst"":""shellyazplug-node/events"",""method"":""NotifyStatus"",""params"":{""ts"":33781.65,""swi"
2026-04-22T16:27:28,shellyazplug-node/debug/log,133,"shellyazplug-e4b323337220 4532 33781.672 1|shelly_notification:163 Status change of switch:0: {""id"":0,""output"":true,""sou"
2026-04-22T16:27:29,shellyazplug-node/rpc,86,"{""id"": 1, ""src"": ""attacker"", ""method"": ""Switch.Set"", ""params"": {""id"": 0, ""on"": false}}"
2026-04-22T16:27:29,attacker/rpc,84,"{""id"":1,""src"":""shellyazplug-e4b323337220"",""dst"":""attacker"",""result"":{""was_on"":true}}"
2026-04-22T16:27:29,shellyazplug-node/debug/log,88,"shellyazplug-e4b323337220 4533 33782.156 1|shos_rpc_inst.c:230     Switch.Set via MQTT 
"
2026-04-22T16:27:29,shellyazplug-node/status/switch:0,200,"{""id"":0, ""source"":""MQTT"", ""output"":false, ""apower"":0.0, ""voltage"":231.1, ""freq"":50.0, ""current"":0.000, ""aenergy"":{""total"
2026-04-22T16:27:29,shellyazplug-node/events/rpc,191,"{""src"":""shellyazplug-e4b323337220"",""dst"":""shellyazplug-node/events"",""method"":""NotifyStatus"",""params"":{""ts"":33782.15,""swi"
2026-04-22T16:27:29,shellyazplug-node/debug/log,157,"shellyazplug-e4b323337220 4534 33782.174 1|shelly_notification:163 Status change of switch:0: {""id"":0,""apower"":0,""curren"
2026-04-22T16:27:29,shellyazplug-node/rpc,85,"{""id"": 1, ""src"": ""attacker"", ""method"": ""Switch.Set"", ""params"": {""id"": 0, ""on"": true}}"
2026-04-22T16:27:29,attacker/rpc,85,"{""id"":1,""src"":""shellyazplug-e4b323337220"",""dst"":""attacker"",""result"":{""was_on"":false}}"
2026-04-22T16:27:29,shellyazplug-node/debug/log,88,"shellyazplug-e4b323337220 4535 33782.658 1|shos_rpc_inst.c:230     Switch.Set via MQTT 
"
2026-04-22T16:27:29,iot/mq/debug,50,[0;36m[D][sensor:124]: 'Gas Sensor' >> 0.56 V[0m
2026-04-22T16:27:29,iot/mq/sensor/gas_sensor/state,4,0.56
2026-04-22T16:27:29,shellyazplug-node/status/switch:0,199,"{""id"":0, ""source"":""MQTT"", ""output"":true, ""apower"":0.0, ""voltage"":231.1, ""freq"":50.0, ""current"":0.000, ""aenergy"":{""total"""
2026-04-22T16:27:29,shellyazplug-node/events/rpc,167,"{""src"":""shellyazplug-e4b323337220"",""dst"":""shellyazplug-node/events"",""method"":""NotifyStatus"",""params"":{""ts"":33782.65,""swi"
2026-04-22T16:27:29,shellyazplug-node/debug/log,133,"shellyazplug-e4b323337220 4536 33782.675 1|shelly_notification:163 Status change of switch:0: {""id"":0,""output"":true,""sou"
2026-04-22T16:27:30,shellyazplug-node/rpc,86,"{""id"": 1, ""src"": ""attacker"", ""method"": ""Switch.Set"", ""params"": {""id"": 0, ""on"": false}}"
2026-04-22T16:27:30,attacker/rpc,84,"{""id"":1,""src"":""shellyazplug-e4b323337220"",""dst"":""attacker"",""result"":{""was_on"":true}}"
2026-04-22T16:27:30,shellyazplug-node/debug/log,88,"shellyazplug-e4b323337220 4537 33783.157 1|shos_rpc_inst.c:230     Switch.Set via MQTT 
"
2026-04-22T16:27:30,shellyazplug-node/status/switch:0,200,"{""id"":0, ""source"":""MQTT"", ""output"":false, ""apower"":0.0, ""voltage"":231.1, ""freq"":50.0, ""current"":0.000, ""aenergy"":{""total"
2026-04-22T16:27:30,shellyazplug-node/events/rpc,191,"{""src"":""shellyazplug-e4b323337220"",""dst"":""shellyazplug-node/events"",""method"":""NotifyStatus"",""params"":{""ts"":33783.15,""swi"
2026-04-22T16:27:30,shellyazplug-node/debug/log,157,"shellyazplug-e4b323337220 4538 33783.175 1|shelly_notification:163 Status change of switch:0: {""id"":0,""apower"":0,""curren"
2026-04-22T16:27:30,shellyazplug-node/rpc,85,"{""id"": 1, ""src"": ""attacker"", ""method"": ""Switch.Set"", ""params"": {""id"": 0, ""on"": true}}"
2026-04-22T16:27:30,attacker/rpc,85,"{""id"":1,""src"":""shellyazplug-e4b323337220"",""dst"":""attacker"",""result"":{""was_on"":false}}"
2026-04-22T16:27:30,shellyazplug-node/debug/log,88,"shellyazplug-e4b323337220 4539 33783.657 1|shos_rpc_inst.c:230     Switch.Set via MQTT 
"
2026-04-22T16:27:30,shellyazplug-node/status/switch:0,199,"{""id"":0, ""source"":""MQTT"", ""output"":true, ""apower"":0.0, ""voltage"":231.1, ""freq"":50.0, ""current"":0.000, ""aenergy"":{""total"""
2026-04-22T16:27:30,shellyazplug-node/events/rpc,167,"{""src"":""shellyazplug-e4b323337220"",""dst"":""shellyazplug-node/events"",""method"":""NotifyStatus"",""params"":{""ts"":33783.65,""swi"
2026-04-22T16:27:30,shellyazplug-node/debug/log,133,"shellyazplug-e4b323337220 4540 33783.673 1|shelly_notification:163 Status change of switch:0: {""id"":0,""output"":true,""sou"
2026-04-22T16:27:31,shellyazplug-node/rpc,86,"{""id"": 1, ""src"": ""attacker"", ""method"": ""Switch.Set"", ""params"": {""id"": 0, ""on"": false}}"
2026-04-22T16:27:31,attacker/rpc,84,"{""id"":1,""src"":""shellyazplug-e4b323337220"",""dst"":""attacker"",""result"":{""was_on"":true}}"
2026-04-22T16:27:31,shellyazplug-node/debug/log,88,"shellyazplug-e4b323337220 4541 33784.158 1|shos_rpc_inst.c:230     Switch.Set via MQTT 
"
2026-04-22T16:27:31,shellyazplug-node/status/switch:0,200,"{""id"":0, ""source"":""MQTT"", ""output"":false, ""apower"":0.0, ""voltage"":231.1, ""freq"":50.0, ""current"":0.000, ""aenergy"":{""total"
2026-04-22T16:27:31,shellyazplug-node/events/rpc,191,"{""src"":""shellyazplug-e4b323337220"",""dst"":""shellyazplug-node/events"",""method"":""NotifyStatus"",""params"":{""ts"":33784.15,""swi"
2026-04-22T16:27:31,shellyazplug-node/debug/log,157,"shellyazplug-e4b323337220 4542 33784.176 1|shelly_notification:163 Status change of switch:0: {""id"":0,""apower"":0,""curren"
2026-04-22T16:27:31,shellyazplug-node/rpc,85,"{""id"": 1, ""src"": ""attacker"", ""method"": ""Switch.Set"", ""params"": {""id"": 0, ""on"": true}}"
2026-04-22T16:27:31,attacker/rpc,85,"{""id"":1,""src"":""shellyazplug-e4b323337220"",""dst"":""attacker"",""result"":{""was_on"":false}}"
2026-04-22T16:27:31,shellyazplug-node/debug/log,88,"shellyazplug-e4b323337220 4543 33784.658 1|shos_rpc_inst.c:230     Switch.Set via MQTT 
"
2026-04-22T16:27:31,shellyazplug-node/status/switch:0,199,"{""id"":0, ""source"":""MQTT"", ""output"":true, ""apower"":0.0, ""voltage"":231.1, ""freq"":50.0, ""current"":0.000, ""aenergy"":{""total"""
2026-04-22T16:27:31,shellyazplug-node/events/rpc,167,"{""src"":""shellyazplug-e4b323337220"",""dst"":""shellyazplug-node/events"",""method"":""NotifyStatus"",""params"":{""ts"":33784.65,""swi"
2026-04-22T16:27:31,shellyazplug-node/debug/log,133,"shellyazplug-e4b323337220 4544 33784.675 1|shelly_notification:163 Status change of switch:0: {""id"":0,""output"":true,""sou"
2026-04-22T16:27:32,shellyazplug-node/rpc,86,"{""id"": 1, ""src"": ""attacker"", ""method"": ""Switch.Set"", ""params"": {""id"": 0, ""on"": false}}"
2026-04-22T16:27:32,attacker/rpc,84,"{""id"":1,""src"":""shellyazplug-e4b323337220"",""dst"":""attacker"",""result"":{""was_on"":true}}"
2026-04-22T16:27:32,shellyazplug-node/debug/log,88,"shellyazplug-e4b323337220 4545 33785.158 1|shos_rpc_inst.c:230     Switch.Set via MQTT 
"
2026-04-22T16:27:32,shellyazplug-node/status/switch:0,200,"{""id"":0, ""source"":""MQTT"", ""output"":false, ""apower"":0.0, ""voltage"":231.1, ""freq"":50.0, ""current"":0.000, ""aenergy"":{""total"
2026-04-22T16:27:32,shellyazplug-node/events/rpc,191,"{""src"":""shellyazplug-e4b323337220"",""dst"":""shellyazplug-node/events"",""method"":""NotifyStatus"",""params"":{""ts"":33785.16,""swi"
2026-04-22T16:27:32,shellyazplug-node/debug/log,157,"shellyazplug-e4b323337220 4546 33785.177 1|shelly_notification:163 Status change of switch:0: {""id"":0,""apower"":0,""curren"
2026-04-22T16:27:32,shellyazplug-node/rpc,85,"{""id"": 1, ""src"": ""attacker"", ""method"": ""Switch.Set"", ""params"": {""id"": 0, ""on"": true}}"
2026-04-22T16:27:32,attacker/rpc,85,"{""id"":1,""src"":""shellyazplug-e4b323337220"",""dst"":""attacker"",""result"":{""was_on"":false}}"
2026-04-22T16:27:32,shellyazplug-node/debug/log,88,"shellyazplug-e4b323337220 4547 33785.659 1|shos_rpc_inst.c:230     Switch.Set via MQTT 
"
2026-04-22T16:27:32,shellyazplug-node/status/switch:0,199,"{""id"":0, ""source"":""MQTT"", ""output"":true, ""apower"":0.0, ""voltage"":231.3, ""freq"":50.0, ""current"":0.000, ""aenergy"":{""total"""
2026-04-22T16:27:32,shellyazplug-node/events/rpc,167,"{""src"":""shellyazplug-e4b323337220"",""dst"":""shellyazplug-node/events"",""method"":""NotifyStatus"",""params"":{""ts"":33785.66,""swi"
2026-04-22T16:27:32,shellyazplug-node/debug/log,133,"shellyazplug-e4b323337220 4548 33785.675 1|shelly_notification:163 Status change of switch:0: {""id"":0,""output"":true,""sou"
2026-04-22T16:27:33,shellyazplug-node/rpc,86,"{""id"": 1, ""src"": ""attacker"", ""method"": ""Switch.Set"", ""params"": {""id"": 0, ""on"": false}}"
2026-04-22T16:27:33,attacker/rpc,84,"{""id"":1,""src"":""shellyazplug-e4b323337220"",""dst"":""attacker"",""result"":{""was_on"":true}}"
2026-04-22T16:27:33,shellyazplug-node/debug/log,88,"shellyazplug-e4b323337220 4549 33786.159 1|shos_rpc_inst.c:230     Switch.Set via MQTT 
"
2026-04-22T16:27:33,shellyazplug-node/status/switch:0,200,"{""id"":0, ""source"":""MQTT"", ""output"":false, ""apower"":0.0, ""voltage"":231.3, ""freq"":50.0, ""current"":0.000, ""aenergy"":{""total"
2026-04-22T16:27:33,shellyazplug-node/events/rpc,191,"{""src"":""shellyazplug-e4b323337220"",""dst"":""shellyazplug-node/events"",""method"":""NotifyStatus"",""params"":{""ts"":33786.16,""swi"
2026-04-22T16:27:33,shellyazplug-node/debug/log,157,"shellyazplug-e4b323337220 4550 33786.178 1|shelly_notification:163 Status change of switch:0: {""id"":0,""apower"":0,""curren"
2026-04-22T16:27:33,shellyazplug-node/rpc,85,"{""id"": 1, ""src"": ""attacker"", ""method"": ""Switch.Set"", ""params"": {""id"": 0, ""on"": true}}"
2026-04-22T16:27:33,attacker/rpc,85,"{""id"":1,""src"":""shellyazplug-e4b323337220"",""dst"":""attacker"",""result"":{""was_on"":false}}"
2026-04-22T16:27:33,shellyazplug-node/debug/log,88,"shellyazplug-e4b323337220 4551 33786.659 1|shos_rpc_inst.c:230     Switch.Set via MQTT 
"
2026-04-22T16:27:33,shellyazplug-node/status/switch:0,199,"{""id"":0, ""source"":""MQTT"", ""output"":true, ""apower"":0.0, ""voltage"":231.5, ""freq"":50.0, ""current"":0.000, ""aenergy"":{""total"""
2026-04-22T16:27:33,shellyazplug-node/events/rpc,167,"{""src"":""shellyazplug-e4b323337220"",""dst"":""shellyazplug-node/events"",""method"":""NotifyStatus"",""params"":{""ts"":33786.66,""swi"
2026-04-22T16:27:33,shellyazplug-node/debug/log,133,"shellyazplug-e4b323337220 4552 33786.676 1|shelly_notification:163 Status change of switch:0: {""id"":0,""output"":true,""sou"
2026-04-22T16:27:34,shellyazplug-node/rpc,86,"{""id"": 1, ""src"": ""attacker"", ""method"": ""Switch.Set"", ""params"": {""id"": 0, ""on"": false}}"
2026-04-22T16:27:34,attacker/rpc,84,"{""id"":1,""src"":""shellyazplug-e4b323337220"",""dst"":""attacker"",""result"":{""was_on"":true}}"
2026-04-22T16:27:34,shellyazplug-node/debug/log,88,"shellyazplug-e4b323337220 4553 33787.161 1|shos_rpc_inst.c:230     Switch.Set via MQTT 
"
2026-04-22T16:27:34,shellyazplug-node/status/switch:0,200,"{""id"":0, ""source"":""MQTT"", ""output"":false, ""apower"":0.0, ""voltage"":231.5, ""freq"":50.0, ""current"":0.000, ""aenergy"":{""total"
2026-04-22T16:27:34,shellyazplug-node/events/rpc,191,"{""src"":""shellyazplug-e4b323337220"",""dst"":""shellyazplug-node/events"",""method"":""NotifyStatus"",""params"":{""ts"":33787.16,""swi"
2026-04-22T16:27:34,shellyazplug-node/debug/log,157,"shellyazplug-e4b323337220 4554 33787.181 1|shelly_notification:163 Status change of switch:0: {""id"":0,""apower"":0,""curren"
2026-04-22T16:27:34,shellyazplug-node/rpc,85,"{""id"": 1, ""src"": ""attacker"", ""method"": ""Switch.Set"", ""params"": {""id"": 0, ""on"": true}}"
2026-04-22T16:27:34,attacker/rpc,85,"{""id"":1,""src"":""shellyazplug-e4b323337220"",""dst"":""attacker"",""result"":{""was_on"":false}}"
2026-04-22T16:27:34,shellyazplug-node/debug/log,88,"shellyazplug-e4b323337220 4555 33787.662 1|shos_rpc_inst.c:230     Switch.Set via MQTT 
"
2026-04-22T16:27:34,iot/mq/debug,50,[0;36m[D][sensor:124]: 'Gas Sensor' >> 0.56 V[0m
2026-04-22T16:27:34,shellyazplug-node/status/switch:0,199,"{""id"":0, ""source"":""MQTT"", ""output"":true, ""apower"":0.0, ""voltage"":231.5, ""freq"":50.0, ""current"":0.000, ""aenergy"":{""total"""
2026-04-22T16:27:34,shellyazplug-node/events/rpc,167,"{""src"":""shellyazplug-e4b323337220"",""dst"":""shellyazplug-node/events"",""method"":""NotifyStatus"",""params"":{""ts"":33787.66,""swi"
2026-04-22T16:27:34,shellyazplug-node/debug/log,133,"shellyazplug-e4b323337220 4556 33787.679 1|shelly_notification:163 Status change of switch:0: {""id"":0,""output"":true,""sou"
2026-04-22T16:27:34,iot/mq/sensor/gas_sensor/state,4,0.56
2026-04-22T16:27:35,shellyazplug-node/rpc,86,"{""id"": 1, ""src"": ""attacker"", ""method"": ""Switch.Set"", ""params"": {""id"": 0, ""on"": false}}"
2026-04-22T16:27:35,attacker/rpc,84,"{""id"":1,""src"":""shellyazplug-e4b323337220"",""dst"":""attacker"",""result"":{""was_on"":true}}"
2026-04-22T16:27:35,shellyazplug-node/debug/log,88,"shellyazplug-e4b323337220 4557 33788.162 1|shos_rpc_inst.c:230     Switch.Set via MQTT 
"
2026-04-22T16:27:35,shellyazplug-node/status/switch:0,200,"{""id"":0, ""source"":""MQTT"", ""output"":false, ""apower"":0.0, ""voltage"":231.5, ""freq"":50.0, ""current"":0.000, ""aenergy"":{""total"
2026-04-22T16:27:35,shellyazplug-node/events/rpc,191,"{""src"":""shellyazplug-e4b323337220"",""dst"":""shellyazplug-node/events"",""method"":""NotifyStatus"",""params"":{""ts"":33788.16,""swi"
2026-04-22T16:27:35,shellyazplug-node/debug/log,157,"shellyazplug-e4b323337220 4558 33788.181 1|shelly_notification:163 Status change of switch:0: {""id"":0,""apower"":0,""curren"
2026-04-22T16:27:35,shellyazplug-node/rpc,85,"{""id"": 1, ""src"": ""attacker"", ""method"": ""Switch.Set"", ""params"": {""id"": 0, ""on"": true}}"
2026-04-22T16:27:35,attacker/rpc,85,"{""id"":1,""src"":""shellyazplug-e4b323337220"",""dst"":""attacker"",""result"":{""was_on"":false}}"
2026-04-22T16:27:35,shellyazplug-node/debug/log,88,"shellyazplug-e4b323337220 4559 33788.663 1|shos_rpc_inst.c:230     Switch.Set via MQTT 
"
2026-04-22T16:27:35,shellyazplug-node/status/switch:0,199,"{""id"":0, ""source"":""MQTT"", ""output"":true, ""apower"":0.0, ""voltage"":231.4, ""freq"":50.0, ""current"":0.000, ""aenergy"":{""total"""
2026-04-22T16:27:35,shellyazplug-node/events/rpc,167,"{""src"":""shellyazplug-e4b323337220"",""dst"":""shellyazplug-node/events"",""method"":""NotifyStatus"",""params"":{""ts"":33788.66,""swi"
2026-04-22T16:27:35,shellyazplug-node/debug/log,133,"shellyazplug-e4b323337220 4560 33788.679 1|shelly_notification:163 Status change of switch:0: {""id"":0,""output"":true,""sou"
2026-04-22T16:27:36,shellyazplug-node/rpc,86,"{""id"": 1, ""src"": ""attacker"", ""method"": ""Switch.Set"", ""params"": {""id"": 0, ""on"": false}}"
2026-04-22T16:27:36,attacker/rpc,84,"{""id"":1,""src"":""shellyazplug-e4b323337220"",""dst"":""attacker"",""result"":{""was_on"":true}}"
2026-04-22T16:27:36,shellyazplug-node/debug/log,88,"shellyazplug-e4b323337220 4561 33789.163 1|shos_rpc_inst.c:230     Switch.Set via MQTT 
"
2026-04-22T16:27:36,shellyazplug-node/status/switch:0,200,"{""id"":0, ""source"":""MQTT"", ""output"":false, ""apower"":0.0, ""voltage"":231.4, ""freq"":50.0, ""current"":0.000, ""aenergy"":{""total"
2026-04-22T16:27:36,shellyazplug-node/events/rpc,191,"{""src"":""shellyazplug-e4b323337220"",""dst"":""shellyazplug-node/events"",""method"":""NotifyStatus"",""params"":{""ts"":33789.16,""swi"
2026-04-22T16:27:36,shellyazplug-node/debug/log,157,"shellyazplug-e4b323337220 4562 33789.182 1|shelly_notification:163 Status change of switch:0: {""id"":0,""apower"":0,""curren"
2026-04-22T16:27:36,iot/dht11/debug,59,[0;36m[D][dht:048]: Temperature 24.9°C Humidity 39.0%[0m
2026-04-22T16:27:36,iot/dht11/debug,53,[0;36m[D][sensor:124]: 'Temperature' >> 24.9 °C[0m
2026-04-22T16:27:36,iot/dht11/sensor/temperature/state,4,24.9
2026-04-22T16:27:36,iot/dht11/debug,46,[0;36m[D][sensor:124]: 'Humidity' >> 39 %[0m
2026-04-22T16:27:36,iot/dht11/sensor/humidity/state,2,39
2026-04-22T16:27:36,shellyazplug-node/rpc,85,"{""id"": 1, ""src"": ""attacker"", ""method"": ""Switch.Set"", ""params"": {""id"": 0, ""on"": true}}"
2026-04-22T16:27:36,attacker/rpc,85,"{""id"":1,""src"":""shellyazplug-e4b323337220"",""dst"":""attacker"",""result"":{""was_on"":false}}"
2026-04-22T16:27:36,shellyazplug-node/debug/log,88,"shellyazplug-e4b323337220 4563 33789.663 1|shos_rpc_inst.c:230     Switch.Set via MQTT 
"
2026-04-22T16:27:36,shellyazplug-node/status/switch:0,199,"{""id"":0, ""source"":""MQTT"", ""output"":true, ""apower"":0.0, ""voltage"":231.4, ""freq"":50.0, ""current"":0.000, ""aenergy"":{""total"""
2026-04-22T16:27:36,shellyazplug-node/events/rpc,167,"{""src"":""shellyazplug-e4b323337220"",""dst"":""shellyazplug-node/events"",""method"":""NotifyStatus"",""params"":{""ts"":33789.66,""swi"
2026-04-22T16:27:36,shellyazplug-node/debug/log,133,"shellyazplug-e4b323337220 4564 33789.680 1|shelly_notification:163 Status change of switch:0: {""id"":0,""output"":true,""sou"
2026-04-22T16:27:37,shellyazplug-node/rpc,86,"{""id"": 1, ""src"": ""attacker"", ""method"": ""Switch.Set"", ""params"": {""id"": 0, ""on"": false}}"
2026-04-22T16:27:37,attacker/rpc,84,"{""id"":1,""src"":""shellyazplug-e4b323337220"",""dst"":""attacker"",""result"":{""was_on"":true}}"
2026-04-22T16:27:37,shellyazplug-node/debug/log,88,"shellyazplug-e4b323337220 4565 33790.163 1|shos_rpc_inst.c:230     Switch.Set via MQTT 
"
2026-04-22T16:27:37,shellyazplug-node/status/switch:0,200,"{""id"":0, ""source"":""MQTT"", ""output"":false, ""apower"":0.0, ""voltage"":231.4, ""freq"":50.0, ""current"":0.000, ""aenergy"":{""total"
2026-04-22T16:27:37,shellyazplug-node/events/rpc,191,"{""src"":""shellyazplug-e4b323337220"",""dst"":""shellyazplug-node/events"",""method"":""NotifyStatus"",""params"":{""ts"":33790.16,""swi"
2026-04-22T16:27:37,shellyazplug-node/debug/log,157,"shellyazplug-e4b323337220 4566 33790.182 1|shelly_notification:163 Status change of switch:0: {""id"":0,""apower"":0,""curren"
2026-04-22T16:27:37,shellyazplug-node/rpc,85,"{""id"": 1, ""src"": ""attacker"", ""method"": ""Switch.Set"", ""params"": {""id"": 0, ""on"": true}}"
2026-04-22T16:27:37,attacker/rpc,85,"{""id"":1,""src"":""shellyazplug-e4b323337220"",""dst"":""attacker"",""result"":{""was_on"":false}}"
2026-04-22T16:27:37,shellyazplug-node/debug/log,88,"shellyazplug-e4b323337220 4567 33790.664 1|shos_rpc_inst.c:230     Switch.Set via MQTT 
"
2026-04-22T16:27:37,shellyazplug-node/status/switch:0,199,"{""id"":0, ""source"":""MQTT"", ""output"":true, ""apower"":0.0, ""voltage"":231.6, ""freq"":50.0, ""current"":0.000, ""aenergy"":{""total"""
2026-04-22T16:27:37,shellyazplug-node/events/rpc,167,"{""src"":""shellyazplug-e4b323337220"",""dst"":""shellyazplug-node/events"",""method"":""NotifyStatus"",""params"":{""ts"":33790.66,""swi"
2026-04-22T16:27:37,shellyazplug-node/debug/log,133,"shellyazplug-e4b323337220 4568 33790.680 1|shelly_notification:163 Status change of switch:0: {""id"":0,""output"":true,""sou"
2026-04-22T16:27:38,shellyazplug-node/rpc,86,"{""id"": 1, ""src"": ""attacker"", ""method"": ""Switch.Set"", ""params"": {""id"": 0, ""on"": false}}"
2026-04-22T16:27:38,attacker/rpc,84,"{""id"":1,""src"":""shellyazplug-e4b323337220"",""dst"":""attacker"",""result"":{""was_on"":true}}"
2026-04-22T16:27:38,shellyazplug-node/debug/log,88,"shellyazplug-e4b323337220 4569 33791.164 1|shos_rpc_inst.c:230     Switch.Set via MQTT 
"
2026-04-22T16:27:38,shellyazplug-node/status/switch:0,200,"{""id"":0, ""source"":""MQTT"", ""output"":false, ""apower"":0.0, ""voltage"":231.6, ""freq"":50.0, ""current"":0.000, ""aenergy"":{""total"
2026-04-22T16:27:38,shellyazplug-node/events/rpc,191,"{""src"":""shellyazplug-e4b323337220"",""dst"":""shellyazplug-node/events"",""method"":""NotifyStatus"",""params"":{""ts"":33791.16,""swi"
2026-04-22T16:27:38,shellyazplug-node/debug/log,157,"shellyazplug-e4b323337220 4570 33791.183 1|shelly_notification:163 Status change of switch:0: {""id"":0,""apower"":0,""curren"
2026-04-22T16:27:38,shellyazplug-node/rpc,85,"{""id"": 1, ""src"": ""attacker"", ""method"": ""Switch.Set"", ""params"": {""id"": 0, ""on"": true}}"
2026-04-22T16:27:38,attacker/rpc,85,"{""id"":1,""src"":""shellyazplug-e4b323337220"",""dst"":""attacker"",""result"":{""was_on"":false}}"
2026-04-22T16:27:38,shellyazplug-node/debug/log,88,"shellyazplug-e4b323337220 4571 33791.667 1|shos_rpc_inst.c:230     Switch.Set via MQTT 
"
2026-04-22T16:27:38,shellyazplug-node/status/switch:0,199,"{""id"":0, ""source"":""MQTT"", ""output"":true, ""apower"":0.0, ""voltage"":231.8, ""freq"":50.0, ""current"":0.000, ""aenergy"":{""total"""
2026-04-22T16:27:38,shellyazplug-node/events/rpc,167,"{""src"":""shellyazplug-e4b323337220"",""dst"":""shellyazplug-node/events"",""method"":""NotifyStatus"",""params"":{""ts"":33791.66,""swi"
2026-04-22T16:27:38,shellyazplug-node/debug/log,133,"shellyazplug-e4b323337220 4572 33791.683 1|shelly_notification:163 Status change of switch:0: {""id"":0,""output"":true,""sou"
2026-04-22T16:27:39,shellyazplug-node/rpc,86,"{""id"": 1, ""src"": ""attacker"", ""method"": ""Switch.Set"", ""params"": {""id"": 0, ""on"": false}}"
2026-04-22T16:27:39,attacker/rpc,84,"{""id"":1,""src"":""shellyazplug-e4b323337220"",""dst"":""attacker"",""result"":{""was_on"":true}}"
2026-04-22T16:27:39,shellyazplug-node/debug/log,88,"shellyazplug-e4b323337220 4573 33792.165 1|shos_rpc_inst.c:230     Switch.Set via MQTT 
"
2026-04-22T16:27:39,shellyazplug-node/status/switch:0,200,"{""id"":0, ""source"":""MQTT"", ""output"":false, ""apower"":0.0, ""voltage"":231.8, ""freq"":50.0, ""current"":0.000, ""aenergy"":{""total"
2026-04-22T16:27:39,shellyazplug-node/events/rpc,191,"{""src"":""shellyazplug-e4b323337220"",""dst"":""shellyazplug-node/events"",""method"":""NotifyStatus"",""params"":{""ts"":33792.16,""swi"
2026-04-22T16:27:39,shellyazplug-node/debug/log,157,"shellyazplug-e4b323337220 4574 33792.183 1|shelly_notification:163 Status change of switch:0: {""id"":0,""apower"":0,""curren"
2026-04-22T16:27:39,shellyazplug-node/rpc,85,"{""id"": 1, ""src"": ""attacker"", ""method"": ""Switch.Set"", ""params"": {""id"": 0, ""on"": true}}"
2026-04-22T16:27:39,attacker/rpc,85,"{""id"":1,""src"":""shellyazplug-e4b323337220"",""dst"":""attacker"",""result"":{""was_on"":false}}"
2026-04-22T16:27:39,shellyazplug-node/debug/log,88,"shellyazplug-e4b323337220 4575 33792.666 1|shos_rpc_inst.c:230     Switch.Set via MQTT 
"
2026-04-22T16:27:39,iot/mq/debug,50,[0;36m[D][sensor:124]: 'Gas Sensor' >> 0.56 V[0m
2026-04-22T16:27:39,iot/mq/sensor/gas_sensor/state,4,0.56
2026-04-22T16:27:39,shellyazplug-node/status/switch:0,199,"{""id"":0, ""source"":""MQTT"", ""output"":true, ""apower"":0.0, ""voltage"":231.7, ""freq"":50.0, ""current"":0.000, ""aenergy"":{""total"""
2026-04-22T16:27:39,shellyazplug-node/events/rpc,167,"{""src"":""shellyazplug-e4b323337220"",""dst"":""shellyazplug-node/events"",""method"":""NotifyStatus"",""params"":{""ts"":33792.66,""swi"
2026-04-22T16:27:39,shellyazplug-node/debug/log,133,"shellyazplug-e4b323337220 4576 33792.683 1|shelly_notification:163 Status change of switch:0: {""id"":0,""output"":true,""sou"
2026-04-22T16:27:40,shellyazplug-node/rpc,86,"{""id"": 1, ""src"": ""attacker"", ""method"": ""Switch.Set"", ""params"": {""id"": 0, ""on"": false}}"
2026-04-22T16:27:40,attacker/rpc,84,"{""id"":1,""src"":""shellyazplug-e4b323337220"",""dst"":""attacker"",""result"":{""was_on"":true}}"
2026-04-22T16:27:40,shellyazplug-node/debug/log,88,"shellyazplug-e4b323337220 4577 33793.167 1|shos_rpc_inst.c:230     Switch.Set via MQTT 
"
2026-04-22T16:27:40,shellyazplug-node/status/switch:0,200,"{""id"":0, ""source"":""MQTT"", ""output"":false, ""apower"":0.0, ""voltage"":231.7, ""freq"":50.0, ""current"":0.000, ""aenergy"":{""total"
2026-04-22T16:27:40,shellyazplug-node/events/rpc,191,"{""src"":""shellyazplug-e4b323337220"",""dst"":""shellyazplug-node/events"",""method"":""NotifyStatus"",""params"":{""ts"":33793.16,""swi"
2026-04-22T16:27:40,shellyazplug-node/debug/log,157,"shellyazplug-e4b323337220 4578 33793.185 1|shelly_notification:163 Status change of switch:0: {""id"":0,""apower"":0,""curren"
2026-04-22T16:27:40,shellyazplug-node/rpc,85,"{""id"": 1, ""src"": ""attacker"", ""method"": ""Switch.Set"", ""params"": {""id"": 0, ""on"": true}}"
2026-04-22T16:27:40,attacker/rpc,85,"{""id"":1,""src"":""shellyazplug-e4b323337220"",""dst"":""attacker"",""result"":{""was_on"":false}}"
2026-04-22T16:27:40,shellyazplug-node/debug/log,88,"shellyazplug-e4b323337220 4579 33793.667 1|shos_rpc_inst.c:230     Switch.Set via MQTT 
"
2026-04-22T16:27:40,shellyazplug-node/status/switch:0,199,"{""id"":0, ""source"":""MQTT"", ""output"":true, ""apower"":0.0, ""voltage"":231.6, ""freq"":50.0, ""current"":0.000, ""aenergy"":{""total"""
2026-04-22T16:27:40,shellyazplug-node/events/rpc,167,"{""src"":""shellyazplug-e4b323337220"",""dst"":""shellyazplug-node/events"",""method"":""NotifyStatus"",""params"":{""ts"":33793.66,""swi"
2026-04-22T16:27:40,shellyazplug-node/debug/log,133,"shellyazplug-e4b323337220 4580 33793.683 1|shelly_notification:163 Status change of switch:0: {""id"":0,""output"":true,""sou"
2026-04-22T16:27:41,shellyazplug-node/rpc,86,"{""id"": 1, ""src"": ""attacker"", ""method"": ""Switch.Set"", ""params"": {""id"": 0, ""on"": false}}"
2026-04-22T16:27:41,attacker/rpc,84,"{""id"":1,""src"":""shellyazplug-e4b323337220"",""dst"":""attacker"",""result"":{""was_on"":true}}"
2026-04-22T16:27:41,shellyazplug-node/debug/log,88,"shellyazplug-e4b323337220 4581 33794.167 1|shos_rpc_inst.c:230     Switch.Set via MQTT 
"
2026-04-22T16:27:41,shellyazplug-node/status/switch:0,200,"{""id"":0, ""source"":""MQTT"", ""output"":false, ""apower"":0.0, ""voltage"":231.6, ""freq"":50.0, ""current"":0.000, ""aenergy"":{""total"
2026-04-22T16:27:41,shellyazplug-node/events/rpc,191,"{""src"":""shellyazplug-e4b323337220"",""dst"":""shellyazplug-node/events"",""method"":""NotifyStatus"",""params"":{""ts"":33794.16,""swi"
2026-04-22T16:27:41,shellyazplug-node/debug/log,157,"shellyazplug-e4b323337220 4582 33794.185 1|shelly_notification:163 Status change of switch:0: {""id"":0,""apower"":0,""curren"
2026-04-22T16:27:41,shellyazplug-node/rpc,85,"{""id"": 1, ""src"": ""attacker"", ""method"": ""Switch.Set"", ""params"": {""id"": 0, ""on"": true}}"
2026-04-22T16:27:41,attacker/rpc,85,"{""id"":1,""src"":""shellyazplug-e4b323337220"",""dst"":""attacker"",""result"":{""was_on"":false}}"
2026-04-22T16:27:41,shellyazplug-node/debug/log,88,"shellyazplug-e4b323337220 4583 33794.667 1|shos_rpc_inst.c:230     Switch.Set via MQTT 
"
2026-04-22T16:27:41,shellyazplug-node/status/switch:0,199,"{""id"":0, ""source"":""MQTT"", ""output"":true, ""apower"":0.0, ""voltage"":231.6, ""freq"":50.0, ""current"":0.000, ""aenergy"":{""total"""
2026-04-22T16:27:41,shellyazplug-node/events/rpc,167,"{""src"":""shellyazplug-e4b323337220"",""dst"":""shellyazplug-node/events"",""method"":""NotifyStatus"",""params"":{""ts"":33794.66,""swi"
2026-04-22T16:27:41,shellyazplug-node/debug/log,133,"shellyazplug-e4b323337220 4584 33794.684 1|shelly_notification:163 Status change of switch:0: {""id"":0,""output"":true,""sou"
2026-04-22T16:27:42,shellyazplug-node/rpc,86,"{""id"": 1, ""src"": ""attacker"", ""method"": ""Switch.Set"", ""params"": {""id"": 0, ""on"": false}}"
2026-04-22T16:27:42,attacker/rpc,84,"{""id"":1,""src"":""shellyazplug-e4b323337220"",""dst"":""attacker"",""result"":{""was_on"":true}}"
2026-04-22T16:27:42,shellyazplug-node/debug/log,88,"shellyazplug-e4b323337220 4585 33795.168 1|shos_rpc_inst.c:230     Switch.Set via MQTT 
"
2026-04-22T16:27:42,shellyazplug-node/status/switch:0,200,"{""id"":0, ""source"":""MQTT"", ""output"":false, ""apower"":0.0, ""voltage"":231.6, ""freq"":50.0, ""current"":0.000, ""aenergy"":{""total"
2026-04-22T16:27:42,shellyazplug-node/events/rpc,191,"{""src"":""shellyazplug-e4b323337220"",""dst"":""shellyazplug-node/events"",""method"":""NotifyStatus"",""params"":{""ts"":33795.16,""swi"
2026-04-22T16:27:42,shellyazplug-node/debug/log,157,"shellyazplug-e4b323337220 4586 33795.186 1|shelly_notification:163 Status change of switch:0: {""id"":0,""apower"":0,""curren"
2026-04-22T16:27:42,shellyazplug-node/rpc,85,"{""id"": 1, ""src"": ""attacker"", ""method"": ""Switch.Set"", ""params"": {""id"": 0, ""on"": true}}"
2026-04-22T16:27:42,attacker/rpc,85,"{""id"":1,""src"":""shellyazplug-e4b323337220"",""dst"":""attacker"",""result"":{""was_on"":false}}"
2026-04-22T16:27:42,shellyazplug-node/debug/log,88,"shellyazplug-e4b323337220 4587 33795.674 1|shos_rpc_inst.c:230     Switch.Set via MQTT 
"
2026-04-22T16:27:42,shellyazplug-node/status/switch:0,199,"{""id"":0, ""source"":""MQTT"", ""output"":true, ""apower"":0.0, ""voltage"":231.6, ""freq"":50.0, ""current"":0.000, ""aenergy"":{""total"""
2026-04-22T16:27:42,shellyazplug-node/events/rpc,167,"{""src"":""shellyazplug-e4b323337220"",""dst"":""shellyazplug-node/events"",""method"":""NotifyStatus"",""params"":{""ts"":33795.67,""swi"
2026-04-22T16:27:42,shellyazplug-node/debug/log,133,"shellyazplug-e4b323337220 4588 33795.690 1|shelly_notification:163 Status change of switch:0: {""id"":0,""output"":true,""sou"
2026-04-22T16:27:43,shellyazplug-node/rpc,86,"{""id"": 1, ""src"": ""attacker"", ""method"": ""Switch.Set"", ""params"": {""id"": 0, ""on"": false}}"
2026-04-22T16:27:43,attacker/rpc,84,"{""id"":1,""src"":""shellyazplug-e4b323337220"",""dst"":""attacker"",""result"":{""was_on"":true}}"
2026-04-22T16:27:43,shellyazplug-node/debug/log,88,"shellyazplug-e4b323337220 4589 33796.173 1|shos_rpc_inst.c:230     Switch.Set via MQTT 
"
2026-04-22T16:27:43,shellyazplug-node/status/switch:0,200,"{""id"":0, ""source"":""MQTT"", ""output"":false, ""apower"":0.0, ""voltage"":231.6, ""freq"":50.0, ""current"":0.000, ""aenergy"":{""total"
2026-04-22T16:27:43,shellyazplug-node/events/rpc,191,"{""src"":""shellyazplug-e4b323337220"",""dst"":""shellyazplug-node/events"",""method"":""NotifyStatus"",""params"":{""ts"":33796.17,""swi"
2026-04-22T16:27:43,shellyazplug-node/debug/log,157,"shellyazplug-e4b323337220 4590 33796.191 1|shelly_notification:163 Status change of switch:0: {""id"":0,""apower"":0,""curren"
2026-04-22T16:27:43,shellyazplug-node/rpc,85,"{""id"": 1, ""src"": ""attacker"", ""method"": ""Switch.Set"", ""params"": {""id"": 0, ""on"": true}}"
2026-04-22T16:27:43,attacker/rpc,85,"{""id"":1,""src"":""shellyazplug-e4b323337220"",""dst"":""attacker"",""result"":{""was_on"":false}}"
2026-04-22T16:27:43,shellyazplug-node/debug/log,88,"shellyazplug-e4b323337220 4591 33796.669 1|shos_rpc_inst.c:230     Switch.Set via MQTT 
"
2026-04-22T16:27:43,shellyazplug-node/status/switch:0,199,"{""id"":0, ""source"":""MQTT"", ""output"":true, ""apower"":0.0, ""voltage"":231.5, ""freq"":50.0, ""current"":0.000, ""aenergy"":{""total"""
2026-04-22T16:27:43,shellyazplug-node/events/rpc,167,"{""src"":""shellyazplug-e4b323337220"",""dst"":""shellyazplug-node/events"",""method"":""NotifyStatus"",""params"":{""ts"":33796.67,""swi"
2026-04-22T16:27:43,shellyazplug-node/debug/log,133,"shellyazplug-e4b323337220 4592 33796.685 1|shelly_notification:163 Status change of switch:0: {""id"":0,""output"":true,""sou"
2026-04-22T16:27:44,shellyazplug-node/rpc,86,"{""id"": 1, ""src"": ""attacker"", ""method"": ""Switch.Set"", ""params"": {""id"": 0, ""on"": false}}"
2026-04-22T16:27:44,attacker/rpc,84,"{""id"":1,""src"":""shellyazplug-e4b323337220"",""dst"":""attacker"",""result"":{""was_on"":true}}"
2026-04-22T16:27:44,shellyazplug-node/debug/log,88,"shellyazplug-e4b323337220 4593 33797.170 1|shos_rpc_inst.c:230     Switch.Set via MQTT 
"
2026-04-22T16:27:44,shellyazplug-node/status/switch:0,200,"{""id"":0, ""source"":""MQTT"", ""output"":false, ""apower"":0.0, ""voltage"":231.5, ""freq"":50.0, ""current"":0.000, ""aenergy"":{""total"
2026-04-22T16:27:44,shellyazplug-node/events/rpc,191,"{""src"":""shellyazplug-e4b323337220"",""dst"":""shellyazplug-node/events"",""method"":""NotifyStatus"",""params"":{""ts"":33797.17,""swi"
2026-04-22T16:27:44,shellyazplug-node/debug/log,157,"shellyazplug-e4b323337220 4594 33797.188 1|shelly_notification:163 Status change of switch:0: {""id"":0,""apower"":0,""curren"
2026-04-22T16:27:44,shellyazplug-node/rpc,85,"{""id"": 1, ""src"": ""attacker"", ""method"": ""Switch.Set"", ""params"": {""id"": 0, ""on"": true}}"
2026-04-22T16:27:44,attacker/rpc,85,"{""id"":1,""src"":""shellyazplug-e4b323337220"",""dst"":""attacker"",""result"":{""was_on"":false}}"
2026-04-22T16:27:44,shellyazplug-node/debug/log,88,"shellyazplug-e4b323337220 4595 33797.675 1|shos_rpc_inst.c:230     Switch.Set via MQTT 
"
2026-04-22T16:27:44,iot/mq/debug,50,[0;36m[D][sensor:124]: 'Gas Sensor' >> 0.56 V[0m
2026-04-22T16:27:44,shellyazplug-node/status/switch:0,199,"{""id"":0, ""source"":""MQTT"", ""output"":true, ""apower"":0.0, ""voltage"":231.5, ""freq"":50.0, ""current"":0.000, ""aenergy"":{""total"""
2026-04-22T16:27:44,shellyazplug-node/events/rpc,167,"{""src"":""shellyazplug-e4b323337220"",""dst"":""shellyazplug-node/events"",""method"":""NotifyStatus"",""params"":{""ts"":33797.67,""swi"
2026-04-22T16:27:44,shellyazplug-node/debug/log,133,"shellyazplug-e4b323337220 4596 33797.691 1|shelly_notification:163 Status change of switch:0: {""id"":0,""output"":true,""sou"
2026-04-22T16:27:44,iot/mq/sensor/gas_sensor/state,4,0.56
2026-04-22T16:27:45,shellyazplug-node/rpc,86,"{""id"": 1, ""src"": ""attacker"", ""method"": ""Switch.Set"", ""params"": {""id"": 0, ""on"": false}}"
2026-04-22T16:27:45,attacker/rpc,84,"{""id"":1,""src"":""shellyazplug-e4b323337220"",""dst"":""attacker"",""result"":{""was_on"":true}}"
2026-04-22T16:27:45,shellyazplug-node/debug/log,88,"shellyazplug-e4b323337220 4597 33798.171 1|shos_rpc_inst.c:230     Switch.Set via MQTT 
"
2026-04-22T16:27:45,shellyazplug-node/status/switch:0,200,"{""id"":0, ""source"":""MQTT"", ""output"":false, ""apower"":0.0, ""voltage"":231.5, ""freq"":50.0, ""current"":0.000, ""aenergy"":{""total"
2026-04-22T16:27:45,shellyazplug-node/events/rpc,191,"{""src"":""shellyazplug-e4b323337220"",""dst"":""shellyazplug-node/events"",""method"":""NotifyStatus"",""params"":{""ts"":33798.17,""swi"
2026-04-22T16:27:45,shellyazplug-node/debug/log,157,"shellyazplug-e4b323337220 4598 33798.189 1|shelly_notification:163 Status change of switch:0: {""id"":0,""apower"":0,""curren"
2026-04-22T16:27:45,shellyazplug-node/rpc,85,"{""id"": 1, ""src"": ""attacker"", ""method"": ""Switch.Set"", ""params"": {""id"": 0, ""on"": true}}"
2026-04-22T16:27:45,attacker/rpc,85,"{""id"":1,""src"":""shellyazplug-e4b323337220"",""dst"":""attacker"",""result"":{""was_on"":false}}"
2026-04-22T16:27:45,shellyazplug-node/debug/log,88,"shellyazplug-e4b323337220 4599 33798.671 1|shos_rpc_inst.c:230     Switch.Set via MQTT 
"
2026-04-22T16:27:45,shellyazplug-node/status/switch:0,199,"{""id"":0, ""source"":""MQTT"", ""output"":true, ""apower"":0.0, ""voltage"":231.4, ""freq"":50.0, ""current"":0.000, ""aenergy"":{""total"""
2026-04-22T16:27:45,shellyazplug-node/events/rpc,167,"{""src"":""shellyazplug-e4b323337220"",""dst"":""shellyazplug-node/events"",""method"":""NotifyStatus"",""params"":{""ts"":33798.67,""swi"
2026-04-22T16:27:45,shellyazplug-node/debug/log,133,"shellyazplug-e4b323337220 4600 33798.689 1|shelly_notification:163 Status change of switch:0: {""id"":0,""output"":true,""sou"
2026-04-22T16:27:46,shellyazplug-node/rpc,86,"{""id"": 1, ""src"": ""attacker"", ""method"": ""Switch.Set"", ""params"": {""id"": 0, ""on"": false}}"
2026-04-22T16:27:46,attacker/rpc,84,"{""id"":1,""src"":""shellyazplug-e4b323337220"",""dst"":""attacker"",""result"":{""was_on"":true}}"
2026-04-22T16:27:46,shellyazplug-node/debug/log,88,"shellyazplug-e4b323337220 4601 33799.172 1|shos_rpc_inst.c:230     Switch.Set via MQTT 
"
2026-04-22T16:27:46,shellyazplug-node/status/switch:0,200,"{""id"":0, ""source"":""MQTT"", ""output"":false, ""apower"":0.0, ""voltage"":231.4, ""freq"":50.0, ""current"":0.000, ""aenergy"":{""total"
2026-04-22T16:27:46,shellyazplug-node/events/rpc,191,"{""src"":""shellyazplug-e4b323337220"",""dst"":""shellyazplug-node/events"",""method"":""NotifyStatus"",""params"":{""ts"":33799.17,""swi"
2026-04-22T16:27:46,shellyazplug-node/debug/log,157,"shellyazplug-e4b323337220 4602 33799.191 1|shelly_notification:163 Status change of switch:0: {""id"":0,""apower"":0,""curren"
2026-04-22T16:27:46,iot/dht11/debug,59,[0;36m[D][dht:048]: Temperature 24.9°C Humidity 39.0%[0m
2026-04-22T16:27:46,iot/dht11/debug,53,[0;36m[D][sensor:124]: 'Temperature' >> 24.9 °C[0m
2026-04-22T16:27:46,iot/dht11/sensor/temperature/state,4,24.9
2026-04-22T16:27:46,iot/dht11/debug,46,[0;36m[D][sensor:124]: 'Humidity' >> 39 %[0m
2026-04-22T16:27:46,iot/dht11/sensor/humidity/state,2,39
2026-04-22T16:27:46,shellyazplug-node/rpc,85,"{""id"": 1, ""src"": ""attacker"", ""method"": ""Switch.Set"", ""params"": {""id"": 0, ""on"": true}}"
2026-04-22T16:27:46,attacker/rpc,85,"{""id"":1,""src"":""shellyazplug-e4b323337220"",""dst"":""attacker"",""result"":{""was_on"":false}}"
2026-04-22T16:27:46,shellyazplug-node/debug/log,88,"shellyazplug-e4b323337220 4603 33799.672 1|shos_rpc_inst.c:230     Switch.Set via MQTT 
"
2026-04-22T16:27:46,shellyazplug-node/status/switch:0,199,"{""id"":0, ""source"":""MQTT"", ""output"":true, ""apower"":0.0, ""voltage"":231.4, ""freq"":50.0, ""current"":0.000, ""aenergy"":{""total"""
2026-04-22T16:27:46,shellyazplug-node/events/rpc,167,"{""src"":""shellyazplug-e4b323337220"",""dst"":""shellyazplug-node/events"",""method"":""NotifyStatus"",""params"":{""ts"":33799.67,""swi"
2026-04-22T16:27:46,shellyazplug-node/debug/log,133,"shellyazplug-e4b323337220 4604 33799.689 1|shelly_notification:163 Status change of switch:0: {""id"":0,""output"":true,""sou"
2026-04-22T16:27:47,shellyazplug-node/rpc,86,"{""id"": 1, ""src"": ""attacker"", ""method"": ""Switch.Set"", ""params"": {""id"": 0, ""on"": false}}"
2026-04-22T16:27:47,attacker/rpc,84,"{""id"":1,""src"":""shellyazplug-e4b323337220"",""dst"":""attacker"",""result"":{""was_on"":true}}"
2026-04-22T16:27:47,shellyazplug-node/debug/log,88,"shellyazplug-e4b323337220 4605 33800.173 1|shos_rpc_inst.c:230     Switch.Set via MQTT 
"
2026-04-22T16:27:47,shellyazplug-node/status/switch:0,200,"{""id"":0, ""source"":""MQTT"", ""output"":false, ""apower"":0.0, ""voltage"":231.4, ""freq"":50.0, ""current"":0.000, ""aenergy"":{""total"
2026-04-22T16:27:47,shellyazplug-node/events/rpc,191,"{""src"":""shellyazplug-e4b323337220"",""dst"":""shellyazplug-node/events"",""method"":""NotifyStatus"",""params"":{""ts"":33800.17,""swi"
2026-04-22T16:27:47,shellyazplug-node/debug/log,157,"shellyazplug-e4b323337220 4606 33800.192 1|shelly_notification:163 Status change of switch:0: {""id"":0,""apower"":0,""curren"
2026-04-22T16:27:47,shellyazplug-node/rpc,85,"{""id"": 1, ""src"": ""attacker"", ""method"": ""Switch.Set"", ""params"": {""id"": 0, ""on"": true}}"
2026-04-22T16:27:47,attacker/rpc,85,"{""id"":1,""src"":""shellyazplug-e4b323337220"",""dst"":""attacker"",""result"":{""was_on"":false}}"
2026-04-22T16:27:47,shellyazplug-node/debug/log,88,"shellyazplug-e4b323337220 4607 33800.674 1|shos_rpc_inst.c:230     Switch.Set via MQTT 
"
2026-04-22T16:27:47,shellyazplug-node/status/switch:0,199,"{""id"":0, ""source"":""MQTT"", ""output"":true, ""apower"":0.0, ""voltage"":231.4, ""freq"":50.0, ""current"":0.000, ""aenergy"":{""total"""
2026-04-22T16:27:47,shellyazplug-node/events/rpc,167,"{""src"":""shellyazplug-e4b323337220"",""dst"":""shellyazplug-node/events"",""method"":""NotifyStatus"",""params"":{""ts"":33800.67,""swi"
2026-04-22T16:27:47,shellyazplug-node/debug/log,133,"shellyazplug-e4b323337220 4608 33800.690 1|shelly_notification:163 Status change of switch:0: {""id"":0,""output"":true,""sou"
2026-04-22T16:27:48,shellyazplug-node/rpc,86,"{""id"": 1, ""src"": ""attacker"", ""method"": ""Switch.Set"", ""params"": {""id"": 0, ""on"": false}}"
2026-04-22T16:27:48,attacker/rpc,84,"{""id"":1,""src"":""shellyazplug-e4b323337220"",""dst"":""attacker"",""result"":{""was_on"":true}}"
2026-04-22T16:27:48,shellyazplug-node/debug/log,88,"shellyazplug-e4b323337220 4609 33801.174 1|shos_rpc_inst.c:230     Switch.Set via MQTT 
"
2026-04-22T16:27:48,shellyazplug-node/status/switch:0,200,"{""id"":0, ""source"":""MQTT"", ""output"":false, ""apower"":0.0, ""voltage"":231.4, ""freq"":50.0, ""current"":0.000, ""aenergy"":{""total"
2026-04-22T16:27:48,shellyazplug-node/events/rpc,191,"{""src"":""shellyazplug-e4b323337220"",""dst"":""shellyazplug-node/events"",""method"":""NotifyStatus"",""params"":{""ts"":33801.17,""swi"
2026-04-22T16:27:48,shellyazplug-node/debug/log,157,"shellyazplug-e4b323337220 4610 33801.192 1|shelly_notification:163 Status change of switch:0: {""id"":0,""apower"":0,""curren"
2026-04-22T16:27:48,shellyazplug-node/rpc,85,"{""id"": 1, ""src"": ""attacker"", ""method"": ""Switch.Set"", ""params"": {""id"": 0, ""on"": true}}"
2026-04-22T16:27:48,attacker/rpc,85,"{""id"":1,""src"":""shellyazplug-e4b323337220"",""dst"":""attacker"",""result"":{""was_on"":false}}"
2026-04-22T16:27:48,shellyazplug-node/debug/log,88,"shellyazplug-e4b323337220 4611 33801.674 1|shos_rpc_inst.c:230     Switch.Set via MQTT 
"
2026-04-22T16:27:48,shellyazplug-node/status/switch:0,199,"{""id"":0, ""source"":""MQTT"", ""output"":true, ""apower"":0.0, ""voltage"":231.3, ""freq"":50.0, ""current"":0.000, ""aenergy"":{""total"""
2026-04-22T16:27:48,shellyazplug-node/events/rpc,167,"{""src"":""shellyazplug-e4b323337220"",""dst"":""shellyazplug-node/events"",""method"":""NotifyStatus"",""params"":{""ts"":33801.67,""swi"
2026-04-22T16:27:48,shellyazplug-node/debug/log,133,"shellyazplug-e4b323337220 4612 33801.690 1|shelly_notification:163 Status change of switch:0: {""id"":0,""output"":true,""sou"
2026-04-22T16:27:49,shellyazplug-node/rpc,86,"{""id"": 1, ""src"": ""attacker"", ""method"": ""Switch.Set"", ""params"": {""id"": 0, ""on"": false}}"
2026-04-22T16:27:49,attacker/rpc,84,"{""id"":1,""src"":""shellyazplug-e4b323337220"",""dst"":""attacker"",""result"":{""was_on"":true}}"
2026-04-22T16:27:49,shellyazplug-node/debug/log,88,"shellyazplug-e4b323337220 4613 33802.176 1|shos_rpc_inst.c:230     Switch.Set via MQTT 
"
2026-04-22T16:27:49,shellyazplug-node/status/switch:0,200,"{""id"":0, ""source"":""MQTT"", ""output"":false, ""apower"":0.0, ""voltage"":231.3, ""freq"":50.0, ""current"":0.000, ""aenergy"":{""total"
2026-04-22T16:27:49,shellyazplug-node/events/rpc,191,"{""src"":""shellyazplug-e4b323337220"",""dst"":""shellyazplug-node/events"",""method"":""NotifyStatus"",""params"":{""ts"":33802.17,""swi"
2026-04-22T16:27:49,shellyazplug-node/debug/log,157,"shellyazplug-e4b323337220 4614 33802.194 1|shelly_notification:163 Status change of switch:0: {""id"":0,""apower"":0,""curren"
2026-04-22T16:27:49,shellyazplug-node/rpc,85,"{""id"": 1, ""src"": ""attacker"", ""method"": ""Switch.Set"", ""params"": {""id"": 0, ""on"": true}}"
2026-04-22T16:27:49,attacker/rpc,85,"{""id"":1,""src"":""shellyazplug-e4b323337220"",""dst"":""attacker"",""result"":{""was_on"":false}}"
2026-04-22T16:27:49,shellyazplug-node/debug/log,88,"shellyazplug-e4b323337220 4615 33802.675 1|shos_rpc_inst.c:230     Switch.Set via MQTT 
"
2026-04-22T16:27:49,iot/mq/debug,50,[0;36m[D][sensor:124]: 'Gas Sensor' >> 0.56 V[0m
2026-04-22T16:27:49,shellyazplug-node/status/switch:0,199,"{""id"":0, ""source"":""MQTT"", ""output"":true, ""apower"":0.0, ""voltage"":231.4, ""freq"":50.0, ""current"":0.000, ""aenergy"":{""total"""
2026-04-22T16:27:49,shellyazplug-node/events/rpc,167,"{""src"":""shellyazplug-e4b323337220"",""dst"":""shellyazplug-node/events"",""method"":""NotifyStatus"",""params"":{""ts"":33802.67,""swi"
2026-04-22T16:27:49,shellyazplug-node/debug/log,133,"shellyazplug-e4b323337220 4616 33802.692 1|shelly_notification:163 Status change of switch:0: {""id"":0,""output"":true,""sou"
2026-04-22T16:27:49,iot/mq/sensor/gas_sensor/state,4,0.56
2026-04-22T16:27:50,shellyazplug-node/rpc,86,"{""id"": 1, ""src"": ""attacker"", ""method"": ""Switch.Set"", ""params"": {""id"": 0, ""on"": false}}"
2026-04-22T16:27:50,attacker/rpc,84,"{""id"":1,""src"":""shellyazplug-e4b323337220"",""dst"":""attacker"",""result"":{""was_on"":true}}"
2026-04-22T16:27:50,shellyazplug-node/debug/log,88,"shellyazplug-e4b323337220 4617 33803.176 1|shos_rpc_inst.c:230     Switch.Set via MQTT 
"
2026-04-22T16:27:50,shellyazplug-node/status/switch:0,200,"{""id"":0, ""source"":""MQTT"", ""output"":false, ""apower"":0.0, ""voltage"":231.4, ""freq"":50.0, ""current"":0.000, ""aenergy"":{""total"
2026-04-22T16:27:50,shellyazplug-node/events/rpc,191,"{""src"":""shellyazplug-e4b323337220"",""dst"":""shellyazplug-node/events"",""method"":""NotifyStatus"",""params"":{""ts"":33803.17,""swi"
2026-04-22T16:27:50,shellyazplug-node/debug/log,157,"shellyazplug-e4b323337220 4618 33803.195 1|shelly_notification:163 Status change of switch:0: {""id"":0,""apower"":0,""curren"
2026-04-22T16:27:50,shellyazplug-node/rpc,85,"{""id"": 1, ""src"": ""attacker"", ""method"": ""Switch.Set"", ""params"": {""id"": 0, ""on"": true}}"
2026-04-22T16:27:50,attacker/rpc,85,"{""id"":1,""src"":""shellyazplug-e4b323337220"",""dst"":""attacker"",""result"":{""was_on"":false}}"
2026-04-22T16:27:50,shellyazplug-node/debug/log,88,"shellyazplug-e4b323337220 4619 33803.678 1|shos_rpc_inst.c:230     Switch.Set via MQTT 
"
2026-04-22T16:27:50,shellyazplug-node/status/switch:0,199,"{""id"":0, ""source"":""MQTT"", ""output"":true, ""apower"":0.0, ""voltage"":231.3, ""freq"":50.0, ""current"":0.000, ""aenergy"":{""total"""
2026-04-22T16:27:50,shellyazplug-node/events/rpc,167,"{""src"":""shellyazplug-e4b323337220"",""dst"":""shellyazplug-node/events"",""method"":""NotifyStatus"",""params"":{""ts"":33803.67,""swi"
2026-04-22T16:27:50,shellyazplug-node/debug/log,133,"shellyazplug-e4b323337220 4620 33803.694 1|shelly_notification:163 Status change of switch:0: {""id"":0,""output"":true,""sou"
2026-04-22T16:27:51,shellyazplug-node/rpc,86,"{""id"": 1, ""src"": ""attacker"", ""method"": ""Switch.Set"", ""params"": {""id"": 0, ""on"": false}}"
2026-04-22T16:27:51,attacker/rpc,84,"{""id"":1,""src"":""shellyazplug-e4b323337220"",""dst"":""attacker"",""result"":{""was_on"":true}}"
2026-04-22T16:27:51,shellyazplug-node/debug/log,88,"shellyazplug-e4b323337220 4621 33804.177 1|shos_rpc_inst.c:230     Switch.Set via MQTT 
"
2026-04-22T16:27:51,shellyazplug-node/status/switch:0,200,"{""id"":0, ""source"":""MQTT"", ""output"":false, ""apower"":0.0, ""voltage"":231.3, ""freq"":50.0, ""current"":0.000, ""aenergy"":{""total"
2026-04-22T16:27:51,shellyazplug-node/events/rpc,191,"{""src"":""shellyazplug-e4b323337220"",""dst"":""shellyazplug-node/events"",""method"":""NotifyStatus"",""params"":{""ts"":33804.17,""swi"
2026-04-22T16:27:51,shellyazplug-node/debug/log,157,"shellyazplug-e4b323337220 4622 33804.196 1|shelly_notification:163 Status change of switch:0: {""id"":0,""apower"":0,""curren"
2026-04-22T16:27:51,shellyazplug-node/rpc,85,"{""id"": 1, ""src"": ""attacker"", ""method"": ""Switch.Set"", ""params"": {""id"": 0, ""on"": true}}"
2026-04-22T16:27:51,attacker/rpc,85,"{""id"":1,""src"":""shellyazplug-e4b323337220"",""dst"":""attacker"",""result"":{""was_on"":false}}"
2026-04-22T16:27:51,shellyazplug-node/debug/log,88,"shellyazplug-e4b323337220 4623 33804.681 1|shos_rpc_inst.c:230     Switch.Set via MQTT 
"
2026-04-22T16:27:51,shellyazplug-node/status/switch:0,199,"{""id"":0, ""source"":""MQTT"", ""output"":true, ""apower"":0.0, ""voltage"":231.3, ""freq"":50.0, ""current"":0.000, ""aenergy"":{""total"""
2026-04-22T16:27:51,shellyazplug-node/events/rpc,167,"{""src"":""shellyazplug-e4b323337220"",""dst"":""shellyazplug-node/events"",""method"":""NotifyStatus"",""params"":{""ts"":33804.68,""swi"
2026-04-22T16:27:51,shellyazplug-node/debug/log,133,"shellyazplug-e4b323337220 4624 33804.698 1|shelly_notification:163 Status change of switch:0: {""id"":0,""output"":true,""sou"
2026-04-22T16:27:52,shellyazplug-node/rpc,86,"{""id"": 1, ""src"": ""attacker"", ""method"": ""Switch.Set"", ""params"": {""id"": 0, ""on"": false}}"
2026-04-22T16:27:52,attacker/rpc,84,"{""id"":1,""src"":""shellyazplug-e4b323337220"",""dst"":""attacker"",""result"":{""was_on"":true}}"
2026-04-22T16:27:52,shellyazplug-node/debug/log,88,"shellyazplug-e4b323337220 4625 33805.188 1|shos_rpc_inst.c:230     Switch.Set via MQTT 
"
2026-04-22T16:27:52,shellyazplug-node/status/switch:0,200,"{""id"":0, ""source"":""MQTT"", ""output"":false, ""apower"":0.0, ""voltage"":231.3, ""freq"":50.0, ""current"":0.000, ""aenergy"":{""total"
2026-04-22T16:27:52,shellyazplug-node/events/rpc,191,"{""src"":""shellyazplug-e4b323337220"",""dst"":""shellyazplug-node/events"",""method"":""NotifyStatus"",""params"":{""ts"":33805.18,""swi"
2026-04-22T16:27:52,shellyazplug-node/debug/log,157,"shellyazplug-e4b323337220 4626 33805.206 1|shelly_notification:163 Status change of switch:0: {""id"":0,""apower"":0,""curren"
2026-04-22T16:27:52,shellyazplug-node/rpc,85,"{""id"": 1, ""src"": ""attacker"", ""method"": ""Switch.Set"", ""params"": {""id"": 0, ""on"": true}}"
2026-04-22T16:27:52,attacker/rpc,85,"{""id"":1,""src"":""shellyazplug-e4b323337220"",""dst"":""attacker"",""result"":{""was_on"":false}}"
2026-04-22T16:27:52,shellyazplug-node/debug/log,88,"shellyazplug-e4b323337220 4627 33805.687 1|shos_rpc_inst.c:230     Switch.Set via MQTT 
"
2026-04-22T16:27:52,shellyazplug-node/status/switch:0,199,"{""id"":0, ""source"":""MQTT"", ""output"":true, ""apower"":0.0, ""voltage"":231.3, ""freq"":50.0, ""current"":0.000, ""aenergy"":{""total"""
2026-04-22T16:27:52,shellyazplug-node/events/rpc,167,"{""src"":""shellyazplug-e4b323337220"",""dst"":""shellyazplug-node/events"",""method"":""NotifyStatus"",""params"":{""ts"":33805.68,""swi"
2026-04-22T16:27:52,shellyazplug-node/debug/log,133,"shellyazplug-e4b323337220 4628 33805.703 1|shelly_notification:163 Status change of switch:0: {""id"":0,""output"":true,""sou"
2026-04-22T16:27:53,shellyazplug-node/rpc,86,"{""id"": 1, ""src"": ""attacker"", ""method"": ""Switch.Set"", ""params"": {""id"": 0, ""on"": false}}"
2026-04-22T16:27:53,attacker/rpc,84,"{""id"":1,""src"":""shellyazplug-e4b323337220"",""dst"":""attacker"",""result"":{""was_on"":true}}"
2026-04-22T16:27:53,shellyazplug-node/debug/log,88,"shellyazplug-e4b323337220 4629 33806.187 1|shos_rpc_inst.c:230     Switch.Set via MQTT 
"
2026-04-22T16:27:53,shellyazplug-node/status/switch:0,200,"{""id"":0, ""source"":""MQTT"", ""output"":false, ""apower"":0.0, ""voltage"":231.3, ""freq"":50.0, ""current"":0.000, ""aenergy"":{""total"
2026-04-22T16:27:53,shellyazplug-node/events/rpc,191,"{""src"":""shellyazplug-e4b323337220"",""dst"":""shellyazplug-node/events"",""method"":""NotifyStatus"",""params"":{""ts"":33806.18,""swi"
2026-04-22T16:27:53,shellyazplug-node/debug/log,157,"shellyazplug-e4b323337220 4630 33806.206 1|shelly_notification:163 Status change of switch:0: {""id"":0,""apower"":0,""curren"
2026-04-22T16:27:53,shellyazplug-node/rpc,85,"{""id"": 1, ""src"": ""attacker"", ""method"": ""Switch.Set"", ""params"": {""id"": 0, ""on"": true}}"
2026-04-22T16:27:53,attacker/rpc,85,"{""id"":1,""src"":""shellyazplug-e4b323337220"",""dst"":""attacker"",""result"":{""was_on"":false}}"
2026-04-22T16:27:53,shellyazplug-node/debug/log,88,"shellyazplug-e4b323337220 4631 33806.688 1|shos_rpc_inst.c:230     Switch.Set via MQTT 
"
2026-04-22T16:27:53,shellyazplug-node/status/switch:0,199,"{""id"":0, ""source"":""MQTT"", ""output"":true, ""apower"":0.0, ""voltage"":231.3, ""freq"":50.0, ""current"":0.000, ""aenergy"":{""total"""
2026-04-22T16:27:53,shellyazplug-node/events/rpc,167,"{""src"":""shellyazplug-e4b323337220"",""dst"":""shellyazplug-node/events"",""method"":""NotifyStatus"",""params"":{""ts"":33806.69,""swi"
2026-04-22T16:27:53,shellyazplug-node/debug/log,133,"shellyazplug-e4b323337220 4632 33806.705 1|shelly_notification:163 Status change of switch:0: {""id"":0,""output"":true,""sou"
2026-04-22T16:27:54,shellyazplug-node/rpc,86,"{""id"": 1, ""src"": ""attacker"", ""method"": ""Switch.Set"", ""params"": {""id"": 0, ""on"": false}}"
2026-04-22T16:27:54,attacker/rpc,84,"{""id"":1,""src"":""shellyazplug-e4b323337220"",""dst"":""attacker"",""result"":{""was_on"":true}}"
2026-04-22T16:27:54,shellyazplug-node/debug/log,88,"shellyazplug-e4b323337220 4633 33807.188 1|shos_rpc_inst.c:230     Switch.Set via MQTT 
"
2026-04-22T16:27:54,shellyazplug-node/status/switch:0,200,"{""id"":0, ""source"":""MQTT"", ""output"":false, ""apower"":0.0, ""voltage"":231.3, ""freq"":50.0, ""current"":0.000, ""aenergy"":{""total"
2026-04-22T16:27:54,shellyazplug-node/events/rpc,191,"{""src"":""shellyazplug-e4b323337220"",""dst"":""shellyazplug-node/events"",""method"":""NotifyStatus"",""params"":{""ts"":33807.19,""swi"
2026-04-22T16:27:54,shellyazplug-node/debug/log,157,"shellyazplug-e4b323337220 4634 33807.207 1|shelly_notification:163 Status change of switch:0: {""id"":0,""apower"":0,""curren"
2026-04-22T16:27:54,shellyazplug-node/rpc,85,"{""id"": 1, ""src"": ""attacker"", ""method"": ""Switch.Set"", ""params"": {""id"": 0, ""on"": true}}"
2026-04-22T16:27:54,attacker/rpc,85,"{""id"":1,""src"":""shellyazplug-e4b323337220"",""dst"":""attacker"",""result"":{""was_on"":false}}"
2026-04-22T16:27:54,shellyazplug-node/debug/log,88,"shellyazplug-e4b323337220 4635 33807.689 1|shos_rpc_inst.c:230     Switch.Set via MQTT 
"
2026-04-22T16:27:54,iot/mq/debug,50,[0;36m[D][sensor:124]: 'Gas Sensor' >> 0.56 V[0m
2026-04-22T16:27:54,iot/mq/sensor/gas_sensor/state,4,0.56
2026-04-22T16:27:54,shellyazplug-node/status/switch:0,199,"{""id"":0, ""source"":""MQTT"", ""output"":true, ""apower"":0.0, ""voltage"":231.2, ""freq"":50.0, ""current"":0.000, ""aenergy"":{""total"""
2026-04-22T16:27:54,shellyazplug-node/events/rpc,167,"{""src"":""shellyazplug-e4b323337220"",""dst"":""shellyazplug-node/events"",""method"":""NotifyStatus"",""params"":{""ts"":33807.69,""swi"
2026-04-22T16:27:54,shellyazplug-node/debug/log,133,"shellyazplug-e4b323337220 4636 33807.705 1|shelly_notification:163 Status change of switch:0: {""id"":0,""output"":true,""sou"
2026-04-22T16:27:55,shellyazplug-node/rpc,86,"{""id"": 1, ""src"": ""attacker"", ""method"": ""Switch.Set"", ""params"": {""id"": 0, ""on"": false}}"
2026-04-22T16:27:55,attacker/rpc,84,"{""id"":1,""src"":""shellyazplug-e4b323337220"",""dst"":""attacker"",""result"":{""was_on"":true}}"
2026-04-22T16:27:55,shellyazplug-node/debug/log,88,"shellyazplug-e4b323337220 4637 33808.189 1|shos_rpc_inst.c:230     Switch.Set via MQTT 
"
2026-04-22T16:27:55,shellyazplug-node/status/switch:0,200,"{""id"":0, ""source"":""MQTT"", ""output"":false, ""apower"":0.0, ""voltage"":231.2, ""freq"":50.0, ""current"":0.000, ""aenergy"":{""total"
2026-04-22T16:27:55,shellyazplug-node/events/rpc,191,"{""src"":""shellyazplug-e4b323337220"",""dst"":""shellyazplug-node/events"",""method"":""NotifyStatus"",""params"":{""ts"":33808.19,""swi"
2026-04-22T16:27:55,shellyazplug-node/debug/log,157,"shellyazplug-e4b323337220 4638 33808.208 1|shelly_notification:163 Status change of switch:0: {""id"":0,""apower"":0,""curren"
2026-04-22T16:27:55,shellyazplug-node/rpc,85,"{""id"": 1, ""src"": ""attacker"", ""method"": ""Switch.Set"", ""params"": {""id"": 0, ""on"": true}}"
2026-04-22T16:27:55,attacker/rpc,85,"{""id"":1,""src"":""shellyazplug-e4b323337220"",""dst"":""attacker"",""result"":{""was_on"":false}}"
2026-04-22T16:27:55,shellyazplug-node/debug/log,88,"shellyazplug-e4b323337220 4639 33808.690 1|shos_rpc_inst.c:230     Switch.Set via MQTT 
"
2026-04-22T16:27:55,shellyazplug-node/status/switch:0,199,"{""id"":0, ""source"":""MQTT"", ""output"":true, ""apower"":0.0, ""voltage"":231.2, ""freq"":50.0, ""current"":0.000, ""aenergy"":{""total"""
2026-04-22T16:27:55,shellyazplug-node/events/rpc,167,"{""src"":""shellyazplug-e4b323337220"",""dst"":""shellyazplug-node/events"",""method"":""NotifyStatus"",""params"":{""ts"":33808.69,""swi"
2026-04-22T16:27:55,shellyazplug-node/debug/log,133,"shellyazplug-e4b323337220 4640 33808.707 1|shelly_notification:163 Status change of switch:0: {""id"":0,""output"":true,""sou"
2026-04-22T16:27:56,shellyazplug-node/rpc,86,"{""id"": 1, ""src"": ""attacker"", ""method"": ""Switch.Set"", ""params"": {""id"": 0, ""on"": false}}"
2026-04-22T16:27:56,attacker/rpc,84,"{""id"":1,""src"":""shellyazplug-e4b323337220"",""dst"":""attacker"",""result"":{""was_on"":true}}"
2026-04-22T16:27:56,shellyazplug-node/debug/log,88,"shellyazplug-e4b323337220 4641 33809.191 1|shos_rpc_inst.c:230     Switch.Set via MQTT 
"
2026-04-22T16:27:56,shellyazplug-node/status/switch:0,200,"{""id"":0, ""source"":""MQTT"", ""output"":false, ""apower"":0.0, ""voltage"":231.2, ""freq"":50.0, ""current"":0.000, ""aenergy"":{""total"
2026-04-22T16:27:56,shellyazplug-node/events/rpc,191,"{""src"":""shellyazplug-e4b323337220"",""dst"":""shellyazplug-node/events"",""method"":""NotifyStatus"",""params"":{""ts"":33809.19,""swi"
2026-04-22T16:27:56,shellyazplug-node/debug/log,157,"shellyazplug-e4b323337220 4642 33809.209 1|shelly_notification:163 Status change of switch:0: {""id"":0,""apower"":0,""curren"
2026-04-22T16:27:56,iot/dht11/debug,59,[0;36m[D][dht:048]: Temperature 24.9°C Humidity 39.0%[0m
2026-04-22T16:27:56,iot/dht11/debug,53,[0;36m[D][sensor:124]: 'Temperature' >> 24.9 °C[0m
2026-04-22T16:27:56,iot/dht11/sensor/temperature/state,4,24.9
2026-04-22T16:27:56,iot/dht11/debug,46,[0;36m[D][sensor:124]: 'Humidity' >> 39 %[0m
2026-04-22T16:27:56,iot/dht11/sensor/humidity/state,2,39
2026-04-22T16:27:56,shellyazplug-node/rpc,85,"{""id"": 1, ""src"": ""attacker"", ""method"": ""Switch.Set"", ""params"": {""id"": 0, ""on"": true}}"
2026-04-22T16:27:56,attacker/rpc,85,"{""id"":1,""src"":""shellyazplug-e4b323337220"",""dst"":""attacker"",""result"":{""was_on"":false}}"
2026-04-22T16:27:56,shellyazplug-node/debug/log,88,"shellyazplug-e4b323337220 4643 33809.693 1|shos_rpc_inst.c:230     Switch.Set via MQTT 
"
2026-04-22T16:27:56,shellyazplug-node/status/switch:0,199,"{""id"":0, ""source"":""MQTT"", ""output"":true, ""apower"":0.0, ""voltage"":230.9, ""freq"":50.0, ""current"":0.000, ""aenergy"":{""total"""
2026-04-22T16:27:56,shellyazplug-node/events/rpc,167,"{""src"":""shellyazplug-e4b323337220"",""dst"":""shellyazplug-node/events"",""method"":""NotifyStatus"",""params"":{""ts"":33809.69,""swi"
2026-04-22T16:27:56,shellyazplug-node/debug/log,133,"shellyazplug-e4b323337220 4644 33809.709 1|shelly_notification:163 Status change of switch:0: {""id"":0,""output"":true,""sou"
2026-04-22T16:27:57,shellyazplug-node/rpc,86,"{""id"": 1, ""src"": ""attacker"", ""method"": ""Switch.Set"", ""params"": {""id"": 0, ""on"": false}}"
2026-04-22T16:27:57,attacker/rpc,84,"{""id"":1,""src"":""shellyazplug-e4b323337220"",""dst"":""attacker"",""result"":{""was_on"":true}}"
2026-04-22T16:27:57,shellyazplug-node/debug/log,88,"shellyazplug-e4b323337220 4645 33810.191 1|shos_rpc_inst.c:230     Switch.Set via MQTT 
"
2026-04-22T16:27:57,shellyazplug-node/status/switch:0,200,"{""id"":0, ""source"":""MQTT"", ""output"":false, ""apower"":0.0, ""voltage"":230.9, ""freq"":50.0, ""current"":0.000, ""aenergy"":{""total"
2026-04-22T16:27:57,shellyazplug-node/events/rpc,191,"{""src"":""shellyazplug-e4b323337220"",""dst"":""shellyazplug-node/events"",""method"":""NotifyStatus"",""params"":{""ts"":33810.19,""swi"
2026-04-22T16:27:57,shellyazplug-node/debug/log,157,"shellyazplug-e4b323337220 4646 33810.210 1|shelly_notification:163 Status change of switch:0: {""id"":0,""apower"":0,""curren"
2026-04-22T16:27:57,shellyazplug-node/rpc,85,"{""id"": 1, ""src"": ""attacker"", ""method"": ""Switch.Set"", ""params"": {""id"": 0, ""on"": true}}"
2026-04-22T16:27:57,attacker/rpc,85,"{""id"":1,""src"":""shellyazplug-e4b323337220"",""dst"":""attacker"",""result"":{""was_on"":false}}"
2026-04-22T16:27:57,shellyazplug-node/debug/log,88,"shellyazplug-e4b323337220 4647 33810.693 1|shos_rpc_inst.c:230     Switch.Set via MQTT 
"
2026-04-22T16:27:57,shellyazplug-node/status/switch:0,199,"{""id"":0, ""source"":""MQTT"", ""output"":true, ""apower"":0.0, ""voltage"":230.5, ""freq"":50.0, ""current"":0.000, ""aenergy"":{""total"""
2026-04-22T16:27:57,shellyazplug-node/events/rpc,167,"{""src"":""shellyazplug-e4b323337220"",""dst"":""shellyazplug-node/events"",""method"":""NotifyStatus"",""params"":{""ts"":33810.69,""swi"
2026-04-22T16:27:57,shellyazplug-node/debug/log,133,"shellyazplug-e4b323337220 4648 33810.710 1|shelly_notification:163 Status change of switch:0: {""id"":0,""output"":true,""sou"
2026-04-22T16:27:58,shellyazplug-node/rpc,86,"{""id"": 1, ""src"": ""attacker"", ""method"": ""Switch.Set"", ""params"": {""id"": 0, ""on"": false}}"
2026-04-22T16:27:58,attacker/rpc,84,"{""id"":1,""src"":""shellyazplug-e4b323337220"",""dst"":""attacker"",""result"":{""was_on"":true}}"
2026-04-22T16:27:58,shellyazplug-node/debug/log,88,"shellyazplug-e4b323337220 4649 33811.194 1|shos_rpc_inst.c:230     Switch.Set via MQTT 
"
2026-04-22T16:27:58,shellyazplug-node/status/switch:0,200,"{""id"":0, ""source"":""MQTT"", ""output"":false, ""apower"":0.0, ""voltage"":230.5, ""freq"":50.0, ""current"":0.000, ""aenergy"":{""total"
2026-04-22T16:27:58,shellyazplug-node/events/rpc,191,"{""src"":""shellyazplug-e4b323337220"",""dst"":""shellyazplug-node/events"",""method"":""NotifyStatus"",""params"":{""ts"":33811.19,""swi"
2026-04-22T16:27:58,shellyazplug-node/debug/log,157,"shellyazplug-e4b323337220 4650 33811.213 1|shelly_notification:163 Status change of switch:0: {""id"":0,""apower"":0,""curren"
2026-04-22T16:27:58,shellyazplug-node/rpc,85,"{""id"": 1, ""src"": ""attacker"", ""method"": ""Switch.Set"", ""params"": {""id"": 0, ""on"": true}}"
2026-04-22T16:27:58,attacker/rpc,85,"{""id"":1,""src"":""shellyazplug-e4b323337220"",""dst"":""attacker"",""result"":{""was_on"":false}}"
2026-04-22T16:27:58,shellyazplug-node/debug/log,88,"shellyazplug-e4b323337220 4651 33811.693 1|shos_rpc_inst.c:230     Switch.Set via MQTT 
"
2026-04-22T16:27:58,shellyazplug-node/status/switch:0,199,"{""id"":0, ""source"":""MQTT"", ""output"":true, ""apower"":0.0, ""voltage"":231.1, ""freq"":50.0, ""current"":0.000, ""aenergy"":{""total"""
2026-04-22T16:27:58,shellyazplug-node/events/rpc,167,"{""src"":""shellyazplug-e4b323337220"",""dst"":""shellyazplug-node/events"",""method"":""NotifyStatus"",""params"":{""ts"":33811.69,""swi"
2026-04-22T16:27:58,shellyazplug-node/debug/log,133,"shellyazplug-e4b323337220 4652 33811.709 1|shelly_notification:163 Status change of switch:0: {""id"":0,""output"":true,""sou"
2026-04-22T16:27:59,shellyazplug-node/rpc,86,"{""id"": 1, ""src"": ""attacker"", ""method"": ""Switch.Set"", ""params"": {""id"": 0, ""on"": false}}"
2026-04-22T16:27:59,attacker/rpc,84,"{""id"":1,""src"":""shellyazplug-e4b323337220"",""dst"":""attacker"",""result"":{""was_on"":true}}"
2026-04-22T16:27:59,shellyazplug-node/debug/log,88,"shellyazplug-e4b323337220 4653 33812.193 1|shos_rpc_inst.c:230     Switch.Set via MQTT 
"
2026-04-22T16:27:59,shellyazplug-node/status/switch:0,200,"{""id"":0, ""source"":""MQTT"", ""output"":false, ""apower"":0.0, ""voltage"":231.1, ""freq"":50.0, ""current"":0.000, ""aenergy"":{""total"
2026-04-22T16:27:59,shellyazplug-node/events/rpc,191,"{""src"":""shellyazplug-e4b323337220"",""dst"":""shellyazplug-node/events"",""method"":""NotifyStatus"",""params"":{""ts"":33812.19,""swi"
2026-04-22T16:27:59,shellyazplug-node/debug/log,157,"shellyazplug-e4b323337220 4654 33812.211 1|shelly_notification:163 Status change of switch:0: {""id"":0,""apower"":0,""curren"
2026-04-22T16:27:59,shellyazplug-node/rpc,85,"{""id"": 1, ""src"": ""attacker"", ""method"": ""Switch.Set"", ""params"": {""id"": 0, ""on"": true}}"
2026-04-22T16:27:59,attacker/rpc,85,"{""id"":1,""src"":""shellyazplug-e4b323337220"",""dst"":""attacker"",""result"":{""was_on"":false}}"
2026-04-22T16:27:59,shellyazplug-node/debug/log,88,"shellyazplug-e4b323337220 4655 33812.694 1|shos_rpc_inst.c:230     Switch.Set via MQTT 
"
2026-04-22T16:27:59,iot/mq/debug,50,[0;36m[D][sensor:124]: 'Gas Sensor' >> 0.56 V[0m
2026-04-22T16:27:59,shellyazplug-node/status/switch:0,199,"{""id"":0, ""source"":""MQTT"", ""output"":true, ""apower"":0.0, ""voltage"":231.1, ""freq"":50.0, ""current"":0.000, ""aenergy"":{""total"""
2026-04-22T16:27:59,iot/mq/sensor/gas_sensor/state,4,0.56
2026-04-22T16:27:59,shellyazplug-node/events/rpc,167,"{""src"":""shellyazplug-e4b323337220"",""dst"":""shellyazplug-node/events"",""method"":""NotifyStatus"",""params"":{""ts"":33812.69,""swi"
2026-04-22T16:27:59,shellyazplug-node/debug/log,133,"shellyazplug-e4b323337220 4656 33812.710 1|shelly_notification:163 Status change of switch:0: {""id"":0,""output"":true,""sou"
2026-04-22T16:28:00,shellyazplug-node/rpc,86,"{""id"": 1, ""src"": ""attacker"", ""method"": ""Switch.Set"", ""params"": {""id"": 0, ""on"": false}}"
2026-04-22T16:28:00,attacker/rpc,84,"{""id"":1,""src"":""shellyazplug-e4b323337220"",""dst"":""attacker"",""result"":{""was_on"":true}}"
2026-04-22T16:28:00,shellyazplug-node/debug/log,88,"shellyazplug-e4b323337220 4657 33813.194 1|shos_rpc_inst.c:230     Switch.Set via MQTT 
"
2026-04-22T16:28:00,shellyazplug-node/status/switch:0,200,"{""id"":0, ""source"":""MQTT"", ""output"":false, ""apower"":0.0, ""voltage"":231.1, ""freq"":50.0, ""current"":0.000, ""aenergy"":{""total"
2026-04-22T16:28:00,shellyazplug-node/events/rpc,191,"{""src"":""shellyazplug-e4b323337220"",""dst"":""shellyazplug-node/events"",""method"":""NotifyStatus"",""params"":{""ts"":33813.19,""swi"
2026-04-22T16:28:00,shellyazplug-node/debug/log,157,"shellyazplug-e4b323337220 4658 33813.213 1|shelly_notification:163 Status change of switch:0: {""id"":0,""apower"":0,""curren"
2026-04-22T16:28:00,shellyazplug-node/rpc,85,"{""id"": 1, ""src"": ""attacker"", ""method"": ""Switch.Set"", ""params"": {""id"": 0, ""on"": true}}"
2026-04-22T16:28:00,attacker/rpc,85,"{""id"":1,""src"":""shellyazplug-e4b323337220"",""dst"":""attacker"",""result"":{""was_on"":false}}"
2026-04-22T16:28:00,shellyazplug-node/debug/log,88,"shellyazplug-e4b323337220 4659 33813.694 1|shos_rpc_inst.c:230     Switch.Set via MQTT 
"
2026-04-22T16:28:00,shellyazplug-node/status/switch:0,199,"{""id"":0, ""source"":""MQTT"", ""output"":true, ""apower"":0.0, ""voltage"":231.1, ""freq"":50.0, ""current"":0.000, ""aenergy"":{""total"""
2026-04-22T16:28:00,shellyazplug-node/events/rpc,167,"{""src"":""shellyazplug-e4b323337220"",""dst"":""shellyazplug-node/events"",""method"":""NotifyStatus"",""params"":{""ts"":33813.69,""swi"
2026-04-22T16:28:00,shellyazplug-node/debug/log,133,"shellyazplug-e4b323337220 4660 33813.711 1|shelly_notification:163 Status change of switch:0: {""id"":0,""output"":true,""sou"
2026-04-22T16:28:01,shellyazplug-node/rpc,86,"{""id"": 1, ""src"": ""attacker"", ""method"": ""Switch.Set"", ""params"": {""id"": 0, ""on"": false}}"
2026-04-22T16:28:01,attacker/rpc,84,"{""id"":1,""src"":""shellyazplug-e4b323337220"",""dst"":""attacker"",""result"":{""was_on"":true}}"
2026-04-22T16:28:01,shellyazplug-node/debug/log,88,"shellyazplug-e4b323337220 4661 33814.196 1|shos_rpc_inst.c:230     Switch.Set via MQTT 
"
2026-04-22T16:28:01,shellyazplug-node/status/switch:0,200,"{""id"":0, ""source"":""MQTT"", ""output"":false, ""apower"":0.0, ""voltage"":231.1, ""freq"":50.0, ""current"":0.000, ""aenergy"":{""total"
2026-04-22T16:28:01,shellyazplug-node/events/rpc,191,"{""src"":""shellyazplug-e4b323337220"",""dst"":""shellyazplug-node/events"",""method"":""NotifyStatus"",""params"":{""ts"":33814.19,""swi"
2026-04-22T16:28:01,shellyazplug-node/debug/log,157,"shellyazplug-e4b323337220 4662 33814.214 1|shelly_notification:163 Status change of switch:0: {""id"":0,""apower"":0,""curren"
2026-04-22T16:28:01,shellyazplug-node/rpc,85,"{""id"": 1, ""src"": ""attacker"", ""method"": ""Switch.Set"", ""params"": {""id"": 0, ""on"": true}}"
2026-04-22T16:28:01,attacker/rpc,85,"{""id"":1,""src"":""shellyazplug-e4b323337220"",""dst"":""attacker"",""result"":{""was_on"":false}}"
2026-04-22T16:28:01,shellyazplug-node/debug/log,88,"shellyazplug-e4b323337220 4663 33814.696 1|shos_rpc_inst.c:230     Switch.Set via MQTT 
"
2026-04-22T16:28:01,shellyazplug-node/status/switch:0,199,"{""id"":0, ""source"":""MQTT"", ""output"":true, ""apower"":0.0, ""voltage"":231.0, ""freq"":50.0, ""current"":0.000, ""aenergy"":{""total"""
2026-04-22T16:28:01,shellyazplug-node/events/rpc,167,"{""src"":""shellyazplug-e4b323337220"",""dst"":""shellyazplug-node/events"",""method"":""NotifyStatus"",""params"":{""ts"":33814.69,""swi"
2026-04-22T16:28:01,shellyazplug-node/debug/log,133,"shellyazplug-e4b323337220 4664 33814.712 1|shelly_notification:163 Status change of switch:0: {""id"":0,""output"":true,""sou"
2026-04-22T16:28:02,shellyazplug-node/rpc,86,"{""id"": 1, ""src"": ""attacker"", ""method"": ""Switch.Set"", ""params"": {""id"": 0, ""on"": false}}"
2026-04-22T16:28:02,attacker/rpc,84,"{""id"":1,""src"":""shellyazplug-e4b323337220"",""dst"":""attacker"",""result"":{""was_on"":true}}"
2026-04-22T16:28:02,shellyazplug-node/debug/log,88,"shellyazplug-e4b323337220 4665 33815.196 1|shos_rpc_inst.c:230     Switch.Set via MQTT 
"
2026-04-22T16:28:02,shellyazplug-node/status/switch:0,200,"{""id"":0, ""source"":""MQTT"", ""output"":false, ""apower"":0.0, ""voltage"":231.0, ""freq"":50.0, ""current"":0.000, ""aenergy"":{""total"
2026-04-22T16:28:02,shellyazplug-node/events/rpc,191,"{""src"":""shellyazplug-e4b323337220"",""dst"":""shellyazplug-node/events"",""method"":""NotifyStatus"",""params"":{""ts"":33815.19,""swi"
2026-04-22T16:28:02,shellyazplug-node/debug/log,157,"shellyazplug-e4b323337220 4666 33815.215 1|shelly_notification:163 Status change of switch:0: {""id"":0,""apower"":0,""curren"
2026-04-22T16:28:02,shellyazplug-node/rpc,85,"{""id"": 1, ""src"": ""attacker"", ""method"": ""Switch.Set"", ""params"": {""id"": 0, ""on"": true}}"
2026-04-22T16:28:02,attacker/rpc,85,"{""id"":1,""src"":""shellyazplug-e4b323337220"",""dst"":""attacker"",""result"":{""was_on"":false}}"
2026-04-22T16:28:02,shellyazplug-node/debug/log,88,"shellyazplug-e4b323337220 4667 33815.697 1|shos_rpc_inst.c:230     Switch.Set via MQTT 
"
2026-04-22T16:28:02,shellyazplug-node/status/switch:0,199,"{""id"":0, ""source"":""MQTT"", ""output"":true, ""apower"":0.0, ""voltage"":230.8, ""freq"":50.0, ""current"":0.000, ""aenergy"":{""total"""
2026-04-22T16:28:02,shellyazplug-node/events/rpc,167,"{""src"":""shellyazplug-e4b323337220"",""dst"":""shellyazplug-node/events"",""method"":""NotifyStatus"",""params"":{""ts"":33815.69,""swi"
2026-04-22T16:28:02,shellyazplug-node/debug/log,133,"shellyazplug-e4b323337220 4668 33815.714 1|shelly_notification:163 Status change of switch:0: {""id"":0,""output"":true,""sou"
2026-04-22T16:28:03,shellyazplug-node/rpc,86,"{""id"": 1, ""src"": ""attacker"", ""method"": ""Switch.Set"", ""params"": {""id"": 0, ""on"": false}}"
2026-04-22T16:28:03,attacker/rpc,84,"{""id"":1,""src"":""shellyazplug-e4b323337220"",""dst"":""attacker"",""result"":{""was_on"":true}}"
2026-04-22T16:28:03,shellyazplug-node/debug/log,88,"shellyazplug-e4b323337220 4669 33816.197 1|shos_rpc_inst.c:230     Switch.Set via MQTT 
"
2026-04-22T16:28:03,shellyazplug-node/status/switch:0,200,"{""id"":0, ""source"":""MQTT"", ""output"":false, ""apower"":0.0, ""voltage"":230.8, ""freq"":50.0, ""current"":0.000, ""aenergy"":{""total"
2026-04-22T16:28:03,shellyazplug-node/events/rpc,191,"{""src"":""shellyazplug-e4b323337220"",""dst"":""shellyazplug-node/events"",""method"":""NotifyStatus"",""params"":{""ts"":33816.19,""swi"
2026-04-22T16:28:03,shellyazplug-node/debug/log,157,"shellyazplug-e4b323337220 4670 33816.216 1|shelly_notification:163 Status change of switch:0: {""id"":0,""apower"":0,""curren"
2026-04-22T16:28:03,shellyazplug-node/rpc,85,"{""id"": 1, ""src"": ""attacker"", ""method"": ""Switch.Set"", ""params"": {""id"": 0, ""on"": true}}"
2026-04-22T16:28:03,attacker/rpc,85,"{""id"":1,""src"":""shellyazplug-e4b323337220"",""dst"":""attacker"",""result"":{""was_on"":false}}"
2026-04-22T16:28:03,shellyazplug-node/debug/log,88,"shellyazplug-e4b323337220 4671 33816.697 1|shos_rpc_inst.c:230     Switch.Set via MQTT 
"
2026-04-22T16:28:03,shellyazplug-node/status/switch:0,199,"{""id"":0, ""source"":""MQTT"", ""output"":true, ""apower"":0.0, ""voltage"":230.7, ""freq"":50.0, ""current"":0.000, ""aenergy"":{""total"""
2026-04-22T16:28:03,shellyazplug-node/events/rpc,167,"{""src"":""shellyazplug-e4b323337220"",""dst"":""shellyazplug-node/events"",""method"":""NotifyStatus"",""params"":{""ts"":33816.69,""swi"
2026-04-22T16:28:03,shellyazplug-node/debug/log,133,"shellyazplug-e4b323337220 4672 33816.714 1|shelly_notification:163 Status change of switch:0: {""id"":0,""output"":true,""sou"
2026-04-22T16:28:04,shellyazplug-node/rpc,86,"{""id"": 1, ""src"": ""attacker"", ""method"": ""Switch.Set"", ""params"": {""id"": 0, ""on"": false}}"
2026-04-22T16:28:04,attacker/rpc,84,"{""id"":1,""src"":""shellyazplug-e4b323337220"",""dst"":""attacker"",""result"":{""was_on"":true}}"
2026-04-22T16:28:04,shellyazplug-node/debug/log,88,"shellyazplug-e4b323337220 4673 33817.198 1|shos_rpc_inst.c:230     Switch.Set via MQTT 
"
2026-04-22T16:28:04,shellyazplug-node/status/switch:0,200,"{""id"":0, ""source"":""MQTT"", ""output"":false, ""apower"":0.0, ""voltage"":230.7, ""freq"":50.0, ""current"":0.000, ""aenergy"":{""total"
2026-04-22T16:28:04,shellyazplug-node/events/rpc,191,"{""src"":""shellyazplug-e4b323337220"",""dst"":""shellyazplug-node/events"",""method"":""NotifyStatus"",""params"":{""ts"":33817.20,""swi"
2026-04-22T16:28:04,shellyazplug-node/debug/log,157,"shellyazplug-e4b323337220 4674 33817.217 1|shelly_notification:163 Status change of switch:0: {""id"":0,""apower"":0,""curren"
2026-04-22T16:28:04,shellyazplug-node/rpc,85,"{""id"": 1, ""src"": ""attacker"", ""method"": ""Switch.Set"", ""params"": {""id"": 0, ""on"": true}}"
2026-04-22T16:28:04,attacker/rpc,85,"{""id"":1,""src"":""shellyazplug-e4b323337220"",""dst"":""attacker"",""result"":{""was_on"":false}}"
2026-04-22T16:28:04,shellyazplug-node/debug/log,88,"shellyazplug-e4b323337220 4675 33817.698 1|shos_rpc_inst.c:230     Switch.Set via MQTT 
"
2026-04-22T16:28:04,iot/mq/debug,50,[0;36m[D][sensor:124]: 'Gas Sensor' >> 0.56 V[0m
2026-04-22T16:28:04,shellyazplug-node/status/switch:0,199,"{""id"":0, ""source"":""MQTT"", ""output"":true, ""apower"":0.0, ""voltage"":230.8, ""freq"":50.0, ""current"":0.000, ""aenergy"":{""total"""
2026-04-22T16:28:04,shellyazplug-node/events/rpc,167,"{""src"":""shellyazplug-e4b323337220"",""dst"":""shellyazplug-node/events"",""method"":""NotifyStatus"",""params"":{""ts"":33817.70,""swi"
2026-04-22T16:28:04,iot/mq/sensor/gas_sensor/state,4,0.56
2026-04-22T16:28:04,shellyazplug-node/debug/log,133,"shellyazplug-e4b323337220 4676 33817.714 1|shelly_notification:163 Status change of switch:0: {""id"":0,""output"":true,""sou"
2026-04-22T16:28:05,shellyazplug-node/rpc,86,"{""id"": 1, ""src"": ""attacker"", ""method"": ""Switch.Set"", ""params"": {""id"": 0, ""on"": false}}"
2026-04-22T16:28:05,attacker/rpc,84,"{""id"":1,""src"":""shellyazplug-e4b323337220"",""dst"":""attacker"",""result"":{""was_on"":true}}"
2026-04-22T16:28:05,shellyazplug-node/debug/log,88,"shellyazplug-e4b323337220 4677 33818.199 1|shos_rpc_inst.c:230     Switch.Set via MQTT 
"
2026-04-22T16:28:05,shellyazplug-node/status/switch:0,200,"{""id"":0, ""source"":""MQTT"", ""output"":false, ""apower"":0.0, ""voltage"":230.8, ""freq"":50.0, ""current"":0.000, ""aenergy"":{""total"
2026-04-22T16:28:05,shellyazplug-node/events/rpc,191,"{""src"":""shellyazplug-e4b323337220"",""dst"":""shellyazplug-node/events"",""method"":""NotifyStatus"",""params"":{""ts"":33818.20,""swi"
2026-04-22T16:28:05,shellyazplug-node/debug/log,157,"shellyazplug-e4b323337220 4678 33818.217 1|shelly_notification:163 Status change of switch:0: {""id"":0,""apower"":0,""curren"
2026-04-22T16:28:05,shellyazplug-node/rpc,85,"{""id"": 1, ""src"": ""attacker"", ""method"": ""Switch.Set"", ""params"": {""id"": 0, ""on"": true}}"
2026-04-22T16:28:05,attacker/rpc,85,"{""id"":1,""src"":""shellyazplug-e4b323337220"",""dst"":""attacker"",""result"":{""was_on"":false}}"
2026-04-22T16:28:05,shellyazplug-node/debug/log,88,"shellyazplug-e4b323337220 4679 33818.702 1|shos_rpc_inst.c:230     Switch.Set via MQTT 
"
2026-04-22T16:28:05,shellyazplug-node/status/switch:0,199,"{""id"":0, ""source"":""MQTT"", ""output"":true, ""apower"":0.0, ""voltage"":230.9, ""freq"":50.0, ""current"":0.000, ""aenergy"":{""total"""
2026-04-22T16:28:05,shellyazplug-node/events/rpc,167,"{""src"":""shellyazplug-e4b323337220"",""dst"":""shellyazplug-node/events"",""method"":""NotifyStatus"",""params"":{""ts"":33818.70,""swi"
2026-04-22T16:28:05,shellyazplug-node/debug/log,133,"shellyazplug-e4b323337220 4680 33818.719 1|shelly_notification:163 Status change of switch:0: {""id"":0,""output"":true,""sou"
2026-04-22T16:28:06,shellyazplug-node/rpc,86,"{""id"": 1, ""src"": ""attacker"", ""method"": ""Switch.Set"", ""params"": {""id"": 0, ""on"": false}}"
2026-04-22T16:28:06,attacker/rpc,84,"{""id"":1,""src"":""shellyazplug-e4b323337220"",""dst"":""attacker"",""result"":{""was_on"":true}}"
2026-04-22T16:28:06,shellyazplug-node/debug/log,88,"shellyazplug-e4b323337220 4681 33819.200 1|shos_rpc_inst.c:230     Switch.Set via MQTT 
"
2026-04-22T16:28:06,shellyazplug-node/status/switch:0,200,"{""id"":0, ""source"":""MQTT"", ""output"":false, ""apower"":0.0, ""voltage"":230.9, ""freq"":50.0, ""current"":0.000, ""aenergy"":{""total"
2026-04-22T16:28:06,shellyazplug-node/events/rpc,191,"{""src"":""shellyazplug-e4b323337220"",""dst"":""shellyazplug-node/events"",""method"":""NotifyStatus"",""params"":{""ts"":33819.20,""swi"
2026-04-22T16:28:06,shellyazplug-node/debug/log,157,"shellyazplug-e4b323337220 4682 33819.218 1|shelly_notification:163 Status change of switch:0: {""id"":0,""apower"":0,""curren"
2026-04-22T16:28:06,iot/dht11/debug,59,[0;36m[D][dht:048]: Temperature 24.9°C Humidity 39.0%[0m
2026-04-22T16:28:06,iot/dht11/debug,53,[0;36m[D][sensor:124]: 'Temperature' >> 24.9 °C[0m
2026-04-22T16:28:06,iot/dht11/sensor/temperature/state,4,24.9
2026-04-22T16:28:06,iot/dht11/debug,46,[0;36m[D][sensor:124]: 'Humidity' >> 39 %[0m
2026-04-22T16:28:06,iot/dht11/sensor/humidity/state,2,39
2026-04-22T16:28:06,shellyazplug-node/rpc,85,"{""id"": 1, ""src"": ""attacker"", ""method"": ""Switch.Set"", ""params"": {""id"": 0, ""on"": true}}"
2026-04-22T16:28:06,attacker/rpc,85,"{""id"":1,""src"":""shellyazplug-e4b323337220"",""dst"":""attacker"",""result"":{""was_on"":false}}"
2026-04-22T16:28:06,shellyazplug-node/debug/log,88,"shellyazplug-e4b323337220 4683 33819.700 1|shos_rpc_inst.c:230     Switch.Set via MQTT 
"
2026-04-22T16:28:06,shellyazplug-node/status/switch:0,199,"{""id"":0, ""source"":""MQTT"", ""output"":true, ""apower"":0.0, ""voltage"":231.0, ""freq"":50.0, ""current"":0.000, ""aenergy"":{""total"""
2026-04-22T16:28:06,shellyazplug-node/events/rpc,167,"{""src"":""shellyazplug-e4b323337220"",""dst"":""shellyazplug-node/events"",""method"":""NotifyStatus"",""params"":{""ts"":33819.70,""swi"
2026-04-22T16:28:06,shellyazplug-node/debug/log,133,"shellyazplug-e4b323337220 4684 33819.717 1|shelly_notification:163 Status change of switch:0: {""id"":0,""output"":true,""sou"
2026-04-22T16:28:07,shellyazplug-node/rpc,86,"{""id"": 1, ""src"": ""attacker"", ""method"": ""Switch.Set"", ""params"": {""id"": 0, ""on"": false}}"
2026-04-22T16:28:07,attacker/rpc,84,"{""id"":1,""src"":""shellyazplug-e4b323337220"",""dst"":""attacker"",""result"":{""was_on"":true}}"
2026-04-22T16:28:07,shellyazplug-node/debug/log,88,"shellyazplug-e4b323337220 4685 33820.204 1|shos_rpc_inst.c:230     Switch.Set via MQTT 
"
2026-04-22T16:28:07,shellyazplug-node/status/switch:0,200,"{""id"":0, ""source"":""MQTT"", ""output"":false, ""apower"":0.0, ""voltage"":231.0, ""freq"":50.0, ""current"":0.000, ""aenergy"":{""total"
2026-04-22T16:28:07,shellyazplug-node/events/rpc,191,"{""src"":""shellyazplug-e4b323337220"",""dst"":""shellyazplug-node/events"",""method"":""NotifyStatus"",""params"":{""ts"":33820.20,""swi"
2026-04-22T16:28:07,shellyazplug-node/debug/log,157,"shellyazplug-e4b323337220 4686 33820.224 1|shelly_notification:163 Status change of switch:0: {""id"":0,""apower"":0,""curren"
2026-04-22T16:28:07,shellyazplug-node/rpc,85,"{""id"": 1, ""src"": ""attacker"", ""method"": ""Switch.Set"", ""params"": {""id"": 0, ""on"": true}}"
2026-04-22T16:28:07,attacker/rpc,85,"{""id"":1,""src"":""shellyazplug-e4b323337220"",""dst"":""attacker"",""result"":{""was_on"":false}}"
2026-04-22T16:28:07,shellyazplug-node/debug/log,88,"shellyazplug-e4b323337220 4687 33820.702 1|shos_rpc_inst.c:230     Switch.Set via MQTT 
"
2026-04-22T16:28:07,shellyazplug-node/status/switch:0,199,"{""id"":0, ""source"":""MQTT"", ""output"":true, ""apower"":0.0, ""voltage"":230.9, ""freq"":50.0, ""current"":0.000, ""aenergy"":{""total"""
2026-04-22T16:28:07,shellyazplug-node/events/rpc,167,"{""src"":""shellyazplug-e4b323337220"",""dst"":""shellyazplug-node/events"",""method"":""NotifyStatus"",""params"":{""ts"":33820.70,""swi"
2026-04-22T16:28:07,shellyazplug-node/debug/log,133,"shellyazplug-e4b323337220 4688 33820.719 1|shelly_notification:163 Status change of switch:0: {""id"":0,""output"":true,""sou"
2026-04-22T16:28:08,shellyazplug-node/rpc,86,"{""id"": 1, ""src"": ""attacker"", ""method"": ""Switch.Set"", ""params"": {""id"": 0, ""on"": false}}"
2026-04-22T16:28:08,attacker/rpc,84,"{""id"":1,""src"":""shellyazplug-e4b323337220"",""dst"":""attacker"",""result"":{""was_on"":true}}"
2026-04-22T16:28:08,shellyazplug-node/debug/log,88,"shellyazplug-e4b323337220 4689 33821.202 1|shos_rpc_inst.c:230     Switch.Set via MQTT 
"
2026-04-22T16:28:08,shellyazplug-node/status/switch:0,200,"{""id"":0, ""source"":""MQTT"", ""output"":false, ""apower"":0.0, ""voltage"":230.9, ""freq"":50.0, ""current"":0.000, ""aenergy"":{""total"
2026-04-22T16:28:08,shellyazplug-node/events/rpc,191,"{""src"":""shellyazplug-e4b323337220"",""dst"":""shellyazplug-node/events"",""method"":""NotifyStatus"",""params"":{""ts"":33821.20,""swi"
2026-04-22T16:28:08,shellyazplug-node/debug/log,157,"shellyazplug-e4b323337220 4690 33821.221 1|shelly_notification:163 Status change of switch:0: {""id"":0,""apower"":0,""curren"
2026-04-22T16:28:08,shellyazplug-node/rpc,85,"{""id"": 1, ""src"": ""attacker"", ""method"": ""Switch.Set"", ""params"": {""id"": 0, ""on"": true}}"
2026-04-22T16:28:08,attacker/rpc,85,"{""id"":1,""src"":""shellyazplug-e4b323337220"",""dst"":""attacker"",""result"":{""was_on"":false}}"
2026-04-22T16:28:08,shellyazplug-node/debug/log,88,"shellyazplug-e4b323337220 4691 33821.703 1|shos_rpc_inst.c:230     Switch.Set via MQTT 
"
2026-04-22T16:28:08,shellyazplug-node/status/switch:0,199,"{""id"":0, ""source"":""MQTT"", ""output"":true, ""apower"":0.0, ""voltage"":230.9, ""freq"":50.0, ""current"":0.000, ""aenergy"":{""total"""
2026-04-22T16:28:08,shellyazplug-node/events/rpc,167,"{""src"":""shellyazplug-e4b323337220"",""dst"":""shellyazplug-node/events"",""method"":""NotifyStatus"",""params"":{""ts"":33821.70,""swi"
2026-04-22T16:28:08,shellyazplug-node/debug/log,133,"shellyazplug-e4b323337220 4692 33821.719 1|shelly_notification:163 Status change of switch:0: {""id"":0,""output"":true,""sou"
2026-04-22T16:28:09,shellyazplug-node/rpc,86,"{""id"": 1, ""src"": ""attacker"", ""method"": ""Switch.Set"", ""params"": {""id"": 0, ""on"": false}}"
2026-04-22T16:28:09,attacker/rpc,84,"{""id"":1,""src"":""shellyazplug-e4b323337220"",""dst"":""attacker"",""result"":{""was_on"":true}}"
2026-04-22T16:28:09,shellyazplug-node/debug/log,88,"shellyazplug-e4b323337220 4693 33822.203 1|shos_rpc_inst.c:230     Switch.Set via MQTT 
"
2026-04-22T16:28:09,shellyazplug-node/status/switch:0,200,"{""id"":0, ""source"":""MQTT"", ""output"":false, ""apower"":0.0, ""voltage"":230.9, ""freq"":50.0, ""current"":0.000, ""aenergy"":{""total"
2026-04-22T16:28:09,shellyazplug-node/events/rpc,191,"{""src"":""shellyazplug-e4b323337220"",""dst"":""shellyazplug-node/events"",""method"":""NotifyStatus"",""params"":{""ts"":33822.20,""swi"
2026-04-22T16:28:09,shellyazplug-node/debug/log,157,"shellyazplug-e4b323337220 4694 33822.222 1|shelly_notification:163 Status change of switch:0: {""id"":0,""apower"":0,""curren"
2026-04-22T16:28:09,shellyazplug-node/rpc,85,"{""id"": 1, ""src"": ""attacker"", ""method"": ""Switch.Set"", ""params"": {""id"": 0, ""on"": true}}"
2026-04-22T16:28:09,attacker/rpc,85,"{""id"":1,""src"":""shellyazplug-e4b323337220"",""dst"":""attacker"",""result"":{""was_on"":false}}"
2026-04-22T16:28:09,shellyazplug-node/debug/log,88,"shellyazplug-e4b323337220 4695 33822.705 1|shos_rpc_inst.c:230     Switch.Set via MQTT 
"
2026-04-22T16:28:09,iot/mq/debug,50,[0;36m[D][sensor:124]: 'Gas Sensor' >> 0.56 V[0m
2026-04-22T16:28:09,iot/mq/sensor/gas_sensor/state,4,0.56
2026-04-22T16:28:09,shellyazplug-node/status/switch:0,199,"{""id"":0, ""source"":""MQTT"", ""output"":true, ""apower"":0.0, ""voltage"":230.9, ""freq"":50.0, ""current"":0.000, ""aenergy"":{""total"""
2026-04-22T16:28:09,shellyazplug-node/events/rpc,167,"{""src"":""shellyazplug-e4b323337220"",""dst"":""shellyazplug-node/events"",""method"":""NotifyStatus"",""params"":{""ts"":33822.70,""swi"
2026-04-22T16:28:09,shellyazplug-node/debug/log,133,"shellyazplug-e4b323337220 4696 33822.721 1|shelly_notification:163 Status change of switch:0: {""id"":0,""output"":true,""sou"
2026-04-22T16:28:10,shellyazplug-node/rpc,86,"{""id"": 1, ""src"": ""attacker"", ""method"": ""Switch.Set"", ""params"": {""id"": 0, ""on"": false}}"
2026-04-22T16:28:10,attacker/rpc,84,"{""id"":1,""src"":""shellyazplug-e4b323337220"",""dst"":""attacker"",""result"":{""was_on"":true}}"
2026-04-22T16:28:10,shellyazplug-node/debug/log,88,"shellyazplug-e4b323337220 4697 33823.207 1|shos_rpc_inst.c:230     Switch.Set via MQTT 
"
2026-04-22T16:28:10,shellyazplug-node/status/switch:0,200,"{""id"":0, ""source"":""MQTT"", ""output"":false, ""apower"":0.0, ""voltage"":230.9, ""freq"":50.0, ""current"":0.000, ""aenergy"":{""total"
2026-04-22T16:28:10,shellyazplug-node/events/rpc,191,"{""src"":""shellyazplug-e4b323337220"",""dst"":""shellyazplug-node/events"",""method"":""NotifyStatus"",""params"":{""ts"":33823.20,""swi"
2026-04-22T16:28:10,shellyazplug-node/debug/log,157,"shellyazplug-e4b323337220 4698 33823.226 1|shelly_notification:163 Status change of switch:0: {""id"":0,""apower"":0,""curren"
2026-04-22T16:28:10,shellyazplug-node/rpc,85,"{""id"": 1, ""src"": ""attacker"", ""method"": ""Switch.Set"", ""params"": {""id"": 0, ""on"": true}}"
2026-04-22T16:28:10,attacker/rpc,85,"{""id"":1,""src"":""shellyazplug-e4b323337220"",""dst"":""attacker"",""result"":{""was_on"":false}}"
2026-04-22T16:28:10,shellyazplug-node/debug/log,88,"shellyazplug-e4b323337220 4699 33823.705 1|shos_rpc_inst.c:230     Switch.Set via MQTT 
"
2026-04-22T16:28:10,shellyazplug-node/status/switch:0,199,"{""id"":0, ""source"":""MQTT"", ""output"":true, ""apower"":0.0, ""voltage"":230.7, ""freq"":50.0, ""current"":0.000, ""aenergy"":{""total"""
2026-04-22T16:28:10,shellyazplug-node/events/rpc,167,"{""src"":""shellyazplug-e4b323337220"",""dst"":""shellyazplug-node/events"",""method"":""NotifyStatus"",""params"":{""ts"":33823.70,""swi"
2026-04-22T16:28:10,shellyazplug-node/debug/log,133,"shellyazplug-e4b323337220 4700 33823.721 1|shelly_notification:163 Status change of switch:0: {""id"":0,""output"":true,""sou"
2026-04-22T16:28:11,shellyazplug-node/rpc,86,"{""id"": 1, ""src"": ""attacker"", ""method"": ""Switch.Set"", ""params"": {""id"": 0, ""on"": false}}"
2026-04-22T16:28:11,attacker/rpc,84,"{""id"":1,""src"":""shellyazplug-e4b323337220"",""dst"":""attacker"",""result"":{""was_on"":true}}"
2026-04-22T16:28:11,shellyazplug-node/debug/log,88,"shellyazplug-e4b323337220 4701 33824.206 1|shos_rpc_inst.c:230     Switch.Set via MQTT 
"
2026-04-22T16:28:11,shellyazplug-node/status/switch:0,200,"{""id"":0, ""source"":""MQTT"", ""output"":false, ""apower"":0.0, ""voltage"":230.7, ""freq"":50.0, ""current"":0.000, ""aenergy"":{""total"
2026-04-22T16:28:11,shellyazplug-node/events/rpc,191,"{""src"":""shellyazplug-e4b323337220"",""dst"":""shellyazplug-node/events"",""method"":""NotifyStatus"",""params"":{""ts"":33824.20,""swi"
2026-04-22T16:28:11,shellyazplug-node/debug/log,157,"shellyazplug-e4b323337220 4702 33824.224 1|shelly_notification:163 Status change of switch:0: {""id"":0,""apower"":0,""curren"
2026-04-22T16:28:11,shellyazplug-node/rpc,85,"{""id"": 1, ""src"": ""attacker"", ""method"": ""Switch.Set"", ""params"": {""id"": 0, ""on"": true}}"
2026-04-22T16:28:11,attacker/rpc,85,"{""id"":1,""src"":""shellyazplug-e4b323337220"",""dst"":""attacker"",""result"":{""was_on"":false}}"
2026-04-22T16:28:11,shellyazplug-node/debug/log,88,"shellyazplug-e4b323337220 4703 33824.711 1|shos_rpc_inst.c:230     Switch.Set via MQTT 
"
2026-04-22T16:28:11,shellyazplug-node/status/switch:0,199,"{""id"":0, ""source"":""MQTT"", ""output"":true, ""apower"":0.0, ""voltage"":230.8, ""freq"":50.0, ""current"":0.000, ""aenergy"":{""total"""
2026-04-22T16:28:11,shellyazplug-node/events/rpc,167,"{""src"":""shellyazplug-e4b323337220"",""dst"":""shellyazplug-node/events"",""method"":""NotifyStatus"",""params"":{""ts"":33824.71,""swi"
2026-04-22T16:28:11,shellyazplug-node/debug/log,133,"shellyazplug-e4b323337220 4704 33824.727 1|shelly_notification:163 Status change of switch:0: {""id"":0,""output"":true,""sou"
2026-04-22T16:28:12,shellyazplug-node/rpc,86,"{""id"": 1, ""src"": ""attacker"", ""method"": ""Switch.Set"", ""params"": {""id"": 0, ""on"": false}}"
2026-04-22T16:28:12,attacker/rpc,84,"{""id"":1,""src"":""shellyazplug-e4b323337220"",""dst"":""attacker"",""result"":{""was_on"":true}}"
2026-04-22T16:28:12,shellyazplug-node/debug/log,88,"shellyazplug-e4b323337220 4705 33825.211 1|shos_rpc_inst.c:230     Switch.Set via MQTT 
"
2026-04-22T16:28:12,shellyazplug-node/status/switch:0,200,"{""id"":0, ""source"":""MQTT"", ""output"":false, ""apower"":0.0, ""voltage"":230.8, ""freq"":50.0, ""current"":0.000, ""aenergy"":{""total"
2026-04-22T16:28:12,shellyazplug-node/events/rpc,191,"{""src"":""shellyazplug-e4b323337220"",""dst"":""shellyazplug-node/events"",""method"":""NotifyStatus"",""params"":{""ts"":33825.21,""swi"
2026-04-22T16:28:12,shellyazplug-node/debug/log,157,"shellyazplug-e4b323337220 4706 33825.229 1|shelly_notification:163 Status change of switch:0: {""id"":0,""apower"":0,""curren"
2026-04-22T16:28:12,shellyazplug-node/rpc,85,"{""id"": 1, ""src"": ""attacker"", ""method"": ""Switch.Set"", ""params"": {""id"": 0, ""on"": true}}"
2026-04-22T16:28:12,attacker/rpc,85,"{""id"":1,""src"":""shellyazplug-e4b323337220"",""dst"":""attacker"",""result"":{""was_on"":false}}"
2026-04-22T16:28:12,shellyazplug-node/debug/log,88,"shellyazplug-e4b323337220 4707 33825.712 1|shos_rpc_inst.c:230     Switch.Set via MQTT 
"
2026-04-22T16:28:12,shellyazplug-node/status/switch:0,199,"{""id"":0, ""source"":""MQTT"", ""output"":true, ""apower"":0.0, ""voltage"":230.8, ""freq"":50.0, ""current"":0.000, ""aenergy"":{""total"""
2026-04-22T16:28:12,shellyazplug-node/events/rpc,167,"{""src"":""shellyazplug-e4b323337220"",""dst"":""shellyazplug-node/events"",""method"":""NotifyStatus"",""params"":{""ts"":33825.71,""swi"
2026-04-22T16:28:12,shellyazplug-node/debug/log,133,"shellyazplug-e4b323337220 4708 33825.728 1|shelly_notification:163 Status change of switch:0: {""id"":0,""output"":true,""sou"
2026-04-22T16:28:13,shellyazplug-node/rpc,86,"{""id"": 1, ""src"": ""attacker"", ""method"": ""Switch.Set"", ""params"": {""id"": 0, ""on"": false}}"
2026-04-22T16:28:13,attacker/rpc,84,"{""id"":1,""src"":""shellyazplug-e4b323337220"",""dst"":""attacker"",""result"":{""was_on"":true}}"
2026-04-22T16:28:13,shellyazplug-node/debug/log,88,"shellyazplug-e4b323337220 4709 33826.211 1|shos_rpc_inst.c:230     Switch.Set via MQTT 
"
2026-04-22T16:28:13,shellyazplug-node/status/switch:0,200,"{""id"":0, ""source"":""MQTT"", ""output"":false, ""apower"":0.0, ""voltage"":230.8, ""freq"":50.0, ""current"":0.000, ""aenergy"":{""total"
2026-04-22T16:28:13,shellyazplug-node/events/rpc,191,"{""src"":""shellyazplug-e4b323337220"",""dst"":""shellyazplug-node/events"",""method"":""NotifyStatus"",""params"":{""ts"":33826.21,""swi"
2026-04-22T16:28:13,shellyazplug-node/debug/log,157,"shellyazplug-e4b323337220 4710 33826.230 1|shelly_notification:163 Status change of switch:0: {""id"":0,""apower"":0,""curren"
2026-04-22T16:28:13,shellyazplug-node/rpc,85,"{""id"": 1, ""src"": ""attacker"", ""method"": ""Switch.Set"", ""params"": {""id"": 0, ""on"": true}}"
2026-04-22T16:28:13,attacker/rpc,85,"{""id"":1,""src"":""shellyazplug-e4b323337220"",""dst"":""attacker"",""result"":{""was_on"":false}}"
2026-04-22T16:28:13,shellyazplug-node/debug/log,88,"shellyazplug-e4b323337220 4711 33826.712 1|shos_rpc_inst.c:230     Switch.Set via MQTT 
"
2026-04-22T16:28:13,shellyazplug-node/status/switch:0,199,"{""id"":0, ""source"":""MQTT"", ""output"":true, ""apower"":0.0, ""voltage"":230.9, ""freq"":50.0, ""current"":0.000, ""aenergy"":{""total"""
2026-04-22T16:28:13,shellyazplug-node/events/rpc,167,"{""src"":""shellyazplug-e4b323337220"",""dst"":""shellyazplug-node/events"",""method"":""NotifyStatus"",""params"":{""ts"":33826.71,""swi"
2026-04-22T16:28:13,shellyazplug-node/debug/log,133,"shellyazplug-e4b323337220 4712 33826.729 1|shelly_notification:163 Status change of switch:0: {""id"":0,""output"":true,""sou"
2026-04-22T16:28:14,shellyazplug-node/rpc,86,"{""id"": 1, ""src"": ""attacker"", ""method"": ""Switch.Set"", ""params"": {""id"": 0, ""on"": false}}"
2026-04-22T16:28:14,attacker/rpc,84,"{""id"":1,""src"":""shellyazplug-e4b323337220"",""dst"":""attacker"",""result"":{""was_on"":true}}"
2026-04-22T16:28:14,shellyazplug-node/debug/log,88,"shellyazplug-e4b323337220 4713 33827.212 1|shos_rpc_inst.c:230     Switch.Set via MQTT 
"
2026-04-22T16:28:14,shellyazplug-node/status/switch:0,200,"{""id"":0, ""source"":""MQTT"", ""output"":false, ""apower"":0.0, ""voltage"":230.9, ""freq"":50.0, ""current"":0.000, ""aenergy"":{""total"
2026-04-22T16:28:14,shellyazplug-node/events/rpc,191,"{""src"":""shellyazplug-e4b323337220"",""dst"":""shellyazplug-node/events"",""method"":""NotifyStatus"",""params"":{""ts"":33827.21,""swi"
2026-04-22T16:28:14,shellyazplug-node/debug/log,157,"shellyazplug-e4b323337220 4714 33827.231 1|shelly_notification:163 Status change of switch:0: {""id"":0,""apower"":0,""curren"
2026-04-22T16:28:14,shellyazplug-node/rpc,85,"{""id"": 1, ""src"": ""attacker"", ""method"": ""Switch.Set"", ""params"": {""id"": 0, ""on"": true}}"
2026-04-22T16:28:14,attacker/rpc,85,"{""id"":1,""src"":""shellyazplug-e4b323337220"",""dst"":""attacker"",""result"":{""was_on"":false}}"
2026-04-22T16:28:14,shellyazplug-node/debug/log,88,"shellyazplug-e4b323337220 4715 33827.713 1|shos_rpc_inst.c:230     Switch.Set via MQTT 
"
2026-04-22T16:28:14,iot/mq/debug,50,[0;36m[D][sensor:124]: 'Gas Sensor' >> 0.56 V[0m
2026-04-22T16:28:14,shellyazplug-node/status/switch:0,199,"{""id"":0, ""source"":""MQTT"", ""output"":true, ""apower"":0.0, ""voltage"":230.8, ""freq"":50.0, ""current"":0.000, ""aenergy"":{""total"""
2026-04-22T16:28:14,shellyazplug-node/events/rpc,167,"{""src"":""shellyazplug-e4b323337220"",""dst"":""shellyazplug-node/events"",""method"":""NotifyStatus"",""params"":{""ts"":33827.71,""swi"
2026-04-22T16:28:14,iot/mq/sensor/gas_sensor/state,4,0.56
2026-04-22T16:28:14,shellyazplug-node/debug/log,133,"shellyazplug-e4b323337220 4716 33827.729 1|shelly_notification:163 Status change of switch:0: {""id"":0,""output"":true,""sou"
2026-04-22T16:28:15,shellyazplug-node/rpc,86,"{""id"": 1, ""src"": ""attacker"", ""method"": ""Switch.Set"", ""params"": {""id"": 0, ""on"": false}}"
2026-04-22T16:28:15,attacker/rpc,84,"{""id"":1,""src"":""shellyazplug-e4b323337220"",""dst"":""attacker"",""result"":{""was_on"":true}}"
2026-04-22T16:28:15,shellyazplug-node/debug/log,88,"shellyazplug-e4b323337220 4717 33828.214 1|shos_rpc_inst.c:230     Switch.Set via MQTT 
"
2026-04-22T16:28:15,shellyazplug-node/status/switch:0,200,"{""id"":0, ""source"":""MQTT"", ""output"":false, ""apower"":0.0, ""voltage"":230.8, ""freq"":50.0, ""current"":0.000, ""aenergy"":{""total"
2026-04-22T16:28:15,shellyazplug-node/events/rpc,191,"{""src"":""shellyazplug-e4b323337220"",""dst"":""shellyazplug-node/events"",""method"":""NotifyStatus"",""params"":{""ts"":33828.21,""swi"
2026-04-22T16:28:15,shellyazplug-node/debug/log,157,"shellyazplug-e4b323337220 4718 33828.232 1|shelly_notification:163 Status change of switch:0: {""id"":0,""apower"":0,""curren"
2026-04-22T16:28:15,shellyazplug-node/rpc,85,"{""id"": 1, ""src"": ""attacker"", ""method"": ""Switch.Set"", ""params"": {""id"": 0, ""on"": true}}"
2026-04-22T16:28:15,attacker/rpc,85,"{""id"":1,""src"":""shellyazplug-e4b323337220"",""dst"":""attacker"",""result"":{""was_on"":false}}"
2026-04-22T16:28:15,shellyazplug-node/debug/log,88,"shellyazplug-e4b323337220 4719 33828.714 1|shos_rpc_inst.c:230     Switch.Set via MQTT 
"
2026-04-22T16:28:15,shellyazplug-node/status/switch:0,199,"{""id"":0, ""source"":""MQTT"", ""output"":true, ""apower"":0.0, ""voltage"":230.7, ""freq"":50.0, ""current"":0.000, ""aenergy"":{""total"""
2026-04-22T16:28:15,shellyazplug-node/events/rpc,167,"{""src"":""shellyazplug-e4b323337220"",""dst"":""shellyazplug-node/events"",""method"":""NotifyStatus"",""params"":{""ts"":33828.71,""swi"
2026-04-22T16:28:15,shellyazplug-node/debug/log,133,"shellyazplug-e4b323337220 4720 33828.731 1|shelly_notification:163 Status change of switch:0: {""id"":0,""output"":true,""sou"
2026-04-22T16:28:16,shellyazplug-node/rpc,86,"{""id"": 1, ""src"": ""attacker"", ""method"": ""Switch.Set"", ""params"": {""id"": 0, ""on"": false}}"
2026-04-22T16:28:16,attacker/rpc,84,"{""id"":1,""src"":""shellyazplug-e4b323337220"",""dst"":""attacker"",""result"":{""was_on"":true}}"
2026-04-22T16:28:16,shellyazplug-node/debug/log,88,"shellyazplug-e4b323337220 4721 33829.218 1|shos_rpc_inst.c:230     Switch.Set via MQTT 
"
2026-04-22T16:28:16,shellyazplug-node/status/switch:0,200,"{""id"":0, ""source"":""MQTT"", ""output"":false, ""apower"":0.0, ""voltage"":230.7, ""freq"":50.0, ""current"":0.000, ""aenergy"":{""total"
2026-04-22T16:28:16,shellyazplug-node/events/rpc,191,"{""src"":""shellyazplug-e4b323337220"",""dst"":""shellyazplug-node/events"",""method"":""NotifyStatus"",""params"":{""ts"":33829.21,""swi"
2026-04-22T16:28:16,shellyazplug-node/debug/log,157,"shellyazplug-e4b323337220 4722 33829.236 1|shelly_notification:163 Status change of switch:0: {""id"":0,""apower"":0,""curren"
2026-04-22T16:28:16,iot/dht11/debug,59,[0;36m[D][dht:048]: Temperature 24.9°C Humidity 39.0%[0m
2026-04-22T16:28:16,iot/dht11/debug,53,[0;36m[D][sensor:124]: 'Temperature' >> 24.9 °C[0m
2026-04-22T16:28:16,iot/dht11/sensor/temperature/state,4,24.9
2026-04-22T16:28:16,iot/dht11/debug,46,[0;36m[D][sensor:124]: 'Humidity' >> 39 %[0m
2026-04-22T16:28:16,iot/dht11/sensor/humidity/state,2,39
2026-04-22T16:28:16,shellyazplug-node/rpc,85,"{""id"": 1, ""src"": ""attacker"", ""method"": ""Switch.Set"", ""params"": {""id"": 0, ""on"": true}}"
2026-04-22T16:28:16,attacker/rpc,85,"{""id"":1,""src"":""shellyazplug-e4b323337220"",""dst"":""attacker"",""result"":{""was_on"":false}}"
2026-04-22T16:28:16,shellyazplug-node/debug/log,88,"shellyazplug-e4b323337220 4723 33829.715 1|shos_rpc_inst.c:230     Switch.Set via MQTT 
"
2026-04-22T16:28:16,shellyazplug-node/status/switch:0,199,"{""id"":0, ""source"":""MQTT"", ""output"":true, ""apower"":0.0, ""voltage"":230.5, ""freq"":50.0, ""current"":0.000, ""aenergy"":{""total"""
2026-04-22T16:28:16,shellyazplug-node/events/rpc,167,"{""src"":""shellyazplug-e4b323337220"",""dst"":""shellyazplug-node/events"",""method"":""NotifyStatus"",""params"":{""ts"":33829.71,""swi"
2026-04-22T16:28:16,shellyazplug-node/debug/log,133,"shellyazplug-e4b323337220 4724 33829.732 1|shelly_notification:163 Status change of switch:0: {""id"":0,""output"":true,""sou"
2026-04-22T16:28:17,shellyazplug-node/rpc,86,"{""id"": 1, ""src"": ""attacker"", ""method"": ""Switch.Set"", ""params"": {""id"": 0, ""on"": false}}"
2026-04-22T16:28:17,attacker/rpc,84,"{""id"":1,""src"":""shellyazplug-e4b323337220"",""dst"":""attacker"",""result"":{""was_on"":true}}"
2026-04-22T16:28:17,shellyazplug-node/debug/log,88,"shellyazplug-e4b323337220 4725 33830.216 1|shos_rpc_inst.c:230     Switch.Set via MQTT 
"
2026-04-22T16:28:17,shellyazplug-node/status/switch:0,200,"{""id"":0, ""source"":""MQTT"", ""output"":false, ""apower"":0.0, ""voltage"":230.5, ""freq"":50.0, ""current"":0.000, ""aenergy"":{""total"
2026-04-22T16:28:17,shellyazplug-node/events/rpc,191,"{""src"":""shellyazplug-e4b323337220"",""dst"":""shellyazplug-node/events"",""method"":""NotifyStatus"",""params"":{""ts"":33830.21,""swi"
2026-04-22T16:28:17,shellyazplug-node/debug/log,157,"shellyazplug-e4b323337220 4726 33830.234 1|shelly_notification:163 Status change of switch:0: {""id"":0,""apower"":0,""curren"
2026-04-22T16:28:17,shellyazplug-node/rpc,85,"{""id"": 1, ""src"": ""attacker"", ""method"": ""Switch.Set"", ""params"": {""id"": 0, ""on"": true}}"
2026-04-22T16:28:17,attacker/rpc,85,"{""id"":1,""src"":""shellyazplug-e4b323337220"",""dst"":""attacker"",""result"":{""was_on"":false}}"
2026-04-22T16:28:17,shellyazplug-node/debug/log,88,"shellyazplug-e4b323337220 4727 33830.716 1|shos_rpc_inst.c:230     Switch.Set via MQTT 
"
2026-04-22T16:28:17,shellyazplug-node/status/switch:0,199,"{""id"":0, ""source"":""MQTT"", ""output"":true, ""apower"":0.0, ""voltage"":230.6, ""freq"":50.0, ""current"":0.000, ""aenergy"":{""total"""
2026-04-22T16:28:17,shellyazplug-node/events/rpc,167,"{""src"":""shellyazplug-e4b323337220"",""dst"":""shellyazplug-node/events"",""method"":""NotifyStatus"",""params"":{""ts"":33830.71,""swi"
2026-04-22T16:28:17,shellyazplug-node/debug/log,133,"shellyazplug-e4b323337220 4728 33830.733 1|shelly_notification:163 Status change of switch:0: {""id"":0,""output"":true,""sou"
2026-04-22T16:28:18,shellyazplug-node/rpc,86,"{""id"": 1, ""src"": ""attacker"", ""method"": ""Switch.Set"", ""params"": {""id"": 0, ""on"": false}}"
2026-04-22T16:28:18,attacker/rpc,84,"{""id"":1,""src"":""shellyazplug-e4b323337220"",""dst"":""attacker"",""result"":{""was_on"":true}}"
2026-04-22T16:28:18,shellyazplug-node/debug/log,88,"shellyazplug-e4b323337220 4729 33831.217 1|shos_rpc_inst.c:230     Switch.Set via MQTT 
"
2026-04-22T16:28:18,shellyazplug-node/status/switch:0,200,"{""id"":0, ""source"":""MQTT"", ""output"":false, ""apower"":0.0, ""voltage"":230.6, ""freq"":50.0, ""current"":0.000, ""aenergy"":{""total"
2026-04-22T16:28:18,shellyazplug-node/events/rpc,191,"{""src"":""shellyazplug-e4b323337220"",""dst"":""shellyazplug-node/events"",""method"":""NotifyStatus"",""params"":{""ts"":33831.21,""swi"
2026-04-22T16:28:18,shellyazplug-node/debug/log,157,"shellyazplug-e4b323337220 4730 33831.235 1|shelly_notification:163 Status change of switch:0: {""id"":0,""apower"":0,""curren"
2026-04-22T16:28:18,shellyazplug-node/rpc,85,"{""id"": 1, ""src"": ""attacker"", ""method"": ""Switch.Set"", ""params"": {""id"": 0, ""on"": true}}"
2026-04-22T16:28:18,attacker/rpc,85,"{""id"":1,""src"":""shellyazplug-e4b323337220"",""dst"":""attacker"",""result"":{""was_on"":false}}"
2026-04-22T16:28:18,shellyazplug-node/debug/log,88,"shellyazplug-e4b323337220 4731 33831.717 1|shos_rpc_inst.c:230     Switch.Set via MQTT 
"
2026-04-22T16:28:18,shellyazplug-node/status/switch:0,199,"{""id"":0, ""source"":""MQTT"", ""output"":true, ""apower"":0.0, ""voltage"":230.7, ""freq"":50.0, ""current"":0.000, ""aenergy"":{""total"""
2026-04-22T16:28:18,shellyazplug-node/events/rpc,167,"{""src"":""shellyazplug-e4b323337220"",""dst"":""shellyazplug-node/events"",""method"":""NotifyStatus"",""params"":{""ts"":33831.71,""swi"
2026-04-22T16:28:18,shellyazplug-node/debug/log,133,"shellyazplug-e4b323337220 4732 33831.733 1|shelly_notification:163 Status change of switch:0: {""id"":0,""output"":true,""sou"
2026-04-22T16:28:19,shellyazplug-node/rpc,86,"{""id"": 1, ""src"": ""attacker"", ""method"": ""Switch.Set"", ""params"": {""id"": 0, ""on"": false}}"
2026-04-22T16:28:19,attacker/rpc,84,"{""id"":1,""src"":""shellyazplug-e4b323337220"",""dst"":""attacker"",""result"":{""was_on"":true}}"
2026-04-22T16:28:19,shellyazplug-node/debug/log,88,"shellyazplug-e4b323337220 4733 33832.219 1|shos_rpc_inst.c:230     Switch.Set via MQTT 
"
2026-04-22T16:28:19,shellyazplug-node/status/switch:0,200,"{""id"":0, ""source"":""MQTT"", ""output"":false, ""apower"":0.0, ""voltage"":230.7, ""freq"":50.0, ""current"":0.000, ""aenergy"":{""total"
2026-04-22T16:28:19,shellyazplug-node/events/rpc,191,"{""src"":""shellyazplug-e4b323337220"",""dst"":""shellyazplug-node/events"",""method"":""NotifyStatus"",""params"":{""ts"":33832.22,""swi"
2026-04-22T16:28:19,shellyazplug-node/debug/log,157,"shellyazplug-e4b323337220 4734 33832.238 1|shelly_notification:163 Status change of switch:0: {""id"":0,""apower"":0,""curren"
2026-04-22T16:28:19,shellyazplug-node/rpc,85,"{""id"": 1, ""src"": ""attacker"", ""method"": ""Switch.Set"", ""params"": {""id"": 0, ""on"": true}}"
2026-04-22T16:28:19,attacker/rpc,85,"{""id"":1,""src"":""shellyazplug-e4b323337220"",""dst"":""attacker"",""result"":{""was_on"":false}}"
2026-04-22T16:28:19,iot/mq/debug,50,[0;36m[D][sensor:124]: 'Gas Sensor' >> 0.56 V[0m
2026-04-22T16:28:19,shellyazplug-node/debug/log,88,"shellyazplug-e4b323337220 4735 33832.718 1|shos_rpc_inst.c:230     Switch.Set via MQTT 
"
2026-04-22T16:28:19,iot/mq/sensor/gas_sensor/state,4,0.56
2026-04-22T16:28:19,shellyazplug-node/status/switch:0,199,"{""id"":0, ""source"":""MQTT"", ""output"":true, ""apower"":0.0, ""voltage"":230.8, ""freq"":50.0, ""current"":0.000, ""aenergy"":{""total"""
2026-04-22T16:28:19,shellyazplug-node/events/rpc,167,"{""src"":""shellyazplug-e4b323337220"",""dst"":""shellyazplug-node/events"",""method"":""NotifyStatus"",""params"":{""ts"":33832.72,""swi"
2026-04-22T16:28:19,shellyazplug-node/debug/log,133,"shellyazplug-e4b323337220 4736 33832.735 1|shelly_notification:163 Status change of switch:0: {""id"":0,""output"":true,""sou"
2026-04-22T16:28:20,shellyazplug-node/rpc,86,"{""id"": 1, ""src"": ""attacker"", ""method"": ""Switch.Set"", ""params"": {""id"": 0, ""on"": false}}"
2026-04-22T16:28:20,attacker/rpc,84,"{""id"":1,""src"":""shellyazplug-e4b323337220"",""dst"":""attacker"",""result"":{""was_on"":true}}"
2026-04-22T16:28:20,shellyazplug-node/debug/log,88,"shellyazplug-e4b323337220 4737 33833.218 1|shos_rpc_inst.c:230     Switch.Set via MQTT 
"
2026-04-22T16:28:20,shellyazplug-node/status/switch:0,200,"{""id"":0, ""source"":""MQTT"", ""output"":false, ""apower"":0.0, ""voltage"":230.8, ""freq"":50.0, ""current"":0.000, ""aenergy"":{""total"
2026-04-22T16:28:20,shellyazplug-node/events/rpc,191,"{""src"":""shellyazplug-e4b323337220"",""dst"":""shellyazplug-node/events"",""method"":""NotifyStatus"",""params"":{""ts"":33833.21,""swi"
2026-04-22T16:28:20,shellyazplug-node/debug/log,157,"shellyazplug-e4b323337220 4738 33833.237 1|shelly_notification:163 Status change of switch:0: {""id"":0,""apower"":0,""curren"
2026-04-22T16:28:20,shellyazplug-node/rpc,85,"{""id"": 1, ""src"": ""attacker"", ""method"": ""Switch.Set"", ""params"": {""id"": 0, ""on"": true}}"
2026-04-22T16:28:20,attacker/rpc,85,"{""id"":1,""src"":""shellyazplug-e4b323337220"",""dst"":""attacker"",""result"":{""was_on"":false}}"
2026-04-22T16:28:20,shellyazplug-node/debug/log,88,"shellyazplug-e4b323337220 4739 33833.722 1|shos_rpc_inst.c:230     Switch.Set via MQTT 
"
2026-04-22T16:28:20,shellyazplug-node/status/switch:0,199,"{""id"":0, ""source"":""MQTT"", ""output"":true, ""apower"":0.0, ""voltage"":230.8, ""freq"":50.0, ""current"":0.000, ""aenergy"":{""total"""
2026-04-22T16:28:20,shellyazplug-node/events/rpc,167,"{""src"":""shellyazplug-e4b323337220"",""dst"":""shellyazplug-node/events"",""method"":""NotifyStatus"",""params"":{""ts"":33833.72,""swi"
2026-04-22T16:28:20,shellyazplug-node/debug/log,133,"shellyazplug-e4b323337220 4740 33833.738 1|shelly_notification:163 Status change of switch:0: {""id"":0,""output"":true,""sou"
2026-04-22T16:28:21,shellyazplug-node/rpc,86,"{""id"": 1, ""src"": ""attacker"", ""method"": ""Switch.Set"", ""params"": {""id"": 0, ""on"": false}}"
2026-04-22T16:28:21,attacker/rpc,84,"{""id"":1,""src"":""shellyazplug-e4b323337220"",""dst"":""attacker"",""result"":{""was_on"":true}}"
2026-04-22T16:28:21,shellyazplug-node/debug/log,88,"shellyazplug-e4b323337220 4741 33834.220 1|shos_rpc_inst.c:230     Switch.Set via MQTT 
"
2026-04-22T16:28:21,shellyazplug-node/status/switch:0,200,"{""id"":0, ""source"":""MQTT"", ""output"":false, ""apower"":0.0, ""voltage"":230.8, ""freq"":50.0, ""current"":0.000, ""aenergy"":{""total"
2026-04-22T16:28:21,shellyazplug-node/events/rpc,191,"{""src"":""shellyazplug-e4b323337220"",""dst"":""shellyazplug-node/events"",""method"":""NotifyStatus"",""params"":{""ts"":33834.22,""swi"
2026-04-22T16:28:21,shellyazplug-node/debug/log,157,"shellyazplug-e4b323337220 4742 33834.238 1|shelly_notification:163 Status change of switch:0: {""id"":0,""apower"":0,""curren"
2026-04-22T16:28:21,shellyazplug-node/rpc,85,"{""id"": 1, ""src"": ""attacker"", ""method"": ""Switch.Set"", ""params"": {""id"": 0, ""on"": true}}"
2026-04-22T16:28:21,attacker/rpc,85,"{""id"":1,""src"":""shellyazplug-e4b323337220"",""dst"":""attacker"",""result"":{""was_on"":false}}"
2026-04-22T16:28:21,shellyazplug-node/debug/log,88,"shellyazplug-e4b323337220 4743 33834.720 1|shos_rpc_inst.c:230     Switch.Set via MQTT 
"
2026-04-22T16:28:21,shellyazplug-node/status/switch:0,199,"{""id"":0, ""source"":""MQTT"", ""output"":true, ""apower"":0.0, ""voltage"":230.7, ""freq"":50.0, ""current"":0.000, ""aenergy"":{""total"""
2026-04-22T16:28:21,shellyazplug-node/events/rpc,167,"{""src"":""shellyazplug-e4b323337220"",""dst"":""shellyazplug-node/events"",""method"":""NotifyStatus"",""params"":{""ts"":33834.72,""swi"
2026-04-22T16:28:21,shellyazplug-node/debug/log,133,"shellyazplug-e4b323337220 4744 33834.737 1|shelly_notification:163 Status change of switch:0: {""id"":0,""output"":true,""sou"
2026-04-22T16:28:22,shellyazplug-node/rpc,86,"{""id"": 1, ""src"": ""attacker"", ""method"": ""Switch.Set"", ""params"": {""id"": 0, ""on"": false}}"
2026-04-22T16:28:22,attacker/rpc,84,"{""id"":1,""src"":""shellyazplug-e4b323337220"",""dst"":""attacker"",""result"":{""was_on"":true}}"
2026-04-22T16:28:22,shellyazplug-node/debug/log,88,"shellyazplug-e4b323337220 4745 33835.221 1|shos_rpc_inst.c:230     Switch.Set via MQTT 
"
2026-04-22T16:28:22,shellyazplug-node/status/switch:0,200,"{""id"":0, ""source"":""MQTT"", ""output"":false, ""apower"":0.0, ""voltage"":230.7, ""freq"":50.0, ""current"":0.000, ""aenergy"":{""total"
2026-04-22T16:28:22,shellyazplug-node/events/rpc,191,"{""src"":""shellyazplug-e4b323337220"",""dst"":""shellyazplug-node/events"",""method"":""NotifyStatus"",""params"":{""ts"":33835.22,""swi"
2026-04-22T16:28:22,shellyazplug-node/debug/log,157,"shellyazplug-e4b323337220 4746 33835.240 1|shelly_notification:163 Status change of switch:0: {""id"":0,""apower"":0,""curren"
2026-04-22T16:28:22,shellyazplug-node/rpc,85,"{""id"": 1, ""src"": ""attacker"", ""method"": ""Switch.Set"", ""params"": {""id"": 0, ""on"": true}}"
2026-04-22T16:28:22,attacker/rpc,85,"{""id"":1,""src"":""shellyazplug-e4b323337220"",""dst"":""attacker"",""result"":{""was_on"":false}}"
2026-04-22T16:28:22,shellyazplug-node/debug/log,88,"shellyazplug-e4b323337220 4747 33835.721 1|shos_rpc_inst.c:230     Switch.Set via MQTT 
"
2026-04-22T16:28:22,shellyazplug-node/status/switch:0,199,"{""id"":0, ""source"":""MQTT"", ""output"":true, ""apower"":0.0, ""voltage"":230.9, ""freq"":50.0, ""current"":0.000, ""aenergy"":{""total"""
2026-04-22T16:28:22,shellyazplug-node/events/rpc,167,"{""src"":""shellyazplug-e4b323337220"",""dst"":""shellyazplug-node/events"",""method"":""NotifyStatus"",""params"":{""ts"":33835.72,""swi"
2026-04-22T16:28:22,shellyazplug-node/debug/log,133,"shellyazplug-e4b323337220 4748 33835.738 1|shelly_notification:163 Status change of switch:0: {""id"":0,""output"":true,""sou"
2026-04-22T16:28:23,shellyazplug-node/rpc,86,"{""id"": 1, ""src"": ""attacker"", ""method"": ""Switch.Set"", ""params"": {""id"": 0, ""on"": false}}"
2026-04-22T16:28:23,attacker/rpc,84,"{""id"":1,""src"":""shellyazplug-e4b323337220"",""dst"":""attacker"",""result"":{""was_on"":true}}"
2026-04-22T16:28:23,shellyazplug-node/debug/log,88,"shellyazplug-e4b323337220 4749 33836.222 1|shos_rpc_inst.c:230     Switch.Set via MQTT 
"
2026-04-22T16:28:23,shellyazplug-node/status/switch:0,200,"{""id"":0, ""source"":""MQTT"", ""output"":false, ""apower"":0.0, ""voltage"":230.9, ""freq"":50.0, ""current"":0.000, ""aenergy"":{""total"
2026-04-22T16:28:23,shellyazplug-node/events/rpc,191,"{""src"":""shellyazplug-e4b323337220"",""dst"":""shellyazplug-node/events"",""method"":""NotifyStatus"",""params"":{""ts"":33836.22,""swi"
2026-04-22T16:28:23,shellyazplug-node/debug/log,157,"shellyazplug-e4b323337220 4750 33836.240 1|shelly_notification:163 Status change of switch:0: {""id"":0,""apower"":0,""curren"
2026-04-22T16:28:23,shellyazplug-node/rpc,85,"{""id"": 1, ""src"": ""attacker"", ""method"": ""Switch.Set"", ""params"": {""id"": 0, ""on"": true}}"
2026-04-22T16:28:23,attacker/rpc,85,"{""id"":1,""src"":""shellyazplug-e4b323337220"",""dst"":""attacker"",""result"":{""was_on"":false}}"
2026-04-22T16:28:23,shellyazplug-node/debug/log,88,"shellyazplug-e4b323337220 4751 33836.725 1|shos_rpc_inst.c:230     Switch.Set via MQTT 
"
2026-04-22T16:28:23,shellyazplug-node/status/switch:0,199,"{""id"":0, ""source"":""MQTT"", ""output"":true, ""apower"":0.0, ""voltage"":230.9, ""freq"":50.0, ""current"":0.000, ""aenergy"":{""total"""
2026-04-22T16:28:23,shellyazplug-node/events/rpc,167,"{""src"":""shellyazplug-e4b323337220"",""dst"":""shellyazplug-node/events"",""method"":""NotifyStatus"",""params"":{""ts"":33836.72,""swi"
2026-04-22T16:28:23,shellyazplug-node/debug/log,133,"shellyazplug-e4b323337220 4752 33836.741 1|shelly_notification:163 Status change of switch:0: {""id"":0,""output"":true,""sou"
2026-04-22T16:28:24,shellyazplug-node/rpc,86,"{""id"": 1, ""src"": ""attacker"", ""method"": ""Switch.Set"", ""params"": {""id"": 0, ""on"": false}}"
2026-04-22T16:28:24,attacker/rpc,84,"{""id"":1,""src"":""shellyazplug-e4b323337220"",""dst"":""attacker"",""result"":{""was_on"":true}}"
2026-04-22T16:28:24,shellyazplug-node/debug/log,88,"shellyazplug-e4b323337220 4753 33837.224 1|shos_rpc_inst.c:230     Switch.Set via MQTT 
"
2026-04-22T16:28:24,shellyazplug-node/status/switch:0,200,"{""id"":0, ""source"":""MQTT"", ""output"":false, ""apower"":0.0, ""voltage"":230.9, ""freq"":50.0, ""current"":0.000, ""aenergy"":{""total"
2026-04-22T16:28:24,shellyazplug-node/events/rpc,191,"{""src"":""shellyazplug-e4b323337220"",""dst"":""shellyazplug-node/events"",""method"":""NotifyStatus"",""params"":{""ts"":33837.22,""swi"
2026-04-22T16:28:24,shellyazplug-node/debug/log,157,"shellyazplug-e4b323337220 4754 33837.243 1|shelly_notification:163 Status change of switch:0: {""id"":0,""apower"":0,""curren"
2026-04-22T16:28:24,shellyazplug-node/rpc,85,"{""id"": 1, ""src"": ""attacker"", ""method"": ""Switch.Set"", ""params"": {""id"": 0, ""on"": true}}"
2026-04-22T16:28:24,attacker/rpc,85,"{""id"":1,""src"":""shellyazplug-e4b323337220"",""dst"":""attacker"",""result"":{""was_on"":false}}"
2026-04-22T16:28:24,iot/mq/debug,50,[0;36m[D][sensor:124]: 'Gas Sensor' >> 0.56 V[0m
2026-04-22T16:28:24,shellyazplug-node/debug/log,88,"shellyazplug-e4b323337220 4755 33837.724 1|shos_rpc_inst.c:230     Switch.Set via MQTT 
"
2026-04-22T16:28:24,iot/mq/sensor/gas_sensor/state,4,0.56
2026-04-22T16:28:24,shellyazplug-node/status/switch:0,199,"{""id"":0, ""source"":""MQTT"", ""output"":true, ""apower"":0.0, ""voltage"":230.8, ""freq"":50.0, ""current"":0.000, ""aenergy"":{""total"""
2026-04-22T16:28:24,shellyazplug-node/events/rpc,167,"{""src"":""shellyazplug-e4b323337220"",""dst"":""shellyazplug-node/events"",""method"":""NotifyStatus"",""params"":{""ts"":33837.72,""swi"
2026-04-22T16:28:24,shellyazplug-node/debug/log,133,"shellyazplug-e4b323337220 4756 33837.741 1|shelly_notification:163 Status change of switch:0: {""id"":0,""output"":true,""sou"
2026-04-22T16:28:25,shellyazplug-node/rpc,86,"{""id"": 1, ""src"": ""attacker"", ""method"": ""Switch.Set"", ""params"": {""id"": 0, ""on"": false}}"
2026-04-22T16:28:25,attacker/rpc,84,"{""id"":1,""src"":""shellyazplug-e4b323337220"",""dst"":""attacker"",""result"":{""was_on"":true}}"
2026-04-22T16:28:25,shellyazplug-node/debug/log,88,"shellyazplug-e4b323337220 4757 33838.226 1|shos_rpc_inst.c:230     Switch.Set via MQTT 
"
2026-04-22T16:28:25,shellyazplug-node/status/switch:0,200,"{""id"":0, ""source"":""MQTT"", ""output"":false, ""apower"":0.0, ""voltage"":230.8, ""freq"":50.0, ""current"":0.000, ""aenergy"":{""total"
2026-04-22T16:28:25,shellyazplug-node/events/rpc,191,"{""src"":""shellyazplug-e4b323337220"",""dst"":""shellyazplug-node/events"",""method"":""NotifyStatus"",""params"":{""ts"":33838.22,""swi"
2026-04-22T16:28:25,shellyazplug-node/debug/log,157,"shellyazplug-e4b323337220 4758 33838.245 1|shelly_notification:163 Status change of switch:0: {""id"":0,""apower"":0,""curren"
2026-04-22T16:28:25,shellyazplug-node/rpc,85,"{""id"": 1, ""src"": ""attacker"", ""method"": ""Switch.Set"", ""params"": {""id"": 0, ""on"": true}}"
2026-04-22T16:28:25,attacker/rpc,85,"{""id"":1,""src"":""shellyazplug-e4b323337220"",""dst"":""attacker"",""result"":{""was_on"":false}}"
2026-04-22T16:28:25,shellyazplug-node/debug/log,88,"shellyazplug-e4b323337220 4759 33838.726 1|shos_rpc_inst.c:230     Switch.Set via MQTT 
"
2026-04-22T16:28:25,shellyazplug-node/status/switch:0,199,"{""id"":0, ""source"":""MQTT"", ""output"":true, ""apower"":0.0, ""voltage"":230.8, ""freq"":50.0, ""current"":0.000, ""aenergy"":{""total"""
2026-04-22T16:28:25,shellyazplug-node/events/rpc,167,"{""src"":""shellyazplug-e4b323337220"",""dst"":""shellyazplug-node/events"",""method"":""NotifyStatus"",""params"":{""ts"":33838.72,""swi"
2026-04-22T16:28:25,shellyazplug-node/debug/log,133,"shellyazplug-e4b323337220 4760 33838.742 1|shelly_notification:163 Status change of switch:0: {""id"":0,""output"":true,""sou"
2026-04-22T16:28:26,shellyazplug-node/rpc,86,"{""id"": 1, ""src"": ""attacker"", ""method"": ""Switch.Set"", ""params"": {""id"": 0, ""on"": false}}"
2026-04-22T16:28:26,attacker/rpc,84,"{""id"":1,""src"":""shellyazplug-e4b323337220"",""dst"":""attacker"",""result"":{""was_on"":true}}"
2026-04-22T16:28:26,shellyazplug-node/debug/log,88,"shellyazplug-e4b323337220 4761 33839.226 1|shos_rpc_inst.c:230     Switch.Set via MQTT 
"
2026-04-22T16:28:26,shellyazplug-node/status/switch:0,200,"{""id"":0, ""source"":""MQTT"", ""output"":false, ""apower"":0.0, ""voltage"":230.8, ""freq"":50.0, ""current"":0.000, ""aenergy"":{""total"
2026-04-22T16:28:26,shellyazplug-node/events/rpc,191,"{""src"":""shellyazplug-e4b323337220"",""dst"":""shellyazplug-node/events"",""method"":""NotifyStatus"",""params"":{""ts"":33839.22,""swi"
2026-04-22T16:28:26,shellyazplug-node/debug/log,157,"shellyazplug-e4b323337220 4762 33839.244 1|shelly_notification:163 Status change of switch:0: {""id"":0,""apower"":0,""curren"
2026-04-22T16:28:26,iot/dht11/debug,59,[0;36m[D][dht:048]: Temperature 24.9°C Humidity 39.0%[0m
2026-04-22T16:28:26,iot/dht11/debug,53,[0;36m[D][sensor:124]: 'Temperature' >> 24.9 °C[0m
2026-04-22T16:28:26,iot/dht11/sensor/temperature/state,4,24.9
2026-04-22T16:28:26,iot/dht11/debug,46,[0;36m[D][sensor:124]: 'Humidity' >> 39 %[0m
2026-04-22T16:28:26,iot/dht11/sensor/humidity/state,2,39
2026-04-22T16:28:26,shellyazplug-node/rpc,85,"{""id"": 1, ""src"": ""attacker"", ""method"": ""Switch.Set"", ""params"": {""id"": 0, ""on"": true}}"
2026-04-22T16:28:26,attacker/rpc,85,"{""id"":1,""src"":""shellyazplug-e4b323337220"",""dst"":""attacker"",""result"":{""was_on"":false}}"
2026-04-22T16:28:26,shellyazplug-node/debug/log,88,"shellyazplug-e4b323337220 4763 33839.727 1|shos_rpc_inst.c:230     Switch.Set via MQTT 
"
2026-04-22T16:28:26,shellyazplug-node/status/switch:0,199,"{""id"":0, ""source"":""MQTT"", ""output"":true, ""apower"":0.0, ""voltage"":230.7, ""freq"":50.0, ""current"":0.000, ""aenergy"":{""total"""
2026-04-22T16:28:26,shellyazplug-node/events/rpc,167,"{""src"":""shellyazplug-e4b323337220"",""dst"":""shellyazplug-node/events"",""method"":""NotifyStatus"",""params"":{""ts"":33839.72,""swi"
2026-04-22T16:28:26,shellyazplug-node/debug/log,133,"shellyazplug-e4b323337220 4764 33839.743 1|shelly_notification:163 Status change of switch:0: {""id"":0,""output"":true,""sou"
2026-04-22T16:28:27,shellyazplug-node/rpc,86,"{""id"": 1, ""src"": ""attacker"", ""method"": ""Switch.Set"", ""params"": {""id"": 0, ""on"": false}}"
2026-04-22T16:28:27,attacker/rpc,84,"{""id"":1,""src"":""shellyazplug-e4b323337220"",""dst"":""attacker"",""result"":{""was_on"":true}}"
2026-04-22T16:28:27,shellyazplug-node/debug/log,88,"shellyazplug-e4b323337220 4765 33840.228 1|shos_rpc_inst.c:230     Switch.Set via MQTT 
"
2026-04-22T16:28:27,shellyazplug-node/status/switch:0,200,"{""id"":0, ""source"":""MQTT"", ""output"":false, ""apower"":0.0, ""voltage"":230.7, ""freq"":50.0, ""current"":0.000, ""aenergy"":{""total"
2026-04-22T16:28:27,shellyazplug-node/events/rpc,191,"{""src"":""shellyazplug-e4b323337220"",""dst"":""shellyazplug-node/events"",""method"":""NotifyStatus"",""params"":{""ts"":33840.22,""swi"
2026-04-22T16:28:27,shellyazplug-node/debug/log,157,"shellyazplug-e4b323337220 4766 33840.246 1|shelly_notification:163 Status change of switch:0: {""id"":0,""apower"":0,""curren"
2026-04-22T16:28:27,shellyazplug-node/rpc,85,"{""id"": 1, ""src"": ""attacker"", ""method"": ""Switch.Set"", ""params"": {""id"": 0, ""on"": true}}"
2026-04-22T16:28:27,attacker/rpc,85,"{""id"":1,""src"":""shellyazplug-e4b323337220"",""dst"":""attacker"",""result"":{""was_on"":false}}"
2026-04-22T16:28:27,shellyazplug-node/debug/log,88,"shellyazplug-e4b323337220 4767 33840.728 1|shos_rpc_inst.c:230     Switch.Set via MQTT 
"
2026-04-22T16:28:27,shellyazplug-node/status/switch:0,199,"{""id"":0, ""source"":""MQTT"", ""output"":true, ""apower"":0.0, ""voltage"":230.7, ""freq"":50.0, ""current"":0.000, ""aenergy"":{""total"""
2026-04-22T16:28:27,shellyazplug-node/events/rpc,167,"{""src"":""shellyazplug-e4b323337220"",""dst"":""shellyazplug-node/events"",""method"":""NotifyStatus"",""params"":{""ts"":33840.72,""swi"
2026-04-22T16:28:27,shellyazplug-node/debug/log,133,"shellyazplug-e4b323337220 4768 33840.744 1|shelly_notification:163 Status change of switch:0: {""id"":0,""output"":true,""sou"
2026-04-22T16:28:28,shellyazplug-node/rpc,86,"{""id"": 1, ""src"": ""attacker"", ""method"": ""Switch.Set"", ""params"": {""id"": 0, ""on"": false}}"
2026-04-22T16:28:28,attacker/rpc,84,"{""id"":1,""src"":""shellyazplug-e4b323337220"",""dst"":""attacker"",""result"":{""was_on"":true}}"
2026-04-22T16:28:28,shellyazplug-node/debug/log,88,"shellyazplug-e4b323337220 4769 33841.231 1|shos_rpc_inst.c:230     Switch.Set via MQTT 
"
2026-04-22T16:28:28,shellyazplug-node/status/switch:0,200,"{""id"":0, ""source"":""MQTT"", ""output"":false, ""apower"":0.0, ""voltage"":230.7, ""freq"":50.0, ""current"":0.000, ""aenergy"":{""total"
2026-04-22T16:28:28,shellyazplug-node/events/rpc,191,"{""src"":""shellyazplug-e4b323337220"",""dst"":""shellyazplug-node/events"",""method"":""NotifyStatus"",""params"":{""ts"":33841.23,""swi"
2026-04-22T16:28:28,shellyazplug-node/debug/log,157,"shellyazplug-e4b323337220 4770 33841.249 1|shelly_notification:163 Status change of switch:0: {""id"":0,""apower"":0,""curren"
2026-04-22T16:28:28,shellyazplug-node/rpc,85,"{""id"": 1, ""src"": ""attacker"", ""method"": ""Switch.Set"", ""params"": {""id"": 0, ""on"": true}}"
2026-04-22T16:28:28,attacker/rpc,85,"{""id"":1,""src"":""shellyazplug-e4b323337220"",""dst"":""attacker"",""result"":{""was_on"":false}}"
2026-04-22T16:28:28,shellyazplug-node/debug/log,88,"shellyazplug-e4b323337220 4771 33841.730 1|shos_rpc_inst.c:230     Switch.Set via MQTT 
"
2026-04-22T16:28:28,shellyazplug-node/status/switch:0,199,"{""id"":0, ""source"":""MQTT"", ""output"":true, ""apower"":0.0, ""voltage"":230.7, ""freq"":50.0, ""current"":0.000, ""aenergy"":{""total"""
2026-04-22T16:28:28,shellyazplug-node/events/rpc,167,"{""src"":""shellyazplug-e4b323337220"",""dst"":""shellyazplug-node/events"",""method"":""NotifyStatus"",""params"":{""ts"":33841.73,""swi"
2026-04-22T16:28:28,shellyazplug-node/debug/log,133,"shellyazplug-e4b323337220 4772 33841.746 1|shelly_notification:163 Status change of switch:0: {""id"":0,""output"":true,""sou"
2026-04-22T16:28:29,shellyazplug-node/rpc,86,"{""id"": 1, ""src"": ""attacker"", ""method"": ""Switch.Set"", ""params"": {""id"": 0, ""on"": false}}"
2026-04-22T16:28:29,attacker/rpc,84,"{""id"":1,""src"":""shellyazplug-e4b323337220"",""dst"":""attacker"",""result"":{""was_on"":true}}"
2026-04-22T16:28:29,shellyazplug-node/debug/log,88,"shellyazplug-e4b323337220 4773 33842.229 1|shos_rpc_inst.c:230     Switch.Set via MQTT 
"
2026-04-22T16:28:29,shellyazplug-node/status/switch:0,200,"{""id"":0, ""source"":""MQTT"", ""output"":false, ""apower"":0.0, ""voltage"":230.7, ""freq"":50.0, ""current"":0.000, ""aenergy"":{""total"
2026-04-22T16:28:29,shellyazplug-node/events/rpc,191,"{""src"":""shellyazplug-e4b323337220"",""dst"":""shellyazplug-node/events"",""method"":""NotifyStatus"",""params"":{""ts"":33842.23,""swi"
2026-04-22T16:28:29,shellyazplug-node/debug/log,157,"shellyazplug-e4b323337220 4774 33842.247 1|shelly_notification:163 Status change of switch:0: {""id"":0,""apower"":0,""curren"
2026-04-22T16:28:29,shellyazplug-node/rpc,85,"{""id"": 1, ""src"": ""attacker"", ""method"": ""Switch.Set"", ""params"": {""id"": 0, ""on"": true}}"
2026-04-22T16:28:29,attacker/rpc,85,"{""id"":1,""src"":""shellyazplug-e4b323337220"",""dst"":""attacker"",""result"":{""was_on"":false}}"
2026-04-22T16:28:29,iot/mq/debug,50,[0;36m[D][sensor:124]: 'Gas Sensor' >> 0.56 V[0m
2026-04-22T16:28:29,shellyazplug-node/debug/log,88,"shellyazplug-e4b323337220 4775 33842.731 1|shos_rpc_inst.c:230     Switch.Set via MQTT 
"
2026-04-22T16:28:29,iot/mq/sensor/gas_sensor/state,4,0.56
2026-04-22T16:28:29,shellyazplug-node/status/switch:0,199,"{""id"":0, ""source"":""MQTT"", ""output"":true, ""apower"":0.0, ""voltage"":230.6, ""freq"":50.0, ""current"":0.000, ""aenergy"":{""total"""
2026-04-22T16:28:29,shellyazplug-node/events/rpc,167,"{""src"":""shellyazplug-e4b323337220"",""dst"":""shellyazplug-node/events"",""method"":""NotifyStatus"",""params"":{""ts"":33842.73,""swi"
2026-04-22T16:28:29,shellyazplug-node/debug/log,133,"shellyazplug-e4b323337220 4776 33842.748 1|shelly_notification:163 Status change of switch:0: {""id"":0,""output"":true,""sou"
2026-04-22T16:28:30,shellyazplug-node/rpc,86,"{""id"": 1, ""src"": ""attacker"", ""method"": ""Switch.Set"", ""params"": {""id"": 0, ""on"": false}}"
2026-04-22T16:28:30,attacker/rpc,84,"{""id"":1,""src"":""shellyazplug-e4b323337220"",""dst"":""attacker"",""result"":{""was_on"":true}}"
2026-04-22T16:28:30,shellyazplug-node/debug/log,88,"shellyazplug-e4b323337220 4777 33843.231 1|shos_rpc_inst.c:230     Switch.Set via MQTT 
"
2026-04-22T16:28:30,shellyazplug-node/status/switch:0,200,"{""id"":0, ""source"":""MQTT"", ""output"":false, ""apower"":0.0, ""voltage"":230.6, ""freq"":50.0, ""current"":0.000, ""aenergy"":{""total"
2026-04-22T16:28:30,shellyazplug-node/events/rpc,191,"{""src"":""shellyazplug-e4b323337220"",""dst"":""shellyazplug-node/events"",""method"":""NotifyStatus"",""params"":{""ts"":33843.23,""swi"
2026-04-22T16:28:30,shellyazplug-node/debug/log,157,"shellyazplug-e4b323337220 4778 33843.249 1|shelly_notification:163 Status change of switch:0: {""id"":0,""apower"":0,""curren"
2026-04-22T16:28:30,shellyazplug-node/rpc,85,"{""id"": 1, ""src"": ""attacker"", ""method"": ""Switch.Set"", ""params"": {""id"": 0, ""on"": true}}"
2026-04-22T16:28:30,attacker/rpc,85,"{""id"":1,""src"":""shellyazplug-e4b323337220"",""dst"":""attacker"",""result"":{""was_on"":false}}"
2026-04-22T16:28:30,shellyazplug-node/debug/log,88,"shellyazplug-e4b323337220 4779 33843.730 1|shos_rpc_inst.c:230     Switch.Set via MQTT 
"
2026-04-22T16:28:30,shellyazplug-node/status/switch:0,199,"{""id"":0, ""source"":""MQTT"", ""output"":true, ""apower"":0.0, ""voltage"":230.6, ""freq"":50.0, ""current"":0.000, ""aenergy"":{""total"""
2026-04-22T16:28:30,shellyazplug-node/events/rpc,167,"{""src"":""shellyazplug-e4b323337220"",""dst"":""shellyazplug-node/events"",""method"":""NotifyStatus"",""params"":{""ts"":33843.73,""swi"
2026-04-22T16:28:30,shellyazplug-node/debug/log,133,"shellyazplug-e4b323337220 4780 33843.747 1|shelly_notification:163 Status change of switch:0: {""id"":0,""output"":true,""sou"
2026-04-22T16:28:31,shellyazplug-node/rpc,86,"{""id"": 1, ""src"": ""attacker"", ""method"": ""Switch.Set"", ""params"": {""id"": 0, ""on"": false}}"
2026-04-22T16:28:31,attacker/rpc,84,"{""id"":1,""src"":""shellyazplug-e4b323337220"",""dst"":""attacker"",""result"":{""was_on"":true}}"
2026-04-22T16:28:31,shellyazplug-node/debug/log,88,"shellyazplug-e4b323337220 4781 33844.231 1|shos_rpc_inst.c:230     Switch.Set via MQTT 
"
2026-04-22T16:28:31,shellyazplug-node/status/switch:0,200,"{""id"":0, ""source"":""MQTT"", ""output"":false, ""apower"":0.0, ""voltage"":230.6, ""freq"":50.0, ""current"":0.000, ""aenergy"":{""total"
2026-04-22T16:28:31,shellyazplug-node/events/rpc,191,"{""src"":""shellyazplug-e4b323337220"",""dst"":""shellyazplug-node/events"",""method"":""NotifyStatus"",""params"":{""ts"":33844.23,""swi"
2026-04-22T16:28:31,shellyazplug-node/debug/log,157,"shellyazplug-e4b323337220 4782 33844.250 1|shelly_notification:163 Status change of switch:0: {""id"":0,""apower"":0,""curren"
2026-04-22T16:28:31,shellyazplug-node/rpc,85,"{""id"": 1, ""src"": ""attacker"", ""method"": ""Switch.Set"", ""params"": {""id"": 0, ""on"": true}}"
2026-04-22T16:28:31,attacker/rpc,85,"{""id"":1,""src"":""shellyazplug-e4b323337220"",""dst"":""attacker"",""result"":{""was_on"":false}}"
2026-04-22T16:28:31,shellyazplug-node/debug/log,88,"shellyazplug-e4b323337220 4783 33844.736 1|shos_rpc_inst.c:230     Switch.Set via MQTT 
"
2026-04-22T16:28:31,shellyazplug-node/status/switch:0,199,"{""id"":0, ""source"":""MQTT"", ""output"":true, ""apower"":0.0, ""voltage"":230.7, ""freq"":50.0, ""current"":0.000, ""aenergy"":{""total"""
2026-04-22T16:28:31,shellyazplug-node/events/rpc,167,"{""src"":""shellyazplug-e4b323337220"",""dst"":""shellyazplug-node/events"",""method"":""NotifyStatus"",""params"":{""ts"":33844.73,""swi"
2026-04-22T16:28:31,shellyazplug-node/debug/log,133,"shellyazplug-e4b323337220 4784 33844.752 1|shelly_notification:163 Status change of switch:0: {""id"":0,""output"":true,""sou"
2026-04-22T16:28:32,shellyazplug-node/rpc,86,"{""id"": 1, ""src"": ""attacker"", ""method"": ""Switch.Set"", ""params"": {""id"": 0, ""on"": false}}"
2026-04-22T16:28:32,attacker/rpc,84,"{""id"":1,""src"":""shellyazplug-e4b323337220"",""dst"":""attacker"",""result"":{""was_on"":true}}"
2026-04-22T16:28:32,shellyazplug-node/debug/log,88,"shellyazplug-e4b323337220 4785 33845.233 1|shos_rpc_inst.c:230     Switch.Set via MQTT 
"
2026-04-22T16:28:32,shellyazplug-node/status/switch:0,200,"{""id"":0, ""source"":""MQTT"", ""output"":false, ""apower"":0.0, ""voltage"":230.7, ""freq"":50.0, ""current"":0.000, ""aenergy"":{""total"
2026-04-22T16:28:32,shellyazplug-node/events/rpc,191,"{""src"":""shellyazplug-e4b323337220"",""dst"":""shellyazplug-node/events"",""method"":""NotifyStatus"",""params"":{""ts"":33845.23,""swi"
2026-04-22T16:28:32,shellyazplug-node/debug/log,157,"shellyazplug-e4b323337220 4786 33845.251 1|shelly_notification:163 Status change of switch:0: {""id"":0,""apower"":0,""curren"
2026-04-22T16:28:32,shellyazplug-node/rpc,85,"{""id"": 1, ""src"": ""attacker"", ""method"": ""Switch.Set"", ""params"": {""id"": 0, ""on"": true}}"
2026-04-22T16:28:32,attacker/rpc,85,"{""id"":1,""src"":""shellyazplug-e4b323337220"",""dst"":""attacker"",""result"":{""was_on"":false}}"
2026-04-22T16:28:32,shellyazplug-node/debug/log,88,"shellyazplug-e4b323337220 4787 33845.736 1|shos_rpc_inst.c:230     Switch.Set via MQTT 
"
2026-04-22T16:28:32,shellyazplug-node/status/switch:0,199,"{""id"":0, ""source"":""MQTT"", ""output"":true, ""apower"":0.0, ""voltage"":230.8, ""freq"":50.0, ""current"":0.000, ""aenergy"":{""total"""
2026-04-22T16:28:32,shellyazplug-node/events/rpc,167,"{""src"":""shellyazplug-e4b323337220"",""dst"":""shellyazplug-node/events"",""method"":""NotifyStatus"",""params"":{""ts"":33845.73,""swi"
2026-04-22T16:28:32,shellyazplug-node/debug/log,133,"shellyazplug-e4b323337220 4788 33845.753 1|shelly_notification:163 Status change of switch:0: {""id"":0,""output"":true,""sou"
2026-04-22T16:28:33,shellyazplug-node/rpc,86,"{""id"": 1, ""src"": ""attacker"", ""method"": ""Switch.Set"", ""params"": {""id"": 0, ""on"": false}}"
2026-04-22T16:28:33,attacker/rpc,84,"{""id"":1,""src"":""shellyazplug-e4b323337220"",""dst"":""attacker"",""result"":{""was_on"":true}}"
2026-04-22T16:28:33,shellyazplug-node/debug/log,88,"shellyazplug-e4b323337220 4789 33846.233 1|shos_rpc_inst.c:230     Switch.Set via MQTT 
"
2026-04-22T16:28:33,shellyazplug-node/status/switch:0,200,"{""id"":0, ""source"":""MQTT"", ""output"":false, ""apower"":0.0, ""voltage"":230.8, ""freq"":50.0, ""current"":0.000, ""aenergy"":{""total"
2026-04-22T16:28:33,shellyazplug-node/events/rpc,191,"{""src"":""shellyazplug-e4b323337220"",""dst"":""shellyazplug-node/events"",""method"":""NotifyStatus"",""params"":{""ts"":33846.23,""swi"
2026-04-22T16:28:33,shellyazplug-node/debug/log,157,"shellyazplug-e4b323337220 4790 33846.252 1|shelly_notification:163 Status change of switch:0: {""id"":0,""apower"":0,""curren"
2026-04-22T16:28:33,shellyazplug-node/rpc,85,"{""id"": 1, ""src"": ""attacker"", ""method"": ""Switch.Set"", ""params"": {""id"": 0, ""on"": true}}"
2026-04-22T16:28:33,attacker/rpc,85,"{""id"":1,""src"":""shellyazplug-e4b323337220"",""dst"":""attacker"",""result"":{""was_on"":false}}"
2026-04-22T16:28:33,shellyazplug-node/debug/log,88,"shellyazplug-e4b323337220 4791 33846.734 1|shos_rpc_inst.c:230     Switch.Set via MQTT 
"
2026-04-22T16:28:33,shellyazplug-node/status/switch:0,199,"{""id"":0, ""source"":""MQTT"", ""output"":true, ""apower"":0.0, ""voltage"":231.0, ""freq"":50.0, ""current"":0.000, ""aenergy"":{""total"""
2026-04-22T16:28:33,shellyazplug-node/events/rpc,167,"{""src"":""shellyazplug-e4b323337220"",""dst"":""shellyazplug-node/events"",""method"":""NotifyStatus"",""params"":{""ts"":33846.73,""swi"
2026-04-22T16:28:33,shellyazplug-node/debug/log,133,"shellyazplug-e4b323337220 4792 33846.751 1|shelly_notification:163 Status change of switch:0: {""id"":0,""output"":true,""sou"
2026-04-22T16:28:34,shellyazplug-node/rpc,86,"{""id"": 1, ""src"": ""attacker"", ""method"": ""Switch.Set"", ""params"": {""id"": 0, ""on"": false}}"
2026-04-22T16:28:34,attacker/rpc,84,"{""id"":1,""src"":""shellyazplug-e4b323337220"",""dst"":""attacker"",""result"":{""was_on"":true}}"
2026-04-22T16:28:34,shellyazplug-node/debug/log,88,"shellyazplug-e4b323337220 4793 33847.238 1|shos_rpc_inst.c:230     Switch.Set via MQTT 
"
2026-04-22T16:28:34,shellyazplug-node/status/switch:0,200,"{""id"":0, ""source"":""MQTT"", ""output"":false, ""apower"":0.0, ""voltage"":231.0, ""freq"":50.0, ""current"":0.000, ""aenergy"":{""total"
2026-04-22T16:28:34,shellyazplug-node/events/rpc,191,"{""src"":""shellyazplug-e4b323337220"",""dst"":""shellyazplug-node/events"",""method"":""NotifyStatus"",""params"":{""ts"":33847.24,""swi"
2026-04-22T16:28:34,shellyazplug-node/debug/log,157,"shellyazplug-e4b323337220 4794 33847.257 1|shelly_notification:163 Status change of switch:0: {""id"":0,""apower"":0,""curren"
2026-04-22T16:28:34,shellyazplug-node/rpc,85,"{""id"": 1, ""src"": ""attacker"", ""method"": ""Switch.Set"", ""params"": {""id"": 0, ""on"": true}}"
2026-04-22T16:28:34,attacker/rpc,85,"{""id"":1,""src"":""shellyazplug-e4b323337220"",""dst"":""attacker"",""result"":{""was_on"":false}}"
2026-04-22T16:28:34,iot/mq/debug,50,[0;36m[D][sensor:124]: 'Gas Sensor' >> 0.56 V[0m
2026-04-22T16:28:34,shellyazplug-node/debug/log,88,"shellyazplug-e4b323337220 4795 33847.735 1|shos_rpc_inst.c:230     Switch.Set via MQTT 
"
2026-04-22T16:28:34,iot/mq/sensor/gas_sensor/state,4,0.56
2026-04-22T16:28:34,shellyazplug-node/status/switch:0,199,"{""id"":0, ""source"":""MQTT"", ""output"":true, ""apower"":0.0, ""voltage"":230.6, ""freq"":50.0, ""current"":0.000, ""aenergy"":{""total"""
2026-04-22T16:28:34,shellyazplug-node/events/rpc,167,"{""src"":""shellyazplug-e4b323337220"",""dst"":""shellyazplug-node/events"",""method"":""NotifyStatus"",""params"":{""ts"":33847.73,""swi"
2026-04-22T16:28:34,shellyazplug-node/debug/log,133,"shellyazplug-e4b323337220 4796 33847.752 1|shelly_notification:163 Status change of switch:0: {""id"":0,""output"":true,""sou"
2026-04-22T16:28:35,shellyazplug-node/rpc,86,"{""id"": 1, ""src"": ""attacker"", ""method"": ""Switch.Set"", ""params"": {""id"": 0, ""on"": false}}"
2026-04-22T16:28:35,attacker/rpc,84,"{""id"":1,""src"":""shellyazplug-e4b323337220"",""dst"":""attacker"",""result"":{""was_on"":true}}"
2026-04-22T16:28:35,shellyazplug-node/debug/log,88,"shellyazplug-e4b323337220 4797 33848.236 1|shos_rpc_inst.c:230     Switch.Set via MQTT 
"
2026-04-22T16:28:35,shellyazplug-node/status/switch:0,200,"{""id"":0, ""source"":""MQTT"", ""output"":false, ""apower"":0.0, ""voltage"":230.6, ""freq"":50.0, ""current"":0.000, ""aenergy"":{""total"
2026-04-22T16:28:35,shellyazplug-node/events/rpc,191,"{""src"":""shellyazplug-e4b323337220"",""dst"":""shellyazplug-node/events"",""method"":""NotifyStatus"",""params"":{""ts"":33848.23,""swi"
2026-04-22T16:28:35,shellyazplug-node/debug/log,157,"shellyazplug-e4b323337220 4798 33848.254 1|shelly_notification:163 Status change of switch:0: {""id"":0,""apower"":0,""curren"
2026-04-22T16:28:35,shellyazplug-node/rpc,85,"{""id"": 1, ""src"": ""attacker"", ""method"": ""Switch.Set"", ""params"": {""id"": 0, ""on"": true}}"
2026-04-22T16:28:35,attacker/rpc,85,"{""id"":1,""src"":""shellyazplug-e4b323337220"",""dst"":""attacker"",""result"":{""was_on"":false}}"
2026-04-22T16:28:35,shellyazplug-node/debug/log,88,"shellyazplug-e4b323337220 4799 33848.737 1|shos_rpc_inst.c:230     Switch.Set via MQTT 
"
2026-04-22T16:28:35,shellyazplug-node/status/switch:0,199,"{""id"":0, ""source"":""MQTT"", ""output"":true, ""apower"":0.0, ""voltage"":230.6, ""freq"":50.0, ""current"":0.000, ""aenergy"":{""total"""
2026-04-22T16:28:35,shellyazplug-node/events/rpc,167,"{""src"":""shellyazplug-e4b323337220"",""dst"":""shellyazplug-node/events"",""method"":""NotifyStatus"",""params"":{""ts"":33848.73,""swi"
2026-04-22T16:28:35,shellyazplug-node/debug/log,133,"shellyazplug-e4b323337220 4800 33848.753 1|shelly_notification:163 Status change of switch:0: {""id"":0,""output"":true,""sou"
2026-04-22T16:28:36,shellyazplug-node/rpc,86,"{""id"": 1, ""src"": ""attacker"", ""method"": ""Switch.Set"", ""params"": {""id"": 0, ""on"": false}}"
2026-04-22T16:28:36,attacker/rpc,84,"{""id"":1,""src"":""shellyazplug-e4b323337220"",""dst"":""attacker"",""result"":{""was_on"":true}}"
2026-04-22T16:28:36,shellyazplug-node/debug/log,88,"shellyazplug-e4b323337220 4801 33849.237 1|shos_rpc_inst.c:230     Switch.Set via MQTT 
"
2026-04-22T16:28:36,shellyazplug-node/status/switch:0,200,"{""id"":0, ""source"":""MQTT"", ""output"":false, ""apower"":0.0, ""voltage"":230.6, ""freq"":50.0, ""current"":0.000, ""aenergy"":{""total"
2026-04-22T16:28:36,shellyazplug-node/events/rpc,191,"{""src"":""shellyazplug-e4b323337220"",""dst"":""shellyazplug-node/events"",""method"":""NotifyStatus"",""params"":{""ts"":33849.23,""swi"
2026-04-22T16:28:36,shellyazplug-node/debug/log,157,"shellyazplug-e4b323337220 4802 33849.255 1|shelly_notification:163 Status change of switch:0: {""id"":0,""apower"":0,""curren"
2026-04-22T16:28:36,iot/dht11/debug,59,[0;36m[D][dht:048]: Temperature 24.9°C Humidity 39.0%[0m
2026-04-22T16:28:36,iot/dht11/debug,53,[0;36m[D][sensor:124]: 'Temperature' >> 24.9 °C[0m
2026-04-22T16:28:36,iot/dht11/sensor/temperature/state,4,24.9
2026-04-22T16:28:36,iot/dht11/debug,46,[0;36m[D][sensor:124]: 'Humidity' >> 39 %[0m
2026-04-22T16:28:36,iot/dht11/sensor/humidity/state,2,39
2026-04-22T16:28:36,shellyazplug-node/rpc,85,"{""id"": 1, ""src"": ""attacker"", ""method"": ""Switch.Set"", ""params"": {""id"": 0, ""on"": true}}"
2026-04-22T16:28:36,attacker/rpc,85,"{""id"":1,""src"":""shellyazplug-e4b323337220"",""dst"":""attacker"",""result"":{""was_on"":false}}"
2026-04-22T16:28:36,shellyazplug-node/debug/log,88,"shellyazplug-e4b323337220 4803 33849.737 1|shos_rpc_inst.c:230     Switch.Set via MQTT 
"
2026-04-22T16:28:36,shellyazplug-node/status/switch:0,199,"{""id"":0, ""source"":""MQTT"", ""output"":true, ""apower"":0.0, ""voltage"":230.6, ""freq"":50.0, ""current"":0.000, ""aenergy"":{""total"""
2026-04-22T16:28:36,shellyazplug-node/events/rpc,167,"{""src"":""shellyazplug-e4b323337220"",""dst"":""shellyazplug-node/events"",""method"":""NotifyStatus"",""params"":{""ts"":33849.73,""swi"
2026-04-22T16:28:36,shellyazplug-node/debug/log,133,"shellyazplug-e4b323337220 4804 33849.753 1|shelly_notification:163 Status change of switch:0: {""id"":0,""output"":true,""sou"
2026-04-22T16:28:37,shellyazplug-node/rpc,86,"{""id"": 1, ""src"": ""attacker"", ""method"": ""Switch.Set"", ""params"": {""id"": 0, ""on"": false}}"
2026-04-22T16:28:37,attacker/rpc,84,"{""id"":1,""src"":""shellyazplug-e4b323337220"",""dst"":""attacker"",""result"":{""was_on"":true}}"
2026-04-22T16:28:37,shellyazplug-node/debug/log,88,"shellyazplug-e4b323337220 4805 33850.242 1|shos_rpc_inst.c:230     Switch.Set via MQTT 
"
2026-04-22T16:28:37,shellyazplug-node/status/switch:0,200,"{""id"":0, ""source"":""MQTT"", ""output"":false, ""apower"":0.0, ""voltage"":230.6, ""freq"":50.0, ""current"":0.000, ""aenergy"":{""total"
2026-04-22T16:28:37,shellyazplug-node/events/rpc,191,"{""src"":""shellyazplug-e4b323337220"",""dst"":""shellyazplug-node/events"",""method"":""NotifyStatus"",""params"":{""ts"":33850.24,""swi"
2026-04-22T16:28:37,shellyazplug-node/debug/log,157,"shellyazplug-e4b323337220 4806 33850.260 1|shelly_notification:163 Status change of switch:0: {""id"":0,""apower"":0,""curren"
2026-04-22T16:28:37,shellyazplug-node/rpc,85,"{""id"": 1, ""src"": ""attacker"", ""method"": ""Switch.Set"", ""params"": {""id"": 0, ""on"": true}}"
2026-04-22T16:28:37,attacker/rpc,85,"{""id"":1,""src"":""shellyazplug-e4b323337220"",""dst"":""attacker"",""result"":{""was_on"":false}}"
2026-04-22T16:28:37,shellyazplug-node/debug/log,88,"shellyazplug-e4b323337220 4807 33850.738 1|shos_rpc_inst.c:230     Switch.Set via MQTT 
"
2026-04-22T16:28:37,shellyazplug-node/status/switch:0,199,"{""id"":0, ""source"":""MQTT"", ""output"":true, ""apower"":0.0, ""voltage"":230.7, ""freq"":50.0, ""current"":0.000, ""aenergy"":{""total"""
2026-04-22T16:28:37,shellyazplug-node/events/rpc,167,"{""src"":""shellyazplug-e4b323337220"",""dst"":""shellyazplug-node/events"",""method"":""NotifyStatus"",""params"":{""ts"":33850.73,""swi"
2026-04-22T16:28:37,shellyazplug-node/debug/log,133,"shellyazplug-e4b323337220 4808 33850.754 1|shelly_notification:163 Status change of switch:0: {""id"":0,""output"":true,""sou"
2026-04-22T16:28:38,shellyazplug-node/rpc,86,"{""id"": 1, ""src"": ""attacker"", ""method"": ""Switch.Set"", ""params"": {""id"": 0, ""on"": false}}"
2026-04-22T16:28:38,attacker/rpc,84,"{""id"":1,""src"":""shellyazplug-e4b323337220"",""dst"":""attacker"",""result"":{""was_on"":true}}"
2026-04-22T16:28:38,shellyazplug-node/debug/log,88,"shellyazplug-e4b323337220 4809 33851.239 1|shos_rpc_inst.c:230     Switch.Set via MQTT 
"
2026-04-22T16:28:38,shellyazplug-node/status/switch:0,200,"{""id"":0, ""source"":""MQTT"", ""output"":false, ""apower"":0.0, ""voltage"":230.7, ""freq"":50.0, ""current"":0.000, ""aenergy"":{""total"
2026-04-22T16:28:38,shellyazplug-node/events/rpc,191,"{""src"":""shellyazplug-e4b323337220"",""dst"":""shellyazplug-node/events"",""method"":""NotifyStatus"",""params"":{""ts"":33851.24,""swi"
2026-04-22T16:28:38,shellyazplug-node/debug/log,157,"shellyazplug-e4b323337220 4810 33851.257 1|shelly_notification:163 Status change of switch:0: {""id"":0,""apower"":0,""curren"
2026-04-22T16:28:38,shellyazplug-node/rpc,85,"{""id"": 1, ""src"": ""attacker"", ""method"": ""Switch.Set"", ""params"": {""id"": 0, ""on"": true}}"
2026-04-22T16:28:38,attacker/rpc,85,"{""id"":1,""src"":""shellyazplug-e4b323337220"",""dst"":""attacker"",""result"":{""was_on"":false}}"
2026-04-22T16:28:38,shellyazplug-node/debug/log,88,"shellyazplug-e4b323337220 4811 33851.739 1|shos_rpc_inst.c:230     Switch.Set via MQTT 
"
2026-04-22T16:28:38,shellyazplug-node/status/switch:0,199,"{""id"":0, ""source"":""MQTT"", ""output"":true, ""apower"":0.0, ""voltage"":230.6, ""freq"":50.0, ""current"":0.000, ""aenergy"":{""total"""
2026-04-22T16:28:38,shellyazplug-node/events/rpc,167,"{""src"":""shellyazplug-e4b323337220"",""dst"":""shellyazplug-node/events"",""method"":""NotifyStatus"",""params"":{""ts"":33851.74,""swi"
2026-04-22T16:28:38,shellyazplug-node/debug/log,133,"shellyazplug-e4b323337220 4812 33851.755 1|shelly_notification:163 Status change of switch:0: {""id"":0,""output"":true,""sou"
2026-04-22T16:28:39,shellyazplug-node/rpc,86,"{""id"": 1, ""src"": ""attacker"", ""method"": ""Switch.Set"", ""params"": {""id"": 0, ""on"": false}}"
2026-04-22T16:28:39,attacker/rpc,84,"{""id"":1,""src"":""shellyazplug-e4b323337220"",""dst"":""attacker"",""result"":{""was_on"":true}}"
2026-04-22T16:28:39,shellyazplug-node/debug/log,88,"shellyazplug-e4b323337220 4813 33852.240 1|shos_rpc_inst.c:230     Switch.Set via MQTT 
"
2026-04-22T16:28:39,shellyazplug-node/status/switch:0,200,"{""id"":0, ""source"":""MQTT"", ""output"":false, ""apower"":0.0, ""voltage"":230.6, ""freq"":50.0, ""current"":0.000, ""aenergy"":{""total"
2026-04-22T16:28:39,shellyazplug-node/events/rpc,191,"{""src"":""shellyazplug-e4b323337220"",""dst"":""shellyazplug-node/events"",""method"":""NotifyStatus"",""params"":{""ts"":33852.24,""swi"
2026-04-22T16:28:39,shellyazplug-node/debug/log,157,"shellyazplug-e4b323337220 4814 33852.258 1|shelly_notification:163 Status change of switch:0: {""id"":0,""apower"":0,""curren"
2026-04-22T16:28:39,shellyazplug-node/rpc,85,"{""id"": 1, ""src"": ""attacker"", ""method"": ""Switch.Set"", ""params"": {""id"": 0, ""on"": true}}"
2026-04-22T16:28:39,attacker/rpc,85,"{""id"":1,""src"":""shellyazplug-e4b323337220"",""dst"":""attacker"",""result"":{""was_on"":false}}"
2026-04-22T16:28:39,iot/mq/debug,50,[0;36m[D][sensor:124]: 'Gas Sensor' >> 0.56 V[0m
2026-04-22T16:28:39,shellyazplug-node/debug/log,88,"shellyazplug-e4b323337220 4815 33852.740 1|shos_rpc_inst.c:230     Switch.Set via MQTT 
"
2026-04-22T16:28:39,iot/mq/sensor/gas_sensor/state,4,0.56
2026-04-22T16:28:39,shellyazplug-node/status/switch:0,199,"{""id"":0, ""source"":""MQTT"", ""output"":true, ""apower"":0.0, ""voltage"":230.5, ""freq"":50.0, ""current"":0.000, ""aenergy"":{""total"""
2026-04-22T16:28:39,shellyazplug-node/events/rpc,167,"{""src"":""shellyazplug-e4b323337220"",""dst"":""shellyazplug-node/events"",""method"":""NotifyStatus"",""params"":{""ts"":33852.74,""swi"
2026-04-22T16:28:39,shellyazplug-node/debug/log,133,"shellyazplug-e4b323337220 4816 33852.757 1|shelly_notification:163 Status change of switch:0: {""id"":0,""output"":true,""sou"
2026-04-22T16:28:40,shellyazplug-node/rpc,86,"{""id"": 1, ""src"": ""attacker"", ""method"": ""Switch.Set"", ""params"": {""id"": 0, ""on"": false}}"
2026-04-22T16:28:40,attacker/rpc,84,"{""id"":1,""src"":""shellyazplug-e4b323337220"",""dst"":""attacker"",""result"":{""was_on"":true}}"
2026-04-22T16:28:40,shellyazplug-node/debug/log,88,"shellyazplug-e4b323337220 4817 33853.242 1|shos_rpc_inst.c:230     Switch.Set via MQTT 
"
2026-04-22T16:28:40,shellyazplug-node/status/switch:0,200,"{""id"":0, ""source"":""MQTT"", ""output"":false, ""apower"":0.0, ""voltage"":230.5, ""freq"":50.0, ""current"":0.000, ""aenergy"":{""total"
2026-04-22T16:28:40,shellyazplug-node/events/rpc,191,"{""src"":""shellyazplug-e4b323337220"",""dst"":""shellyazplug-node/events"",""method"":""NotifyStatus"",""params"":{""ts"":33853.24,""swi"
2026-04-22T16:28:40,shellyazplug-node/debug/log,157,"shellyazplug-e4b323337220 4818 33853.261 1|shelly_notification:163 Status change of switch:0: {""id"":0,""apower"":0,""curren"
2026-04-22T16:28:40,shellyazplug-node/rpc,85,"{""id"": 1, ""src"": ""attacker"", ""method"": ""Switch.Set"", ""params"": {""id"": 0, ""on"": true}}"
2026-04-22T16:28:40,attacker/rpc,85,"{""id"":1,""src"":""shellyazplug-e4b323337220"",""dst"":""attacker"",""result"":{""was_on"":false}}"
2026-04-22T16:28:40,shellyazplug-node/debug/log,88,"shellyazplug-e4b323337220 4819 33853.741 1|shos_rpc_inst.c:230     Switch.Set via MQTT 
"
2026-04-22T16:28:40,shellyazplug-node/status/switch:0,199,"{""id"":0, ""source"":""MQTT"", ""output"":true, ""apower"":0.0, ""voltage"":230.5, ""freq"":50.0, ""current"":0.000, ""aenergy"":{""total"""
2026-04-22T16:28:40,shellyazplug-node/events/rpc,167,"{""src"":""shellyazplug-e4b323337220"",""dst"":""shellyazplug-node/events"",""method"":""NotifyStatus"",""params"":{""ts"":33853.74,""swi"
2026-04-22T16:28:40,shellyazplug-node/debug/log,133,"shellyazplug-e4b323337220 4820 33853.758 1|shelly_notification:163 Status change of switch:0: {""id"":0,""output"":true,""sou"
2026-04-22T16:28:41,shellyazplug-node/rpc,86,"{""id"": 1, ""src"": ""attacker"", ""method"": ""Switch.Set"", ""params"": {""id"": 0, ""on"": false}}"
2026-04-22T16:28:41,attacker/rpc,84,"{""id"":1,""src"":""shellyazplug-e4b323337220"",""dst"":""attacker"",""result"":{""was_on"":true}}"
2026-04-22T16:28:41,shellyazplug-node/debug/log,88,"shellyazplug-e4b323337220 4821 33854.242 1|shos_rpc_inst.c:230     Switch.Set via MQTT 
"
2026-04-22T16:28:41,shellyazplug-node/status/switch:0,200,"{""id"":0, ""source"":""MQTT"", ""output"":false, ""apower"":0.0, ""voltage"":230.5, ""freq"":50.0, ""current"":0.000, ""aenergy"":{""total"
2026-04-22T16:28:41,shellyazplug-node/events/rpc,191,"{""src"":""shellyazplug-e4b323337220"",""dst"":""shellyazplug-node/events"",""method"":""NotifyStatus"",""params"":{""ts"":33854.24,""swi"
2026-04-22T16:28:41,shellyazplug-node/debug/log,157,"shellyazplug-e4b323337220 4822 33854.260 1|shelly_notification:163 Status change of switch:0: {""id"":0,""apower"":0,""curren"
2026-04-22T16:28:41,shellyazplug-node/rpc,85,"{""id"": 1, ""src"": ""attacker"", ""method"": ""Switch.Set"", ""params"": {""id"": 0, ""on"": true}}"
2026-04-22T16:28:41,attacker/rpc,85,"{""id"":1,""src"":""shellyazplug-e4b323337220"",""dst"":""attacker"",""result"":{""was_on"":false}}"
2026-04-22T16:28:41,shellyazplug-node/debug/log,88,"shellyazplug-e4b323337220 4823 33854.751 1|shos_rpc_inst.c:230     Switch.Set via MQTT 
"
2026-04-22T16:28:41,shellyazplug-node/status/switch:0,199,"{""id"":0, ""source"":""MQTT"", ""output"":true, ""apower"":0.0, ""voltage"":230.6, ""freq"":50.0, ""current"":0.000, ""aenergy"":{""total"""
2026-04-22T16:28:41,shellyazplug-node/events/rpc,167,"{""src"":""shellyazplug-e4b323337220"",""dst"":""shellyazplug-node/events"",""method"":""NotifyStatus"",""params"":{""ts"":33854.75,""swi"
2026-04-22T16:28:41,shellyazplug-node/debug/log,133,"shellyazplug-e4b323337220 4824 33854.767 1|shelly_notification:163 Status change of switch:0: {""id"":0,""output"":true,""sou"
2026-04-22T16:28:42,shellyazplug-node/rpc,86,"{""id"": 1, ""src"": ""attacker"", ""method"": ""Switch.Set"", ""params"": {""id"": 0, ""on"": false}}"
2026-04-22T16:28:42,attacker/rpc,84,"{""id"":1,""src"":""shellyazplug-e4b323337220"",""dst"":""attacker"",""result"":{""was_on"":true}}"
2026-04-22T16:28:42,shellyazplug-node/debug/log,88,"shellyazplug-e4b323337220 4825 33855.245 1|shos_rpc_inst.c:230     Switch.Set via MQTT 
"
2026-04-22T16:28:42,shellyazplug-node/status/switch:0,200,"{""id"":0, ""source"":""MQTT"", ""output"":false, ""apower"":0.0, ""voltage"":230.6, ""freq"":50.0, ""current"":0.000, ""aenergy"":{""total"
2026-04-22T16:28:42,shellyazplug-node/events/rpc,191,"{""src"":""shellyazplug-e4b323337220"",""dst"":""shellyazplug-node/events"",""method"":""NotifyStatus"",""params"":{""ts"":33855.24,""swi"
2026-04-22T16:28:42,shellyazplug-node/debug/log,157,"shellyazplug-e4b323337220 4826 33855.264 1|shelly_notification:163 Status change of switch:0: {""id"":0,""apower"":0,""curren"
2026-04-22T16:28:42,shellyazplug-node/rpc,85,"{""id"": 1, ""src"": ""attacker"", ""method"": ""Switch.Set"", ""params"": {""id"": 0, ""on"": true}}"
2026-04-22T16:28:42,attacker/rpc,85,"{""id"":1,""src"":""shellyazplug-e4b323337220"",""dst"":""attacker"",""result"":{""was_on"":false}}"
2026-04-22T16:28:42,shellyazplug-node/debug/log,88,"shellyazplug-e4b323337220 4827 33855.745 1|shos_rpc_inst.c:230     Switch.Set via MQTT 
"
2026-04-22T16:28:42,shellyazplug-node/status/switch:0,199,"{""id"":0, ""source"":""MQTT"", ""output"":true, ""apower"":0.0, ""voltage"":230.7, ""freq"":50.0, ""current"":0.000, ""aenergy"":{""total"""
2026-04-22T16:28:42,shellyazplug-node/events/rpc,167,"{""src"":""shellyazplug-e4b323337220"",""dst"":""shellyazplug-node/events"",""method"":""NotifyStatus"",""params"":{""ts"":33855.74,""swi"
2026-04-22T16:28:42,shellyazplug-node/debug/log,133,"shellyazplug-e4b323337220 4828 33855.762 1|shelly_notification:163 Status change of switch:0: {""id"":0,""output"":true,""sou"
2026-04-22T16:28:43,shellyazplug-node/rpc,86,"{""id"": 1, ""src"": ""attacker"", ""method"": ""Switch.Set"", ""params"": {""id"": 0, ""on"": false}}"
2026-04-22T16:28:43,attacker/rpc,84,"{""id"":1,""src"":""shellyazplug-e4b323337220"",""dst"":""attacker"",""result"":{""was_on"":true}}"
2026-04-22T16:28:43,shellyazplug-node/debug/log,88,"shellyazplug-e4b323337220 4829 33856.250 1|shos_rpc_inst.c:230     Switch.Set via MQTT 
"
2026-04-22T16:28:43,shellyazplug-node/status/switch:0,200,"{""id"":0, ""source"":""MQTT"", ""output"":false, ""apower"":0.0, ""voltage"":230.7, ""freq"":50.0, ""current"":0.000, ""aenergy"":{""total"
2026-04-22T16:28:43,shellyazplug-node/events/rpc,191,"{""src"":""shellyazplug-e4b323337220"",""dst"":""shellyazplug-node/events"",""method"":""NotifyStatus"",""params"":{""ts"":33856.25,""swi"
2026-04-22T16:28:43,shellyazplug-node/debug/log,157,"shellyazplug-e4b323337220 4830 33856.268 1|shelly_notification:163 Status change of switch:0: {""id"":0,""apower"":0,""curren"
2026-04-22T16:28:43,shellyazplug-node/rpc,85,"{""id"": 1, ""src"": ""attacker"", ""method"": ""Switch.Set"", ""params"": {""id"": 0, ""on"": true}}"
2026-04-22T16:28:43,attacker/rpc,85,"{""id"":1,""src"":""shellyazplug-e4b323337220"",""dst"":""attacker"",""result"":{""was_on"":false}}"
2026-04-22T16:28:43,shellyazplug-node/debug/log,88,"shellyazplug-e4b323337220 4831 33856.747 1|shos_rpc_inst.c:230     Switch.Set via MQTT 
"
2026-04-22T16:28:43,shellyazplug-node/status/switch:0,199,"{""id"":0, ""source"":""MQTT"", ""output"":true, ""apower"":0.0, ""voltage"":230.6, ""freq"":50.0, ""current"":0.000, ""aenergy"":{""total"""
2026-04-22T16:28:43,shellyazplug-node/events/rpc,167,"{""src"":""shellyazplug-e4b323337220"",""dst"":""shellyazplug-node/events"",""method"":""NotifyStatus"",""params"":{""ts"":33856.74,""swi"
2026-04-22T16:28:43,shellyazplug-node/debug/log,133,"shellyazplug-e4b323337220 4832 33856.764 1|shelly_notification:163 Status change of switch:0: {""id"":0,""output"":true,""sou"
2026-04-22T16:28:44,shellyazplug-node/rpc,86,"{""id"": 1, ""src"": ""attacker"", ""method"": ""Switch.Set"", ""params"": {""id"": 0, ""on"": false}}"
2026-04-22T16:28:44,attacker/rpc,84,"{""id"":1,""src"":""shellyazplug-e4b323337220"",""dst"":""attacker"",""result"":{""was_on"":true}}"
2026-04-22T16:28:44,shellyazplug-node/debug/log,88,"shellyazplug-e4b323337220 4833 33857.247 1|shos_rpc_inst.c:230     Switch.Set via MQTT 
"
2026-04-22T16:28:44,shellyazplug-node/status/switch:0,200,"{""id"":0, ""source"":""MQTT"", ""output"":false, ""apower"":0.0, ""voltage"":230.6, ""freq"":50.0, ""current"":0.000, ""aenergy"":{""total"
2026-04-22T16:28:44,shellyazplug-node/events/rpc,191,"{""src"":""shellyazplug-e4b323337220"",""dst"":""shellyazplug-node/events"",""method"":""NotifyStatus"",""params"":{""ts"":33857.24,""swi"
2026-04-22T16:28:44,shellyazplug-node/debug/log,157,"shellyazplug-e4b323337220 4834 33857.266 1|shelly_notification:163 Status change of switch:0: {""id"":0,""apower"":0,""curren"
2026-04-22T16:28:44,shellyazplug-node/rpc,85,"{""id"": 1, ""src"": ""attacker"", ""method"": ""Switch.Set"", ""params"": {""id"": 0, ""on"": true}}"
2026-04-22T16:28:44,attacker/rpc,85,"{""id"":1,""src"":""shellyazplug-e4b323337220"",""dst"":""attacker"",""result"":{""was_on"":false}}"
2026-04-22T16:28:44,iot/mq/debug,50,[0;36m[D][sensor:124]: 'Gas Sensor' >> 0.56 V[0m
2026-04-22T16:28:44,shellyazplug-node/debug/log,88,"shellyazplug-e4b323337220 4835 33857.748 1|shos_rpc_inst.c:230     Switch.Set via MQTT 
"
2026-04-22T16:28:44,shellyazplug-node/status/switch:0,199,"{""id"":0, ""source"":""MQTT"", ""output"":true, ""apower"":0.0, ""voltage"":230.6, ""freq"":50.0, ""current"":0.000, ""aenergy"":{""total"""
2026-04-22T16:28:44,shellyazplug-node/events/rpc,167,"{""src"":""shellyazplug-e4b323337220"",""dst"":""shellyazplug-node/events"",""method"":""NotifyStatus"",""params"":{""ts"":33857.75,""swi"
2026-04-22T16:28:44,shellyazplug-node/debug/log,133,"shellyazplug-e4b323337220 4836 33857.764 1|shelly_notification:163 Status change of switch:0: {""id"":0,""output"":true,""sou"
2026-04-22T16:28:45,iot/mq/sensor/gas_sensor/state,4,0.56
2026-04-22T16:28:45,shellyazplug-node/rpc,86,"{""id"": 1, ""src"": ""attacker"", ""method"": ""Switch.Set"", ""params"": {""id"": 0, ""on"": false}}"
2026-04-22T16:28:45,attacker/rpc,84,"{""id"":1,""src"":""shellyazplug-e4b323337220"",""dst"":""attacker"",""result"":{""was_on"":true}}"
2026-04-22T16:28:45,shellyazplug-node/debug/log,88,"shellyazplug-e4b323337220 4837 33858.248 1|shos_rpc_inst.c:230     Switch.Set via MQTT 
"
2026-04-22T16:28:45,shellyazplug-node/status/switch:0,200,"{""id"":0, ""source"":""MQTT"", ""output"":false, ""apower"":0.0, ""voltage"":230.6, ""freq"":50.0, ""current"":0.000, ""aenergy"":{""total"
2026-04-22T16:28:45,shellyazplug-node/events/rpc,191,"{""src"":""shellyazplug-e4b323337220"",""dst"":""shellyazplug-node/events"",""method"":""NotifyStatus"",""params"":{""ts"":33858.25,""swi"
2026-04-22T16:28:45,shellyazplug-node/debug/log,157,"shellyazplug-e4b323337220 4838 33858.267 1|shelly_notification:163 Status change of switch:0: {""id"":0,""apower"":0,""curren"
2026-04-22T16:28:45,shellyazplug-node/rpc,85,"{""id"": 1, ""src"": ""attacker"", ""method"": ""Switch.Set"", ""params"": {""id"": 0, ""on"": true}}"
2026-04-22T16:28:45,attacker/rpc,85,"{""id"":1,""src"":""shellyazplug-e4b323337220"",""dst"":""attacker"",""result"":{""was_on"":false}}"
2026-04-22T16:28:45,shellyazplug-node/debug/log,88,"shellyazplug-e4b323337220 4839 33858.749 1|shos_rpc_inst.c:230     Switch.Set via MQTT 
"
2026-04-22T16:28:45,shellyazplug-node/status/switch:0,199,"{""id"":0, ""source"":""MQTT"", ""output"":true, ""apower"":0.0, ""voltage"":230.6, ""freq"":50.0, ""current"":0.000, ""aenergy"":{""total"""
2026-04-22T16:28:45,shellyazplug-node/events/rpc,167,"{""src"":""shellyazplug-e4b323337220"",""dst"":""shellyazplug-node/events"",""method"":""NotifyStatus"",""params"":{""ts"":33858.75,""swi"
2026-04-22T16:28:45,shellyazplug-node/debug/log,133,"shellyazplug-e4b323337220 4840 33858.766 1|shelly_notification:163 Status change of switch:0: {""id"":0,""output"":true,""sou"
2026-04-22T16:28:46,shellyazplug-node/rpc,86,"{""id"": 1, ""src"": ""attacker"", ""method"": ""Switch.Set"", ""params"": {""id"": 0, ""on"": false}}"
2026-04-22T16:28:46,attacker/rpc,84,"{""id"":1,""src"":""shellyazplug-e4b323337220"",""dst"":""attacker"",""result"":{""was_on"":true}}"
2026-04-22T16:28:46,shellyazplug-node/debug/log,88,"shellyazplug-e4b323337220 4841 33859.254 1|shos_rpc_inst.c:230     Switch.Set via MQTT 
"
2026-04-22T16:28:46,shellyazplug-node/status/switch:0,200,"{""id"":0, ""source"":""MQTT"", ""output"":false, ""apower"":0.0, ""voltage"":230.6, ""freq"":50.0, ""current"":0.000, ""aenergy"":{""total"
2026-04-22T16:28:46,shellyazplug-node/events/rpc,191,"{""src"":""shellyazplug-e4b323337220"",""dst"":""shellyazplug-node/events"",""method"":""NotifyStatus"",""params"":{""ts"":33859.25,""swi"
2026-04-22T16:28:46,shellyazplug-node/debug/log,157,"shellyazplug-e4b323337220 4842 33859.272 1|shelly_notification:163 Status change of switch:0: {""id"":0,""apower"":0,""curren"
2026-04-22T16:28:46,iot/dht11/debug,59,[0;36m[D][dht:048]: Temperature 24.9°C Humidity 39.0%[0m
2026-04-22T16:28:46,iot/dht11/debug,53,[0;36m[D][sensor:124]: 'Temperature' >> 24.9 °C[0m
2026-04-22T16:28:46,iot/dht11/sensor/temperature/state,4,24.9
2026-04-22T16:28:46,iot/dht11/debug,46,[0;36m[D][sensor:124]: 'Humidity' >> 39 %[0m
2026-04-22T16:28:46,iot/dht11/sensor/humidity/state,2,39
2026-04-22T16:28:46,shellyazplug-node/rpc,85,"{""id"": 1, ""src"": ""attacker"", ""method"": ""Switch.Set"", ""params"": {""id"": 0, ""on"": true}}"
2026-04-22T16:28:46,attacker/rpc,85,"{""id"":1,""src"":""shellyazplug-e4b323337220"",""dst"":""attacker"",""result"":{""was_on"":false}}"
2026-04-22T16:28:46,shellyazplug-node/debug/log,88,"shellyazplug-e4b323337220 4843 33859.750 1|shos_rpc_inst.c:230     Switch.Set via MQTT 
"
2026-04-22T16:28:46,shellyazplug-node/status/switch:0,199,"{""id"":0, ""source"":""MQTT"", ""output"":true, ""apower"":0.0, ""voltage"":230.7, ""freq"":50.0, ""current"":0.000, ""aenergy"":{""total"""
2026-04-22T16:28:46,shellyazplug-node/events/rpc,167,"{""src"":""shellyazplug-e4b323337220"",""dst"":""shellyazplug-node/events"",""method"":""NotifyStatus"",""params"":{""ts"":33859.75,""swi"
2026-04-22T16:28:46,shellyazplug-node/debug/log,133,"shellyazplug-e4b323337220 4844 33859.767 1|shelly_notification:163 Status change of switch:0: {""id"":0,""output"":true,""sou"
2026-04-22T16:28:47,shellyazplug-node/rpc,86,"{""id"": 1, ""src"": ""attacker"", ""method"": ""Switch.Set"", ""params"": {""id"": 0, ""on"": false}}"
2026-04-22T16:28:47,attacker/rpc,84,"{""id"":1,""src"":""shellyazplug-e4b323337220"",""dst"":""attacker"",""result"":{""was_on"":true}}"
2026-04-22T16:28:47,shellyazplug-node/debug/log,88,"shellyazplug-e4b323337220 4845 33860.251 1|shos_rpc_inst.c:230     Switch.Set via MQTT 
"
2026-04-22T16:28:47,shellyazplug-node/status/switch:0,200,"{""id"":0, ""source"":""MQTT"", ""output"":false, ""apower"":0.0, ""voltage"":230.7, ""freq"":50.0, ""current"":0.000, ""aenergy"":{""total"
2026-04-22T16:28:47,shellyazplug-node/events/rpc,191,"{""src"":""shellyazplug-e4b323337220"",""dst"":""shellyazplug-node/events"",""method"":""NotifyStatus"",""params"":{""ts"":33860.25,""swi"
2026-04-22T16:28:47,shellyazplug-node/debug/log,157,"shellyazplug-e4b323337220 4846 33860.269 1|shelly_notification:163 Status change of switch:0: {""id"":0,""apower"":0,""curren"
2026-04-22T16:28:47,shellyazplug-node/rpc,85,"{""id"": 1, ""src"": ""attacker"", ""method"": ""Switch.Set"", ""params"": {""id"": 0, ""on"": true}}"
2026-04-22T16:28:47,attacker/rpc,85,"{""id"":1,""src"":""shellyazplug-e4b323337220"",""dst"":""attacker"",""result"":{""was_on"":false}}"
2026-04-22T16:28:47,shellyazplug-node/debug/log,88,"shellyazplug-e4b323337220 4847 33860.751 1|shos_rpc_inst.c:230     Switch.Set via MQTT 
"
2026-04-22T16:28:47,shellyazplug-node/status/switch:0,199,"{""id"":0, ""source"":""MQTT"", ""output"":true, ""apower"":0.0, ""voltage"":230.8, ""freq"":50.0, ""current"":0.000, ""aenergy"":{""total"""
2026-04-22T16:28:47,shellyazplug-node/events/rpc,167,"{""src"":""shellyazplug-e4b323337220"",""dst"":""shellyazplug-node/events"",""method"":""NotifyStatus"",""params"":{""ts"":33860.75,""swi"
2026-04-22T16:28:47,shellyazplug-node/debug/log,133,"shellyazplug-e4b323337220 4848 33860.768 1|shelly_notification:163 Status change of switch:0: {""id"":0,""output"":true,""sou"
2026-04-22T16:28:48,shellyazplug-node/rpc,86,"{""id"": 1, ""src"": ""attacker"", ""method"": ""Switch.Set"", ""params"": {""id"": 0, ""on"": false}}"
2026-04-22T16:28:48,attacker/rpc,84,"{""id"":1,""src"":""shellyazplug-e4b323337220"",""dst"":""attacker"",""result"":{""was_on"":true}}"
2026-04-22T16:28:48,shellyazplug-node/debug/log,88,"shellyazplug-e4b323337220 4849 33861.252 1|shos_rpc_inst.c:230     Switch.Set via MQTT 
"
2026-04-22T16:28:48,shellyazplug-node/status/switch:0,200,"{""id"":0, ""source"":""MQTT"", ""output"":false, ""apower"":0.0, ""voltage"":230.8, ""freq"":50.0, ""current"":0.000, ""aenergy"":{""total"
2026-04-22T16:28:48,shellyazplug-node/events/rpc,191,"{""src"":""shellyazplug-e4b323337220"",""dst"":""shellyazplug-node/events"",""method"":""NotifyStatus"",""params"":{""ts"":33861.25,""swi"
2026-04-22T16:28:48,shellyazplug-node/debug/log,157,"shellyazplug-e4b323337220 4850 33861.271 1|shelly_notification:163 Status change of switch:0: {""id"":0,""apower"":0,""curren"
2026-04-22T16:28:48,shellyazplug-node/rpc,85,"{""id"": 1, ""src"": ""attacker"", ""method"": ""Switch.Set"", ""params"": {""id"": 0, ""on"": true}}"
2026-04-22T16:28:48,attacker/rpc,85,"{""id"":1,""src"":""shellyazplug-e4b323337220"",""dst"":""attacker"",""result"":{""was_on"":false}}"
2026-04-22T16:28:48,shellyazplug-node/debug/log,88,"shellyazplug-e4b323337220 4851 33861.752 1|shos_rpc_inst.c:230     Switch.Set via MQTT 
"
2026-04-22T16:28:48,shellyazplug-node/status/switch:0,199,"{""id"":0, ""source"":""MQTT"", ""output"":true, ""apower"":0.0, ""voltage"":230.7, ""freq"":50.0, ""current"":0.000, ""aenergy"":{""total"""
2026-04-22T16:28:48,shellyazplug-node/events/rpc,167,"{""src"":""shellyazplug-e4b323337220"",""dst"":""shellyazplug-node/events"",""method"":""NotifyStatus"",""params"":{""ts"":33861.75,""swi"
2026-04-22T16:28:48,shellyazplug-node/debug/log,133,"shellyazplug-e4b323337220 4852 33861.769 1|shelly_notification:163 Status change of switch:0: {""id"":0,""output"":true,""sou"
2026-04-22T16:28:49,shellyazplug-node/rpc,86,"{""id"": 1, ""src"": ""attacker"", ""method"": ""Switch.Set"", ""params"": {""id"": 0, ""on"": false}}"
2026-04-22T16:28:49,attacker/rpc,84,"{""id"":1,""src"":""shellyazplug-e4b323337220"",""dst"":""attacker"",""result"":{""was_on"":true}}"
2026-04-22T16:28:49,shellyazplug-node/debug/log,88,"shellyazplug-e4b323337220 4853 33862.252 1|shos_rpc_inst.c:230     Switch.Set via MQTT 
"
2026-04-22T16:28:49,shellyazplug-node/status/switch:0,200,"{""id"":0, ""source"":""MQTT"", ""output"":false, ""apower"":0.0, ""voltage"":230.7, ""freq"":50.0, ""current"":0.000, ""aenergy"":{""total"
2026-04-22T16:28:49,shellyazplug-node/events/rpc,191,"{""src"":""shellyazplug-e4b323337220"",""dst"":""shellyazplug-node/events"",""method"":""NotifyStatus"",""params"":{""ts"":33862.25,""swi"
2026-04-22T16:28:49,shellyazplug-node/debug/log,157,"shellyazplug-e4b323337220 4854 33862.271 1|shelly_notification:163 Status change of switch:0: {""id"":0,""apower"":0,""curren"
2026-04-22T16:28:49,shellyazplug-node/rpc,85,"{""id"": 1, ""src"": ""attacker"", ""method"": ""Switch.Set"", ""params"": {""id"": 0, ""on"": true}}"
2026-04-22T16:28:49,attacker/rpc,85,"{""id"":1,""src"":""shellyazplug-e4b323337220"",""dst"":""attacker"",""result"":{""was_on"":false}}"
2026-04-22T16:28:49,iot/mq/debug,50,[0;36m[D][sensor:124]: 'Gas Sensor' >> 0.56 V[0m
2026-04-22T16:28:49,iot/mq/sensor/gas_sensor/state,4,0.56
2026-04-22T16:28:49,shellyazplug-node/debug/log,88,"shellyazplug-e4b323337220 4855 33862.753 1|shos_rpc_inst.c:230     Switch.Set via MQTT 
"
2026-04-22T16:28:49,shellyazplug-node/status/switch:0,199,"{""id"":0, ""source"":""MQTT"", ""output"":true, ""apower"":0.0, ""voltage"":230.6, ""freq"":50.0, ""current"":0.000, ""aenergy"":{""total"""
2026-04-22T16:28:49,shellyazplug-node/events/rpc,167,"{""src"":""shellyazplug-e4b323337220"",""dst"":""shellyazplug-node/events"",""method"":""NotifyStatus"",""params"":{""ts"":33862.75,""swi"
2026-04-22T16:28:49,shellyazplug-node/debug/log,133,"shellyazplug-e4b323337220 4856 33862.769 1|shelly_notification:163 Status change of switch:0: {""id"":0,""output"":true,""sou"
2026-04-22T16:28:50,shellyazplug-node/rpc,86,"{""id"": 1, ""src"": ""attacker"", ""method"": ""Switch.Set"", ""params"": {""id"": 0, ""on"": false}}"
2026-04-22T16:28:50,attacker/rpc,84,"{""id"":1,""src"":""shellyazplug-e4b323337220"",""dst"":""attacker"",""result"":{""was_on"":true}}"
2026-04-22T16:28:50,shellyazplug-node/debug/log,88,"shellyazplug-e4b323337220 4857 33863.257 1|shos_rpc_inst.c:230     Switch.Set via MQTT 
"
2026-04-22T16:28:50,shellyazplug-node/status/switch:0,200,"{""id"":0, ""source"":""MQTT"", ""output"":false, ""apower"":0.0, ""voltage"":230.6, ""freq"":50.0, ""current"":0.000, ""aenergy"":{""total"
2026-04-22T16:28:50,shellyazplug-node/events/rpc,191,"{""src"":""shellyazplug-e4b323337220"",""dst"":""shellyazplug-node/events"",""method"":""NotifyStatus"",""params"":{""ts"":33863.25,""swi"
2026-04-22T16:28:50,shellyazplug-node/debug/log,157,"shellyazplug-e4b323337220 4858 33863.276 1|shelly_notification:163 Status change of switch:0: {""id"":0,""apower"":0,""curren"
2026-04-22T16:28:50,shellyazplug-node/rpc,85,"{""id"": 1, ""src"": ""attacker"", ""method"": ""Switch.Set"", ""params"": {""id"": 0, ""on"": true}}"
2026-04-22T16:28:50,attacker/rpc,85,"{""id"":1,""src"":""shellyazplug-e4b323337220"",""dst"":""attacker"",""result"":{""was_on"":false}}"
2026-04-22T16:28:50,shellyazplug-node/debug/log,88,"shellyazplug-e4b323337220 4859 33863.759 1|shos_rpc_inst.c:230     Switch.Set via MQTT 
"
2026-04-22T16:28:51,shellyazplug-node/status/switch:0,199,"{""id"":0, ""source"":""MQTT"", ""output"":true, ""apower"":0.0, ""voltage"":230.4, ""freq"":50.0, ""current"":0.000, ""aenergy"":{""total"""
2026-04-22T16:28:51,shellyazplug-node/events/rpc,167,"{""src"":""shellyazplug-e4b323337220"",""dst"":""shellyazplug-node/events"",""method"":""NotifyStatus"",""params"":{""ts"":33863.76,""swi"
2026-04-22T16:28:51,shellyazplug-node/debug/log,133,"shellyazplug-e4b323337220 4860 33863.775 1|shelly_notification:163 Status change of switch:0: {""id"":0,""output"":true,""sou"
2026-04-22T16:28:51,shellyazplug-node/rpc,86,"{""id"": 1, ""src"": ""attacker"", ""method"": ""Switch.Set"", ""params"": {""id"": 0, ""on"": false}}"
2026-04-22T16:28:51,attacker/rpc,84,"{""id"":1,""src"":""shellyazplug-e4b323337220"",""dst"":""attacker"",""result"":{""was_on"":true}}"
2026-04-22T16:28:51,shellyazplug-node/debug/log,88,"shellyazplug-e4b323337220 4861 33864.256 1|shos_rpc_inst.c:230     Switch.Set via MQTT 
"
2026-04-22T16:28:51,shellyazplug-node/status/switch:0,200,"{""id"":0, ""source"":""MQTT"", ""output"":false, ""apower"":0.0, ""voltage"":230.4, ""freq"":50.0, ""current"":0.000, ""aenergy"":{""total"
2026-04-22T16:28:51,shellyazplug-node/events/rpc,191,"{""src"":""shellyazplug-e4b323337220"",""dst"":""shellyazplug-node/events"",""method"":""NotifyStatus"",""params"":{""ts"":33864.25,""swi"
2026-04-22T16:28:51,shellyazplug-node/debug/log,157,"shellyazplug-e4b323337220 4862 33864.274 1|shelly_notification:163 Status change of switch:0: {""id"":0,""apower"":0,""curren"
2026-04-22T16:28:51,shellyazplug-node/rpc,85,"{""id"": 1, ""src"": ""attacker"", ""method"": ""Switch.Set"", ""params"": {""id"": 0, ""on"": true}}"
2026-04-22T16:28:51,attacker/rpc,85,"{""id"":1,""src"":""shellyazplug-e4b323337220"",""dst"":""attacker"",""result"":{""was_on"":false}}"
2026-04-22T16:28:51,shellyazplug-node/debug/log,88,"shellyazplug-e4b323337220 4863 33864.755 1|shos_rpc_inst.c:230     Switch.Set via MQTT 
"
2026-04-22T16:28:51,shellyazplug-node/status/switch:0,199,"{""id"":0, ""source"":""MQTT"", ""output"":true, ""apower"":0.0, ""voltage"":230.5, ""freq"":50.0, ""current"":0.000, ""aenergy"":{""total"""
2026-04-22T16:28:51,shellyazplug-node/events/rpc,167,"{""src"":""shellyazplug-e4b323337220"",""dst"":""shellyazplug-node/events"",""method"":""NotifyStatus"",""params"":{""ts"":33864.75,""swi"
2026-04-22T16:28:51,shellyazplug-node/debug/log,133,"shellyazplug-e4b323337220 4864 33864.772 1|shelly_notification:163 Status change of switch:0: {""id"":0,""output"":true,""sou"
2026-04-22T16:28:52,shellyazplug-node/rpc,86,"{""id"": 1, ""src"": ""attacker"", ""method"": ""Switch.Set"", ""params"": {""id"": 0, ""on"": false}}"
2026-04-22T16:28:52,attacker/rpc,84,"{""id"":1,""src"":""shellyazplug-e4b323337220"",""dst"":""attacker"",""result"":{""was_on"":true}}"
2026-04-22T16:28:52,shellyazplug-node/debug/log,88,"shellyazplug-e4b323337220 4865 33865.256 1|shos_rpc_inst.c:230     Switch.Set via MQTT 
"
2026-04-22T16:28:52,shellyazplug-node/status/switch:0,200,"{""id"":0, ""source"":""MQTT"", ""output"":false, ""apower"":0.0, ""voltage"":230.5, ""freq"":50.0, ""current"":0.000, ""aenergy"":{""total"
2026-04-22T16:28:52,shellyazplug-node/events/rpc,191,"{""src"":""shellyazplug-e4b323337220"",""dst"":""shellyazplug-node/events"",""method"":""NotifyStatus"",""params"":{""ts"":33865.25,""swi"
2026-04-22T16:28:52,shellyazplug-node/debug/log,157,"shellyazplug-e4b323337220 4866 33865.275 1|shelly_notification:163 Status change of switch:0: {""id"":0,""apower"":0,""curren"
2026-04-22T16:28:52,shellyazplug-node/rpc,85,"{""id"": 1, ""src"": ""attacker"", ""method"": ""Switch.Set"", ""params"": {""id"": 0, ""on"": true}}"
2026-04-22T16:28:52,attacker/rpc,85,"{""id"":1,""src"":""shellyazplug-e4b323337220"",""dst"":""attacker"",""result"":{""was_on"":false}}"
2026-04-22T16:28:52,shellyazplug-node/debug/log,88,"shellyazplug-e4b323337220 4867 33865.756 1|shos_rpc_inst.c:230     Switch.Set via MQTT 
"
2026-04-22T16:28:52,shellyazplug-node/status/switch:0,199,"{""id"":0, ""source"":""MQTT"", ""output"":true, ""apower"":0.0, ""voltage"":230.6, ""freq"":50.0, ""current"":0.000, ""aenergy"":{""total"""
2026-04-22T16:28:52,shellyazplug-node/events/rpc,167,"{""src"":""shellyazplug-e4b323337220"",""dst"":""shellyazplug-node/events"",""method"":""NotifyStatus"",""params"":{""ts"":33865.75,""swi"
2026-04-22T16:28:52,shellyazplug-node/debug/log,133,"shellyazplug-e4b323337220 4868 33865.773 1|shelly_notification:163 Status change of switch:0: {""id"":0,""output"":true,""sou"
2026-04-22T16:28:53,shellyazplug-node/rpc,86,"{""id"": 1, ""src"": ""attacker"", ""method"": ""Switch.Set"", ""params"": {""id"": 0, ""on"": false}}"
2026-04-22T16:28:53,attacker/rpc,84,"{""id"":1,""src"":""shellyazplug-e4b323337220"",""dst"":""attacker"",""result"":{""was_on"":true}}"
2026-04-22T16:28:53,shellyazplug-node/debug/log,88,"shellyazplug-e4b323337220 4869 33866.256 1|shos_rpc_inst.c:230     Switch.Set via MQTT 
"
2026-04-22T16:28:53,shellyazplug-node/status/switch:0,200,"{""id"":0, ""source"":""MQTT"", ""output"":false, ""apower"":0.0, ""voltage"":230.6, ""freq"":50.0, ""current"":0.000, ""aenergy"":{""total"
2026-04-22T16:28:53,shellyazplug-node/events/rpc,191,"{""src"":""shellyazplug-e4b323337220"",""dst"":""shellyazplug-node/events"",""method"":""NotifyStatus"",""params"":{""ts"":33866.25,""swi"
2026-04-22T16:28:53,shellyazplug-node/debug/log,157,"shellyazplug-e4b323337220 4870 33866.275 1|shelly_notification:163 Status change of switch:0: {""id"":0,""apower"":0,""curren"
2026-04-22T16:28:53,shellyazplug-node/rpc,85,"{""id"": 1, ""src"": ""attacker"", ""method"": ""Switch.Set"", ""params"": {""id"": 0, ""on"": true}}"
2026-04-22T16:28:53,attacker/rpc,85,"{""id"":1,""src"":""shellyazplug-e4b323337220"",""dst"":""attacker"",""result"":{""was_on"":false}}"
2026-04-22T16:28:53,shellyazplug-node/debug/log,88,"shellyazplug-e4b323337220 4871 33866.757 1|shos_rpc_inst.c:230     Switch.Set via MQTT 
"
2026-04-22T16:28:53,shellyazplug-node/status/switch:0,199,"{""id"":0, ""source"":""MQTT"", ""output"":true, ""apower"":0.0, ""voltage"":230.6, ""freq"":50.0, ""current"":0.000, ""aenergy"":{""total"""
2026-04-22T16:28:53,shellyazplug-node/events/rpc,167,"{""src"":""shellyazplug-e4b323337220"",""dst"":""shellyazplug-node/events"",""method"":""NotifyStatus"",""params"":{""ts"":33866.75,""swi"
2026-04-22T16:28:53,shellyazplug-node/debug/log,133,"shellyazplug-e4b323337220 4872 33866.773 1|shelly_notification:163 Status change of switch:0: {""id"":0,""output"":true,""sou"
2026-04-22T16:28:54,shellyazplug-node/rpc,86,"{""id"": 1, ""src"": ""attacker"", ""method"": ""Switch.Set"", ""params"": {""id"": 0, ""on"": false}}"
2026-04-22T16:28:54,attacker/rpc,84,"{""id"":1,""src"":""shellyazplug-e4b323337220"",""dst"":""attacker"",""result"":{""was_on"":true}}"
2026-04-22T16:28:54,shellyazplug-node/debug/log,88,"shellyazplug-e4b323337220 4873 33867.257 1|shos_rpc_inst.c:230     Switch.Set via MQTT 
"
2026-04-22T16:28:54,shellyazplug-node/status/switch:0,200,"{""id"":0, ""source"":""MQTT"", ""output"":false, ""apower"":0.0, ""voltage"":230.6, ""freq"":50.0, ""current"":0.000, ""aenergy"":{""total"
2026-04-22T16:28:54,shellyazplug-node/events/rpc,191,"{""src"":""shellyazplug-e4b323337220"",""dst"":""shellyazplug-node/events"",""method"":""NotifyStatus"",""params"":{""ts"":33867.25,""swi"
2026-04-22T16:28:54,shellyazplug-node/debug/log,157,"shellyazplug-e4b323337220 4874 33867.276 1|shelly_notification:163 Status change of switch:0: {""id"":0,""apower"":0,""curren"
2026-04-22T16:28:54,shellyazplug-node/rpc,85,"{""id"": 1, ""src"": ""attacker"", ""method"": ""Switch.Set"", ""params"": {""id"": 0, ""on"": true}}"
2026-04-22T16:28:54,attacker/rpc,85,"{""id"":1,""src"":""shellyazplug-e4b323337220"",""dst"":""attacker"",""result"":{""was_on"":false}}"
2026-04-22T16:28:54,iot/mq/debug,50,[0;36m[D][sensor:124]: 'Gas Sensor' >> 0.56 V[0m
2026-04-22T16:28:54,shellyazplug-node/debug/log,88,"shellyazplug-e4b323337220 4875 33867.758 1|shos_rpc_inst.c:230     Switch.Set via MQTT 
"
2026-04-22T16:28:54,iot/mq/sensor/gas_sensor/state,4,0.56
2026-04-22T16:28:54,shellyazplug-node/status/switch:0,199,"{""id"":0, ""source"":""MQTT"", ""output"":true, ""apower"":0.0, ""voltage"":230.5, ""freq"":50.0, ""current"":0.000, ""aenergy"":{""total"""
2026-04-22T16:28:54,shellyazplug-node/events/rpc,167,"{""src"":""shellyazplug-e4b323337220"",""dst"":""shellyazplug-node/events"",""method"":""NotifyStatus"",""params"":{""ts"":33867.76,""swi"
2026-04-22T16:28:54,shellyazplug-node/debug/log,133,"shellyazplug-e4b323337220 4876 33867.774 1|shelly_notification:163 Status change of switch:0: {""id"":0,""output"":true,""sou"
2026-04-22T16:28:55,shellyazplug-node/rpc,86,"{""id"": 1, ""src"": ""attacker"", ""method"": ""Switch.Set"", ""params"": {""id"": 0, ""on"": false}}"
2026-04-22T16:28:55,attacker/rpc,84,"{""id"":1,""src"":""shellyazplug-e4b323337220"",""dst"":""attacker"",""result"":{""was_on"":true}}"
2026-04-22T16:28:55,shellyazplug-node/debug/log,88,"shellyazplug-e4b323337220 4877 33868.259 1|shos_rpc_inst.c:230     Switch.Set via MQTT 
"
2026-04-22T16:28:55,shellyazplug-node/status/switch:0,200,"{""id"":0, ""source"":""MQTT"", ""output"":false, ""apower"":0.0, ""voltage"":230.5, ""freq"":50.0, ""current"":0.000, ""aenergy"":{""total"
2026-04-22T16:28:55,shellyazplug-node/events/rpc,191,"{""src"":""shellyazplug-e4b323337220"",""dst"":""shellyazplug-node/events"",""method"":""NotifyStatus"",""params"":{""ts"":33868.26,""swi"
2026-04-22T16:28:55,shellyazplug-node/debug/log,157,"shellyazplug-e4b323337220 4878 33868.277 1|shelly_notification:163 Status change of switch:0: {""id"":0,""apower"":0,""curren"
2026-04-22T16:28:55,shellyazplug-node/rpc,85,"{""id"": 1, ""src"": ""attacker"", ""method"": ""Switch.Set"", ""params"": {""id"": 0, ""on"": true}}"
2026-04-22T16:28:55,attacker/rpc,85,"{""id"":1,""src"":""shellyazplug-e4b323337220"",""dst"":""attacker"",""result"":{""was_on"":false}}"
2026-04-22T16:28:55,shellyazplug-node/debug/log,88,"shellyazplug-e4b323337220 4879 33868.759 1|shos_rpc_inst.c:230     Switch.Set via MQTT 
"
2026-04-22T16:28:55,shellyazplug-node/status/switch:0,199,"{""id"":0, ""source"":""MQTT"", ""output"":true, ""apower"":0.0, ""voltage"":230.6, ""freq"":50.0, ""current"":0.000, ""aenergy"":{""total"""
2026-04-22T16:28:55,shellyazplug-node/events/rpc,167,"{""src"":""shellyazplug-e4b323337220"",""dst"":""shellyazplug-node/events"",""method"":""NotifyStatus"",""params"":{""ts"":33868.76,""swi"
2026-04-22T16:28:56,shellyazplug-node/debug/log,133,"shellyazplug-e4b323337220 4880 33868.776 1|shelly_notification:163 Status change of switch:0: {""id"":0,""output"":true,""sou"
2026-04-22T16:28:56,shellyazplug-node/rpc,86,"{""id"": 1, ""src"": ""attacker"", ""method"": ""Switch.Set"", ""params"": {""id"": 0, ""on"": false}}"
2026-04-22T16:28:56,attacker/rpc,84,"{""id"":1,""src"":""shellyazplug-e4b323337220"",""dst"":""attacker"",""result"":{""was_on"":true}}"
2026-04-22T16:28:56,shellyazplug-node/debug/log,88,"shellyazplug-e4b323337220 4881 33869.261 1|shos_rpc_inst.c:230     Switch.Set via MQTT 
"
2026-04-22T16:28:56,shellyazplug-node/status/switch:0,200,"{""id"":0, ""source"":""MQTT"", ""output"":false, ""apower"":0.0, ""voltage"":230.6, ""freq"":50.0, ""current"":0.000, ""aenergy"":{""total"
2026-04-22T16:28:56,shellyazplug-node/events/rpc,191,"{""src"":""shellyazplug-e4b323337220"",""dst"":""shellyazplug-node/events"",""method"":""NotifyStatus"",""params"":{""ts"":33869.26,""swi"
2026-04-22T16:28:56,shellyazplug-node/debug/log,157,"shellyazplug-e4b323337220 4882 33869.280 1|shelly_notification:163 Status change of switch:0: {""id"":0,""apower"":0,""curren"
2026-04-22T16:28:56,iot/dht11/debug,59,[0;36m[D][dht:048]: Temperature 24.9°C Humidity 39.0%[0m
2026-04-22T16:28:56,iot/dht11/debug,53,[0;36m[D][sensor:124]: 'Temperature' >> 24.9 °C[0m
2026-04-22T16:28:56,iot/dht11/sensor/temperature/state,4,24.9
2026-04-22T16:28:56,iot/dht11/debug,46,[0;36m[D][sensor:124]: 'Humidity' >> 39 %[0m
2026-04-22T16:28:56,iot/dht11/sensor/humidity/state,2,39
2026-04-22T16:28:56,shellyazplug-node/rpc,85,"{""id"": 1, ""src"": ""attacker"", ""method"": ""Switch.Set"", ""params"": {""id"": 0, ""on"": true}}"
2026-04-22T16:28:56,attacker/rpc,85,"{""id"":1,""src"":""shellyazplug-e4b323337220"",""dst"":""attacker"",""result"":{""was_on"":false}}"
2026-04-22T16:28:56,shellyazplug-node/debug/log,88,"shellyazplug-e4b323337220 4883 33869.762 1|shos_rpc_inst.c:230     Switch.Set via MQTT 
"
2026-04-22T16:28:56,shellyazplug-node/status/switch:0,199,"{""id"":0, ""source"":""MQTT"", ""output"":true, ""apower"":0.0, ""voltage"":230.6, ""freq"":50.0, ""current"":0.000, ""aenergy"":{""total"""
2026-04-22T16:28:56,shellyazplug-node/events/rpc,167,"{""src"":""shellyazplug-e4b323337220"",""dst"":""shellyazplug-node/events"",""method"":""NotifyStatus"",""params"":{""ts"":33869.76,""swi"
2026-04-22T16:28:56,shellyazplug-node/debug/log,133,"shellyazplug-e4b323337220 4884 33869.778 1|shelly_notification:163 Status change of switch:0: {""id"":0,""output"":true,""sou"
2026-04-22T16:28:57,shellyazplug-node/rpc,86,"{""id"": 1, ""src"": ""attacker"", ""method"": ""Switch.Set"", ""params"": {""id"": 0, ""on"": false}}"
2026-04-22T16:28:57,attacker/rpc,84,"{""id"":1,""src"":""shellyazplug-e4b323337220"",""dst"":""attacker"",""result"":{""was_on"":true}}"
2026-04-22T16:28:57,shellyazplug-node/debug/log,88,"shellyazplug-e4b323337220 4885 33870.262 1|shos_rpc_inst.c:230     Switch.Set via MQTT 
"
2026-04-22T16:28:57,shellyazplug-node/status/switch:0,200,"{""id"":0, ""source"":""MQTT"", ""output"":false, ""apower"":0.0, ""voltage"":230.6, ""freq"":50.0, ""current"":0.000, ""aenergy"":{""total"
2026-04-22T16:28:57,shellyazplug-node/events/rpc,191,"{""src"":""shellyazplug-e4b323337220"",""dst"":""shellyazplug-node/events"",""method"":""NotifyStatus"",""params"":{""ts"":33870.26,""swi"
2026-04-22T16:28:57,shellyazplug-node/debug/log,157,"shellyazplug-e4b323337220 4886 33870.280 1|shelly_notification:163 Status change of switch:0: {""id"":0,""apower"":0,""curren"
2026-04-22T16:28:57,shellyazplug-node/rpc,85,"{""id"": 1, ""src"": ""attacker"", ""method"": ""Switch.Set"", ""params"": {""id"": 0, ""on"": true}}"
2026-04-22T16:28:57,attacker/rpc,85,"{""id"":1,""src"":""shellyazplug-e4b323337220"",""dst"":""attacker"",""result"":{""was_on"":false}}"
2026-04-22T16:28:57,shellyazplug-node/debug/log,88,"shellyazplug-e4b323337220 4887 33870.762 1|shos_rpc_inst.c:230     Switch.Set via MQTT 
"
2026-04-22T16:28:57,shellyazplug-node/status/switch:0,199,"{""id"":0, ""source"":""MQTT"", ""output"":true, ""apower"":0.0, ""voltage"":230.5, ""freq"":50.0, ""current"":0.000, ""aenergy"":{""total"""
2026-04-22T16:28:57,shellyazplug-node/events/rpc,167,"{""src"":""shellyazplug-e4b323337220"",""dst"":""shellyazplug-node/events"",""method"":""NotifyStatus"",""params"":{""ts"":33870.76,""swi"
2026-04-22T16:28:57,shellyazplug-node/debug/log,133,"shellyazplug-e4b323337220 4888 33870.779 1|shelly_notification:163 Status change of switch:0: {""id"":0,""output"":true,""sou"
2026-04-22T16:28:58,shellyazplug-node/rpc,86,"{""id"": 1, ""src"": ""attacker"", ""method"": ""Switch.Set"", ""params"": {""id"": 0, ""on"": false}}"
2026-04-22T16:28:58,attacker/rpc,84,"{""id"":1,""src"":""shellyazplug-e4b323337220"",""dst"":""attacker"",""result"":{""was_on"":true}}"
2026-04-22T16:28:58,shellyazplug-node/debug/log,88,"shellyazplug-e4b323337220 4889 33871.262 1|shos_rpc_inst.c:230     Switch.Set via MQTT 
"
2026-04-22T16:28:58,shellyazplug-node/status/switch:0,200,"{""id"":0, ""source"":""MQTT"", ""output"":false, ""apower"":0.0, ""voltage"":230.5, ""freq"":50.0, ""current"":0.000, ""aenergy"":{""total"
2026-04-22T16:28:58,shellyazplug-node/events/rpc,191,"{""src"":""shellyazplug-e4b323337220"",""dst"":""shellyazplug-node/events"",""method"":""NotifyStatus"",""params"":{""ts"":33871.26,""swi"
2026-04-22T16:28:58,shellyazplug-node/debug/log,157,"shellyazplug-e4b323337220 4890 33871.281 1|shelly_notification:163 Status change of switch:0: {""id"":0,""apower"":0,""curren"
2026-04-22T16:28:58,shellyazplug-node/rpc,85,"{""id"": 1, ""src"": ""attacker"", ""method"": ""Switch.Set"", ""params"": {""id"": 0, ""on"": true}}"
2026-04-22T16:28:58,attacker/rpc,85,"{""id"":1,""src"":""shellyazplug-e4b323337220"",""dst"":""attacker"",""result"":{""was_on"":false}}"
2026-04-22T16:28:58,shellyazplug-node/debug/log,88,"shellyazplug-e4b323337220 4891 33871.763 1|shos_rpc_inst.c:230     Switch.Set via MQTT 
"
2026-04-22T16:28:58,shellyazplug-node/status/switch:0,199,"{""id"":0, ""source"":""MQTT"", ""output"":true, ""apower"":0.0, ""voltage"":230.5, ""freq"":50.0, ""current"":0.000, ""aenergy"":{""total"""
2026-04-22T16:28:58,shellyazplug-node/events/rpc,167,"{""src"":""shellyazplug-e4b323337220"",""dst"":""shellyazplug-node/events"",""method"":""NotifyStatus"",""params"":{""ts"":33871.76,""swi"
2026-04-22T16:28:58,shellyazplug-node/debug/log,133,"shellyazplug-e4b323337220 4892 33871.779 1|shelly_notification:163 Status change of switch:0: {""id"":0,""output"":true,""sou"
2026-04-22T16:28:59,shellyazplug-node/rpc,86,"{""id"": 1, ""src"": ""attacker"", ""method"": ""Switch.Set"", ""params"": {""id"": 0, ""on"": false}}"
2026-04-22T16:28:59,attacker/rpc,84,"{""id"":1,""src"":""shellyazplug-e4b323337220"",""dst"":""attacker"",""result"":{""was_on"":true}}"
2026-04-22T16:28:59,shellyazplug-node/debug/log,88,"shellyazplug-e4b323337220 4893 33872.264 1|shos_rpc_inst.c:230     Switch.Set via MQTT 
"
2026-04-22T16:28:59,shellyazplug-node/status/switch:0,200,"{""id"":0, ""source"":""MQTT"", ""output"":false, ""apower"":0.0, ""voltage"":230.5, ""freq"":50.0, ""current"":0.000, ""aenergy"":{""total"
2026-04-22T16:28:59,shellyazplug-node/events/rpc,191,"{""src"":""shellyazplug-e4b323337220"",""dst"":""shellyazplug-node/events"",""method"":""NotifyStatus"",""params"":{""ts"":33872.26,""swi"
2026-04-22T16:28:59,shellyazplug-node/debug/log,157,"shellyazplug-e4b323337220 4894 33872.282 1|shelly_notification:163 Status change of switch:0: {""id"":0,""apower"":0,""curren"
2026-04-22T16:28:59,shellyazplug-node/rpc,85,"{""id"": 1, ""src"": ""attacker"", ""method"": ""Switch.Set"", ""params"": {""id"": 0, ""on"": true}}"
2026-04-22T16:28:59,attacker/rpc,85,"{""id"":1,""src"":""shellyazplug-e4b323337220"",""dst"":""attacker"",""result"":{""was_on"":false}}"
2026-04-22T16:28:59,iot/mq/debug,50,[0;36m[D][sensor:124]: 'Gas Sensor' >> 0.56 V[0m
2026-04-22T16:28:59,iot/mq/sensor/gas_sensor/state,4,0.56
2026-04-22T16:28:59,shellyazplug-node/debug/log,88,"shellyazplug-e4b323337220 4895 33872.764 1|shos_rpc_inst.c:230     Switch.Set via MQTT 
"
2026-04-22T16:28:59,shellyazplug-node/status/switch:0,199,"{""id"":0, ""source"":""MQTT"", ""output"":true, ""apower"":0.0, ""voltage"":230.6, ""freq"":50.0, ""current"":0.000, ""aenergy"":{""total"""
2026-04-22T16:28:59,shellyazplug-node/events/rpc,167,"{""src"":""shellyazplug-e4b323337220"",""dst"":""shellyazplug-node/events"",""method"":""NotifyStatus"",""params"":{""ts"":33872.76,""swi"
2026-04-22T16:28:59,shellyazplug-node/debug/log,133,"shellyazplug-e4b323337220 4896 33872.780 1|shelly_notification:163 Status change of switch:0: {""id"":0,""output"":true,""sou"
2026-04-22T16:29:00,shellyazplug-node/rpc,86,"{""id"": 1, ""src"": ""attacker"", ""method"": ""Switch.Set"", ""params"": {""id"": 0, ""on"": false}}"
2026-04-22T16:29:00,attacker/rpc,84,"{""id"":1,""src"":""shellyazplug-e4b323337220"",""dst"":""attacker"",""result"":{""was_on"":true}}"
2026-04-22T16:29:00,shellyazplug-node/debug/log,88,"shellyazplug-e4b323337220 4897 33873.264 1|shos_rpc_inst.c:230     Switch.Set via MQTT 
"
2026-04-22T16:29:00,shellyazplug-node/status/switch:0,200,"{""id"":0, ""source"":""MQTT"", ""output"":false, ""apower"":0.0, ""voltage"":230.6, ""freq"":50.0, ""current"":0.000, ""aenergy"":{""total"
2026-04-22T16:29:00,shellyazplug-node/events/rpc,191,"{""src"":""shellyazplug-e4b323337220"",""dst"":""shellyazplug-node/events"",""method"":""NotifyStatus"",""params"":{""ts"":33873.26,""swi"
2026-04-22T16:29:00,shellyazplug-node/debug/log,157,"shellyazplug-e4b323337220 4898 33873.283 1|shelly_notification:163 Status change of switch:0: {""id"":0,""apower"":0,""curren"
2026-04-22T16:29:00,shellyazplug-node/rpc,85,"{""id"": 1, ""src"": ""attacker"", ""method"": ""Switch.Set"", ""params"": {""id"": 0, ""on"": true}}"
2026-04-22T16:29:00,attacker/rpc,85,"{""id"":1,""src"":""shellyazplug-e4b323337220"",""dst"":""attacker"",""result"":{""was_on"":false}}"
2026-04-22T16:29:00,shellyazplug-node/debug/log,88,"shellyazplug-e4b323337220 4899 33873.765 1|shos_rpc_inst.c:230     Switch.Set via MQTT 
"
2026-04-22T16:29:00,shellyazplug-node/status/switch:0,199,"{""id"":0, ""source"":""MQTT"", ""output"":true, ""apower"":0.0, ""voltage"":230.7, ""freq"":50.0, ""current"":0.000, ""aenergy"":{""total"""
2026-04-22T16:29:00,shellyazplug-node/events/rpc,167,"{""src"":""shellyazplug-e4b323337220"",""dst"":""shellyazplug-node/events"",""method"":""NotifyStatus"",""params"":{""ts"":33873.76,""swi"
2026-04-22T16:29:01,shellyazplug-node/debug/log,133,"shellyazplug-e4b323337220 4900 33873.782 1|shelly_notification:163 Status change of switch:0: {""id"":0,""output"":true,""sou"
2026-04-22T16:29:01,shellyazplug-node/rpc,86,"{""id"": 1, ""src"": ""attacker"", ""method"": ""Switch.Set"", ""params"": {""id"": 0, ""on"": false}}"
2026-04-22T16:29:01,attacker/rpc,84,"{""id"":1,""src"":""shellyazplug-e4b323337220"",""dst"":""attacker"",""result"":{""was_on"":true}}"
2026-04-22T16:29:01,shellyazplug-node/debug/log,88,"shellyazplug-e4b323337220 4901 33874.267 1|shos_rpc_inst.c:230     Switch.Set via MQTT 
"
2026-04-22T16:29:01,shellyazplug-node/status/switch:0,200,"{""id"":0, ""source"":""MQTT"", ""output"":false, ""apower"":0.0, ""voltage"":230.7, ""freq"":50.0, ""current"":0.000, ""aenergy"":{""total"
2026-04-22T16:29:01,shellyazplug-node/events/rpc,191,"{""src"":""shellyazplug-e4b323337220"",""dst"":""shellyazplug-node/events"",""method"":""NotifyStatus"",""params"":{""ts"":33874.26,""swi"
2026-04-22T16:29:01,shellyazplug-node/debug/log,157,"shellyazplug-e4b323337220 4902 33874.286 1|shelly_notification:163 Status change of switch:0: {""id"":0,""apower"":0,""curren"
2026-04-22T16:29:01,shellyazplug-node/rpc,85,"{""id"": 1, ""src"": ""attacker"", ""method"": ""Switch.Set"", ""params"": {""id"": 0, ""on"": true}}"
2026-04-22T16:29:01,attacker/rpc,85,"{""id"":1,""src"":""shellyazplug-e4b323337220"",""dst"":""attacker"",""result"":{""was_on"":false}}"
2026-04-22T16:29:01,shellyazplug-node/debug/log,88,"shellyazplug-e4b323337220 4903 33874.766 1|shos_rpc_inst.c:230     Switch.Set via MQTT 
"
2026-04-22T16:29:01,shellyazplug-node/status/switch:0,199,"{""id"":0, ""source"":""MQTT"", ""output"":true, ""apower"":0.0, ""voltage"":230.6, ""freq"":50.0, ""current"":0.000, ""aenergy"":{""total"""
2026-04-22T16:29:01,shellyazplug-node/events/rpc,167,"{""src"":""shellyazplug-e4b323337220"",""dst"":""shellyazplug-node/events"",""method"":""NotifyStatus"",""params"":{""ts"":33874.76,""swi"
2026-04-22T16:29:01,shellyazplug-node/debug/log,133,"shellyazplug-e4b323337220 4904 33874.784 1|shelly_notification:163 Status change of switch:0: {""id"":0,""output"":true,""sou"
2026-04-22T16:29:04,iot/mq/debug,50,[0;36m[D][sensor:124]: 'Gas Sensor' >> 0.56 V[0m
2026-04-22T16:29:04,iot/mq/sensor/gas_sensor/state,4,0.56
2026-04-22T16:29:06,iot/dht11/debug,59,[0;36m[D][dht:048]: Temperature 24.9°C Humidity 39.0%[0m
2026-04-22T16:29:06,iot/dht11/debug,53,[0;36m[D][sensor:124]: 'Temperature' >> 24.9 °C[0m
2026-04-22T16:29:06,iot/dht11/sensor/temperature/state,4,24.9
2026-04-22T16:29:06,iot/dht11/debug,46,[0;36m[D][sensor:124]: 'Humidity' >> 39 %[0m
2026-04-22T16:29:06,iot/dht11/sensor/humidity/state,2,39
2026-04-22T16:29:09,iot/mq/debug,50,[0;36m[D][sensor:124]: 'Gas Sensor' >> 0.56 V[0m
2026-04-22T16:29:09,iot/mq/sensor/gas_sensor/state,4,0.56
2026-04-22T16:29:14,iot/mq/debug,50,[0;36m[D][sensor:124]: 'Gas Sensor' >> 0.56 V[0m
2026-04-22T16:29:14,iot/mq/sensor/gas_sensor/state,4,0.56
2026-04-22T16:29:16,iot/dht11/debug,59,[0;36m[D][dht:048]: Temperature 24.9°C Humidity 39.0%[0m
2026-04-22T16:29:16,iot/dht11/debug,53,[0;36m[D][sensor:124]: 'Temperature' >> 24.9 °C[0m
2026-04-22T16:29:16,iot/dht11/sensor/temperature/state,4,24.9
2026-04-22T16:29:16,iot/dht11/debug,46,[0;36m[D][sensor:124]: 'Humidity' >> 39 %[0m
2026-04-22T16:29:16,iot/dht11/sensor/humidity/state,2,39
2026-04-22T16:29:19,iot/mq/debug,50,[0;36m[D][sensor:124]: 'Gas Sensor' >> 0.56 V[0m
2026-04-22T16:29:19,iot/mq/sensor/gas_sensor/state,4,0.56
2026-04-22T16:29:24,iot/mq/debug,50,[0;36m[D][sensor:124]: 'Gas Sensor' >> 0.56 V[0m
2026-04-22T16:29:24,iot/mq/sensor/gas_sensor/state,4,0.56
2026-04-22T16:29:26,iot/dht11/debug,59,[0;36m[D][dht:048]: Temperature 24.9°C Humidity 39.0%[0m
2026-04-22T16:29:26,iot/dht11/debug,53,[0;36m[D][sensor:124]: 'Temperature' >> 24.9 °C[0m
2026-04-22T16:29:26,iot/dht11/sensor/temperature/state,4,24.9
2026-04-22T16:29:26,iot/dht11/debug,46,[0;36m[D][sensor:124]: 'Humidity' >> 39 %[0m
2026-04-22T16:29:26,iot/dht11/sensor/humidity/state,2,39
2026-04-22T16:29:29,iot/mq/debug,50,[0;36m[D][sensor:124]: 'Gas Sensor' >> 0.56 V[0m
2026-04-22T16:29:29,iot/mq/sensor/gas_sensor/state,4,0.56
2026-04-22T16:29:34,iot/mq/debug,50,[0;36m[D][sensor:124]: 'Gas Sensor' >> 0.56 V[0m
2026-04-22T16:29:35,iot/mq/sensor/gas_sensor/state,4,0.56
2026-04-22T16:29:36,iot/dht11/debug,59,[0;36m[D][dht:048]: Temperature 24.9°C Humidity 39.0%[0m
2026-04-22T16:29:36,iot/dht11/debug,53,[0;36m[D][sensor:124]: 'Temperature' >> 24.9 °C[0m
2026-04-22T16:29:36,iot/dht11/sensor/temperature/state,4,24.9
2026-04-22T16:29:36,iot/dht11/debug,46,[0;36m[D][sensor:124]: 'Humidity' >> 39 %[0m
2026-04-22T16:29:36,iot/dht11/sensor/humidity/state,2,39
2026-04-22T16:29:39,iot/mq/debug,50,[0;36m[D][sensor:124]: 'Gas Sensor' >> 0.56 V[0m
2026-04-22T16:29:39,iot/mq/sensor/gas_sensor/state,4,0.56
2026-04-22T16:29:44,iot/mq/debug,50,[0;36m[D][sensor:124]: 'Gas Sensor' >> 0.56 V[0m
2026-04-22T16:29:44,iot/mq/sensor/gas_sensor/state,4,0.56
2026-04-22T16:29:46,iot/dht11/debug,59,[0;36m[D][dht:048]: Temperature 24.9°C Humidity 39.0%[0m
2026-04-22T16:29:46,iot/dht11/debug,53,[0;36m[D][sensor:124]: 'Temperature' >> 24.9 °C[0m
2026-04-22T16:29:46,iot/dht11/sensor/temperature/state,4,24.9
2026-04-22T16:29:46,iot/dht11/debug,46,[0;36m[D][sensor:124]: 'Humidity' >> 39 %[0m
2026-04-22T16:29:46,iot/dht11/sensor/humidity/state,2,39
2026-04-22T16:29:49,iot/mq/debug,50,[0;36m[D][sensor:124]: 'Gas Sensor' >> 0.56 V[0m
2026-04-22T16:29:49,iot/mq/sensor/gas_sensor/state,4,0.56
2026-04-22T16:29:54,iot/mq/debug,50,[0;36m[D][sensor:124]: 'Gas Sensor' >> 0.56 V[0m
2026-04-22T16:29:54,iot/mq/sensor/gas_sensor/state,4,0.56
2026-04-22T16:29:56,iot/dht11/debug,59,[0;36m[D][dht:048]: Temperature 24.9°C Humidity 39.0%[0m
2026-04-22T16:29:56,iot/dht11/debug,53,[0;36m[D][sensor:124]: 'Temperature' >> 24.9 °C[0m
2026-04-22T16:29:56,iot/dht11/sensor/temperature/state,4,24.9
2026-04-22T16:29:56,iot/dht11/debug,46,[0;36m[D][sensor:124]: 'Humidity' >> 39 %[0m
2026-04-22T16:29:56,iot/dht11/sensor/humidity/state,2,39
2026-04-22T16:29:59,iot/mq/debug,50,[0;36m[D][sensor:124]: 'Gas Sensor' >> 0.56 V[0m
2026-04-22T16:30:00,iot/mq/sensor/gas_sensor/state,4,0.56
2026-04-22T16:30:04,iot/mq/debug,50,[0;36m[D][sensor:124]: 'Gas Sensor' >> 0.56 V[0m
2026-04-22T16:30:04,iot/mq/sensor/gas_sensor/state,4,0.56
2026-04-22T16:30:06,iot/dht11/debug,59,[0;36m[D][dht:048]: Temperature 24.9°C Humidity 39.0%[0m
2026-04-22T16:30:06,iot/dht11/debug,53,[0;36m[D][sensor:124]: 'Temperature' >> 24.9 °C[0m
2026-04-22T16:30:06,iot/dht11/sensor/temperature/state,4,24.9
2026-04-22T16:30:06,iot/dht11/debug,46,[0;36m[D][sensor:124]: 'Humidity' >> 39 %[0m
2026-04-22T16:30:06,iot/dht11/sensor/humidity/state,2,39
2026-04-22T16:30:09,iot/mq/debug,50,[0;36m[D][sensor:124]: 'Gas Sensor' >> 0.56 V[0m
2026-04-22T16:30:10,iot/mq/sensor/gas_sensor/state,4,0.56
2026-04-22T16:30:14,iot/mq/debug,50,[0;36m[D][sensor:124]: 'Gas Sensor' >> 0.56 V[0m
2026-04-22T16:30:15,iot/mq/sensor/gas_sensor/state,4,0.56
2026-04-22T16:30:16,iot/dht11/debug,59,[0;36m[D][dht:048]: Temperature 24.8°C Humidity 39.0%[0m
2026-04-22T16:30:16,iot/dht11/debug,53,[0;36m[D][sensor:124]: 'Temperature' >> 24.8 °C[0m
2026-04-22T16:30:16,iot/dht11/sensor/temperature/state,4,24.8
2026-04-22T16:30:16,iot/dht11/debug,46,[0;36m[D][sensor:124]: 'Humidity' >> 39 %[0m
2026-04-22T16:30:16,iot/dht11/sensor/humidity/state,2,39
2026-04-22T16:30:19,iot/mq/debug,50,[0;36m[D][sensor:124]: 'Gas Sensor' >> 0.56 V[0m
2026-04-22T16:30:19,iot/mq/sensor/gas_sensor/state,4,0.56
2026-04-22T16:30:24,iot/mq/debug,50,[0;36m[D][sensor:124]: 'Gas Sensor' >> 0.56 V[0m
2026-04-22T16:30:25,iot/mq/sensor/gas_sensor/state,4,0.56
2026-04-22T16:30:26,iot/dht11/debug,59,[0;36m[D][dht:048]: Temperature 24.8°C Humidity 39.0%[0m
2026-04-22T16:30:26,iot/dht11/debug,53,[0;36m[D][sensor:124]: 'Temperature' >> 24.8 °C[0m
2026-04-22T16:30:26,iot/dht11/sensor/temperature/state,4,24.8
2026-04-22T16:30:26,iot/dht11/debug,46,[0;36m[D][sensor:124]: 'Humidity' >> 39 %[0m
2026-04-22T16:30:26,iot/dht11/sensor/humidity/state,2,39
2026-04-22T16:30:29,iot/mq/debug,50,[0;36m[D][sensor:124]: 'Gas Sensor' >> 0.56 V[0m
2026-04-22T16:30:30,iot/mq/sensor/gas_sensor/state,4,0.56
2026-04-22T16:30:34,iot/mq/debug,50,[0;36m[D][sensor:124]: 'Gas Sensor' >> 0.56 V[0m
2026-04-22T16:30:34,iot/mq/sensor/gas_sensor/state,4,0.56
2026-04-22T16:30:36,iot/dht11/debug,59,[0;36m[D][dht:048]: Temperature 24.8°C Humidity 39.0%[0m
2026-04-22T16:30:36,iot/dht11/debug,53,[0;36m[D][sensor:124]: 'Temperature' >> 24.8 °C[0m
2026-04-22T16:30:36,iot/dht11/sensor/temperature/state,4,24.8
2026-04-22T16:30:36,iot/dht11/debug,46,[0;36m[D][sensor:124]: 'Humidity' >> 39 %[0m
2026-04-22T16:30:36,iot/dht11/sensor/humidity/state,2,39
2026-04-22T16:30:39,iot/mq/debug,50,[0;36m[D][sensor:124]: 'Gas Sensor' >> 0.56 V[0m
2026-04-22T16:30:40,iot/mq/sensor/gas_sensor/state,4,0.56
2026-04-22T16:30:45,iot/mq/debug,50,[0;36m[D][sensor:124]: 'Gas Sensor' >> 0.56 V[0m
2026-04-22T16:30:45,iot/mq/sensor/gas_sensor/state,4,0.56
2026-04-22T16:30:46,iot/dht11/debug,59,[0;36m[D][dht:048]: Temperature 24.8°C Humidity 39.0%[0m
2026-04-22T16:30:46,iot/dht11/debug,53,[0;36m[D][sensor:124]: 'Temperature' >> 24.8 °C[0m
2026-04-22T16:30:46,iot/dht11/sensor/temperature/state,4,24.8
2026-04-22T16:30:46,iot/dht11/debug,46,[0;36m[D][sensor:124]: 'Humidity' >> 39 %[0m
2026-04-22T16:30:46,iot/dht11/sensor/humidity/state,2,39
2026-04-22T16:30:50,iot/mq/debug,50,[0;36m[D][sensor:124]: 'Gas Sensor' >> 0.56 V[0m
2026-04-22T16:30:50,iot/mq/sensor/gas_sensor/state,4,0.56
2026-04-22T16:30:55,iot/mq/debug,50,[0;36m[D][sensor:124]: 'Gas Sensor' >> 0.56 V[0m
2026-04-22T16:30:55,iot/mq/sensor/gas_sensor/state,4,0.56
2026-04-22T16:30:56,iot/dht11/debug,59,[0;36m[D][dht:048]: Temperature 24.8°C Humidity 39.0%[0m
2026-04-22T16:30:56,iot/dht11/debug,53,[0;36m[D][sensor:124]: 'Temperature' >> 24.8 °C[0m
2026-04-22T16:30:56,iot/dht11/sensor/temperature/state,4,24.8
2026-04-22T16:30:56,iot/dht11/debug,46,[0;36m[D][sensor:124]: 'Humidity' >> 39 %[0m
2026-04-22T16:30:56,iot/dht11/sensor/humidity/state,2,39
2026-04-22T16:31:00,iot/mq/debug,50,[0;36m[D][sensor:124]: 'Gas Sensor' >> 0.56 V[0m
2026-04-22T16:31:00,iot/mq/sensor/gas_sensor/state,4,0.56
2026-04-22T16:31:05,iot/mq/debug,50,[0;36m[D][sensor:124]: 'Gas Sensor' >> 0.56 V[0m
2026-04-22T16:31:05,iot/mq/sensor/gas_sensor/state,4,0.56
2026-04-22T16:31:06,iot/dht11/debug,59,[0;36m[D][dht:048]: Temperature 24.8°C Humidity 39.0%[0m
2026-04-22T16:31:06,iot/dht11/debug,53,[0;36m[D][sensor:124]: 'Temperature' >> 24.8 °C[0m
2026-04-22T16:31:06,iot/dht11/sensor/temperature/state,4,24.8
2026-04-22T16:31:06,iot/dht11/debug,46,[0;36m[D][sensor:124]: 'Humidity' >> 39 %[0m
2026-04-22T16:31:06,iot/dht11/sensor/humidity/state,2,39
2026-04-22T16:31:10,iot/mq/debug,50,[0;36m[D][sensor:124]: 'Gas Sensor' >> 0.56 V[0m
2026-04-22T16:31:10,iot/mq/sensor/gas_sensor/state,4,0.56
2026-04-22T16:31:15,iot/mq/debug,50,[0;36m[D][sensor:124]: 'Gas Sensor' >> 0.56 V[0m
2026-04-22T16:31:15,iot/mq/sensor/gas_sensor/state,4,0.56
