timestamp,topic,payload_size_bytes,payload_preview
2026-04-22T16:52:40,shellyazplug-e4b323337220/online,5,false
2026-04-22T16:52:40,iot/dht11/debug,46,[0;36m[D][sensor:124]: 'Humidity' >> 38 %[0m
2026-04-22T16:52:40,iot/dht11/status,6,online
2026-04-22T16:52:40,iot/dht11/sensor/temperature/state,4,24.1
2026-04-22T16:52:40,iot/dht11/sensor/humidity/state,2,38
2026-04-22T16:52:40,iot/mq/debug,50,[0;36m[D][sensor:124]: 'Gas Sensor' >> 0.53 V[0m
2026-04-22T16:52:40,iot/mq/status,6,online
2026-04-22T16:52:40,iot/mq/sensor/gas_sensor/state,4,0.53
2026-04-22T16:52:40,iot/pir/debug,49,[0;36m[D][binary_sensor:048]: 'Motion' >> ON[0m
2026-04-22T16:52:40,iot/pir/status,6,online
2026-04-22T16:52:40,iot/pir/binary_sensor/motion/state,2,ON
2026-04-22T16:52:40,homeassistant/sensor/dht11_node/temperature/config,380,"{""sug_dsp_prc"":1,""unit_of_meas"":""°C"",""stat_cla"":""measurement"",""name"":""Temperature"",""dev_cla"":""temperature"",""stat_t"":""iot"
2026-04-22T16:52:40,homeassistant/sensor/dht11_node/humidity/config,366,"{""sug_dsp_prc"":0,""unit_of_meas"":""%"",""stat_cla"":""measurement"",""name"":""Humidity"",""dev_cla"":""humidity"",""stat_t"":""iot/dht11/"
2026-04-22T16:52:40,homeassistant/sensor/mq_node/gas_sensor/config,362,"{""sug_dsp_prc"":2,""unit_of_meas"":""V"",""stat_cla"":""measurement"",""name"":""Gas Sensor"",""dev_cla"":""voltage"",""stat_t"":""iot/mq/se"
2026-04-22T16:52:40,homeassistant/binary_sensor/pir_node/motion/config,306,"{""name"":""Motion"",""dev_cla"":""motion"",""stat_t"":""iot/pir/binary_sensor/motion/state"",""avty_t"":""iot/pir/status"",""uniq_id"":""E"
2026-04-22T16:52:40,esphome/discover/dht11_node,149,"{""ip"":""192.168.8.167"",""name"":""dht11_node"",""version"":""2026.3.2"",""mac"":""348518b90f38"",""platform"":""ESP32"",""board"":""esp32-s3"
2026-04-22T16:52:40,esphome/discover/mq_node,146,"{""ip"":""192.168.8.203"",""name"":""mq_node"",""version"":""2026.3.2"",""mac"":""348518b91934"",""platform"":""ESP32"",""board"":""esp32-s3-de"
2026-04-22T16:52:40,esphome/discover/pir_node,147,"{""ip"":""192.168.8.215"",""name"":""pir_node"",""version"":""2026.3.2"",""mac"":""348518b90f68"",""platform"":""ESP32"",""board"":""esp32-s3-d"
2026-04-22T16:52:40,shellyazplug-node/online,4,true
2026-04-22T16:52:40,iot/mq/debug,50,[0;36m[D][sensor:124]: 'Gas Sensor' >> 0.53 V[0m
2026-04-22T16:52:40,iot/mq/sensor/gas_sensor/state,4,0.53
2026-04-22T16:52:45,iot/mq/debug,50,[0;36m[D][sensor:124]: 'Gas Sensor' >> 0.53 V[0m
2026-04-22T16:52:45,iot/mq/sensor/gas_sensor/state,4,0.53
2026-04-22T16:52:47,iot/dht11/debug,59,[0;36m[D][dht:048]: Temperature 24.1°C Humidity 38.0%[0m
2026-04-22T16:52:47,iot/dht11/debug,53,[0;36m[D][sensor:124]: 'Temperature' >> 24.1 °C[0m
2026-04-22T16:52:47,iot/dht11/sensor/temperature/state,4,24.1
2026-04-22T16:52:47,iot/dht11/debug,46,[0;36m[D][sensor:124]: 'Humidity' >> 38 %[0m
2026-04-22T16:52:47,iot/dht11/sensor/humidity/state,2,38
2026-04-22T16:52:50,iot/mq/debug,50,[0;36m[D][sensor:124]: 'Gas Sensor' >> 0.53 V[0m
2026-04-22T16:52:50,iot/mq/sensor/gas_sensor/state,4,0.53
2026-04-22T16:52:55,iot/mq/debug,50,[0;36m[D][sensor:124]: 'Gas Sensor' >> 0.53 V[0m
2026-04-22T16:52:55,iot/mq/sensor/gas_sensor/state,4,0.53
2026-04-22T16:52:57,iot/dht11/debug,59,[0;36m[D][dht:048]: Temperature 24.1°C Humidity 38.0%[0m
2026-04-22T16:52:57,iot/dht11/debug,53,[0;36m[D][sensor:124]: 'Temperature' >> 24.1 °C[0m
2026-04-22T16:52:57,iot/dht11/sensor/temperature/state,4,24.1
2026-04-22T16:52:57,iot/dht11/debug,46,[0;36m[D][sensor:124]: 'Humidity' >> 38 %[0m
2026-04-22T16:52:57,iot/dht11/sensor/humidity/state,2,38
2026-04-22T16:53:00,iot/mq/debug,50,[0;36m[D][sensor:124]: 'Gas Sensor' >> 0.53 V[0m
2026-04-22T16:53:00,iot/mq/sensor/gas_sensor/state,4,0.53
2026-04-22T16:53:05,iot/mq/debug,50,[0;36m[D][sensor:124]: 'Gas Sensor' >> 0.53 V[0m
2026-04-22T16:53:05,iot/mq/sensor/gas_sensor/state,4,0.53
2026-04-22T16:53:07,iot/dht11/debug,59,[0;36m[D][dht:048]: Temperature 24.1°C Humidity 38.0%[0m
2026-04-22T16:53:07,iot/dht11/debug,53,[0;36m[D][sensor:124]: 'Temperature' >> 24.1 °C[0m
2026-04-22T16:53:07,iot/dht11/sensor/temperature/state,4,24.1
2026-04-22T16:53:07,iot/dht11/debug,46,[0;36m[D][sensor:124]: 'Humidity' >> 38 %[0m
2026-04-22T16:53:07,iot/dht11/sensor/humidity/state,2,38
2026-04-22T16:53:10,iot/mq/debug,50,[0;36m[D][sensor:124]: 'Gas Sensor' >> 0.53 V[0m
2026-04-22T16:53:10,iot/mq/sensor/gas_sensor/state,4,0.53
2026-04-22T16:53:15,iot/mq/debug,50,[0;36m[D][sensor:124]: 'Gas Sensor' >> 0.52 V[0m
2026-04-22T16:53:15,iot/mq/sensor/gas_sensor/state,4,0.52
2026-04-22T16:53:17,iot/dht11/debug,59,[0;36m[D][dht:048]: Temperature 24.0°C Humidity 37.0%[0m
2026-04-22T16:53:17,iot/dht11/debug,53,[0;36m[D][sensor:124]: 'Temperature' >> 24.0 °C[0m
2026-04-22T16:53:17,iot/dht11/sensor/temperature/state,4,24.0
2026-04-22T16:53:17,iot/dht11/debug,46,[0;36m[D][sensor:124]: 'Humidity' >> 37 %[0m
2026-04-22T16:53:17,iot/dht11/sensor/humidity/state,2,37
2026-04-22T16:53:20,iot/mq/debug,50,[0;36m[D][sensor:124]: 'Gas Sensor' >> 0.52 V[0m
2026-04-22T16:53:20,iot/mq/sensor/gas_sensor/state,4,0.52
2026-04-22T16:53:25,iot/mq/debug,50,[0;36m[D][sensor:124]: 'Gas Sensor' >> 0.52 V[0m
2026-04-22T16:53:25,iot/mq/sensor/gas_sensor/state,4,0.52
2026-04-22T16:53:27,iot/dht11/debug,59,[0;36m[D][dht:048]: Temperature 23.9°C Humidity 37.0%[0m
2026-04-22T16:53:27,iot/dht11/debug,53,[0;36m[D][sensor:124]: 'Temperature' >> 23.9 °C[0m
2026-04-22T16:53:27,iot/dht11/sensor/temperature/state,4,23.9
2026-04-22T16:53:27,iot/dht11/debug,46,[0;36m[D][sensor:124]: 'Humidity' >> 37 %[0m
2026-04-22T16:53:27,iot/dht11/sensor/humidity/state,2,37
2026-04-22T16:53:30,iot/mq/debug,50,[0;36m[D][sensor:124]: 'Gas Sensor' >> 0.52 V[0m
2026-04-22T16:53:30,iot/mq/sensor/gas_sensor/state,4,0.52
2026-04-22T16:53:33,iot/pir/binary_sensor/motion/state,3,OFF
2026-04-22T16:53:33,iot/pir/debug,50,[0;36m[D][binary_sensor:048]: 'Motion' >> OFF[0m
2026-04-22T16:53:35,iot/mq/debug,50,[0;36m[D][sensor:124]: 'Gas Sensor' >> 0.52 V[0m
2026-04-22T16:53:35,iot/mq/sensor/gas_sensor/state,4,0.52
2026-04-22T16:53:37,iot/dht11/debug,59,[0;36m[D][dht:048]: Temperature 23.8°C Humidity 37.0%[0m
2026-04-22T16:53:37,iot/dht11/debug,53,[0;36m[D][sensor:124]: 'Temperature' >> 23.8 °C[0m
2026-04-22T16:53:37,iot/dht11/sensor/temperature/state,4,23.8
2026-04-22T16:53:37,iot/dht11/debug,46,[0;36m[D][sensor:124]: 'Humidity' >> 37 %[0m
2026-04-22T16:53:37,iot/dht11/sensor/humidity/state,2,37
2026-04-22T16:53:38,iot/pir/binary_sensor/motion/state,2,ON
2026-04-22T16:53:38,iot/pir/debug,49,[0;36m[D][binary_sensor:048]: 'Motion' >> ON[0m
2026-04-22T16:53:40,iot/mq/debug,50,[0;36m[D][sensor:124]: 'Gas Sensor' >> 0.52 V[0m
2026-04-22T16:53:40,iot/mq/sensor/gas_sensor/state,4,0.52
2026-04-22T16:53:45,iot/mq/debug,50,[0;36m[D][sensor:124]: 'Gas Sensor' >> 0.52 V[0m
2026-04-22T16:53:45,iot/mq/sensor/gas_sensor/state,4,0.52
2026-04-22T16:53:47,iot/dht11/debug,59,[0;36m[D][dht:048]: Temperature 23.8°C Humidity 37.0%[0m
2026-04-22T16:53:47,iot/dht11/debug,53,[0;36m[D][sensor:124]: 'Temperature' >> 23.8 °C[0m
2026-04-22T16:53:47,iot/dht11/sensor/temperature/state,4,23.8
2026-04-22T16:53:47,iot/dht11/debug,46,[0;36m[D][sensor:124]: 'Humidity' >> 37 %[0m
2026-04-22T16:53:47,iot/dht11/sensor/humidity/state,2,37
2026-04-22T16:53:50,iot/mq/debug,50,[0;36m[D][sensor:124]: 'Gas Sensor' >> 0.52 V[0m
2026-04-22T16:53:50,iot/mq/sensor/gas_sensor/state,4,0.52
2026-04-22T16:53:55,iot/mq/debug,50,[0;36m[D][sensor:124]: 'Gas Sensor' >> 0.52 V[0m
2026-04-22T16:53:55,iot/mq/sensor/gas_sensor/state,4,0.52
2026-04-22T16:53:57,iot/dht11/debug,59,[0;36m[D][dht:048]: Temperature 23.8°C Humidity 37.0%[0m
2026-04-22T16:53:57,iot/dht11/debug,53,[0;36m[D][sensor:124]: 'Temperature' >> 23.8 °C[0m
2026-04-22T16:53:57,iot/dht11/sensor/temperature/state,4,23.8
2026-04-22T16:53:57,iot/dht11/debug,46,[0;36m[D][sensor:124]: 'Humidity' >> 37 %[0m
2026-04-22T16:53:57,iot/dht11/sensor/humidity/state,2,37
2026-04-22T16:54:00,iot/mq/debug,50,[0;36m[D][sensor:124]: 'Gas Sensor' >> 0.52 V[0m
2026-04-22T16:54:00,iot/mq/sensor/gas_sensor/state,4,0.52
2026-04-22T16:54:05,iot/mq/debug,50,[0;36m[D][sensor:124]: 'Gas Sensor' >> 0.52 V[0m
2026-04-22T16:54:05,iot/mq/sensor/gas_sensor/state,4,0.52
2026-04-22T16:54:07,iot/dht11/debug,59,[0;36m[D][dht:048]: Temperature 23.8°C Humidity 37.0%[0m
2026-04-22T16:54:07,iot/dht11/debug,53,[0;36m[D][sensor:124]: 'Temperature' >> 23.8 °C[0m
2026-04-22T16:54:07,iot/dht11/sensor/temperature/state,4,23.8
2026-04-22T16:54:07,iot/dht11/debug,46,[0;36m[D][sensor:124]: 'Humidity' >> 37 %[0m
2026-04-22T16:54:07,iot/dht11/sensor/humidity/state,2,37
2026-04-22T16:54:10,iot/mq/debug,50,[0;36m[D][sensor:124]: 'Gas Sensor' >> 0.52 V[0m
2026-04-22T16:54:10,iot/mq/sensor/gas_sensor/state,4,0.52
2026-04-22T16:54:15,iot/mq/debug,50,[0;36m[D][sensor:124]: 'Gas Sensor' >> 0.52 V[0m
2026-04-22T16:54:15,iot/mq/sensor/gas_sensor/state,4,0.52
2026-04-22T16:54:17,iot/dht11/debug,59,[0;36m[D][dht:048]: Temperature 23.8°C Humidity 37.0%[0m
2026-04-22T16:54:17,iot/dht11/debug,53,[0;36m[D][sensor:124]: 'Temperature' >> 23.8 °C[0m
2026-04-22T16:54:17,iot/dht11/sensor/temperature/state,4,23.8
2026-04-22T16:54:17,iot/dht11/debug,46,[0;36m[D][sensor:124]: 'Humidity' >> 37 %[0m
2026-04-22T16:54:17,iot/dht11/sensor/humidity/state,2,37
2026-04-22T16:54:20,iot/mq/debug,50,[0;36m[D][sensor:124]: 'Gas Sensor' >> 0.52 V[0m
2026-04-22T16:54:20,iot/mq/sensor/gas_sensor/state,4,0.52
2026-04-22T16:54:25,iot/mq/debug,50,[0;36m[D][sensor:124]: 'Gas Sensor' >> 0.52 V[0m
2026-04-22T16:54:25,iot/mq/sensor/gas_sensor/state,4,0.52
2026-04-22T16:54:27,iot/dht11/debug,59,[0;36m[D][dht:048]: Temperature 23.8°C Humidity 37.0%[0m
2026-04-22T16:54:27,iot/dht11/debug,53,[0;36m[D][sensor:124]: 'Temperature' >> 23.8 °C[0m
2026-04-22T16:54:27,iot/dht11/sensor/temperature/state,4,23.8
2026-04-22T16:54:27,iot/dht11/debug,46,[0;36m[D][sensor:124]: 'Humidity' >> 37 %[0m
2026-04-22T16:54:27,iot/dht11/sensor/humidity/state,2,37
2026-04-22T16:54:30,iot/mq/debug,50,[0;36m[D][sensor:124]: 'Gas Sensor' >> 0.52 V[0m
2026-04-22T16:54:30,iot/mq/sensor/gas_sensor/state,4,0.52
2026-04-22T16:54:35,iot/mq/debug,50,[0;36m[D][sensor:124]: 'Gas Sensor' >> 0.51 V[0m
2026-04-22T16:54:36,iot/mq/sensor/gas_sensor/state,4,0.51
2026-04-22T16:54:37,iot/dht11/debug,59,[0;36m[D][dht:048]: Temperature 23.8°C Humidity 37.0%[0m
2026-04-22T16:54:37,iot/dht11/debug,53,[0;36m[D][sensor:124]: 'Temperature' >> 23.8 °C[0m
2026-04-22T16:54:37,iot/dht11/sensor/temperature/state,4,23.8
2026-04-22T16:54:37,iot/dht11/debug,46,[0;36m[D][sensor:124]: 'Humidity' >> 37 %[0m
2026-04-22T16:54:37,iot/dht11/sensor/humidity/state,2,37
2026-04-22T16:54:40,iot/mq/debug,50,[0;36m[D][sensor:124]: 'Gas Sensor' >> 0.51 V[0m
2026-04-22T16:54:41,iot/mq/sensor/gas_sensor/state,4,0.51
2026-04-22T16:54:45,iot/mq/debug,50,[0;36m[D][sensor:124]: 'Gas Sensor' >> 0.51 V[0m
2026-04-22T16:54:45,iot/mq/sensor/gas_sensor/state,4,0.51
2026-04-22T16:54:47,iot/dht11/debug,59,[0;36m[D][dht:048]: Temperature 23.8°C Humidity 37.0%[0m
2026-04-22T16:54:47,iot/dht11/debug,53,[0;36m[D][sensor:124]: 'Temperature' >> 23.8 °C[0m
2026-04-22T16:54:47,iot/dht11/sensor/temperature/state,4,23.8
2026-04-22T16:54:47,iot/dht11/debug,46,[0;36m[D][sensor:124]: 'Humidity' >> 37 %[0m
2026-04-22T16:54:47,iot/dht11/sensor/humidity/state,2,37
2026-04-22T16:54:50,iot/mq/debug,50,[0;36m[D][sensor:124]: 'Gas Sensor' >> 0.51 V[0m
2026-04-22T16:54:51,iot/mq/sensor/gas_sensor/state,4,0.51
2026-04-22T16:54:55,iot/mq/debug,50,[0;36m[D][sensor:124]: 'Gas Sensor' >> 0.51 V[0m
2026-04-22T16:54:56,iot/mq/sensor/gas_sensor/state,4,0.51
2026-04-22T16:54:56,shellyazplug-node/rpc,85,"{""id"": 1, ""src"": ""attacker"", ""method"": ""Switch.Set"", ""params"": {""id"": 0, ""on"": true}}"
2026-04-22T16:54:56,attacker/rpc,84,"{""id"":1,""src"":""shellyazplug-e4b323337220"",""dst"":""attacker"",""result"":{""was_on"":true}}"
2026-04-22T16:54:56,shellyazplug-node/debug/log,88,"shellyazplug-e4b323337220 6302 35429.100 1|shos_rpc_inst.c:230     Switch.Set via MQTT 
"
2026-04-22T16:54:56,shellyazplug-node/rpc,86,"{""id"": 1, ""src"": ""attacker"", ""method"": ""Switch.Set"", ""params"": {""id"": 0, ""on"": false}}"
2026-04-22T16:54:56,attacker/rpc,84,"{""id"":1,""src"":""shellyazplug-e4b323337220"",""dst"":""attacker"",""result"":{""was_on"":true}}"
2026-04-22T16:54:56,shellyazplug-node/debug/log,88,"shellyazplug-e4b323337220 6303 35429.593 1|shos_rpc_inst.c:230     Switch.Set via MQTT 
"
2026-04-22T16:54:56,shellyazplug-node/status/switch:0,200,"{""id"":0, ""source"":""MQTT"", ""output"":false, ""apower"":0.0, ""voltage"":233.1, ""freq"":50.0, ""current"":0.000, ""aenergy"":{""total"
2026-04-22T16:54:56,shellyazplug-node/events/rpc,191,"{""src"":""shellyazplug-e4b323337220"",""dst"":""shellyazplug-node/events"",""method"":""NotifyStatus"",""params"":{""ts"":35429.59,""swi"
2026-04-22T16:54:56,shellyazplug-node/debug/log,157,"shellyazplug-e4b323337220 6304 35429.613 1|shelly_notification:163 Status change of switch:0: {""id"":0,""apower"":0,""curren"
2026-04-22T16:54:57,shellyazplug-node/rpc,85,"{""id"": 1, ""src"": ""attacker"", ""method"": ""Switch.Set"", ""params"": {""id"": 0, ""on"": true}}"
2026-04-22T16:54:57,attacker/rpc,85,"{""id"":1,""src"":""shellyazplug-e4b323337220"",""dst"":""attacker"",""result"":{""was_on"":false}}"
2026-04-22T16:54:57,shellyazplug-node/debug/log,88,"shellyazplug-e4b323337220 6305 35430.094 1|shos_rpc_inst.c:230     Switch.Set via MQTT 
"
2026-04-22T16:54:57,shellyazplug-node/status/switch:0,199,"{""id"":0, ""source"":""MQTT"", ""output"":true, ""apower"":0.0, ""voltage"":233.1, ""freq"":50.0, ""current"":0.000, ""aenergy"":{""total"""
2026-04-22T16:54:57,shellyazplug-node/events/rpc,167,"{""src"":""shellyazplug-e4b323337220"",""dst"":""shellyazplug-node/events"",""method"":""NotifyStatus"",""params"":{""ts"":35430.09,""swi"
2026-04-22T16:54:57,iot/dht11/debug,59,[0;36m[D][dht:048]: Temperature 23.8°C Humidity 36.0%[0m
2026-04-22T16:54:57,shellyazplug-node/debug/log,133,"shellyazplug-e4b323337220 6306 35430.111 1|shelly_notification:163 Status change of switch:0: {""id"":0,""output"":true,""sou"
2026-04-22T16:54:57,iot/dht11/debug,53,[0;36m[D][sensor:124]: 'Temperature' >> 23.8 °C[0m
2026-04-22T16:54:57,iot/dht11/sensor/temperature/state,4,23.8
2026-04-22T16:54:57,iot/dht11/debug,46,[0;36m[D][sensor:124]: 'Humidity' >> 36 %[0m
2026-04-22T16:54:57,iot/dht11/sensor/humidity/state,2,36
2026-04-22T16:54:57,shellyazplug-node/rpc,86,"{""id"": 1, ""src"": ""attacker"", ""method"": ""Switch.Set"", ""params"": {""id"": 0, ""on"": false}}"
2026-04-22T16:54:57,attacker/rpc,84,"{""id"":1,""src"":""shellyazplug-e4b323337220"",""dst"":""attacker"",""result"":{""was_on"":true}}"
2026-04-22T16:54:57,shellyazplug-node/debug/log,88,"shellyazplug-e4b323337220 6307 35430.594 1|shos_rpc_inst.c:230     Switch.Set via MQTT 
"
2026-04-22T16:54:57,shellyazplug-node/status/switch:0,200,"{""id"":0, ""source"":""MQTT"", ""output"":false, ""apower"":0.0, ""voltage"":233.0, ""freq"":50.0, ""current"":0.000, ""aenergy"":{""total"
2026-04-22T16:54:57,shellyazplug-node/events/rpc,191,"{""src"":""shellyazplug-e4b323337220"",""dst"":""shellyazplug-node/events"",""method"":""NotifyStatus"",""params"":{""ts"":35430.59,""swi"
2026-04-22T16:54:57,shellyazplug-node/debug/log,157,"shellyazplug-e4b323337220 6308 35430.614 1|shelly_notification:163 Status change of switch:0: {""id"":0,""apower"":0,""curren"
2026-04-22T16:54:58,shellyazplug-node/rpc,85,"{""id"": 1, ""src"": ""attacker"", ""method"": ""Switch.Set"", ""params"": {""id"": 0, ""on"": true}}"
2026-04-22T16:54:58,attacker/rpc,85,"{""id"":1,""src"":""shellyazplug-e4b323337220"",""dst"":""attacker"",""result"":{""was_on"":false}}"
2026-04-22T16:54:58,shellyazplug-node/debug/log,88,"shellyazplug-e4b323337220 6309 35431.094 1|shos_rpc_inst.c:230     Switch.Set via MQTT 
"
2026-04-22T16:54:58,shellyazplug-node/status/switch:0,199,"{""id"":0, ""source"":""MQTT"", ""output"":true, ""apower"":0.0, ""voltage"":233.0, ""freq"":50.0, ""current"":0.000, ""aenergy"":{""total"""
2026-04-22T16:54:58,shellyazplug-node/events/rpc,167,"{""src"":""shellyazplug-e4b323337220"",""dst"":""shellyazplug-node/events"",""method"":""NotifyStatus"",""params"":{""ts"":35431.09,""swi"
2026-04-22T16:54:58,shellyazplug-node/debug/log,133,"shellyazplug-e4b323337220 6310 35431.111 1|shelly_notification:163 Status change of switch:0: {""id"":0,""output"":true,""sou"
2026-04-22T16:54:58,shellyazplug-node/rpc,86,"{""id"": 1, ""src"": ""attacker"", ""method"": ""Switch.Set"", ""params"": {""id"": 0, ""on"": false}}"
2026-04-22T16:54:58,attacker/rpc,84,"{""id"":1,""src"":""shellyazplug-e4b323337220"",""dst"":""attacker"",""result"":{""was_on"":true}}"
2026-04-22T16:54:58,shellyazplug-node/debug/log,88,"shellyazplug-e4b323337220 6311 35431.595 1|shos_rpc_inst.c:230     Switch.Set via MQTT 
"
2026-04-22T16:54:58,shellyazplug-node/status/switch:0,200,"{""id"":0, ""source"":""MQTT"", ""output"":false, ""apower"":0.0, ""voltage"":232.9, ""freq"":50.0, ""current"":0.000, ""aenergy"":{""total"
2026-04-22T16:54:58,shellyazplug-node/events/rpc,191,"{""src"":""shellyazplug-e4b323337220"",""dst"":""shellyazplug-node/events"",""method"":""NotifyStatus"",""params"":{""ts"":35431.59,""swi"
2026-04-22T16:54:58,shellyazplug-node/debug/log,157,"shellyazplug-e4b323337220 6312 35431.614 1|shelly_notification:163 Status change of switch:0: {""id"":0,""apower"":0,""curren"
2026-04-22T16:54:59,shellyazplug-node/rpc,85,"{""id"": 1, ""src"": ""attacker"", ""method"": ""Switch.Set"", ""params"": {""id"": 0, ""on"": true}}"
2026-04-22T16:54:59,attacker/rpc,85,"{""id"":1,""src"":""shellyazplug-e4b323337220"",""dst"":""attacker"",""result"":{""was_on"":false}}"
2026-04-22T16:54:59,shellyazplug-node/debug/log,88,"shellyazplug-e4b323337220 6313 35432.095 1|shos_rpc_inst.c:230     Switch.Set via MQTT 
"
2026-04-22T16:54:59,shellyazplug-node/status/switch:0,199,"{""id"":0, ""source"":""MQTT"", ""output"":true, ""apower"":0.0, ""voltage"":232.9, ""freq"":50.0, ""current"":0.000, ""aenergy"":{""total"""
2026-04-22T16:54:59,shellyazplug-node/events/rpc,167,"{""src"":""shellyazplug-e4b323337220"",""dst"":""shellyazplug-node/events"",""method"":""NotifyStatus"",""params"":{""ts"":35432.09,""swi"
2026-04-22T16:54:59,shellyazplug-node/debug/log,133,"shellyazplug-e4b323337220 6314 35432.111 1|shelly_notification:163 Status change of switch:0: {""id"":0,""output"":true,""sou"
2026-04-22T16:54:59,shellyazplug-node/rpc,86,"{""id"": 1, ""src"": ""attacker"", ""method"": ""Switch.Set"", ""params"": {""id"": 0, ""on"": false}}"
2026-04-22T16:54:59,attacker/rpc,84,"{""id"":1,""src"":""shellyazplug-e4b323337220"",""dst"":""attacker"",""result"":{""was_on"":true}}"
2026-04-22T16:54:59,shellyazplug-node/debug/log,88,"shellyazplug-e4b323337220 6315 35432.596 1|shos_rpc_inst.c:230     Switch.Set via MQTT 
"
2026-04-22T16:54:59,shellyazplug-node/status/switch:0,200,"{""id"":0, ""source"":""MQTT"", ""output"":false, ""apower"":0.0, ""voltage"":233.1, ""freq"":50.0, ""current"":0.000, ""aenergy"":{""total"
2026-04-22T16:54:59,shellyazplug-node/events/rpc,191,"{""src"":""shellyazplug-e4b323337220"",""dst"":""shellyazplug-node/events"",""method"":""NotifyStatus"",""params"":{""ts"":35432.59,""swi"
2026-04-22T16:54:59,shellyazplug-node/debug/log,157,"shellyazplug-e4b323337220 6316 35432.615 1|shelly_notification:163 Status change of switch:0: {""id"":0,""apower"":0,""curren"
2026-04-22T16:55:00,shellyazplug-node/rpc,85,"{""id"": 1, ""src"": ""attacker"", ""method"": ""Switch.Set"", ""params"": {""id"": 0, ""on"": true}}"
2026-04-22T16:55:00,attacker/rpc,85,"{""id"":1,""src"":""shellyazplug-e4b323337220"",""dst"":""attacker"",""result"":{""was_on"":false}}"
2026-04-22T16:55:00,shellyazplug-node/debug/log,88,"shellyazplug-e4b323337220 6317 35433.096 1|shos_rpc_inst.c:230     Switch.Set via MQTT 
"
2026-04-22T16:55:00,shellyazplug-node/status/switch:0,199,"{""id"":0, ""source"":""MQTT"", ""output"":true, ""apower"":0.0, ""voltage"":233.1, ""freq"":50.0, ""current"":0.000, ""aenergy"":{""total"""
2026-04-22T16:55:00,shellyazplug-node/events/rpc,167,"{""src"":""shellyazplug-e4b323337220"",""dst"":""shellyazplug-node/events"",""method"":""NotifyStatus"",""params"":{""ts"":35433.09,""swi"
2026-04-22T16:55:00,shellyazplug-node/debug/log,133,"shellyazplug-e4b323337220 6318 35433.113 1|shelly_notification:163 Status change of switch:0: {""id"":0,""output"":true,""sou"
2026-04-22T16:55:00,shellyazplug-node/rpc,86,"{""id"": 1, ""src"": ""attacker"", ""method"": ""Switch.Set"", ""params"": {""id"": 0, ""on"": false}}"
2026-04-22T16:55:00,attacker/rpc,84,"{""id"":1,""src"":""shellyazplug-e4b323337220"",""dst"":""attacker"",""result"":{""was_on"":true}}"
2026-04-22T16:55:00,shellyazplug-node/debug/log,88,"shellyazplug-e4b323337220 6319 35433.597 1|shos_rpc_inst.c:230     Switch.Set via MQTT 
"
2026-04-22T16:55:00,shellyazplug-node/status/switch:0,200,"{""id"":0, ""source"":""MQTT"", ""output"":false, ""apower"":0.0, ""voltage"":233.1, ""freq"":50.0, ""current"":0.000, ""aenergy"":{""total"
2026-04-22T16:55:00,shellyazplug-node/events/rpc,191,"{""src"":""shellyazplug-e4b323337220"",""dst"":""shellyazplug-node/events"",""method"":""NotifyStatus"",""params"":{""ts"":35433.59,""swi"
2026-04-22T16:55:00,shellyazplug-node/debug/log,157,"shellyazplug-e4b323337220 6320 35433.616 1|shelly_notification:163 Status change of switch:0: {""id"":0,""apower"":0,""curren"
2026-04-22T16:55:00,iot/mq/debug,50,[0;36m[D][sensor:124]: 'Gas Sensor' >> 0.51 V[0m
2026-04-22T16:55:00,iot/mq/sensor/gas_sensor/state,4,0.51
2026-04-22T16:55:01,shellyazplug-node/rpc,85,"{""id"": 1, ""src"": ""attacker"", ""method"": ""Switch.Set"", ""params"": {""id"": 0, ""on"": true}}"
2026-04-22T16:55:01,attacker/rpc,85,"{""id"":1,""src"":""shellyazplug-e4b323337220"",""dst"":""attacker"",""result"":{""was_on"":false}}"
2026-04-22T16:55:01,shellyazplug-node/debug/log,88,"shellyazplug-e4b323337220 6321 35434.097 1|shos_rpc_inst.c:230     Switch.Set via MQTT 
"
2026-04-22T16:55:01,shellyazplug-node/status/switch:0,199,"{""id"":0, ""source"":""MQTT"", ""output"":true, ""apower"":0.0, ""voltage"":233.1, ""freq"":50.0, ""current"":0.000, ""aenergy"":{""total"""
2026-04-22T16:55:01,shellyazplug-node/events/rpc,167,"{""src"":""shellyazplug-e4b323337220"",""dst"":""shellyazplug-node/events"",""method"":""NotifyStatus"",""params"":{""ts"":35434.09,""swi"
2026-04-22T16:55:01,shellyazplug-node/debug/log,133,"shellyazplug-e4b323337220 6322 35434.114 1|shelly_notification:163 Status change of switch:0: {""id"":0,""output"":true,""sou"
2026-04-22T16:55:01,shellyazplug-node/rpc,86,"{""id"": 1, ""src"": ""attacker"", ""method"": ""Switch.Set"", ""params"": {""id"": 0, ""on"": false}}"
2026-04-22T16:55:01,attacker/rpc,84,"{""id"":1,""src"":""shellyazplug-e4b323337220"",""dst"":""attacker"",""result"":{""was_on"":true}}"
2026-04-22T16:55:01,shellyazplug-node/debug/log,88,"shellyazplug-e4b323337220 6323 35434.598 1|shos_rpc_inst.c:230     Switch.Set via MQTT 
"
2026-04-22T16:55:01,shellyazplug-node/status/switch:0,200,"{""id"":0, ""source"":""MQTT"", ""output"":false, ""apower"":0.0, ""voltage"":232.4, ""freq"":50.0, ""current"":0.000, ""aenergy"":{""total"
2026-04-22T16:55:01,shellyazplug-node/events/rpc,191,"{""src"":""shellyazplug-e4b323337220"",""dst"":""shellyazplug-node/events"",""method"":""NotifyStatus"",""params"":{""ts"":35434.59,""swi"
2026-04-22T16:55:01,shellyazplug-node/debug/log,157,"shellyazplug-e4b323337220 6324 35434.617 1|shelly_notification:163 Status change of switch:0: {""id"":0,""apower"":0,""curren"
2026-04-22T16:55:02,shellyazplug-node/rpc,85,"{""id"": 1, ""src"": ""attacker"", ""method"": ""Switch.Set"", ""params"": {""id"": 0, ""on"": true}}"
2026-04-22T16:55:02,attacker/rpc,85,"{""id"":1,""src"":""shellyazplug-e4b323337220"",""dst"":""attacker"",""result"":{""was_on"":false}}"
2026-04-22T16:55:02,shellyazplug-node/debug/log,88,"shellyazplug-e4b323337220 6325 35435.100 1|shos_rpc_inst.c:230     Switch.Set via MQTT 
"
2026-04-22T16:55:02,shellyazplug-node/status/switch:0,199,"{""id"":0, ""source"":""MQTT"", ""output"":true, ""apower"":0.0, ""voltage"":232.4, ""freq"":50.0, ""current"":0.000, ""aenergy"":{""total"""
2026-04-22T16:55:02,shellyazplug-node/events/rpc,167,"{""src"":""shellyazplug-e4b323337220"",""dst"":""shellyazplug-node/events"",""method"":""NotifyStatus"",""params"":{""ts"":35435.10,""swi"
2026-04-22T16:55:02,shellyazplug-node/debug/log,133,"shellyazplug-e4b323337220 6326 35435.117 1|shelly_notification:163 Status change of switch:0: {""id"":0,""output"":true,""sou"
2026-04-22T16:55:02,shellyazplug-node/rpc,86,"{""id"": 1, ""src"": ""attacker"", ""method"": ""Switch.Set"", ""params"": {""id"": 0, ""on"": false}}"
2026-04-22T16:55:02,attacker/rpc,84,"{""id"":1,""src"":""shellyazplug-e4b323337220"",""dst"":""attacker"",""result"":{""was_on"":true}}"
2026-04-22T16:55:02,shellyazplug-node/debug/log,88,"shellyazplug-e4b323337220 6327 35435.599 1|shos_rpc_inst.c:230     Switch.Set via MQTT 
"
2026-04-22T16:55:02,shellyazplug-node/status/switch:0,200,"{""id"":0, ""source"":""MQTT"", ""output"":false, ""apower"":0.0, ""voltage"":232.7, ""freq"":50.0, ""current"":0.000, ""aenergy"":{""total"
2026-04-22T16:55:02,shellyazplug-node/events/rpc,191,"{""src"":""shellyazplug-e4b323337220"",""dst"":""shellyazplug-node/events"",""method"":""NotifyStatus"",""params"":{""ts"":35435.60,""swi"
2026-04-22T16:55:02,shellyazplug-node/debug/log,157,"shellyazplug-e4b323337220 6328 35435.618 1|shelly_notification:163 Status change of switch:0: {""id"":0,""apower"":0,""curren"
2026-04-22T16:55:03,shellyazplug-node/rpc,85,"{""id"": 1, ""src"": ""attacker"", ""method"": ""Switch.Set"", ""params"": {""id"": 0, ""on"": true}}"
2026-04-22T16:55:03,attacker/rpc,85,"{""id"":1,""src"":""shellyazplug-e4b323337220"",""dst"":""attacker"",""result"":{""was_on"":false}}"
2026-04-22T16:55:03,shellyazplug-node/debug/log,88,"shellyazplug-e4b323337220 6329 35436.099 1|shos_rpc_inst.c:230     Switch.Set via MQTT 
"
2026-04-22T16:55:03,shellyazplug-node/status/switch:0,199,"{""id"":0, ""source"":""MQTT"", ""output"":true, ""apower"":0.0, ""voltage"":232.7, ""freq"":50.0, ""current"":0.000, ""aenergy"":{""total"""
2026-04-22T16:55:03,shellyazplug-node/events/rpc,167,"{""src"":""shellyazplug-e4b323337220"",""dst"":""shellyazplug-node/events"",""method"":""NotifyStatus"",""params"":{""ts"":35436.10,""swi"
2026-04-22T16:55:03,shellyazplug-node/debug/log,133,"shellyazplug-e4b323337220 6330 35436.115 1|shelly_notification:163 Status change of switch:0: {""id"":0,""output"":true,""sou"
2026-04-22T16:55:03,shellyazplug-node/rpc,86,"{""id"": 1, ""src"": ""attacker"", ""method"": ""Switch.Set"", ""params"": {""id"": 0, ""on"": false}}"
2026-04-22T16:55:03,attacker/rpc,84,"{""id"":1,""src"":""shellyazplug-e4b323337220"",""dst"":""attacker"",""result"":{""was_on"":true}}"
2026-04-22T16:55:03,shellyazplug-node/debug/log,88,"shellyazplug-e4b323337220 6331 35436.600 1|shos_rpc_inst.c:230     Switch.Set via MQTT 
"
2026-04-22T16:55:03,shellyazplug-node/status/switch:0,200,"{""id"":0, ""source"":""MQTT"", ""output"":false, ""apower"":0.0, ""voltage"":232.8, ""freq"":50.0, ""current"":0.000, ""aenergy"":{""total"
2026-04-22T16:55:03,shellyazplug-node/events/rpc,191,"{""src"":""shellyazplug-e4b323337220"",""dst"":""shellyazplug-node/events"",""method"":""NotifyStatus"",""params"":{""ts"":35436.60,""swi"
2026-04-22T16:55:03,shellyazplug-node/debug/log,157,"shellyazplug-e4b323337220 6332 35436.619 1|shelly_notification:163 Status change of switch:0: {""id"":0,""apower"":0,""curren"
2026-04-22T16:55:04,shellyazplug-node/rpc,85,"{""id"": 1, ""src"": ""attacker"", ""method"": ""Switch.Set"", ""params"": {""id"": 0, ""on"": true}}"
2026-04-22T16:55:04,attacker/rpc,85,"{""id"":1,""src"":""shellyazplug-e4b323337220"",""dst"":""attacker"",""result"":{""was_on"":false}}"
2026-04-22T16:55:04,shellyazplug-node/debug/log,88,"shellyazplug-e4b323337220 6333 35437.102 1|shos_rpc_inst.c:230     Switch.Set via MQTT 
"
2026-04-22T16:55:04,shellyazplug-node/status/switch:0,199,"{""id"":0, ""source"":""MQTT"", ""output"":true, ""apower"":0.0, ""voltage"":232.8, ""freq"":50.0, ""current"":0.000, ""aenergy"":{""total"""
2026-04-22T16:55:04,shellyazplug-node/events/rpc,167,"{""src"":""shellyazplug-e4b323337220"",""dst"":""shellyazplug-node/events"",""method"":""NotifyStatus"",""params"":{""ts"":35437.10,""swi"
2026-04-22T16:55:04,shellyazplug-node/debug/log,133,"shellyazplug-e4b323337220 6334 35437.118 1|shelly_notification:163 Status change of switch:0: {""id"":0,""output"":true,""sou"
2026-04-22T16:55:04,shellyazplug-node/rpc,86,"{""id"": 1, ""src"": ""attacker"", ""method"": ""Switch.Set"", ""params"": {""id"": 0, ""on"": false}}"
2026-04-22T16:55:04,attacker/rpc,84,"{""id"":1,""src"":""shellyazplug-e4b323337220"",""dst"":""attacker"",""result"":{""was_on"":true}}"
2026-04-22T16:55:04,shellyazplug-node/debug/log,88,"shellyazplug-e4b323337220 6335 35437.601 1|shos_rpc_inst.c:230     Switch.Set via MQTT 
"
2026-04-22T16:55:04,shellyazplug-node/status/switch:0,200,"{""id"":0, ""source"":""MQTT"", ""output"":false, ""apower"":0.0, ""voltage"":232.8, ""freq"":50.0, ""current"":0.000, ""aenergy"":{""total"
2026-04-22T16:55:04,shellyazplug-node/events/rpc,191,"{""src"":""shellyazplug-e4b323337220"",""dst"":""shellyazplug-node/events"",""method"":""NotifyStatus"",""params"":{""ts"":35437.60,""swi"
2026-04-22T16:55:04,shellyazplug-node/debug/log,157,"shellyazplug-e4b323337220 6336 35437.620 1|shelly_notification:163 Status change of switch:0: {""id"":0,""apower"":0,""curren"
2026-04-22T16:55:05,shellyazplug-node/rpc,85,"{""id"": 1, ""src"": ""attacker"", ""method"": ""Switch.Set"", ""params"": {""id"": 0, ""on"": true}}"
2026-04-22T16:55:05,attacker/rpc,85,"{""id"":1,""src"":""shellyazplug-e4b323337220"",""dst"":""attacker"",""result"":{""was_on"":false}}"
2026-04-22T16:55:05,shellyazplug-node/debug/log,88,"shellyazplug-e4b323337220 6337 35438.101 1|shos_rpc_inst.c:230     Switch.Set via MQTT 
"
2026-04-22T16:55:05,shellyazplug-node/status/switch:0,199,"{""id"":0, ""source"":""MQTT"", ""output"":true, ""apower"":0.0, ""voltage"":232.8, ""freq"":50.0, ""current"":0.000, ""aenergy"":{""total"""
2026-04-22T16:55:05,shellyazplug-node/events/rpc,167,"{""src"":""shellyazplug-e4b323337220"",""dst"":""shellyazplug-node/events"",""method"":""NotifyStatus"",""params"":{""ts"":35438.10,""swi"
2026-04-22T16:55:05,shellyazplug-node/debug/log,133,"shellyazplug-e4b323337220 6338 35438.118 1|shelly_notification:163 Status change of switch:0: {""id"":0,""output"":true,""sou"
2026-04-22T16:55:05,shellyazplug-node/rpc,86,"{""id"": 1, ""src"": ""attacker"", ""method"": ""Switch.Set"", ""params"": {""id"": 0, ""on"": false}}"
2026-04-22T16:55:05,attacker/rpc,84,"{""id"":1,""src"":""shellyazplug-e4b323337220"",""dst"":""attacker"",""result"":{""was_on"":true}}"
2026-04-22T16:55:05,shellyazplug-node/debug/log,88,"shellyazplug-e4b323337220 6339 35438.602 1|shos_rpc_inst.c:230     Switch.Set via MQTT 
"
2026-04-22T16:55:05,shellyazplug-node/status/switch:0,200,"{""id"":0, ""source"":""MQTT"", ""output"":false, ""apower"":0.0, ""voltage"":232.6, ""freq"":50.0, ""current"":0.000, ""aenergy"":{""total"
2026-04-22T16:55:05,shellyazplug-node/events/rpc,191,"{""src"":""shellyazplug-e4b323337220"",""dst"":""shellyazplug-node/events"",""method"":""NotifyStatus"",""params"":{""ts"":35438.60,""swi"
2026-04-22T16:55:05,shellyazplug-node/debug/log,157,"shellyazplug-e4b323337220 6340 35438.622 1|shelly_notification:163 Status change of switch:0: {""id"":0,""apower"":0,""curren"
2026-04-22T16:55:05,iot/mq/debug,50,[0;36m[D][sensor:124]: 'Gas Sensor' >> 0.51 V[0m
2026-04-22T16:55:06,iot/mq/sensor/gas_sensor/state,4,0.51
2026-04-22T16:55:06,shellyazplug-node/rpc,85,"{""id"": 1, ""src"": ""attacker"", ""method"": ""Switch.Set"", ""params"": {""id"": 0, ""on"": true}}"
2026-04-22T16:55:06,attacker/rpc,85,"{""id"":1,""src"":""shellyazplug-e4b323337220"",""dst"":""attacker"",""result"":{""was_on"":false}}"
2026-04-22T16:55:06,shellyazplug-node/debug/log,88,"shellyazplug-e4b323337220 6341 35439.102 1|shos_rpc_inst.c:230     Switch.Set via MQTT 
"
2026-04-22T16:55:06,shellyazplug-node/status/switch:0,199,"{""id"":0, ""source"":""MQTT"", ""output"":true, ""apower"":0.0, ""voltage"":232.6, ""freq"":50.0, ""current"":0.000, ""aenergy"":{""total"""
2026-04-22T16:55:06,shellyazplug-node/events/rpc,167,"{""src"":""shellyazplug-e4b323337220"",""dst"":""shellyazplug-node/events"",""method"":""NotifyStatus"",""params"":{""ts"":35439.10,""swi"
2026-04-22T16:55:06,shellyazplug-node/debug/log,133,"shellyazplug-e4b323337220 6342 35439.119 1|shelly_notification:163 Status change of switch:0: {""id"":0,""output"":true,""sou"
2026-04-22T16:55:06,shellyazplug-node/rpc,86,"{""id"": 1, ""src"": ""attacker"", ""method"": ""Switch.Set"", ""params"": {""id"": 0, ""on"": false}}"
2026-04-22T16:55:06,attacker/rpc,84,"{""id"":1,""src"":""shellyazplug-e4b323337220"",""dst"":""attacker"",""result"":{""was_on"":true}}"
2026-04-22T16:55:06,shellyazplug-node/debug/log,88,"shellyazplug-e4b323337220 6343 35439.606 1|shos_rpc_inst.c:230     Switch.Set via MQTT 
"
2026-04-22T16:55:06,shellyazplug-node/status/switch:0,200,"{""id"":0, ""source"":""MQTT"", ""output"":false, ""apower"":0.0, ""voltage"":232.5, ""freq"":50.0, ""current"":0.000, ""aenergy"":{""total"
2026-04-22T16:55:06,shellyazplug-node/events/rpc,191,"{""src"":""shellyazplug-e4b323337220"",""dst"":""shellyazplug-node/events"",""method"":""NotifyStatus"",""params"":{""ts"":35439.60,""swi"
2026-04-22T16:55:06,shellyazplug-node/debug/log,157,"shellyazplug-e4b323337220 6344 35439.626 1|shelly_notification:163 Status change of switch:0: {""id"":0,""apower"":0,""curren"
2026-04-22T16:55:07,shellyazplug-node/rpc,85,"{""id"": 1, ""src"": ""attacker"", ""method"": ""Switch.Set"", ""params"": {""id"": 0, ""on"": true}}"
2026-04-22T16:55:07,attacker/rpc,85,"{""id"":1,""src"":""shellyazplug-e4b323337220"",""dst"":""attacker"",""result"":{""was_on"":false}}"
2026-04-22T16:55:07,shellyazplug-node/debug/log,88,"shellyazplug-e4b323337220 6345 35440.104 1|shos_rpc_inst.c:230     Switch.Set via MQTT 
"
2026-04-22T16:55:07,shellyazplug-node/status/switch:0,199,"{""id"":0, ""source"":""MQTT"", ""output"":true, ""apower"":0.0, ""voltage"":232.5, ""freq"":50.0, ""current"":0.000, ""aenergy"":{""total"""
2026-04-22T16:55:07,shellyazplug-node/events/rpc,167,"{""src"":""shellyazplug-e4b323337220"",""dst"":""shellyazplug-node/events"",""method"":""NotifyStatus"",""params"":{""ts"":35440.10,""swi"
2026-04-22T16:55:07,shellyazplug-node/debug/log,133,"shellyazplug-e4b323337220 6346 35440.120 1|shelly_notification:163 Status change of switch:0: {""id"":0,""output"":true,""sou"
2026-04-22T16:55:07,iot/dht11/debug,59,[0;36m[D][dht:048]: Temperature 23.6°C Humidity 37.0%[0m
2026-04-22T16:55:07,iot/dht11/debug,53,[0;36m[D][sensor:124]: 'Temperature' >> 23.6 °C[0m
2026-04-22T16:55:07,iot/dht11/sensor/temperature/state,4,23.6
2026-04-22T16:55:07,iot/dht11/debug,46,[0;36m[D][sensor:124]: 'Humidity' >> 37 %[0m
2026-04-22T16:55:07,iot/dht11/sensor/humidity/state,2,37
2026-04-22T16:55:07,shellyazplug-node/rpc,86,"{""id"": 1, ""src"": ""attacker"", ""method"": ""Switch.Set"", ""params"": {""id"": 0, ""on"": false}}"
2026-04-22T16:55:07,attacker/rpc,84,"{""id"":1,""src"":""shellyazplug-e4b323337220"",""dst"":""attacker"",""result"":{""was_on"":true}}"
2026-04-22T16:55:07,shellyazplug-node/debug/log,88,"shellyazplug-e4b323337220 6347 35440.605 1|shos_rpc_inst.c:230     Switch.Set via MQTT 
"
2026-04-22T16:55:07,shellyazplug-node/status/switch:0,200,"{""id"":0, ""source"":""MQTT"", ""output"":false, ""apower"":0.0, ""voltage"":232.5, ""freq"":50.0, ""current"":0.000, ""aenergy"":{""total"
2026-04-22T16:55:07,shellyazplug-node/events/rpc,191,"{""src"":""shellyazplug-e4b323337220"",""dst"":""shellyazplug-node/events"",""method"":""NotifyStatus"",""params"":{""ts"":35440.60,""swi"
2026-04-22T16:55:07,shellyazplug-node/debug/log,157,"shellyazplug-e4b323337220 6348 35440.624 1|shelly_notification:163 Status change of switch:0: {""id"":0,""apower"":0,""curren"
2026-04-22T16:55:08,shellyazplug-node/rpc,85,"{""id"": 1, ""src"": ""attacker"", ""method"": ""Switch.Set"", ""params"": {""id"": 0, ""on"": true}}"
2026-04-22T16:55:08,attacker/rpc,85,"{""id"":1,""src"":""shellyazplug-e4b323337220"",""dst"":""attacker"",""result"":{""was_on"":false}}"
2026-04-22T16:55:08,shellyazplug-node/debug/log,88,"shellyazplug-e4b323337220 6349 35441.105 1|shos_rpc_inst.c:230     Switch.Set via MQTT 
"
2026-04-22T16:55:08,shellyazplug-node/status/switch:0,199,"{""id"":0, ""source"":""MQTT"", ""output"":true, ""apower"":0.0, ""voltage"":232.5, ""freq"":50.0, ""current"":0.000, ""aenergy"":{""total"""
2026-04-22T16:55:08,shellyazplug-node/events/rpc,167,"{""src"":""shellyazplug-e4b323337220"",""dst"":""shellyazplug-node/events"",""method"":""NotifyStatus"",""params"":{""ts"":35441.10,""swi"
2026-04-22T16:55:08,shellyazplug-node/debug/log,133,"shellyazplug-e4b323337220 6350 35441.122 1|shelly_notification:163 Status change of switch:0: {""id"":0,""output"":true,""sou"
2026-04-22T16:55:08,shellyazplug-node/rpc,86,"{""id"": 1, ""src"": ""attacker"", ""method"": ""Switch.Set"", ""params"": {""id"": 0, ""on"": false}}"
2026-04-22T16:55:08,attacker/rpc,84,"{""id"":1,""src"":""shellyazplug-e4b323337220"",""dst"":""attacker"",""result"":{""was_on"":true}}"
2026-04-22T16:55:08,shellyazplug-node/debug/log,88,"shellyazplug-e4b323337220 6351 35441.607 1|shos_rpc_inst.c:230     Switch.Set via MQTT 
"
2026-04-22T16:55:08,shellyazplug-node/status/switch:0,200,"{""id"":0, ""source"":""MQTT"", ""output"":false, ""apower"":0.0, ""voltage"":232.6, ""freq"":50.0, ""current"":0.000, ""aenergy"":{""total"
2026-04-22T16:55:08,shellyazplug-node/events/rpc,191,"{""src"":""shellyazplug-e4b323337220"",""dst"":""shellyazplug-node/events"",""method"":""NotifyStatus"",""params"":{""ts"":35441.60,""swi"
2026-04-22T16:55:08,shellyazplug-node/debug/log,157,"shellyazplug-e4b323337220 6352 35441.626 1|shelly_notification:163 Status change of switch:0: {""id"":0,""apower"":0,""curren"
2026-04-22T16:55:09,shellyazplug-node/rpc,85,"{""id"": 1, ""src"": ""attacker"", ""method"": ""Switch.Set"", ""params"": {""id"": 0, ""on"": true}}"
2026-04-22T16:55:09,attacker/rpc,85,"{""id"":1,""src"":""shellyazplug-e4b323337220"",""dst"":""attacker"",""result"":{""was_on"":false}}"
2026-04-22T16:55:09,shellyazplug-node/debug/log,88,"shellyazplug-e4b323337220 6353 35442.106 1|shos_rpc_inst.c:230     Switch.Set via MQTT 
"
2026-04-22T16:55:09,shellyazplug-node/status/switch:0,199,"{""id"":0, ""source"":""MQTT"", ""output"":true, ""apower"":0.0, ""voltage"":232.6, ""freq"":50.0, ""current"":0.000, ""aenergy"":{""total"""
2026-04-22T16:55:09,shellyazplug-node/events/rpc,167,"{""src"":""shellyazplug-e4b323337220"",""dst"":""shellyazplug-node/events"",""method"":""NotifyStatus"",""params"":{""ts"":35442.10,""swi"
2026-04-22T16:55:09,shellyazplug-node/debug/log,133,"shellyazplug-e4b323337220 6354 35442.122 1|shelly_notification:163 Status change of switch:0: {""id"":0,""output"":true,""sou"
2026-04-22T16:55:09,shellyazplug-node/rpc,86,"{""id"": 1, ""src"": ""attacker"", ""method"": ""Switch.Set"", ""params"": {""id"": 0, ""on"": false}}"
2026-04-22T16:55:09,attacker/rpc,84,"{""id"":1,""src"":""shellyazplug-e4b323337220"",""dst"":""attacker"",""result"":{""was_on"":true}}"
2026-04-22T16:55:09,shellyazplug-node/debug/log,88,"shellyazplug-e4b323337220 6355 35442.609 1|shos_rpc_inst.c:230     Switch.Set via MQTT 
"
2026-04-22T16:55:09,shellyazplug-node/status/switch:0,200,"{""id"":0, ""source"":""MQTT"", ""output"":false, ""apower"":0.0, ""voltage"":232.5, ""freq"":50.0, ""current"":0.000, ""aenergy"":{""total"
2026-04-22T16:55:09,shellyazplug-node/events/rpc,191,"{""src"":""shellyazplug-e4b323337220"",""dst"":""shellyazplug-node/events"",""method"":""NotifyStatus"",""params"":{""ts"":35442.61,""swi"
2026-04-22T16:55:09,shellyazplug-node/debug/log,157,"shellyazplug-e4b323337220 6356 35442.629 1|shelly_notification:163 Status change of switch:0: {""id"":0,""apower"":0,""curren"
2026-04-22T16:55:10,shellyazplug-node/rpc,85,"{""id"": 1, ""src"": ""attacker"", ""method"": ""Switch.Set"", ""params"": {""id"": 0, ""on"": true}}"
2026-04-22T16:55:10,attacker/rpc,85,"{""id"":1,""src"":""shellyazplug-e4b323337220"",""dst"":""attacker"",""result"":{""was_on"":false}}"
2026-04-22T16:55:10,shellyazplug-node/debug/log,88,"shellyazplug-e4b323337220 6357 35443.113 1|shos_rpc_inst.c:230     Switch.Set via MQTT 
"
2026-04-22T16:55:10,shellyazplug-node/status/switch:0,199,"{""id"":0, ""source"":""MQTT"", ""output"":true, ""apower"":0.0, ""voltage"":232.5, ""freq"":50.0, ""current"":0.000, ""aenergy"":{""total"""
2026-04-22T16:55:10,shellyazplug-node/events/rpc,167,"{""src"":""shellyazplug-e4b323337220"",""dst"":""shellyazplug-node/events"",""method"":""NotifyStatus"",""params"":{""ts"":35443.11,""swi"
2026-04-22T16:55:10,shellyazplug-node/debug/log,133,"shellyazplug-e4b323337220 6358 35443.131 1|shelly_notification:163 Status change of switch:0: {""id"":0,""output"":true,""sou"
2026-04-22T16:55:10,shellyazplug-node/rpc,86,"{""id"": 1, ""src"": ""attacker"", ""method"": ""Switch.Set"", ""params"": {""id"": 0, ""on"": false}}"
2026-04-22T16:55:10,attacker/rpc,84,"{""id"":1,""src"":""shellyazplug-e4b323337220"",""dst"":""attacker"",""result"":{""was_on"":true}}"
2026-04-22T16:55:10,shellyazplug-node/debug/log,88,"shellyazplug-e4b323337220 6359 35443.615 1|shos_rpc_inst.c:230     Switch.Set via MQTT 
"
2026-04-22T16:55:10,shellyazplug-node/status/switch:0,200,"{""id"":0, ""source"":""MQTT"", ""output"":false, ""apower"":0.0, ""voltage"":232.5, ""freq"":50.0, ""current"":0.000, ""aenergy"":{""total"
2026-04-22T16:55:10,shellyazplug-node/events/rpc,191,"{""src"":""shellyazplug-e4b323337220"",""dst"":""shellyazplug-node/events"",""method"":""NotifyStatus"",""params"":{""ts"":35443.61,""swi"
2026-04-22T16:55:10,shellyazplug-node/debug/log,157,"shellyazplug-e4b323337220 6360 35443.635 1|shelly_notification:163 Status change of switch:0: {""id"":0,""apower"":0,""curren"
2026-04-22T16:55:10,iot/mq/debug,50,[0;36m[D][sensor:124]: 'Gas Sensor' >> 0.51 V[0m
2026-04-22T16:55:10,iot/mq/sensor/gas_sensor/state,4,0.51
2026-04-22T16:55:11,shellyazplug-node/rpc,85,"{""id"": 1, ""src"": ""attacker"", ""method"": ""Switch.Set"", ""params"": {""id"": 0, ""on"": true}}"
2026-04-22T16:55:11,attacker/rpc,85,"{""id"":1,""src"":""shellyazplug-e4b323337220"",""dst"":""attacker"",""result"":{""was_on"":false}}"
2026-04-22T16:55:11,shellyazplug-node/debug/log,88,"shellyazplug-e4b323337220 6361 35444.117 1|shos_rpc_inst.c:230     Switch.Set via MQTT 
"
2026-04-22T16:55:11,shellyazplug-node/status/switch:0,199,"{""id"":0, ""source"":""MQTT"", ""output"":true, ""apower"":0.0, ""voltage"":232.5, ""freq"":50.0, ""current"":0.000, ""aenergy"":{""total"""
2026-04-22T16:55:11,shellyazplug-node/events/rpc,167,"{""src"":""shellyazplug-e4b323337220"",""dst"":""shellyazplug-node/events"",""method"":""NotifyStatus"",""params"":{""ts"":35444.11,""swi"
2026-04-22T16:55:11,shellyazplug-node/debug/log,133,"shellyazplug-e4b323337220 6362 35444.134 1|shelly_notification:163 Status change of switch:0: {""id"":0,""output"":true,""sou"
2026-04-22T16:55:11,shellyazplug-node/rpc,86,"{""id"": 1, ""src"": ""attacker"", ""method"": ""Switch.Set"", ""params"": {""id"": 0, ""on"": false}}"
2026-04-22T16:55:11,attacker/rpc,84,"{""id"":1,""src"":""shellyazplug-e4b323337220"",""dst"":""attacker"",""result"":{""was_on"":true}}"
2026-04-22T16:55:11,shellyazplug-node/debug/log,88,"shellyazplug-e4b323337220 6363 35444.615 1|shos_rpc_inst.c:230     Switch.Set via MQTT 
"
2026-04-22T16:55:11,shellyazplug-node/status/switch:0,200,"{""id"":0, ""source"":""MQTT"", ""output"":false, ""apower"":0.0, ""voltage"":232.4, ""freq"":50.0, ""current"":0.000, ""aenergy"":{""total"
2026-04-22T16:55:11,shellyazplug-node/events/rpc,191,"{""src"":""shellyazplug-e4b323337220"",""dst"":""shellyazplug-node/events"",""method"":""NotifyStatus"",""params"":{""ts"":35444.61,""swi"
2026-04-22T16:55:11,shellyazplug-node/debug/log,157,"shellyazplug-e4b323337220 6364 35444.634 1|shelly_notification:163 Status change of switch:0: {""id"":0,""apower"":0,""curren"
2026-04-22T16:55:12,shellyazplug-node/rpc,85,"{""id"": 1, ""src"": ""attacker"", ""method"": ""Switch.Set"", ""params"": {""id"": 0, ""on"": true}}"
2026-04-22T16:55:12,attacker/rpc,85,"{""id"":1,""src"":""shellyazplug-e4b323337220"",""dst"":""attacker"",""result"":{""was_on"":false}}"
2026-04-22T16:55:12,shellyazplug-node/debug/log,88,"shellyazplug-e4b323337220 6365 35445.117 1|shos_rpc_inst.c:230     Switch.Set via MQTT 
"
2026-04-22T16:55:12,shellyazplug-node/status/switch:0,199,"{""id"":0, ""source"":""MQTT"", ""output"":true, ""apower"":0.0, ""voltage"":232.4, ""freq"":50.0, ""current"":0.000, ""aenergy"":{""total"""
2026-04-22T16:55:12,shellyazplug-node/events/rpc,167,"{""src"":""shellyazplug-e4b323337220"",""dst"":""shellyazplug-node/events"",""method"":""NotifyStatus"",""params"":{""ts"":35445.11,""swi"
2026-04-22T16:55:12,shellyazplug-node/debug/log,133,"shellyazplug-e4b323337220 6366 35445.133 1|shelly_notification:163 Status change of switch:0: {""id"":0,""output"":true,""sou"
2026-04-22T16:55:12,shellyazplug-node/rpc,86,"{""id"": 1, ""src"": ""attacker"", ""method"": ""Switch.Set"", ""params"": {""id"": 0, ""on"": false}}"
2026-04-22T16:55:12,attacker/rpc,84,"{""id"":1,""src"":""shellyazplug-e4b323337220"",""dst"":""attacker"",""result"":{""was_on"":true}}"
2026-04-22T16:55:12,shellyazplug-node/debug/log,88,"shellyazplug-e4b323337220 6367 35445.616 1|shos_rpc_inst.c:230     Switch.Set via MQTT 
"
2026-04-22T16:55:12,shellyazplug-node/status/switch:0,200,"{""id"":0, ""source"":""MQTT"", ""output"":false, ""apower"":0.0, ""voltage"":232.4, ""freq"":50.0, ""current"":0.000, ""aenergy"":{""total"
2026-04-22T16:55:12,shellyazplug-node/events/rpc,191,"{""src"":""shellyazplug-e4b323337220"",""dst"":""shellyazplug-node/events"",""method"":""NotifyStatus"",""params"":{""ts"":35445.61,""swi"
2026-04-22T16:55:12,shellyazplug-node/debug/log,157,"shellyazplug-e4b323337220 6368 35445.635 1|shelly_notification:163 Status change of switch:0: {""id"":0,""apower"":0,""curren"
2026-04-22T16:55:13,shellyazplug-node/rpc,85,"{""id"": 1, ""src"": ""attacker"", ""method"": ""Switch.Set"", ""params"": {""id"": 0, ""on"": true}}"
2026-04-22T16:55:13,attacker/rpc,85,"{""id"":1,""src"":""shellyazplug-e4b323337220"",""dst"":""attacker"",""result"":{""was_on"":false}}"
2026-04-22T16:55:13,shellyazplug-node/debug/log,88,"shellyazplug-e4b323337220 6369 35446.116 1|shos_rpc_inst.c:230     Switch.Set via MQTT 
"
2026-04-22T16:55:13,shellyazplug-node/status/switch:0,199,"{""id"":0, ""source"":""MQTT"", ""output"":true, ""apower"":0.0, ""voltage"":232.4, ""freq"":50.0, ""current"":0.000, ""aenergy"":{""total"""
2026-04-22T16:55:13,shellyazplug-node/events/rpc,167,"{""src"":""shellyazplug-e4b323337220"",""dst"":""shellyazplug-node/events"",""method"":""NotifyStatus"",""params"":{""ts"":35446.11,""swi"
2026-04-22T16:55:13,shellyazplug-node/debug/log,133,"shellyazplug-e4b323337220 6370 35446.133 1|shelly_notification:163 Status change of switch:0: {""id"":0,""output"":true,""sou"
2026-04-22T16:55:13,shellyazplug-node/rpc,86,"{""id"": 1, ""src"": ""attacker"", ""method"": ""Switch.Set"", ""params"": {""id"": 0, ""on"": false}}"
2026-04-22T16:55:13,attacker/rpc,84,"{""id"":1,""src"":""shellyazplug-e4b323337220"",""dst"":""attacker"",""result"":{""was_on"":true}}"
2026-04-22T16:55:13,shellyazplug-node/debug/log,88,"shellyazplug-e4b323337220 6371 35446.617 1|shos_rpc_inst.c:230     Switch.Set via MQTT 
"
2026-04-22T16:55:13,shellyazplug-node/status/switch:0,200,"{""id"":0, ""source"":""MQTT"", ""output"":false, ""apower"":0.0, ""voltage"":232.3, ""freq"":50.0, ""current"":0.000, ""aenergy"":{""total"
2026-04-22T16:55:13,shellyazplug-node/events/rpc,191,"{""src"":""shellyazplug-e4b323337220"",""dst"":""shellyazplug-node/events"",""method"":""NotifyStatus"",""params"":{""ts"":35446.61,""swi"
2026-04-22T16:55:13,shellyazplug-node/debug/log,157,"shellyazplug-e4b323337220 6372 35446.636 1|shelly_notification:163 Status change of switch:0: {""id"":0,""apower"":0,""curren"
2026-04-22T16:55:14,shellyazplug-node/rpc,85,"{""id"": 1, ""src"": ""attacker"", ""method"": ""Switch.Set"", ""params"": {""id"": 0, ""on"": true}}"
2026-04-22T16:55:14,attacker/rpc,85,"{""id"":1,""src"":""shellyazplug-e4b323337220"",""dst"":""attacker"",""result"":{""was_on"":false}}"
2026-04-22T16:55:14,shellyazplug-node/debug/log,88,"shellyazplug-e4b323337220 6373 35447.123 1|shos_rpc_inst.c:230     Switch.Set via MQTT 
"
2026-04-22T16:55:14,shellyazplug-node/status/switch:0,199,"{""id"":0, ""source"":""MQTT"", ""output"":true, ""apower"":0.0, ""voltage"":232.3, ""freq"":50.0, ""current"":0.000, ""aenergy"":{""total"""
2026-04-22T16:55:14,shellyazplug-node/events/rpc,167,"{""src"":""shellyazplug-e4b323337220"",""dst"":""shellyazplug-node/events"",""method"":""NotifyStatus"",""params"":{""ts"":35447.12,""swi"
2026-04-22T16:55:14,shellyazplug-node/debug/log,133,"shellyazplug-e4b323337220 6374 35447.140 1|shelly_notification:163 Status change of switch:0: {""id"":0,""output"":true,""sou"
2026-04-22T16:55:14,shellyazplug-node/rpc,86,"{""id"": 1, ""src"": ""attacker"", ""method"": ""Switch.Set"", ""params"": {""id"": 0, ""on"": false}}"
2026-04-22T16:55:14,attacker/rpc,84,"{""id"":1,""src"":""shellyazplug-e4b323337220"",""dst"":""attacker"",""result"":{""was_on"":true}}"
2026-04-22T16:55:14,shellyazplug-node/debug/log,88,"shellyazplug-e4b323337220 6375 35447.618 1|shos_rpc_inst.c:230     Switch.Set via MQTT 
"
2026-04-22T16:55:14,shellyazplug-node/status/switch:0,200,"{""id"":0, ""source"":""MQTT"", ""output"":false, ""apower"":0.0, ""voltage"":232.4, ""freq"":50.0, ""current"":0.000, ""aenergy"":{""total"
2026-04-22T16:55:14,shellyazplug-node/events/rpc,191,"{""src"":""shellyazplug-e4b323337220"",""dst"":""shellyazplug-node/events"",""method"":""NotifyStatus"",""params"":{""ts"":35447.61,""swi"
2026-04-22T16:55:14,shellyazplug-node/debug/log,157,"shellyazplug-e4b323337220 6376 35447.637 1|shelly_notification:163 Status change of switch:0: {""id"":0,""apower"":0,""curren"
2026-04-22T16:55:15,shellyazplug-node/rpc,85,"{""id"": 1, ""src"": ""attacker"", ""method"": ""Switch.Set"", ""params"": {""id"": 0, ""on"": true}}"
2026-04-22T16:55:15,attacker/rpc,85,"{""id"":1,""src"":""shellyazplug-e4b323337220"",""dst"":""attacker"",""result"":{""was_on"":false}}"
2026-04-22T16:55:15,shellyazplug-node/debug/log,88,"shellyazplug-e4b323337220 6377 35448.118 1|shos_rpc_inst.c:230     Switch.Set via MQTT 
"
2026-04-22T16:55:15,shellyazplug-node/status/switch:0,199,"{""id"":0, ""source"":""MQTT"", ""output"":true, ""apower"":0.0, ""voltage"":232.4, ""freq"":50.0, ""current"":0.000, ""aenergy"":{""total"""
2026-04-22T16:55:15,shellyazplug-node/events/rpc,167,"{""src"":""shellyazplug-e4b323337220"",""dst"":""shellyazplug-node/events"",""method"":""NotifyStatus"",""params"":{""ts"":35448.11,""swi"
2026-04-22T16:55:15,shellyazplug-node/debug/log,133,"shellyazplug-e4b323337220 6378 35448.136 1|shelly_notification:163 Status change of switch:0: {""id"":0,""output"":true,""sou"
2026-04-22T16:55:15,shellyazplug-node/rpc,86,"{""id"": 1, ""src"": ""attacker"", ""method"": ""Switch.Set"", ""params"": {""id"": 0, ""on"": false}}"
2026-04-22T16:55:15,attacker/rpc,84,"{""id"":1,""src"":""shellyazplug-e4b323337220"",""dst"":""attacker"",""result"":{""was_on"":true}}"
2026-04-22T16:55:15,shellyazplug-node/debug/log,88,"shellyazplug-e4b323337220 6379 35448.619 1|shos_rpc_inst.c:230     Switch.Set via MQTT 
"
2026-04-22T16:55:15,shellyazplug-node/status/switch:0,200,"{""id"":0, ""source"":""MQTT"", ""output"":false, ""apower"":0.0, ""voltage"":232.4, ""freq"":50.0, ""current"":0.000, ""aenergy"":{""total"
2026-04-22T16:55:15,shellyazplug-node/events/rpc,191,"{""src"":""shellyazplug-e4b323337220"",""dst"":""shellyazplug-node/events"",""method"":""NotifyStatus"",""params"":{""ts"":35448.62,""swi"
2026-04-22T16:55:15,shellyazplug-node/debug/log,157,"shellyazplug-e4b323337220 6380 35448.638 1|shelly_notification:163 Status change of switch:0: {""id"":0,""apower"":0,""curren"
2026-04-22T16:55:15,iot/mq/debug,50,[0;36m[D][sensor:124]: 'Gas Sensor' >> 0.51 V[0m
2026-04-22T16:55:16,iot/mq/sensor/gas_sensor/state,4,0.51
2026-04-22T16:55:16,shellyazplug-node/rpc,85,"{""id"": 1, ""src"": ""attacker"", ""method"": ""Switch.Set"", ""params"": {""id"": 0, ""on"": true}}"
2026-04-22T16:55:16,attacker/rpc,85,"{""id"":1,""src"":""shellyazplug-e4b323337220"",""dst"":""attacker"",""result"":{""was_on"":false}}"
2026-04-22T16:55:16,shellyazplug-node/debug/log,88,"shellyazplug-e4b323337220 6381 35449.119 1|shos_rpc_inst.c:230     Switch.Set via MQTT 
"
2026-04-22T16:55:16,shellyazplug-node/status/switch:0,199,"{""id"":0, ""source"":""MQTT"", ""output"":true, ""apower"":0.0, ""voltage"":232.4, ""freq"":50.0, ""current"":0.000, ""aenergy"":{""total"""
2026-04-22T16:55:16,shellyazplug-node/events/rpc,167,"{""src"":""shellyazplug-e4b323337220"",""dst"":""shellyazplug-node/events"",""method"":""NotifyStatus"",""params"":{""ts"":35449.12,""swi"
2026-04-22T16:55:16,shellyazplug-node/debug/log,133,"shellyazplug-e4b323337220 6382 35449.135 1|shelly_notification:163 Status change of switch:0: {""id"":0,""output"":true,""sou"
2026-04-22T16:55:16,shellyazplug-node/rpc,86,"{""id"": 1, ""src"": ""attacker"", ""method"": ""Switch.Set"", ""params"": {""id"": 0, ""on"": false}}"
2026-04-22T16:55:16,attacker/rpc,84,"{""id"":1,""src"":""shellyazplug-e4b323337220"",""dst"":""attacker"",""result"":{""was_on"":true}}"
2026-04-22T16:55:16,shellyazplug-node/debug/log,88,"shellyazplug-e4b323337220 6383 35449.620 1|shos_rpc_inst.c:230     Switch.Set via MQTT 
"
2026-04-22T16:55:16,shellyazplug-node/status/switch:0,200,"{""id"":0, ""source"":""MQTT"", ""output"":false, ""apower"":0.0, ""voltage"":232.4, ""freq"":50.0, ""current"":0.000, ""aenergy"":{""total"
2026-04-22T16:55:16,shellyazplug-node/events/rpc,191,"{""src"":""shellyazplug-e4b323337220"",""dst"":""shellyazplug-node/events"",""method"":""NotifyStatus"",""params"":{""ts"":35449.62,""swi"
2026-04-22T16:55:16,shellyazplug-node/debug/log,157,"shellyazplug-e4b323337220 6384 35449.639 1|shelly_notification:163 Status change of switch:0: {""id"":0,""apower"":0,""curren"
2026-04-22T16:55:17,shellyazplug-node/rpc,85,"{""id"": 1, ""src"": ""attacker"", ""method"": ""Switch.Set"", ""params"": {""id"": 0, ""on"": true}}"
2026-04-22T16:55:17,attacker/rpc,85,"{""id"":1,""src"":""shellyazplug-e4b323337220"",""dst"":""attacker"",""result"":{""was_on"":false}}"
2026-04-22T16:55:17,shellyazplug-node/debug/log,88,"shellyazplug-e4b323337220 6385 35450.120 1|shos_rpc_inst.c:230     Switch.Set via MQTT 
"
2026-04-22T16:55:17,shellyazplug-node/status/switch:0,199,"{""id"":0, ""source"":""MQTT"", ""output"":true, ""apower"":0.0, ""voltage"":232.4, ""freq"":50.0, ""current"":0.000, ""aenergy"":{""total"""
2026-04-22T16:55:17,shellyazplug-node/events/rpc,167,"{""src"":""shellyazplug-e4b323337220"",""dst"":""shellyazplug-node/events"",""method"":""NotifyStatus"",""params"":{""ts"":35450.12,""swi"
2026-04-22T16:55:17,shellyazplug-node/debug/log,133,"shellyazplug-e4b323337220 6386 35450.136 1|shelly_notification:163 Status change of switch:0: {""id"":0,""output"":true,""sou"
2026-04-22T16:55:17,iot/dht11/debug,59,[0;36m[D][dht:048]: Temperature 23.6°C Humidity 37.0%[0m
2026-04-22T16:55:17,iot/dht11/debug,53,[0;36m[D][sensor:124]: 'Temperature' >> 23.6 °C[0m
2026-04-22T16:55:17,iot/dht11/sensor/temperature/state,4,23.6
2026-04-22T16:55:17,iot/dht11/debug,46,[0;36m[D][sensor:124]: 'Humidity' >> 37 %[0m
2026-04-22T16:55:17,iot/dht11/sensor/humidity/state,2,37
2026-04-22T16:55:17,shellyazplug-node/rpc,86,"{""id"": 1, ""src"": ""attacker"", ""method"": ""Switch.Set"", ""params"": {""id"": 0, ""on"": false}}"
2026-04-22T16:55:17,attacker/rpc,84,"{""id"":1,""src"":""shellyazplug-e4b323337220"",""dst"":""attacker"",""result"":{""was_on"":true}}"
2026-04-22T16:55:17,shellyazplug-node/debug/log,88,"shellyazplug-e4b323337220 6387 35450.621 1|shos_rpc_inst.c:230     Switch.Set via MQTT 
"
2026-04-22T16:55:17,shellyazplug-node/status/switch:0,200,"{""id"":0, ""source"":""MQTT"", ""output"":false, ""apower"":0.0, ""voltage"":232.4, ""freq"":50.0, ""current"":0.000, ""aenergy"":{""total"
2026-04-22T16:55:17,shellyazplug-node/events/rpc,191,"{""src"":""shellyazplug-e4b323337220"",""dst"":""shellyazplug-node/events"",""method"":""NotifyStatus"",""params"":{""ts"":35450.62,""swi"
2026-04-22T16:55:17,shellyazplug-node/debug/log,157,"shellyazplug-e4b323337220 6388 35450.640 1|shelly_notification:163 Status change of switch:0: {""id"":0,""apower"":0,""curren"
2026-04-22T16:55:18,shellyazplug-node/rpc,85,"{""id"": 1, ""src"": ""attacker"", ""method"": ""Switch.Set"", ""params"": {""id"": 0, ""on"": true}}"
2026-04-22T16:55:18,attacker/rpc,85,"{""id"":1,""src"":""shellyazplug-e4b323337220"",""dst"":""attacker"",""result"":{""was_on"":false}}"
2026-04-22T16:55:18,shellyazplug-node/debug/log,88,"shellyazplug-e4b323337220 6389 35451.130 1|shos_rpc_inst.c:230     Switch.Set via MQTT 
"
2026-04-22T16:55:18,shellyazplug-node/status/switch:0,199,"{""id"":0, ""source"":""MQTT"", ""output"":true, ""apower"":0.0, ""voltage"":232.4, ""freq"":50.0, ""current"":0.000, ""aenergy"":{""total"""
2026-04-22T16:55:18,shellyazplug-node/events/rpc,167,"{""src"":""shellyazplug-e4b323337220"",""dst"":""shellyazplug-node/events"",""method"":""NotifyStatus"",""params"":{""ts"":35451.13,""swi"
2026-04-22T16:55:18,shellyazplug-node/debug/log,133,"shellyazplug-e4b323337220 6390 35451.146 1|shelly_notification:163 Status change of switch:0: {""id"":0,""output"":true,""sou"
2026-04-22T16:55:18,shellyazplug-node/rpc,86,"{""id"": 1, ""src"": ""attacker"", ""method"": ""Switch.Set"", ""params"": {""id"": 0, ""on"": false}}"
2026-04-22T16:55:18,attacker/rpc,84,"{""id"":1,""src"":""shellyazplug-e4b323337220"",""dst"":""attacker"",""result"":{""was_on"":true}}"
2026-04-22T16:55:18,shellyazplug-node/debug/log,88,"shellyazplug-e4b323337220 6391 35451.623 1|shos_rpc_inst.c:230     Switch.Set via MQTT 
"
2026-04-22T16:55:18,shellyazplug-node/status/switch:0,200,"{""id"":0, ""source"":""MQTT"", ""output"":false, ""apower"":0.0, ""voltage"":232.4, ""freq"":50.0, ""current"":0.000, ""aenergy"":{""total"
2026-04-22T16:55:18,shellyazplug-node/events/rpc,191,"{""src"":""shellyazplug-e4b323337220"",""dst"":""shellyazplug-node/events"",""method"":""NotifyStatus"",""params"":{""ts"":35451.62,""swi"
2026-04-22T16:55:18,shellyazplug-node/debug/log,157,"shellyazplug-e4b323337220 6392 35451.642 1|shelly_notification:163 Status change of switch:0: {""id"":0,""apower"":0,""curren"
2026-04-22T16:55:19,shellyazplug-node/rpc,85,"{""id"": 1, ""src"": ""attacker"", ""method"": ""Switch.Set"", ""params"": {""id"": 0, ""on"": true}}"
2026-04-22T16:55:19,attacker/rpc,85,"{""id"":1,""src"":""shellyazplug-e4b323337220"",""dst"":""attacker"",""result"":{""was_on"":false}}"
2026-04-22T16:55:19,shellyazplug-node/debug/log,88,"shellyazplug-e4b323337220 6393 35452.122 1|shos_rpc_inst.c:230     Switch.Set via MQTT 
"
2026-04-22T16:55:19,shellyazplug-node/status/switch:0,199,"{""id"":0, ""source"":""MQTT"", ""output"":true, ""apower"":0.0, ""voltage"":232.4, ""freq"":50.0, ""current"":0.000, ""aenergy"":{""total"""
2026-04-22T16:55:19,shellyazplug-node/events/rpc,167,"{""src"":""shellyazplug-e4b323337220"",""dst"":""shellyazplug-node/events"",""method"":""NotifyStatus"",""params"":{""ts"":35452.12,""swi"
2026-04-22T16:55:19,shellyazplug-node/debug/log,133,"shellyazplug-e4b323337220 6394 35452.139 1|shelly_notification:163 Status change of switch:0: {""id"":0,""output"":true,""sou"
2026-04-22T16:55:19,shellyazplug-node/rpc,86,"{""id"": 1, ""src"": ""attacker"", ""method"": ""Switch.Set"", ""params"": {""id"": 0, ""on"": false}}"
2026-04-22T16:55:19,attacker/rpc,84,"{""id"":1,""src"":""shellyazplug-e4b323337220"",""dst"":""attacker"",""result"":{""was_on"":true}}"
2026-04-22T16:55:19,shellyazplug-node/debug/log,88,"shellyazplug-e4b323337220 6395 35452.625 1|shos_rpc_inst.c:230     Switch.Set via MQTT 
"
2026-04-22T16:55:19,shellyazplug-node/status/switch:0,200,"{""id"":0, ""source"":""MQTT"", ""output"":false, ""apower"":0.0, ""voltage"":232.3, ""freq"":50.0, ""current"":0.000, ""aenergy"":{""total"
2026-04-22T16:55:19,shellyazplug-node/events/rpc,191,"{""src"":""shellyazplug-e4b323337220"",""dst"":""shellyazplug-node/events"",""method"":""NotifyStatus"",""params"":{""ts"":35452.62,""swi"
2026-04-22T16:55:19,shellyazplug-node/debug/log,157,"shellyazplug-e4b323337220 6396 35452.644 1|shelly_notification:163 Status change of switch:0: {""id"":0,""apower"":0,""curren"
2026-04-22T16:55:20,shellyazplug-node/rpc,85,"{""id"": 1, ""src"": ""attacker"", ""method"": ""Switch.Set"", ""params"": {""id"": 0, ""on"": true}}"
2026-04-22T16:55:20,attacker/rpc,85,"{""id"":1,""src"":""shellyazplug-e4b323337220"",""dst"":""attacker"",""result"":{""was_on"":false}}"
2026-04-22T16:55:20,shellyazplug-node/debug/log,88,"shellyazplug-e4b323337220 6397 35453.129 1|shos_rpc_inst.c:230     Switch.Set via MQTT 
"
2026-04-22T16:55:20,shellyazplug-node/status/switch:0,199,"{""id"":0, ""source"":""MQTT"", ""output"":true, ""apower"":0.0, ""voltage"":232.3, ""freq"":50.0, ""current"":0.000, ""aenergy"":{""total"""
2026-04-22T16:55:20,shellyazplug-node/events/rpc,167,"{""src"":""shellyazplug-e4b323337220"",""dst"":""shellyazplug-node/events"",""method"":""NotifyStatus"",""params"":{""ts"":35453.13,""swi"
2026-04-22T16:55:20,shellyazplug-node/debug/log,133,"shellyazplug-e4b323337220 6398 35453.145 1|shelly_notification:163 Status change of switch:0: {""id"":0,""output"":true,""sou"
2026-04-22T16:55:20,shellyazplug-node/rpc,86,"{""id"": 1, ""src"": ""attacker"", ""method"": ""Switch.Set"", ""params"": {""id"": 0, ""on"": false}}"
2026-04-22T16:55:20,attacker/rpc,84,"{""id"":1,""src"":""shellyazplug-e4b323337220"",""dst"":""attacker"",""result"":{""was_on"":true}}"
2026-04-22T16:55:20,shellyazplug-node/debug/log,88,"shellyazplug-e4b323337220 6399 35453.632 1|shos_rpc_inst.c:230     Switch.Set via MQTT 
"
2026-04-22T16:55:20,shellyazplug-node/status/switch:0,200,"{""id"":0, ""source"":""MQTT"", ""output"":false, ""apower"":0.0, ""voltage"":232.6, ""freq"":50.0, ""current"":0.000, ""aenergy"":{""total"
2026-04-22T16:55:20,shellyazplug-node/events/rpc,191,"{""src"":""shellyazplug-e4b323337220"",""dst"":""shellyazplug-node/events"",""method"":""NotifyStatus"",""params"":{""ts"":35453.63,""swi"
2026-04-22T16:55:20,shellyazplug-node/debug/log,157,"shellyazplug-e4b323337220 6400 35453.651 1|shelly_notification:163 Status change of switch:0: {""id"":0,""apower"":0,""curren"
2026-04-22T16:55:20,iot/mq/debug,50,[0;36m[D][sensor:124]: 'Gas Sensor' >> 0.51 V[0m
2026-04-22T16:55:21,iot/mq/sensor/gas_sensor/state,4,0.51
2026-04-22T16:55:21,shellyazplug-node/rpc,85,"{""id"": 1, ""src"": ""attacker"", ""method"": ""Switch.Set"", ""params"": {""id"": 0, ""on"": true}}"
2026-04-22T16:55:21,attacker/rpc,85,"{""id"":1,""src"":""shellyazplug-e4b323337220"",""dst"":""attacker"",""result"":{""was_on"":false}}"
2026-04-22T16:55:21,shellyazplug-node/debug/log,88,"shellyazplug-e4b323337220 6401 35454.131 1|shos_rpc_inst.c:230     Switch.Set via MQTT 
"
2026-04-22T16:55:21,shellyazplug-node/status/switch:0,199,"{""id"":0, ""source"":""MQTT"", ""output"":true, ""apower"":0.0, ""voltage"":232.6, ""freq"":50.0, ""current"":0.000, ""aenergy"":{""total"""
2026-04-22T16:55:21,shellyazplug-node/events/rpc,167,"{""src"":""shellyazplug-e4b323337220"",""dst"":""shellyazplug-node/events"",""method"":""NotifyStatus"",""params"":{""ts"":35454.13,""swi"
2026-04-22T16:55:21,shellyazplug-node/debug/log,133,"shellyazplug-e4b323337220 6402 35454.147 1|shelly_notification:163 Status change of switch:0: {""id"":0,""output"":true,""sou"
2026-04-22T16:55:21,shellyazplug-node/rpc,86,"{""id"": 1, ""src"": ""attacker"", ""method"": ""Switch.Set"", ""params"": {""id"": 0, ""on"": false}}"
2026-04-22T16:55:21,attacker/rpc,84,"{""id"":1,""src"":""shellyazplug-e4b323337220"",""dst"":""attacker"",""result"":{""was_on"":true}}"
2026-04-22T16:55:21,shellyazplug-node/debug/log,88,"shellyazplug-e4b323337220 6403 35454.632 1|shos_rpc_inst.c:230     Switch.Set via MQTT 
"
2026-04-22T16:55:21,shellyazplug-node/status/switch:0,200,"{""id"":0, ""source"":""MQTT"", ""output"":false, ""apower"":0.0, ""voltage"":232.7, ""freq"":50.0, ""current"":0.000, ""aenergy"":{""total"
2026-04-22T16:55:21,shellyazplug-node/events/rpc,191,"{""src"":""shellyazplug-e4b323337220"",""dst"":""shellyazplug-node/events"",""method"":""NotifyStatus"",""params"":{""ts"":35454.63,""swi"
2026-04-22T16:55:21,shellyazplug-node/debug/log,157,"shellyazplug-e4b323337220 6404 35454.650 1|shelly_notification:163 Status change of switch:0: {""id"":0,""apower"":0,""curren"
2026-04-22T16:55:22,shellyazplug-node/rpc,85,"{""id"": 1, ""src"": ""attacker"", ""method"": ""Switch.Set"", ""params"": {""id"": 0, ""on"": true}}"
2026-04-22T16:55:22,attacker/rpc,85,"{""id"":1,""src"":""shellyazplug-e4b323337220"",""dst"":""attacker"",""result"":{""was_on"":false}}"
2026-04-22T16:55:22,shellyazplug-node/debug/log,88,"shellyazplug-e4b323337220 6405 35455.134 1|shos_rpc_inst.c:230     Switch.Set via MQTT 
"
2026-04-22T16:55:22,shellyazplug-node/status/switch:0,199,"{""id"":0, ""source"":""MQTT"", ""output"":true, ""apower"":0.0, ""voltage"":232.7, ""freq"":50.0, ""current"":0.000, ""aenergy"":{""total"""
2026-04-22T16:55:22,shellyazplug-node/events/rpc,167,"{""src"":""shellyazplug-e4b323337220"",""dst"":""shellyazplug-node/events"",""method"":""NotifyStatus"",""params"":{""ts"":35455.13,""swi"
2026-04-22T16:55:22,shellyazplug-node/debug/log,133,"shellyazplug-e4b323337220 6406 35455.150 1|shelly_notification:163 Status change of switch:0: {""id"":0,""output"":true,""sou"
2026-04-22T16:55:22,shellyazplug-node/rpc,86,"{""id"": 1, ""src"": ""attacker"", ""method"": ""Switch.Set"", ""params"": {""id"": 0, ""on"": false}}"
2026-04-22T16:55:22,attacker/rpc,84,"{""id"":1,""src"":""shellyazplug-e4b323337220"",""dst"":""attacker"",""result"":{""was_on"":true}}"
2026-04-22T16:55:22,shellyazplug-node/debug/log,88,"shellyazplug-e4b323337220 6407 35455.633 1|shos_rpc_inst.c:230     Switch.Set via MQTT 
"
2026-04-22T16:55:22,shellyazplug-node/status/switch:0,200,"{""id"":0, ""source"":""MQTT"", ""output"":false, ""apower"":0.0, ""voltage"":232.7, ""freq"":50.0, ""current"":0.000, ""aenergy"":{""total"
2026-04-22T16:55:22,shellyazplug-node/events/rpc,191,"{""src"":""shellyazplug-e4b323337220"",""dst"":""shellyazplug-node/events"",""method"":""NotifyStatus"",""params"":{""ts"":35455.63,""swi"
2026-04-22T16:55:22,shellyazplug-node/debug/log,157,"shellyazplug-e4b323337220 6408 35455.651 1|shelly_notification:163 Status change of switch:0: {""id"":0,""apower"":0,""curren"
2026-04-22T16:55:23,shellyazplug-node/rpc,85,"{""id"": 1, ""src"": ""attacker"", ""method"": ""Switch.Set"", ""params"": {""id"": 0, ""on"": true}}"
2026-04-22T16:55:23,attacker/rpc,85,"{""id"":1,""src"":""shellyazplug-e4b323337220"",""dst"":""attacker"",""result"":{""was_on"":false}}"
2026-04-22T16:55:23,shellyazplug-node/debug/log,88,"shellyazplug-e4b323337220 6409 35456.136 1|shos_rpc_inst.c:230     Switch.Set via MQTT 
"
2026-04-22T16:55:23,shellyazplug-node/status/switch:0,199,"{""id"":0, ""source"":""MQTT"", ""output"":true, ""apower"":0.0, ""voltage"":232.7, ""freq"":50.0, ""current"":0.000, ""aenergy"":{""total"""
2026-04-22T16:55:23,shellyazplug-node/events/rpc,167,"{""src"":""shellyazplug-e4b323337220"",""dst"":""shellyazplug-node/events"",""method"":""NotifyStatus"",""params"":{""ts"":35456.13,""swi"
2026-04-22T16:55:23,shellyazplug-node/debug/log,133,"shellyazplug-e4b323337220 6410 35456.153 1|shelly_notification:163 Status change of switch:0: {""id"":0,""output"":true,""sou"
2026-04-22T16:55:23,shellyazplug-node/rpc,86,"{""id"": 1, ""src"": ""attacker"", ""method"": ""Switch.Set"", ""params"": {""id"": 0, ""on"": false}}"
2026-04-22T16:55:23,attacker/rpc,84,"{""id"":1,""src"":""shellyazplug-e4b323337220"",""dst"":""attacker"",""result"":{""was_on"":true}}"
2026-04-22T16:55:23,shellyazplug-node/debug/log,88,"shellyazplug-e4b323337220 6411 35456.633 1|shos_rpc_inst.c:230     Switch.Set via MQTT 
"
2026-04-22T16:55:23,shellyazplug-node/status/switch:0,200,"{""id"":0, ""source"":""MQTT"", ""output"":false, ""apower"":0.0, ""voltage"":232.8, ""freq"":50.0, ""current"":0.000, ""aenergy"":{""total"
2026-04-22T16:55:23,shellyazplug-node/events/rpc,191,"{""src"":""shellyazplug-e4b323337220"",""dst"":""shellyazplug-node/events"",""method"":""NotifyStatus"",""params"":{""ts"":35456.63,""swi"
2026-04-22T16:55:23,shellyazplug-node/debug/log,157,"shellyazplug-e4b323337220 6412 35456.652 1|shelly_notification:163 Status change of switch:0: {""id"":0,""apower"":0,""curren"
2026-04-22T16:55:24,shellyazplug-node/rpc,85,"{""id"": 1, ""src"": ""attacker"", ""method"": ""Switch.Set"", ""params"": {""id"": 0, ""on"": true}}"
2026-04-22T16:55:24,attacker/rpc,85,"{""id"":1,""src"":""shellyazplug-e4b323337220"",""dst"":""attacker"",""result"":{""was_on"":false}}"
2026-04-22T16:55:24,shellyazplug-node/debug/log,88,"shellyazplug-e4b323337220 6413 35457.134 1|shos_rpc_inst.c:230     Switch.Set via MQTT 
"
2026-04-22T16:55:24,shellyazplug-node/status/switch:0,199,"{""id"":0, ""source"":""MQTT"", ""output"":true, ""apower"":0.0, ""voltage"":232.8, ""freq"":50.0, ""current"":0.000, ""aenergy"":{""total"""
2026-04-22T16:55:24,shellyazplug-node/events/rpc,167,"{""src"":""shellyazplug-e4b323337220"",""dst"":""shellyazplug-node/events"",""method"":""NotifyStatus"",""params"":{""ts"":35457.13,""swi"
2026-04-22T16:55:24,shellyazplug-node/debug/log,133,"shellyazplug-e4b323337220 6414 35457.150 1|shelly_notification:163 Status change of switch:0: {""id"":0,""output"":true,""sou"
2026-04-22T16:55:24,shellyazplug-node/rpc,86,"{""id"": 1, ""src"": ""attacker"", ""method"": ""Switch.Set"", ""params"": {""id"": 0, ""on"": false}}"
2026-04-22T16:55:24,attacker/rpc,84,"{""id"":1,""src"":""shellyazplug-e4b323337220"",""dst"":""attacker"",""result"":{""was_on"":true}}"
2026-04-22T16:55:24,shellyazplug-node/debug/log,88,"shellyazplug-e4b323337220 6415 35457.634 1|shos_rpc_inst.c:230     Switch.Set via MQTT 
"
2026-04-22T16:55:24,shellyazplug-node/status/switch:0,200,"{""id"":0, ""source"":""MQTT"", ""output"":false, ""apower"":0.0, ""voltage"":232.9, ""freq"":50.0, ""current"":0.000, ""aenergy"":{""total"
2026-04-22T16:55:24,shellyazplug-node/events/rpc,191,"{""src"":""shellyazplug-e4b323337220"",""dst"":""shellyazplug-node/events"",""method"":""NotifyStatus"",""params"":{""ts"":35457.63,""swi"
2026-04-22T16:55:24,shellyazplug-node/debug/log,157,"shellyazplug-e4b323337220 6416 35457.653 1|shelly_notification:163 Status change of switch:0: {""id"":0,""apower"":0,""curren"
2026-04-22T16:55:25,shellyazplug-node/rpc,85,"{""id"": 1, ""src"": ""attacker"", ""method"": ""Switch.Set"", ""params"": {""id"": 0, ""on"": true}}"
2026-04-22T16:55:25,attacker/rpc,85,"{""id"":1,""src"":""shellyazplug-e4b323337220"",""dst"":""attacker"",""result"":{""was_on"":false}}"
2026-04-22T16:55:25,shellyazplug-node/debug/log,88,"shellyazplug-e4b323337220 6417 35458.135 1|shos_rpc_inst.c:230     Switch.Set via MQTT 
"
2026-04-22T16:55:25,shellyazplug-node/status/switch:0,199,"{""id"":0, ""source"":""MQTT"", ""output"":true, ""apower"":0.0, ""voltage"":232.9, ""freq"":50.0, ""current"":0.000, ""aenergy"":{""total"""
2026-04-22T16:55:25,shellyazplug-node/events/rpc,167,"{""src"":""shellyazplug-e4b323337220"",""dst"":""shellyazplug-node/events"",""method"":""NotifyStatus"",""params"":{""ts"":35458.13,""swi"
2026-04-22T16:55:25,shellyazplug-node/debug/log,133,"shellyazplug-e4b323337220 6418 35458.151 1|shelly_notification:163 Status change of switch:0: {""id"":0,""output"":true,""sou"
2026-04-22T16:55:25,shellyazplug-node/rpc,86,"{""id"": 1, ""src"": ""attacker"", ""method"": ""Switch.Set"", ""params"": {""id"": 0, ""on"": false}}"
2026-04-22T16:55:25,attacker/rpc,84,"{""id"":1,""src"":""shellyazplug-e4b323337220"",""dst"":""attacker"",""result"":{""was_on"":true}}"
2026-04-22T16:55:25,shellyazplug-node/debug/log,88,"shellyazplug-e4b323337220 6419 35458.640 1|shos_rpc_inst.c:230     Switch.Set via MQTT 
"
2026-04-22T16:55:25,shellyazplug-node/status/switch:0,200,"{""id"":0, ""source"":""MQTT"", ""output"":false, ""apower"":0.0, ""voltage"":232.7, ""freq"":50.0, ""current"":0.000, ""aenergy"":{""total"
2026-04-22T16:55:25,shellyazplug-node/events/rpc,191,"{""src"":""shellyazplug-e4b323337220"",""dst"":""shellyazplug-node/events"",""method"":""NotifyStatus"",""params"":{""ts"":35458.64,""swi"
2026-04-22T16:55:25,shellyazplug-node/debug/log,157,"shellyazplug-e4b323337220 6420 35458.658 1|shelly_notification:163 Status change of switch:0: {""id"":0,""apower"":0,""curren"
2026-04-22T16:55:25,iot/mq/debug,50,[0;36m[D][sensor:124]: 'Gas Sensor' >> 0.51 V[0m
2026-04-22T16:55:25,iot/mq/sensor/gas_sensor/state,4,0.51
2026-04-22T16:55:26,shellyazplug-node/rpc,85,"{""id"": 1, ""src"": ""attacker"", ""method"": ""Switch.Set"", ""params"": {""id"": 0, ""on"": true}}"
2026-04-22T16:55:26,attacker/rpc,85,"{""id"":1,""src"":""shellyazplug-e4b323337220"",""dst"":""attacker"",""result"":{""was_on"":false}}"
2026-04-22T16:55:26,shellyazplug-node/debug/log,88,"shellyazplug-e4b323337220 6421 35459.136 1|shos_rpc_inst.c:230     Switch.Set via MQTT 
"
2026-04-22T16:55:26,shellyazplug-node/status/switch:0,199,"{""id"":0, ""source"":""MQTT"", ""output"":true, ""apower"":0.0, ""voltage"":232.7, ""freq"":50.0, ""current"":0.000, ""aenergy"":{""total"""
2026-04-22T16:55:26,shellyazplug-node/events/rpc,167,"{""src"":""shellyazplug-e4b323337220"",""dst"":""shellyazplug-node/events"",""method"":""NotifyStatus"",""params"":{""ts"":35459.13,""swi"
2026-04-22T16:55:26,shellyazplug-node/debug/log,133,"shellyazplug-e4b323337220 6422 35459.152 1|shelly_notification:163 Status change of switch:0: {""id"":0,""output"":true,""sou"
2026-04-22T16:55:26,shellyazplug-node/rpc,86,"{""id"": 1, ""src"": ""attacker"", ""method"": ""Switch.Set"", ""params"": {""id"": 0, ""on"": false}}"
2026-04-22T16:55:26,attacker/rpc,84,"{""id"":1,""src"":""shellyazplug-e4b323337220"",""dst"":""attacker"",""result"":{""was_on"":true}}"
2026-04-22T16:55:26,shellyazplug-node/debug/log,88,"shellyazplug-e4b323337220 6423 35459.636 1|shos_rpc_inst.c:230     Switch.Set via MQTT 
"
2026-04-22T16:55:26,shellyazplug-node/status/switch:0,200,"{""id"":0, ""source"":""MQTT"", ""output"":false, ""apower"":0.0, ""voltage"":232.7, ""freq"":50.0, ""current"":0.000, ""aenergy"":{""total"
2026-04-22T16:55:26,shellyazplug-node/events/rpc,191,"{""src"":""shellyazplug-e4b323337220"",""dst"":""shellyazplug-node/events"",""method"":""NotifyStatus"",""params"":{""ts"":35459.63,""swi"
2026-04-22T16:55:26,shellyazplug-node/debug/log,157,"shellyazplug-e4b323337220 6424 35459.655 1|shelly_notification:163 Status change of switch:0: {""id"":0,""apower"":0,""curren"
2026-04-22T16:55:27,shellyazplug-node/rpc,85,"{""id"": 1, ""src"": ""attacker"", ""method"": ""Switch.Set"", ""params"": {""id"": 0, ""on"": true}}"
2026-04-22T16:55:27,attacker/rpc,85,"{""id"":1,""src"":""shellyazplug-e4b323337220"",""dst"":""attacker"",""result"":{""was_on"":false}}"
2026-04-22T16:55:27,shellyazplug-node/debug/log,88,"shellyazplug-e4b323337220 6425 35460.138 1|shos_rpc_inst.c:230     Switch.Set via MQTT 
"
2026-04-22T16:55:27,shellyazplug-node/status/switch:0,199,"{""id"":0, ""source"":""MQTT"", ""output"":true, ""apower"":0.0, ""voltage"":232.7, ""freq"":50.0, ""current"":0.000, ""aenergy"":{""total"""
2026-04-22T16:55:27,shellyazplug-node/events/rpc,167,"{""src"":""shellyazplug-e4b323337220"",""dst"":""shellyazplug-node/events"",""method"":""NotifyStatus"",""params"":{""ts"":35460.13,""swi"
2026-04-22T16:55:27,iot/dht11/debug,59,[0;36m[D][dht:048]: Temperature 23.5°C Humidity 37.0%[0m
2026-04-22T16:55:27,shellyazplug-node/debug/log,133,"shellyazplug-e4b323337220 6426 35460.154 1|shelly_notification:163 Status change of switch:0: {""id"":0,""output"":true,""sou"
2026-04-22T16:55:27,iot/dht11/debug,53,[0;36m[D][sensor:124]: 'Temperature' >> 23.5 °C[0m
2026-04-22T16:55:27,iot/dht11/sensor/temperature/state,4,23.5
2026-04-22T16:55:27,iot/dht11/debug,46,[0;36m[D][sensor:124]: 'Humidity' >> 37 %[0m
2026-04-22T16:55:27,iot/dht11/sensor/humidity/state,2,37
2026-04-22T16:55:27,shellyazplug-node/rpc,86,"{""id"": 1, ""src"": ""attacker"", ""method"": ""Switch.Set"", ""params"": {""id"": 0, ""on"": false}}"
2026-04-22T16:55:27,attacker/rpc,84,"{""id"":1,""src"":""shellyazplug-e4b323337220"",""dst"":""attacker"",""result"":{""was_on"":true}}"
2026-04-22T16:55:27,shellyazplug-node/debug/log,88,"shellyazplug-e4b323337220 6427 35460.640 1|shos_rpc_inst.c:230     Switch.Set via MQTT 
"
2026-04-22T16:55:27,shellyazplug-node/status/switch:0,200,"{""id"":0, ""source"":""MQTT"", ""output"":false, ""apower"":0.0, ""voltage"":232.8, ""freq"":50.0, ""current"":0.000, ""aenergy"":{""total"
2026-04-22T16:55:27,shellyazplug-node/events/rpc,191,"{""src"":""shellyazplug-e4b323337220"",""dst"":""shellyazplug-node/events"",""method"":""NotifyStatus"",""params"":{""ts"":35460.64,""swi"
2026-04-22T16:55:27,shellyazplug-node/debug/log,157,"shellyazplug-e4b323337220 6428 35460.659 1|shelly_notification:163 Status change of switch:0: {""id"":0,""apower"":0,""curren"
2026-04-22T16:55:28,shellyazplug-node/rpc,85,"{""id"": 1, ""src"": ""attacker"", ""method"": ""Switch.Set"", ""params"": {""id"": 0, ""on"": true}}"
2026-04-22T16:55:28,attacker/rpc,85,"{""id"":1,""src"":""shellyazplug-e4b323337220"",""dst"":""attacker"",""result"":{""was_on"":false}}"
2026-04-22T16:55:28,shellyazplug-node/debug/log,88,"shellyazplug-e4b323337220 6429 35461.138 1|shos_rpc_inst.c:230     Switch.Set via MQTT 
"
2026-04-22T16:55:28,shellyazplug-node/status/switch:0,199,"{""id"":0, ""source"":""MQTT"", ""output"":true, ""apower"":0.0, ""voltage"":232.8, ""freq"":50.0, ""current"":0.000, ""aenergy"":{""total"""
2026-04-22T16:55:28,shellyazplug-node/events/rpc,167,"{""src"":""shellyazplug-e4b323337220"",""dst"":""shellyazplug-node/events"",""method"":""NotifyStatus"",""params"":{""ts"":35461.13,""swi"
2026-04-22T16:55:28,shellyazplug-node/debug/log,133,"shellyazplug-e4b323337220 6430 35461.155 1|shelly_notification:163 Status change of switch:0: {""id"":0,""output"":true,""sou"
2026-04-22T16:55:28,shellyazplug-node/rpc,86,"{""id"": 1, ""src"": ""attacker"", ""method"": ""Switch.Set"", ""params"": {""id"": 0, ""on"": false}}"
2026-04-22T16:55:28,attacker/rpc,84,"{""id"":1,""src"":""shellyazplug-e4b323337220"",""dst"":""attacker"",""result"":{""was_on"":true}}"
2026-04-22T16:55:28,shellyazplug-node/debug/log,88,"shellyazplug-e4b323337220 6431 35461.638 1|shos_rpc_inst.c:230     Switch.Set via MQTT 
"
2026-04-22T16:55:28,shellyazplug-node/status/switch:0,200,"{""id"":0, ""source"":""MQTT"", ""output"":false, ""apower"":0.0, ""voltage"":232.7, ""freq"":50.0, ""current"":0.000, ""aenergy"":{""total"
2026-04-22T16:55:28,shellyazplug-node/events/rpc,191,"{""src"":""shellyazplug-e4b323337220"",""dst"":""shellyazplug-node/events"",""method"":""NotifyStatus"",""params"":{""ts"":35461.63,""swi"
2026-04-22T16:55:28,shellyazplug-node/debug/log,157,"shellyazplug-e4b323337220 6432 35461.657 1|shelly_notification:163 Status change of switch:0: {""id"":0,""apower"":0,""curren"
2026-04-22T16:55:29,shellyazplug-node/rpc,85,"{""id"": 1, ""src"": ""attacker"", ""method"": ""Switch.Set"", ""params"": {""id"": 0, ""on"": true}}"
2026-04-22T16:55:29,attacker/rpc,85,"{""id"":1,""src"":""shellyazplug-e4b323337220"",""dst"":""attacker"",""result"":{""was_on"":false}}"
2026-04-22T16:55:29,shellyazplug-node/debug/log,88,"shellyazplug-e4b323337220 6433 35462.139 1|shos_rpc_inst.c:230     Switch.Set via MQTT 
"
2026-04-22T16:55:29,shellyazplug-node/status/switch:0,199,"{""id"":0, ""source"":""MQTT"", ""output"":true, ""apower"":0.0, ""voltage"":232.7, ""freq"":50.0, ""current"":0.000, ""aenergy"":{""total"""
2026-04-22T16:55:29,shellyazplug-node/events/rpc,167,"{""src"":""shellyazplug-e4b323337220"",""dst"":""shellyazplug-node/events"",""method"":""NotifyStatus"",""params"":{""ts"":35462.14,""swi"
2026-04-22T16:55:29,shellyazplug-node/debug/log,133,"shellyazplug-e4b323337220 6434 35462.156 1|shelly_notification:163 Status change of switch:0: {""id"":0,""output"":true,""sou"
2026-04-22T16:55:29,shellyazplug-node/rpc,86,"{""id"": 1, ""src"": ""attacker"", ""method"": ""Switch.Set"", ""params"": {""id"": 0, ""on"": false}}"
2026-04-22T16:55:29,attacker/rpc,84,"{""id"":1,""src"":""shellyazplug-e4b323337220"",""dst"":""attacker"",""result"":{""was_on"":true}}"
2026-04-22T16:55:29,shellyazplug-node/debug/log,88,"shellyazplug-e4b323337220 6435 35462.642 1|shos_rpc_inst.c:230     Switch.Set via MQTT 
"
2026-04-22T16:55:29,shellyazplug-node/status/switch:0,200,"{""id"":0, ""source"":""MQTT"", ""output"":false, ""apower"":0.0, ""voltage"":232.8, ""freq"":50.0, ""current"":0.000, ""aenergy"":{""total"
2026-04-22T16:55:29,shellyazplug-node/events/rpc,191,"{""src"":""shellyazplug-e4b323337220"",""dst"":""shellyazplug-node/events"",""method"":""NotifyStatus"",""params"":{""ts"":35462.64,""swi"
2026-04-22T16:55:29,shellyazplug-node/debug/log,157,"shellyazplug-e4b323337220 6436 35462.661 1|shelly_notification:163 Status change of switch:0: {""id"":0,""apower"":0,""curren"
2026-04-22T16:55:30,shellyazplug-node/rpc,85,"{""id"": 1, ""src"": ""attacker"", ""method"": ""Switch.Set"", ""params"": {""id"": 0, ""on"": true}}"
2026-04-22T16:55:30,attacker/rpc,85,"{""id"":1,""src"":""shellyazplug-e4b323337220"",""dst"":""attacker"",""result"":{""was_on"":false}}"
2026-04-22T16:55:30,shellyazplug-node/debug/log,88,"shellyazplug-e4b323337220 6437 35463.146 1|shos_rpc_inst.c:230     Switch.Set via MQTT 
"
2026-04-22T16:55:30,shellyazplug-node/status/switch:0,199,"{""id"":0, ""source"":""MQTT"", ""output"":true, ""apower"":0.0, ""voltage"":232.8, ""freq"":50.0, ""current"":0.000, ""aenergy"":{""total"""
2026-04-22T16:55:30,shellyazplug-node/events/rpc,167,"{""src"":""shellyazplug-e4b323337220"",""dst"":""shellyazplug-node/events"",""method"":""NotifyStatus"",""params"":{""ts"":35463.14,""swi"
2026-04-22T16:55:30,shellyazplug-node/debug/log,133,"shellyazplug-e4b323337220 6438 35463.162 1|shelly_notification:163 Status change of switch:0: {""id"":0,""output"":true,""sou"
2026-04-22T16:55:30,shellyazplug-node/rpc,86,"{""id"": 1, ""src"": ""attacker"", ""method"": ""Switch.Set"", ""params"": {""id"": 0, ""on"": false}}"
2026-04-22T16:55:30,attacker/rpc,84,"{""id"":1,""src"":""shellyazplug-e4b323337220"",""dst"":""attacker"",""result"":{""was_on"":true}}"
2026-04-22T16:55:30,shellyazplug-node/debug/log,88,"shellyazplug-e4b323337220 6439 35463.648 1|shos_rpc_inst.c:230     Switch.Set via MQTT 
"
2026-04-22T16:55:30,shellyazplug-node/status/switch:0,200,"{""id"":0, ""source"":""MQTT"", ""output"":false, ""apower"":0.0, ""voltage"":232.8, ""freq"":50.0, ""current"":0.000, ""aenergy"":{""total"
2026-04-22T16:55:30,shellyazplug-node/events/rpc,191,"{""src"":""shellyazplug-e4b323337220"",""dst"":""shellyazplug-node/events"",""method"":""NotifyStatus"",""params"":{""ts"":35463.65,""swi"
2026-04-22T16:55:30,shellyazplug-node/debug/log,157,"shellyazplug-e4b323337220 6440 35463.667 1|shelly_notification:163 Status change of switch:0: {""id"":0,""apower"":0,""curren"
2026-04-22T16:55:30,iot/mq/debug,50,[0;36m[D][sensor:124]: 'Gas Sensor' >> 0.51 V[0m
2026-04-22T16:55:31,iot/mq/sensor/gas_sensor/state,4,0.51
2026-04-22T16:55:31,shellyazplug-node/rpc,85,"{""id"": 1, ""src"": ""attacker"", ""method"": ""Switch.Set"", ""params"": {""id"": 0, ""on"": true}}"
2026-04-22T16:55:31,attacker/rpc,85,"{""id"":1,""src"":""shellyazplug-e4b323337220"",""dst"":""attacker"",""result"":{""was_on"":false}}"
2026-04-22T16:55:31,shellyazplug-node/debug/log,88,"shellyazplug-e4b323337220 6441 35464.149 1|shos_rpc_inst.c:230     Switch.Set via MQTT 
"
2026-04-22T16:55:31,shellyazplug-node/status/switch:0,199,"{""id"":0, ""source"":""MQTT"", ""output"":true, ""apower"":0.0, ""voltage"":232.8, ""freq"":50.0, ""current"":0.000, ""aenergy"":{""total"""
2026-04-22T16:55:31,shellyazplug-node/events/rpc,167,"{""src"":""shellyazplug-e4b323337220"",""dst"":""shellyazplug-node/events"",""method"":""NotifyStatus"",""params"":{""ts"":35464.15,""swi"
2026-04-22T16:55:31,shellyazplug-node/debug/log,133,"shellyazplug-e4b323337220 6442 35464.165 1|shelly_notification:163 Status change of switch:0: {""id"":0,""output"":true,""sou"
2026-04-22T16:55:31,shellyazplug-node/rpc,86,"{""id"": 1, ""src"": ""attacker"", ""method"": ""Switch.Set"", ""params"": {""id"": 0, ""on"": false}}"
2026-04-22T16:55:31,attacker/rpc,84,"{""id"":1,""src"":""shellyazplug-e4b323337220"",""dst"":""attacker"",""result"":{""was_on"":true}}"
2026-04-22T16:55:31,shellyazplug-node/debug/log,88,"shellyazplug-e4b323337220 6443 35464.649 1|shos_rpc_inst.c:230     Switch.Set via MQTT 
"
2026-04-22T16:55:31,shellyazplug-node/status/switch:0,200,"{""id"":0, ""source"":""MQTT"", ""output"":false, ""apower"":0.0, ""voltage"":232.6, ""freq"":50.0, ""current"":0.000, ""aenergy"":{""total"
2026-04-22T16:55:31,shellyazplug-node/events/rpc,191,"{""src"":""shellyazplug-e4b323337220"",""dst"":""shellyazplug-node/events"",""method"":""NotifyStatus"",""params"":{""ts"":35464.65,""swi"
2026-04-22T16:55:31,shellyazplug-node/debug/log,157,"shellyazplug-e4b323337220 6444 35464.668 1|shelly_notification:163 Status change of switch:0: {""id"":0,""apower"":0,""curren"
2026-04-22T16:55:32,shellyazplug-node/rpc,85,"{""id"": 1, ""src"": ""attacker"", ""method"": ""Switch.Set"", ""params"": {""id"": 0, ""on"": true}}"
2026-04-22T16:55:32,attacker/rpc,85,"{""id"":1,""src"":""shellyazplug-e4b323337220"",""dst"":""attacker"",""result"":{""was_on"":false}}"
2026-04-22T16:55:32,shellyazplug-node/debug/log,88,"shellyazplug-e4b323337220 6445 35465.150 1|shos_rpc_inst.c:230     Switch.Set via MQTT 
"
2026-04-22T16:55:32,shellyazplug-node/status/switch:0,199,"{""id"":0, ""source"":""MQTT"", ""output"":true, ""apower"":0.0, ""voltage"":232.6, ""freq"":50.0, ""current"":0.000, ""aenergy"":{""total"""
2026-04-22T16:55:32,shellyazplug-node/events/rpc,167,"{""src"":""shellyazplug-e4b323337220"",""dst"":""shellyazplug-node/events"",""method"":""NotifyStatus"",""params"":{""ts"":35465.15,""swi"
2026-04-22T16:55:32,shellyazplug-node/debug/log,133,"shellyazplug-e4b323337220 6446 35465.167 1|shelly_notification:163 Status change of switch:0: {""id"":0,""output"":true,""sou"
2026-04-22T16:55:32,shellyazplug-node/rpc,86,"{""id"": 1, ""src"": ""attacker"", ""method"": ""Switch.Set"", ""params"": {""id"": 0, ""on"": false}}"
2026-04-22T16:55:32,attacker/rpc,84,"{""id"":1,""src"":""shellyazplug-e4b323337220"",""dst"":""attacker"",""result"":{""was_on"":true}}"
2026-04-22T16:55:32,shellyazplug-node/debug/log,88,"shellyazplug-e4b323337220 6447 35465.650 1|shos_rpc_inst.c:230     Switch.Set via MQTT 
"
2026-04-22T16:55:32,shellyazplug-node/status/switch:0,200,"{""id"":0, ""source"":""MQTT"", ""output"":false, ""apower"":0.0, ""voltage"":232.7, ""freq"":50.0, ""current"":0.000, ""aenergy"":{""total"
2026-04-22T16:55:32,shellyazplug-node/events/rpc,191,"{""src"":""shellyazplug-e4b323337220"",""dst"":""shellyazplug-node/events"",""method"":""NotifyStatus"",""params"":{""ts"":35465.65,""swi"
2026-04-22T16:55:32,shellyazplug-node/debug/log,157,"shellyazplug-e4b323337220 6448 35465.669 1|shelly_notification:163 Status change of switch:0: {""id"":0,""apower"":0,""curren"
2026-04-22T16:55:33,shellyazplug-node/rpc,85,"{""id"": 1, ""src"": ""attacker"", ""method"": ""Switch.Set"", ""params"": {""id"": 0, ""on"": true}}"
2026-04-22T16:55:33,attacker/rpc,85,"{""id"":1,""src"":""shellyazplug-e4b323337220"",""dst"":""attacker"",""result"":{""was_on"":false}}"
2026-04-22T16:55:33,shellyazplug-node/debug/log,88,"shellyazplug-e4b323337220 6449 35466.150 1|shos_rpc_inst.c:230     Switch.Set via MQTT 
"
2026-04-22T16:55:33,shellyazplug-node/status/switch:0,199,"{""id"":0, ""source"":""MQTT"", ""output"":true, ""apower"":0.0, ""voltage"":232.7, ""freq"":50.0, ""current"":0.000, ""aenergy"":{""total"""
2026-04-22T16:55:33,shellyazplug-node/events/rpc,167,"{""src"":""shellyazplug-e4b323337220"",""dst"":""shellyazplug-node/events"",""method"":""NotifyStatus"",""params"":{""ts"":35466.15,""swi"
2026-04-22T16:55:33,shellyazplug-node/debug/log,133,"shellyazplug-e4b323337220 6450 35466.167 1|shelly_notification:163 Status change of switch:0: {""id"":0,""output"":true,""sou"
2026-04-22T16:55:33,shellyazplug-node/rpc,86,"{""id"": 1, ""src"": ""attacker"", ""method"": ""Switch.Set"", ""params"": {""id"": 0, ""on"": false}}"
2026-04-22T16:55:33,attacker/rpc,84,"{""id"":1,""src"":""shellyazplug-e4b323337220"",""dst"":""attacker"",""result"":{""was_on"":true}}"
2026-04-22T16:55:33,shellyazplug-node/debug/log,88,"shellyazplug-e4b323337220 6451 35466.652 1|shos_rpc_inst.c:230     Switch.Set via MQTT 
"
2026-04-22T16:55:33,shellyazplug-node/status/switch:0,200,"{""id"":0, ""source"":""MQTT"", ""output"":false, ""apower"":0.0, ""voltage"":232.7, ""freq"":50.0, ""current"":0.000, ""aenergy"":{""total"
2026-04-22T16:55:33,shellyazplug-node/events/rpc,191,"{""src"":""shellyazplug-e4b323337220"",""dst"":""shellyazplug-node/events"",""method"":""NotifyStatus"",""params"":{""ts"":35466.65,""swi"
2026-04-22T16:55:33,shellyazplug-node/debug/log,157,"shellyazplug-e4b323337220 6452 35466.671 1|shelly_notification:163 Status change of switch:0: {""id"":0,""apower"":0,""curren"
2026-04-22T16:55:34,shellyazplug-node/rpc,85,"{""id"": 1, ""src"": ""attacker"", ""method"": ""Switch.Set"", ""params"": {""id"": 0, ""on"": true}}"
2026-04-22T16:55:34,attacker/rpc,85,"{""id"":1,""src"":""shellyazplug-e4b323337220"",""dst"":""attacker"",""result"":{""was_on"":false}}"
2026-04-22T16:55:34,shellyazplug-node/debug/log,88,"shellyazplug-e4b323337220 6453 35467.153 1|shos_rpc_inst.c:230     Switch.Set via MQTT 
"
2026-04-22T16:55:34,shellyazplug-node/status/switch:0,199,"{""id"":0, ""source"":""MQTT"", ""output"":true, ""apower"":0.0, ""voltage"":232.7, ""freq"":50.0, ""current"":0.000, ""aenergy"":{""total"""
2026-04-22T16:55:34,shellyazplug-node/events/rpc,167,"{""src"":""shellyazplug-e4b323337220"",""dst"":""shellyazplug-node/events"",""method"":""NotifyStatus"",""params"":{""ts"":35467.15,""swi"
2026-04-22T16:55:34,shellyazplug-node/debug/log,133,"shellyazplug-e4b323337220 6454 35467.169 1|shelly_notification:163 Status change of switch:0: {""id"":0,""output"":true,""sou"
2026-04-22T16:55:34,shellyazplug-node/rpc,86,"{""id"": 1, ""src"": ""attacker"", ""method"": ""Switch.Set"", ""params"": {""id"": 0, ""on"": false}}"
2026-04-22T16:55:34,attacker/rpc,84,"{""id"":1,""src"":""shellyazplug-e4b323337220"",""dst"":""attacker"",""result"":{""was_on"":true}}"
2026-04-22T16:55:34,shellyazplug-node/debug/log,88,"shellyazplug-e4b323337220 6455 35467.652 1|shos_rpc_inst.c:230     Switch.Set via MQTT 
"
2026-04-22T16:55:34,shellyazplug-node/status/switch:0,200,"{""id"":0, ""source"":""MQTT"", ""output"":false, ""apower"":0.0, ""voltage"":232.6, ""freq"":50.0, ""current"":0.000, ""aenergy"":{""total"
2026-04-22T16:55:34,shellyazplug-node/events/rpc,191,"{""src"":""shellyazplug-e4b323337220"",""dst"":""shellyazplug-node/events"",""method"":""NotifyStatus"",""params"":{""ts"":35467.65,""swi"
2026-04-22T16:55:34,shellyazplug-node/debug/log,157,"shellyazplug-e4b323337220 6456 35467.670 1|shelly_notification:163 Status change of switch:0: {""id"":0,""apower"":0,""curren"
2026-04-22T16:55:35,shellyazplug-node/rpc,85,"{""id"": 1, ""src"": ""attacker"", ""method"": ""Switch.Set"", ""params"": {""id"": 0, ""on"": true}}"
2026-04-22T16:55:35,attacker/rpc,85,"{""id"":1,""src"":""shellyazplug-e4b323337220"",""dst"":""attacker"",""result"":{""was_on"":false}}"
2026-04-22T16:55:35,shellyazplug-node/debug/log,88,"shellyazplug-e4b323337220 6457 35468.152 1|shos_rpc_inst.c:230     Switch.Set via MQTT 
"
2026-04-22T16:55:35,shellyazplug-node/status/switch:0,199,"{""id"":0, ""source"":""MQTT"", ""output"":true, ""apower"":0.0, ""voltage"":232.6, ""freq"":50.0, ""current"":0.000, ""aenergy"":{""total"""
2026-04-22T16:55:35,shellyazplug-node/events/rpc,167,"{""src"":""shellyazplug-e4b323337220"",""dst"":""shellyazplug-node/events"",""method"":""NotifyStatus"",""params"":{""ts"":35468.15,""swi"
2026-04-22T16:55:35,shellyazplug-node/debug/log,133,"shellyazplug-e4b323337220 6458 35468.169 1|shelly_notification:163 Status change of switch:0: {""id"":0,""output"":true,""sou"
2026-04-22T16:55:35,shellyazplug-node/rpc,86,"{""id"": 1, ""src"": ""attacker"", ""method"": ""Switch.Set"", ""params"": {""id"": 0, ""on"": false}}"
2026-04-22T16:55:35,attacker/rpc,84,"{""id"":1,""src"":""shellyazplug-e4b323337220"",""dst"":""attacker"",""result"":{""was_on"":true}}"
2026-04-22T16:55:35,shellyazplug-node/debug/log,88,"shellyazplug-e4b323337220 6459 35468.653 1|shos_rpc_inst.c:230     Switch.Set via MQTT 
"
2026-04-22T16:55:35,shellyazplug-node/status/switch:0,200,"{""id"":0, ""source"":""MQTT"", ""output"":false, ""apower"":0.0, ""voltage"":232.4, ""freq"":50.0, ""current"":0.000, ""aenergy"":{""total"
2026-04-22T16:55:35,shellyazplug-node/events/rpc,191,"{""src"":""shellyazplug-e4b323337220"",""dst"":""shellyazplug-node/events"",""method"":""NotifyStatus"",""params"":{""ts"":35468.65,""swi"
2026-04-22T16:55:35,shellyazplug-node/debug/log,157,"shellyazplug-e4b323337220 6460 35468.671 1|shelly_notification:163 Status change of switch:0: {""id"":0,""apower"":0,""curren"
2026-04-22T16:55:35,iot/mq/debug,50,[0;36m[D][sensor:124]: 'Gas Sensor' >> 0.51 V[0m
2026-04-22T16:55:36,iot/mq/sensor/gas_sensor/state,4,0.51
2026-04-22T16:55:36,shellyazplug-node/rpc,85,"{""id"": 1, ""src"": ""attacker"", ""method"": ""Switch.Set"", ""params"": {""id"": 0, ""on"": true}}"
2026-04-22T16:55:36,attacker/rpc,85,"{""id"":1,""src"":""shellyazplug-e4b323337220"",""dst"":""attacker"",""result"":{""was_on"":false}}"
2026-04-22T16:55:36,shellyazplug-node/debug/log,88,"shellyazplug-e4b323337220 6461 35469.153 1|shos_rpc_inst.c:230     Switch.Set via MQTT 
"
2026-04-22T16:55:36,shellyazplug-node/status/switch:0,199,"{""id"":0, ""source"":""MQTT"", ""output"":true, ""apower"":0.0, ""voltage"":232.4, ""freq"":50.0, ""current"":0.000, ""aenergy"":{""total"""
2026-04-22T16:55:36,shellyazplug-node/events/rpc,167,"{""src"":""shellyazplug-e4b323337220"",""dst"":""shellyazplug-node/events"",""method"":""NotifyStatus"",""params"":{""ts"":35469.15,""swi"
2026-04-22T16:55:36,shellyazplug-node/debug/log,133,"shellyazplug-e4b323337220 6462 35469.169 1|shelly_notification:163 Status change of switch:0: {""id"":0,""output"":true,""sou"
2026-04-22T16:55:36,shellyazplug-node/rpc,86,"{""id"": 1, ""src"": ""attacker"", ""method"": ""Switch.Set"", ""params"": {""id"": 0, ""on"": false}}"
2026-04-22T16:55:36,attacker/rpc,84,"{""id"":1,""src"":""shellyazplug-e4b323337220"",""dst"":""attacker"",""result"":{""was_on"":true}}"
2026-04-22T16:55:36,shellyazplug-node/debug/log,88,"shellyazplug-e4b323337220 6463 35469.654 1|shos_rpc_inst.c:230     Switch.Set via MQTT 
"
2026-04-22T16:55:36,shellyazplug-node/status/switch:0,200,"{""id"":0, ""source"":""MQTT"", ""output"":false, ""apower"":0.0, ""voltage"":232.6, ""freq"":50.0, ""current"":0.000, ""aenergy"":{""total"
2026-04-22T16:55:36,shellyazplug-node/events/rpc,191,"{""src"":""shellyazplug-e4b323337220"",""dst"":""shellyazplug-node/events"",""method"":""NotifyStatus"",""params"":{""ts"":35469.65,""swi"
2026-04-22T16:55:36,shellyazplug-node/debug/log,157,"shellyazplug-e4b323337220 6464 35469.672 1|shelly_notification:163 Status change of switch:0: {""id"":0,""apower"":0,""curren"
2026-04-22T16:55:37,shellyazplug-node/rpc,85,"{""id"": 1, ""src"": ""attacker"", ""method"": ""Switch.Set"", ""params"": {""id"": 0, ""on"": true}}"
2026-04-22T16:55:37,attacker/rpc,85,"{""id"":1,""src"":""shellyazplug-e4b323337220"",""dst"":""attacker"",""result"":{""was_on"":false}}"
2026-04-22T16:55:37,shellyazplug-node/debug/log,88,"shellyazplug-e4b323337220 6465 35470.154 1|shos_rpc_inst.c:230     Switch.Set via MQTT 
"
2026-04-22T16:55:37,iot/dht11/debug,59,[0;36m[D][dht:048]: Temperature 23.4°C Humidity 37.0%[0m
2026-04-22T16:55:37,shellyazplug-node/status/switch:0,199,"{""id"":0, ""source"":""MQTT"", ""output"":true, ""apower"":0.0, ""voltage"":232.6, ""freq"":50.0, ""current"":0.000, ""aenergy"":{""total"""
2026-04-22T16:55:37,shellyazplug-node/events/rpc,167,"{""src"":""shellyazplug-e4b323337220"",""dst"":""shellyazplug-node/events"",""method"":""NotifyStatus"",""params"":{""ts"":35470.15,""swi"
2026-04-22T16:55:37,shellyazplug-node/debug/log,133,"shellyazplug-e4b323337220 6466 35470.170 1|shelly_notification:163 Status change of switch:0: {""id"":0,""output"":true,""sou"
2026-04-22T16:55:37,iot/dht11/debug,53,[0;36m[D][sensor:124]: 'Temperature' >> 23.4 °C[0m
2026-04-22T16:55:37,iot/dht11/sensor/temperature/state,4,23.4
2026-04-22T16:55:37,iot/dht11/debug,46,[0;36m[D][sensor:124]: 'Humidity' >> 37 %[0m
2026-04-22T16:55:37,iot/dht11/sensor/humidity/state,2,37
2026-04-22T16:55:37,shellyazplug-node/rpc,86,"{""id"": 1, ""src"": ""attacker"", ""method"": ""Switch.Set"", ""params"": {""id"": 0, ""on"": false}}"
2026-04-22T16:55:37,attacker/rpc,84,"{""id"":1,""src"":""shellyazplug-e4b323337220"",""dst"":""attacker"",""result"":{""was_on"":true}}"
2026-04-22T16:55:37,shellyazplug-node/debug/log,88,"shellyazplug-e4b323337220 6467 35470.655 1|shos_rpc_inst.c:230     Switch.Set via MQTT 
"
2026-04-22T16:55:37,shellyazplug-node/status/switch:0,200,"{""id"":0, ""source"":""MQTT"", ""output"":false, ""apower"":0.0, ""voltage"":232.6, ""freq"":50.0, ""current"":0.000, ""aenergy"":{""total"
2026-04-22T16:55:37,shellyazplug-node/events/rpc,191,"{""src"":""shellyazplug-e4b323337220"",""dst"":""shellyazplug-node/events"",""method"":""NotifyStatus"",""params"":{""ts"":35470.65,""swi"
2026-04-22T16:55:37,shellyazplug-node/debug/log,157,"shellyazplug-e4b323337220 6468 35470.674 1|shelly_notification:163 Status change of switch:0: {""id"":0,""apower"":0,""curren"
2026-04-22T16:55:38,shellyazplug-node/rpc,85,"{""id"": 1, ""src"": ""attacker"", ""method"": ""Switch.Set"", ""params"": {""id"": 0, ""on"": true}}"
2026-04-22T16:55:38,attacker/rpc,85,"{""id"":1,""src"":""shellyazplug-e4b323337220"",""dst"":""attacker"",""result"":{""was_on"":false}}"
2026-04-22T16:55:38,shellyazplug-node/debug/log,88,"shellyazplug-e4b323337220 6469 35471.155 1|shos_rpc_inst.c:230     Switch.Set via MQTT 
"
2026-04-22T16:55:38,shellyazplug-node/status/switch:0,199,"{""id"":0, ""source"":""MQTT"", ""output"":true, ""apower"":0.0, ""voltage"":232.6, ""freq"":50.0, ""current"":0.000, ""aenergy"":{""total"""
2026-04-22T16:55:38,shellyazplug-node/events/rpc,167,"{""src"":""shellyazplug-e4b323337220"",""dst"":""shellyazplug-node/events"",""method"":""NotifyStatus"",""params"":{""ts"":35471.15,""swi"
2026-04-22T16:55:38,shellyazplug-node/debug/log,133,"shellyazplug-e4b323337220 6470 35471.172 1|shelly_notification:163 Status change of switch:0: {""id"":0,""output"":true,""sou"
2026-04-22T16:55:38,shellyazplug-node/rpc,86,"{""id"": 1, ""src"": ""attacker"", ""method"": ""Switch.Set"", ""params"": {""id"": 0, ""on"": false}}"
2026-04-22T16:55:38,attacker/rpc,84,"{""id"":1,""src"":""shellyazplug-e4b323337220"",""dst"":""attacker"",""result"":{""was_on"":true}}"
2026-04-22T16:55:38,shellyazplug-node/debug/log,88,"shellyazplug-e4b323337220 6471 35471.656 1|shos_rpc_inst.c:230     Switch.Set via MQTT 
"
2026-04-22T16:55:38,shellyazplug-node/status/switch:0,200,"{""id"":0, ""source"":""MQTT"", ""output"":false, ""apower"":0.0, ""voltage"":232.6, ""freq"":50.0, ""current"":0.000, ""aenergy"":{""total"
2026-04-22T16:55:38,shellyazplug-node/events/rpc,191,"{""src"":""shellyazplug-e4b323337220"",""dst"":""shellyazplug-node/events"",""method"":""NotifyStatus"",""params"":{""ts"":35471.65,""swi"
2026-04-22T16:55:38,shellyazplug-node/debug/log,157,"shellyazplug-e4b323337220 6472 35471.675 1|shelly_notification:163 Status change of switch:0: {""id"":0,""apower"":0,""curren"
2026-04-22T16:55:39,shellyazplug-node/rpc,85,"{""id"": 1, ""src"": ""attacker"", ""method"": ""Switch.Set"", ""params"": {""id"": 0, ""on"": true}}"
2026-04-22T16:55:39,attacker/rpc,85,"{""id"":1,""src"":""shellyazplug-e4b323337220"",""dst"":""attacker"",""result"":{""was_on"":false}}"
2026-04-22T16:55:39,shellyazplug-node/debug/log,88,"shellyazplug-e4b323337220 6473 35472.156 1|shos_rpc_inst.c:230     Switch.Set via MQTT 
"
2026-04-22T16:55:39,shellyazplug-node/status/switch:0,199,"{""id"":0, ""source"":""MQTT"", ""output"":true, ""apower"":0.0, ""voltage"":232.6, ""freq"":50.0, ""current"":0.000, ""aenergy"":{""total"""
2026-04-22T16:55:39,shellyazplug-node/events/rpc,167,"{""src"":""shellyazplug-e4b323337220"",""dst"":""shellyazplug-node/events"",""method"":""NotifyStatus"",""params"":{""ts"":35472.15,""swi"
2026-04-22T16:55:39,shellyazplug-node/debug/log,133,"shellyazplug-e4b323337220 6474 35472.172 1|shelly_notification:163 Status change of switch:0: {""id"":0,""output"":true,""sou"
2026-04-22T16:55:39,shellyazplug-node/rpc,86,"{""id"": 1, ""src"": ""attacker"", ""method"": ""Switch.Set"", ""params"": {""id"": 0, ""on"": false}}"
2026-04-22T16:55:39,attacker/rpc,84,"{""id"":1,""src"":""shellyazplug-e4b323337220"",""dst"":""attacker"",""result"":{""was_on"":true}}"
2026-04-22T16:55:39,shellyazplug-node/debug/log,88,"shellyazplug-e4b323337220 6475 35472.657 1|shos_rpc_inst.c:230     Switch.Set via MQTT 
"
2026-04-22T16:55:39,shellyazplug-node/status/switch:0,200,"{""id"":0, ""source"":""MQTT"", ""output"":false, ""apower"":0.0, ""voltage"":232.6, ""freq"":50.0, ""current"":0.000, ""aenergy"":{""total"
2026-04-22T16:55:39,shellyazplug-node/events/rpc,191,"{""src"":""shellyazplug-e4b323337220"",""dst"":""shellyazplug-node/events"",""method"":""NotifyStatus"",""params"":{""ts"":35472.65,""swi"
2026-04-22T16:55:39,shellyazplug-node/debug/log,157,"shellyazplug-e4b323337220 6476 35472.675 1|shelly_notification:163 Status change of switch:0: {""id"":0,""apower"":0,""curren"
2026-04-22T16:55:40,shellyazplug-node/rpc,85,"{""id"": 1, ""src"": ""attacker"", ""method"": ""Switch.Set"", ""params"": {""id"": 0, ""on"": true}}"
2026-04-22T16:55:40,attacker/rpc,85,"{""id"":1,""src"":""shellyazplug-e4b323337220"",""dst"":""attacker"",""result"":{""was_on"":false}}"
2026-04-22T16:55:40,shellyazplug-node/debug/log,88,"shellyazplug-e4b323337220 6477 35473.157 1|shos_rpc_inst.c:230     Switch.Set via MQTT 
"
2026-04-22T16:55:40,shellyazplug-node/status/switch:0,199,"{""id"":0, ""source"":""MQTT"", ""output"":true, ""apower"":0.0, ""voltage"":232.6, ""freq"":50.0, ""current"":0.000, ""aenergy"":{""total"""
2026-04-22T16:55:40,shellyazplug-node/events/rpc,167,"{""src"":""shellyazplug-e4b323337220"",""dst"":""shellyazplug-node/events"",""method"":""NotifyStatus"",""params"":{""ts"":35473.15,""swi"
2026-04-22T16:55:40,shellyazplug-node/debug/log,133,"shellyazplug-e4b323337220 6478 35473.173 1|shelly_notification:163 Status change of switch:0: {""id"":0,""output"":true,""sou"
2026-04-22T16:55:40,shellyazplug-node/rpc,86,"{""id"": 1, ""src"": ""attacker"", ""method"": ""Switch.Set"", ""params"": {""id"": 0, ""on"": false}}"
2026-04-22T16:55:40,attacker/rpc,84,"{""id"":1,""src"":""shellyazplug-e4b323337220"",""dst"":""attacker"",""result"":{""was_on"":true}}"
2026-04-22T16:55:40,shellyazplug-node/debug/log,88,"shellyazplug-e4b323337220 6479 35473.658 1|shos_rpc_inst.c:230     Switch.Set via MQTT 
"
2026-04-22T16:55:40,shellyazplug-node/status/switch:0,200,"{""id"":0, ""source"":""MQTT"", ""output"":false, ""apower"":0.0, ""voltage"":232.7, ""freq"":50.0, ""current"":0.000, ""aenergy"":{""total"
2026-04-22T16:55:40,shellyazplug-node/events/rpc,191,"{""src"":""shellyazplug-e4b323337220"",""dst"":""shellyazplug-node/events"",""method"":""NotifyStatus"",""params"":{""ts"":35473.65,""swi"
2026-04-22T16:55:40,shellyazplug-node/debug/log,157,"shellyazplug-e4b323337220 6480 35473.676 1|shelly_notification:163 Status change of switch:0: {""id"":0,""apower"":0,""curren"
2026-04-22T16:55:40,iot/mq/debug,50,[0;36m[D][sensor:124]: 'Gas Sensor' >> 0.51 V[0m
2026-04-22T16:55:41,iot/mq/sensor/gas_sensor/state,4,0.51
2026-04-22T16:55:41,shellyazplug-node/rpc,85,"{""id"": 1, ""src"": ""attacker"", ""method"": ""Switch.Set"", ""params"": {""id"": 0, ""on"": true}}"
2026-04-22T16:55:41,attacker/rpc,85,"{""id"":1,""src"":""shellyazplug-e4b323337220"",""dst"":""attacker"",""result"":{""was_on"":false}}"
2026-04-22T16:55:41,shellyazplug-node/debug/log,88,"shellyazplug-e4b323337220 6481 35474.158 1|shos_rpc_inst.c:230     Switch.Set via MQTT 
"
2026-04-22T16:55:41,shellyazplug-node/status/switch:0,199,"{""id"":0, ""source"":""MQTT"", ""output"":true, ""apower"":0.0, ""voltage"":232.7, ""freq"":50.0, ""current"":0.000, ""aenergy"":{""total"""
2026-04-22T16:55:41,shellyazplug-node/events/rpc,167,"{""src"":""shellyazplug-e4b323337220"",""dst"":""shellyazplug-node/events"",""method"":""NotifyStatus"",""params"":{""ts"":35474.15,""swi"
2026-04-22T16:55:41,shellyazplug-node/debug/log,133,"shellyazplug-e4b323337220 6482 35474.174 1|shelly_notification:163 Status change of switch:0: {""id"":0,""output"":true,""sou"
2026-04-22T16:55:41,shellyazplug-node/rpc,86,"{""id"": 1, ""src"": ""attacker"", ""method"": ""Switch.Set"", ""params"": {""id"": 0, ""on"": false}}"
2026-04-22T16:55:41,attacker/rpc,84,"{""id"":1,""src"":""shellyazplug-e4b323337220"",""dst"":""attacker"",""result"":{""was_on"":true}}"
2026-04-22T16:55:41,shellyazplug-node/debug/log,88,"shellyazplug-e4b323337220 6483 35474.658 1|shos_rpc_inst.c:230     Switch.Set via MQTT 
"
2026-04-22T16:55:41,shellyazplug-node/status/switch:0,200,"{""id"":0, ""source"":""MQTT"", ""output"":false, ""apower"":0.0, ""voltage"":232.5, ""freq"":50.0, ""current"":0.000, ""aenergy"":{""total"
2026-04-22T16:55:41,shellyazplug-node/events/rpc,191,"{""src"":""shellyazplug-e4b323337220"",""dst"":""shellyazplug-node/events"",""method"":""NotifyStatus"",""params"":{""ts"":35474.66,""swi"
2026-04-22T16:55:41,shellyazplug-node/debug/log,157,"shellyazplug-e4b323337220 6484 35474.677 1|shelly_notification:163 Status change of switch:0: {""id"":0,""apower"":0,""curren"
2026-04-22T16:55:42,shellyazplug-node/rpc,85,"{""id"": 1, ""src"": ""attacker"", ""method"": ""Switch.Set"", ""params"": {""id"": 0, ""on"": true}}"
2026-04-22T16:55:42,attacker/rpc,85,"{""id"":1,""src"":""shellyazplug-e4b323337220"",""dst"":""attacker"",""result"":{""was_on"":false}}"
2026-04-22T16:55:42,shellyazplug-node/debug/log,88,"shellyazplug-e4b323337220 6485 35475.158 1|shos_rpc_inst.c:230     Switch.Set via MQTT 
"
2026-04-22T16:55:42,shellyazplug-node/status/switch:0,199,"{""id"":0, ""source"":""MQTT"", ""output"":true, ""apower"":0.0, ""voltage"":232.5, ""freq"":50.0, ""current"":0.000, ""aenergy"":{""total"""
2026-04-22T16:55:42,shellyazplug-node/events/rpc,167,"{""src"":""shellyazplug-e4b323337220"",""dst"":""shellyazplug-node/events"",""method"":""NotifyStatus"",""params"":{""ts"":35475.16,""swi"
2026-04-22T16:55:42,shellyazplug-node/debug/log,133,"shellyazplug-e4b323337220 6486 35475.175 1|shelly_notification:163 Status change of switch:0: {""id"":0,""output"":true,""sou"
2026-04-22T16:55:42,shellyazplug-node/rpc,86,"{""id"": 1, ""src"": ""attacker"", ""method"": ""Switch.Set"", ""params"": {""id"": 0, ""on"": false}}"
2026-04-22T16:55:42,attacker/rpc,84,"{""id"":1,""src"":""shellyazplug-e4b323337220"",""dst"":""attacker"",""result"":{""was_on"":true}}"
2026-04-22T16:55:42,shellyazplug-node/debug/log,88,"shellyazplug-e4b323337220 6487 35475.659 1|shos_rpc_inst.c:230     Switch.Set via MQTT 
"
2026-04-22T16:55:42,shellyazplug-node/status/switch:0,200,"{""id"":0, ""source"":""MQTT"", ""output"":false, ""apower"":0.0, ""voltage"":232.3, ""freq"":50.0, ""current"":0.000, ""aenergy"":{""total"
2026-04-22T16:55:42,shellyazplug-node/events/rpc,191,"{""src"":""shellyazplug-e4b323337220"",""dst"":""shellyazplug-node/events"",""method"":""NotifyStatus"",""params"":{""ts"":35475.66,""swi"
2026-04-22T16:55:42,shellyazplug-node/debug/log,157,"shellyazplug-e4b323337220 6488 35475.678 1|shelly_notification:163 Status change of switch:0: {""id"":0,""apower"":0,""curren"
2026-04-22T16:55:43,shellyazplug-node/rpc,85,"{""id"": 1, ""src"": ""attacker"", ""method"": ""Switch.Set"", ""params"": {""id"": 0, ""on"": true}}"
2026-04-22T16:55:43,attacker/rpc,85,"{""id"":1,""src"":""shellyazplug-e4b323337220"",""dst"":""attacker"",""result"":{""was_on"":false}}"
2026-04-22T16:55:43,shellyazplug-node/debug/log,88,"shellyazplug-e4b323337220 6489 35476.160 1|shos_rpc_inst.c:230     Switch.Set via MQTT 
"
2026-04-22T16:55:43,shellyazplug-node/status/switch:0,199,"{""id"":0, ""source"":""MQTT"", ""output"":true, ""apower"":0.0, ""voltage"":232.3, ""freq"":50.0, ""current"":0.000, ""aenergy"":{""total"""
2026-04-22T16:55:43,shellyazplug-node/events/rpc,167,"{""src"":""shellyazplug-e4b323337220"",""dst"":""shellyazplug-node/events"",""method"":""NotifyStatus"",""params"":{""ts"":35476.16,""swi"
2026-04-22T16:55:43,shellyazplug-node/debug/log,133,"shellyazplug-e4b323337220 6490 35476.177 1|shelly_notification:163 Status change of switch:0: {""id"":0,""output"":true,""sou"
2026-04-22T16:55:43,shellyazplug-node/rpc,86,"{""id"": 1, ""src"": ""attacker"", ""method"": ""Switch.Set"", ""params"": {""id"": 0, ""on"": false}}"
2026-04-22T16:55:43,attacker/rpc,84,"{""id"":1,""src"":""shellyazplug-e4b323337220"",""dst"":""attacker"",""result"":{""was_on"":true}}"
2026-04-22T16:55:43,shellyazplug-node/debug/log,88,"shellyazplug-e4b323337220 6491 35476.661 1|shos_rpc_inst.c:230     Switch.Set via MQTT 
"
2026-04-22T16:55:43,shellyazplug-node/status/switch:0,200,"{""id"":0, ""source"":""MQTT"", ""output"":false, ""apower"":0.0, ""voltage"":232.5, ""freq"":50.0, ""current"":0.000, ""aenergy"":{""total"
2026-04-22T16:55:43,shellyazplug-node/events/rpc,191,"{""src"":""shellyazplug-e4b323337220"",""dst"":""shellyazplug-node/events"",""method"":""NotifyStatus"",""params"":{""ts"":35476.66,""swi"
2026-04-22T16:55:43,shellyazplug-node/debug/log,157,"shellyazplug-e4b323337220 6492 35476.680 1|shelly_notification:163 Status change of switch:0: {""id"":0,""apower"":0,""curren"
2026-04-22T16:55:44,shellyazplug-node/rpc,85,"{""id"": 1, ""src"": ""attacker"", ""method"": ""Switch.Set"", ""params"": {""id"": 0, ""on"": true}}"
2026-04-22T16:55:44,attacker/rpc,85,"{""id"":1,""src"":""shellyazplug-e4b323337220"",""dst"":""attacker"",""result"":{""was_on"":false}}"
2026-04-22T16:55:44,shellyazplug-node/debug/log,88,"shellyazplug-e4b323337220 6493 35477.160 1|shos_rpc_inst.c:230     Switch.Set via MQTT 
"
2026-04-22T16:55:44,shellyazplug-node/status/switch:0,199,"{""id"":0, ""source"":""MQTT"", ""output"":true, ""apower"":0.0, ""voltage"":232.5, ""freq"":50.0, ""current"":0.000, ""aenergy"":{""total"""
2026-04-22T16:55:44,shellyazplug-node/events/rpc,167,"{""src"":""shellyazplug-e4b323337220"",""dst"":""shellyazplug-node/events"",""method"":""NotifyStatus"",""params"":{""ts"":35477.16,""swi"
2026-04-22T16:55:44,shellyazplug-node/debug/log,133,"shellyazplug-e4b323337220 6494 35477.177 1|shelly_notification:163 Status change of switch:0: {""id"":0,""output"":true,""sou"
2026-04-22T16:55:44,shellyazplug-node/rpc,86,"{""id"": 1, ""src"": ""attacker"", ""method"": ""Switch.Set"", ""params"": {""id"": 0, ""on"": false}}"
2026-04-22T16:55:44,attacker/rpc,84,"{""id"":1,""src"":""shellyazplug-e4b323337220"",""dst"":""attacker"",""result"":{""was_on"":true}}"
2026-04-22T16:55:44,shellyazplug-node/debug/log,88,"shellyazplug-e4b323337220 6495 35477.664 1|shos_rpc_inst.c:230     Switch.Set via MQTT 
"
2026-04-22T16:55:44,shellyazplug-node/status/switch:0,200,"{""id"":0, ""source"":""MQTT"", ""output"":false, ""apower"":0.0, ""voltage"":232.5, ""freq"":50.0, ""current"":0.000, ""aenergy"":{""total"
2026-04-22T16:55:44,shellyazplug-node/events/rpc,191,"{""src"":""shellyazplug-e4b323337220"",""dst"":""shellyazplug-node/events"",""method"":""NotifyStatus"",""params"":{""ts"":35477.66,""swi"
2026-04-22T16:55:44,shellyazplug-node/debug/log,157,"shellyazplug-e4b323337220 6496 35477.682 1|shelly_notification:163 Status change of switch:0: {""id"":0,""apower"":0,""curren"
2026-04-22T16:55:45,shellyazplug-node/rpc,85,"{""id"": 1, ""src"": ""attacker"", ""method"": ""Switch.Set"", ""params"": {""id"": 0, ""on"": true}}"
2026-04-22T16:55:45,attacker/rpc,85,"{""id"":1,""src"":""shellyazplug-e4b323337220"",""dst"":""attacker"",""result"":{""was_on"":false}}"
2026-04-22T16:55:45,shellyazplug-node/debug/log,88,"shellyazplug-e4b323337220 6497 35478.166 1|shos_rpc_inst.c:230     Switch.Set via MQTT 
"
2026-04-22T16:55:45,shellyazplug-node/status/switch:0,199,"{""id"":0, ""source"":""MQTT"", ""output"":true, ""apower"":0.0, ""voltage"":232.5, ""freq"":50.0, ""current"":0.000, ""aenergy"":{""total"""
2026-04-22T16:55:45,shellyazplug-node/events/rpc,167,"{""src"":""shellyazplug-e4b323337220"",""dst"":""shellyazplug-node/events"",""method"":""NotifyStatus"",""params"":{""ts"":35478.16,""swi"
2026-04-22T16:55:45,shellyazplug-node/debug/log,133,"shellyazplug-e4b323337220 6498 35478.182 1|shelly_notification:163 Status change of switch:0: {""id"":0,""output"":true,""sou"
2026-04-22T16:55:45,shellyazplug-node/rpc,86,"{""id"": 1, ""src"": ""attacker"", ""method"": ""Switch.Set"", ""params"": {""id"": 0, ""on"": false}}"
2026-04-22T16:55:45,attacker/rpc,84,"{""id"":1,""src"":""shellyazplug-e4b323337220"",""dst"":""attacker"",""result"":{""was_on"":true}}"
2026-04-22T16:55:45,shellyazplug-node/debug/log,88,"shellyazplug-e4b323337220 6499 35478.671 1|shos_rpc_inst.c:230     Switch.Set via MQTT 
"
2026-04-22T16:55:45,shellyazplug-node/status/switch:0,200,"{""id"":0, ""source"":""MQTT"", ""output"":false, ""apower"":0.0, ""voltage"":232.6, ""freq"":50.0, ""current"":0.000, ""aenergy"":{""total"
2026-04-22T16:55:45,shellyazplug-node/events/rpc,191,"{""src"":""shellyazplug-e4b323337220"",""dst"":""shellyazplug-node/events"",""method"":""NotifyStatus"",""params"":{""ts"":35478.67,""swi"
2026-04-22T16:55:45,shellyazplug-node/debug/log,157,"shellyazplug-e4b323337220 6500 35478.689 1|shelly_notification:163 Status change of switch:0: {""id"":0,""apower"":0,""curren"
2026-04-22T16:55:46,iot/mq/debug,50,[0;36m[D][sensor:124]: 'Gas Sensor' >> 0.51 V[0m
2026-04-22T16:55:46,iot/mq/sensor/gas_sensor/state,4,0.51
2026-04-22T16:55:46,shellyazplug-node/rpc,85,"{""id"": 1, ""src"": ""attacker"", ""method"": ""Switch.Set"", ""params"": {""id"": 0, ""on"": true}}"
2026-04-22T16:55:46,attacker/rpc,85,"{""id"":1,""src"":""shellyazplug-e4b323337220"",""dst"":""attacker"",""result"":{""was_on"":false}}"
2026-04-22T16:55:46,shellyazplug-node/debug/log,88,"shellyazplug-e4b323337220 6501 35479.167 1|shos_rpc_inst.c:230     Switch.Set via MQTT 
"
2026-04-22T16:55:46,shellyazplug-node/status/switch:0,199,"{""id"":0, ""source"":""MQTT"", ""output"":true, ""apower"":0.0, ""voltage"":232.6, ""freq"":50.0, ""current"":0.000, ""aenergy"":{""total"""
2026-04-22T16:55:46,shellyazplug-node/events/rpc,167,"{""src"":""shellyazplug-e4b323337220"",""dst"":""shellyazplug-node/events"",""method"":""NotifyStatus"",""params"":{""ts"":35479.16,""swi"
2026-04-22T16:55:46,shellyazplug-node/debug/log,133,"shellyazplug-e4b323337220 6502 35479.183 1|shelly_notification:163 Status change of switch:0: {""id"":0,""output"":true,""sou"
2026-04-22T16:55:46,shellyazplug-node/rpc,86,"{""id"": 1, ""src"": ""attacker"", ""method"": ""Switch.Set"", ""params"": {""id"": 0, ""on"": false}}"
2026-04-22T16:55:46,attacker/rpc,84,"{""id"":1,""src"":""shellyazplug-e4b323337220"",""dst"":""attacker"",""result"":{""was_on"":true}}"
2026-04-22T16:55:46,shellyazplug-node/debug/log,88,"shellyazplug-e4b323337220 6503 35479.668 1|shos_rpc_inst.c:230     Switch.Set via MQTT 
"
2026-04-22T16:55:46,shellyazplug-node/status/switch:0,200,"{""id"":0, ""source"":""MQTT"", ""output"":false, ""apower"":0.0, ""voltage"":232.6, ""freq"":50.0, ""current"":0.000, ""aenergy"":{""total"
2026-04-22T16:55:46,shellyazplug-node/events/rpc,191,"{""src"":""shellyazplug-e4b323337220"",""dst"":""shellyazplug-node/events"",""method"":""NotifyStatus"",""params"":{""ts"":35479.66,""swi"
2026-04-22T16:55:46,shellyazplug-node/debug/log,157,"shellyazplug-e4b323337220 6504 35479.687 1|shelly_notification:163 Status change of switch:0: {""id"":0,""apower"":0,""curren"
2026-04-22T16:55:47,shellyazplug-node/rpc,85,"{""id"": 1, ""src"": ""attacker"", ""method"": ""Switch.Set"", ""params"": {""id"": 0, ""on"": true}}"
2026-04-22T16:55:47,attacker/rpc,85,"{""id"":1,""src"":""shellyazplug-e4b323337220"",""dst"":""attacker"",""result"":{""was_on"":false}}"
2026-04-22T16:55:47,shellyazplug-node/debug/log,88,"shellyazplug-e4b323337220 6505 35480.168 1|shos_rpc_inst.c:230     Switch.Set via MQTT 
"
2026-04-22T16:55:47,iot/dht11/debug,59,[0;36m[D][dht:048]: Temperature 23.4°C Humidity 37.0%[0m
2026-04-22T16:55:47,shellyazplug-node/status/switch:0,199,"{""id"":0, ""source"":""MQTT"", ""output"":true, ""apower"":0.0, ""voltage"":232.6, ""freq"":50.0, ""current"":0.000, ""aenergy"":{""total"""
2026-04-22T16:55:47,shellyazplug-node/events/rpc,167,"{""src"":""shellyazplug-e4b323337220"",""dst"":""shellyazplug-node/events"",""method"":""NotifyStatus"",""params"":{""ts"":35480.16,""swi"
2026-04-22T16:55:47,shellyazplug-node/debug/log,133,"shellyazplug-e4b323337220 6506 35480.184 1|shelly_notification:163 Status change of switch:0: {""id"":0,""output"":true,""sou"
2026-04-22T16:55:47,iot/dht11/debug,53,[0;36m[D][sensor:124]: 'Temperature' >> 23.4 °C[0m
2026-04-22T16:55:47,iot/dht11/sensor/temperature/state,4,23.4
2026-04-22T16:55:47,iot/dht11/debug,46,[0;36m[D][sensor:124]: 'Humidity' >> 37 %[0m
2026-04-22T16:55:47,iot/dht11/sensor/humidity/state,2,37
2026-04-22T16:55:47,shellyazplug-node/rpc,86,"{""id"": 1, ""src"": ""attacker"", ""method"": ""Switch.Set"", ""params"": {""id"": 0, ""on"": false}}"
2026-04-22T16:55:47,attacker/rpc,84,"{""id"":1,""src"":""shellyazplug-e4b323337220"",""dst"":""attacker"",""result"":{""was_on"":true}}"
2026-04-22T16:55:47,shellyazplug-node/debug/log,88,"shellyazplug-e4b323337220 6507 35480.668 1|shos_rpc_inst.c:230     Switch.Set via MQTT 
"
2026-04-22T16:55:47,shellyazplug-node/status/switch:0,200,"{""id"":0, ""source"":""MQTT"", ""output"":false, ""apower"":0.0, ""voltage"":232.5, ""freq"":50.0, ""current"":0.000, ""aenergy"":{""total"
2026-04-22T16:55:47,shellyazplug-node/events/rpc,191,"{""src"":""shellyazplug-e4b323337220"",""dst"":""shellyazplug-node/events"",""method"":""NotifyStatus"",""params"":{""ts"":35480.67,""swi"
2026-04-22T16:55:47,shellyazplug-node/debug/log,157,"shellyazplug-e4b323337220 6508 35480.687 1|shelly_notification:163 Status change of switch:0: {""id"":0,""apower"":0,""curren"
2026-04-22T16:55:48,shellyazplug-node/rpc,85,"{""id"": 1, ""src"": ""attacker"", ""method"": ""Switch.Set"", ""params"": {""id"": 0, ""on"": true}}"
2026-04-22T16:55:48,attacker/rpc,85,"{""id"":1,""src"":""shellyazplug-e4b323337220"",""dst"":""attacker"",""result"":{""was_on"":false}}"
2026-04-22T16:55:48,shellyazplug-node/debug/log,88,"shellyazplug-e4b323337220 6509 35481.168 1|shos_rpc_inst.c:230     Switch.Set via MQTT 
"
2026-04-22T16:55:48,shellyazplug-node/status/switch:0,199,"{""id"":0, ""source"":""MQTT"", ""output"":true, ""apower"":0.0, ""voltage"":232.5, ""freq"":50.0, ""current"":0.000, ""aenergy"":{""total"""
2026-04-22T16:55:48,shellyazplug-node/events/rpc,167,"{""src"":""shellyazplug-e4b323337220"",""dst"":""shellyazplug-node/events"",""method"":""NotifyStatus"",""params"":{""ts"":35481.17,""swi"
2026-04-22T16:55:48,shellyazplug-node/debug/log,133,"shellyazplug-e4b323337220 6510 35481.185 1|shelly_notification:163 Status change of switch:0: {""id"":0,""output"":true,""sou"
2026-04-22T16:55:48,shellyazplug-node/rpc,86,"{""id"": 1, ""src"": ""attacker"", ""method"": ""Switch.Set"", ""params"": {""id"": 0, ""on"": false}}"
2026-04-22T16:55:48,attacker/rpc,84,"{""id"":1,""src"":""shellyazplug-e4b323337220"",""dst"":""attacker"",""result"":{""was_on"":true}}"
2026-04-22T16:55:48,shellyazplug-node/debug/log,88,"shellyazplug-e4b323337220 6511 35481.669 1|shos_rpc_inst.c:230     Switch.Set via MQTT 
"
2026-04-22T16:55:48,shellyazplug-node/status/switch:0,200,"{""id"":0, ""source"":""MQTT"", ""output"":false, ""apower"":0.0, ""voltage"":232.6, ""freq"":50.0, ""current"":0.000, ""aenergy"":{""total"
2026-04-22T16:55:48,shellyazplug-node/events/rpc,191,"{""src"":""shellyazplug-e4b323337220"",""dst"":""shellyazplug-node/events"",""method"":""NotifyStatus"",""params"":{""ts"":35481.67,""swi"
2026-04-22T16:55:48,shellyazplug-node/debug/log,157,"shellyazplug-e4b323337220 6512 35481.687 1|shelly_notification:163 Status change of switch:0: {""id"":0,""apower"":0,""curren"
2026-04-22T16:55:49,shellyazplug-node/rpc,85,"{""id"": 1, ""src"": ""attacker"", ""method"": ""Switch.Set"", ""params"": {""id"": 0, ""on"": true}}"
2026-04-22T16:55:49,attacker/rpc,85,"{""id"":1,""src"":""shellyazplug-e4b323337220"",""dst"":""attacker"",""result"":{""was_on"":false}}"
2026-04-22T16:55:49,shellyazplug-node/debug/log,88,"shellyazplug-e4b323337220 6513 35482.169 1|shos_rpc_inst.c:230     Switch.Set via MQTT 
"
2026-04-22T16:55:49,shellyazplug-node/status/switch:0,199,"{""id"":0, ""source"":""MQTT"", ""output"":true, ""apower"":0.0, ""voltage"":232.6, ""freq"":50.0, ""current"":0.000, ""aenergy"":{""total"""
2026-04-22T16:55:49,shellyazplug-node/events/rpc,167,"{""src"":""shellyazplug-e4b323337220"",""dst"":""shellyazplug-node/events"",""method"":""NotifyStatus"",""params"":{""ts"":35482.17,""swi"
2026-04-22T16:55:49,shellyazplug-node/debug/log,133,"shellyazplug-e4b323337220 6514 35482.186 1|shelly_notification:163 Status change of switch:0: {""id"":0,""output"":true,""sou"
2026-04-22T16:55:49,shellyazplug-node/rpc,86,"{""id"": 1, ""src"": ""attacker"", ""method"": ""Switch.Set"", ""params"": {""id"": 0, ""on"": false}}"
2026-04-22T16:55:49,attacker/rpc,84,"{""id"":1,""src"":""shellyazplug-e4b323337220"",""dst"":""attacker"",""result"":{""was_on"":true}}"
2026-04-22T16:55:49,shellyazplug-node/debug/log,88,"shellyazplug-e4b323337220 6515 35482.670 1|shos_rpc_inst.c:230     Switch.Set via MQTT 
"
2026-04-22T16:55:49,shellyazplug-node/status/switch:0,200,"{""id"":0, ""source"":""MQTT"", ""output"":false, ""apower"":0.0, ""voltage"":232.6, ""freq"":50.0, ""current"":0.000, ""aenergy"":{""total"
2026-04-22T16:55:49,shellyazplug-node/events/rpc,191,"{""src"":""shellyazplug-e4b323337220"",""dst"":""shellyazplug-node/events"",""method"":""NotifyStatus"",""params"":{""ts"":35482.67,""swi"
2026-04-22T16:55:49,shellyazplug-node/debug/log,157,"shellyazplug-e4b323337220 6516 35482.691 1|shelly_notification:163 Status change of switch:0: {""id"":0,""apower"":0,""curren"
2026-04-22T16:55:50,shellyazplug-node/rpc,85,"{""id"": 1, ""src"": ""attacker"", ""method"": ""Switch.Set"", ""params"": {""id"": 0, ""on"": true}}"
2026-04-22T16:55:50,attacker/rpc,85,"{""id"":1,""src"":""shellyazplug-e4b323337220"",""dst"":""attacker"",""result"":{""was_on"":false}}"
2026-04-22T16:55:50,shellyazplug-node/debug/log,88,"shellyazplug-e4b323337220 6517 35483.171 1|shos_rpc_inst.c:230     Switch.Set via MQTT 
"
2026-04-22T16:55:50,shellyazplug-node/status/switch:0,199,"{""id"":0, ""source"":""MQTT"", ""output"":true, ""apower"":0.0, ""voltage"":232.6, ""freq"":50.0, ""current"":0.000, ""aenergy"":{""total"""
2026-04-22T16:55:50,shellyazplug-node/events/rpc,167,"{""src"":""shellyazplug-e4b323337220"",""dst"":""shellyazplug-node/events"",""method"":""NotifyStatus"",""params"":{""ts"":35483.17,""swi"
2026-04-22T16:55:50,shellyazplug-node/debug/log,133,"shellyazplug-e4b323337220 6518 35483.187 1|shelly_notification:163 Status change of switch:0: {""id"":0,""output"":true,""sou"
2026-04-22T16:55:50,shellyazplug-node/rpc,86,"{""id"": 1, ""src"": ""attacker"", ""method"": ""Switch.Set"", ""params"": {""id"": 0, ""on"": false}}"
2026-04-22T16:55:50,attacker/rpc,84,"{""id"":1,""src"":""shellyazplug-e4b323337220"",""dst"":""attacker"",""result"":{""was_on"":true}}"
2026-04-22T16:55:50,shellyazplug-node/debug/log,88,"shellyazplug-e4b323337220 6519 35483.672 1|shos_rpc_inst.c:230     Switch.Set via MQTT 
"
2026-04-22T16:55:50,shellyazplug-node/status/switch:0,200,"{""id"":0, ""source"":""MQTT"", ""output"":false, ""apower"":0.0, ""voltage"":232.7, ""freq"":50.0, ""current"":0.000, ""aenergy"":{""total"
2026-04-22T16:55:50,shellyazplug-node/events/rpc,191,"{""src"":""shellyazplug-e4b323337220"",""dst"":""shellyazplug-node/events"",""method"":""NotifyStatus"",""params"":{""ts"":35483.67,""swi"
2026-04-22T16:55:50,shellyazplug-node/debug/log,157,"shellyazplug-e4b323337220 6520 35483.690 1|shelly_notification:163 Status change of switch:0: {""id"":0,""apower"":0,""curren"
2026-04-22T16:55:50,iot/mq/debug,50,[0;36m[D][sensor:124]: 'Gas Sensor' >> 0.51 V[0m
2026-04-22T16:55:51,iot/mq/sensor/gas_sensor/state,4,0.51
2026-04-22T16:55:51,shellyazplug-node/rpc,85,"{""id"": 1, ""src"": ""attacker"", ""method"": ""Switch.Set"", ""params"": {""id"": 0, ""on"": true}}"
2026-04-22T16:55:51,attacker/rpc,85,"{""id"":1,""src"":""shellyazplug-e4b323337220"",""dst"":""attacker"",""result"":{""was_on"":false}}"
2026-04-22T16:55:51,shellyazplug-node/debug/log,88,"shellyazplug-e4b323337220 6521 35484.176 1|shos_rpc_inst.c:230     Switch.Set via MQTT 
"
2026-04-22T16:55:51,shellyazplug-node/status/switch:0,199,"{""id"":0, ""source"":""MQTT"", ""output"":true, ""apower"":0.0, ""voltage"":232.7, ""freq"":50.0, ""current"":0.000, ""aenergy"":{""total"""
2026-04-22T16:55:51,shellyazplug-node/events/rpc,167,"{""src"":""shellyazplug-e4b323337220"",""dst"":""shellyazplug-node/events"",""method"":""NotifyStatus"",""params"":{""ts"":35484.17,""swi"
2026-04-22T16:55:51,shellyazplug-node/debug/log,133,"shellyazplug-e4b323337220 6522 35484.193 1|shelly_notification:163 Status change of switch:0: {""id"":0,""output"":true,""sou"
2026-04-22T16:55:51,shellyazplug-node/rpc,86,"{""id"": 1, ""src"": ""attacker"", ""method"": ""Switch.Set"", ""params"": {""id"": 0, ""on"": false}}"
2026-04-22T16:55:51,attacker/rpc,84,"{""id"":1,""src"":""shellyazplug-e4b323337220"",""dst"":""attacker"",""result"":{""was_on"":true}}"
2026-04-22T16:55:51,shellyazplug-node/debug/log,88,"shellyazplug-e4b323337220 6523 35484.675 1|shos_rpc_inst.c:230     Switch.Set via MQTT 
"
2026-04-22T16:55:51,shellyazplug-node/status/switch:0,200,"{""id"":0, ""source"":""MQTT"", ""output"":false, ""apower"":0.0, ""voltage"":232.7, ""freq"":50.0, ""current"":0.000, ""aenergy"":{""total"
2026-04-22T16:55:51,shellyazplug-node/events/rpc,191,"{""src"":""shellyazplug-e4b323337220"",""dst"":""shellyazplug-node/events"",""method"":""NotifyStatus"",""params"":{""ts"":35484.67,""swi"
2026-04-22T16:55:51,shellyazplug-node/debug/log,157,"shellyazplug-e4b323337220 6524 35484.695 1|shelly_notification:163 Status change of switch:0: {""id"":0,""apower"":0,""curren"
2026-04-22T16:55:52,shellyazplug-node/rpc,85,"{""id"": 1, ""src"": ""attacker"", ""method"": ""Switch.Set"", ""params"": {""id"": 0, ""on"": true}}"
2026-04-22T16:55:52,attacker/rpc,85,"{""id"":1,""src"":""shellyazplug-e4b323337220"",""dst"":""attacker"",""result"":{""was_on"":false}}"
2026-04-22T16:55:52,shellyazplug-node/debug/log,88,"shellyazplug-e4b323337220 6525 35485.172 1|shos_rpc_inst.c:230     Switch.Set via MQTT 
"
2026-04-22T16:55:52,shellyazplug-node/status/switch:0,199,"{""id"":0, ""source"":""MQTT"", ""output"":true, ""apower"":0.0, ""voltage"":232.7, ""freq"":50.0, ""current"":0.000, ""aenergy"":{""total"""
2026-04-22T16:55:52,shellyazplug-node/events/rpc,167,"{""src"":""shellyazplug-e4b323337220"",""dst"":""shellyazplug-node/events"",""method"":""NotifyStatus"",""params"":{""ts"":35485.17,""swi"
2026-04-22T16:55:52,shellyazplug-node/debug/log,133,"shellyazplug-e4b323337220 6526 35485.189 1|shelly_notification:163 Status change of switch:0: {""id"":0,""output"":true,""sou"
2026-04-22T16:55:52,shellyazplug-node/rpc,86,"{""id"": 1, ""src"": ""attacker"", ""method"": ""Switch.Set"", ""params"": {""id"": 0, ""on"": false}}"
2026-04-22T16:55:52,attacker/rpc,84,"{""id"":1,""src"":""shellyazplug-e4b323337220"",""dst"":""attacker"",""result"":{""was_on"":true}}"
2026-04-22T16:55:52,shellyazplug-node/debug/log,88,"shellyazplug-e4b323337220 6527 35485.673 1|shos_rpc_inst.c:230     Switch.Set via MQTT 
"
2026-04-22T16:55:52,shellyazplug-node/status/switch:0,200,"{""id"":0, ""source"":""MQTT"", ""output"":false, ""apower"":0.0, ""voltage"":232.7, ""freq"":50.0, ""current"":0.000, ""aenergy"":{""total"
2026-04-22T16:55:52,shellyazplug-node/events/rpc,191,"{""src"":""shellyazplug-e4b323337220"",""dst"":""shellyazplug-node/events"",""method"":""NotifyStatus"",""params"":{""ts"":35485.67,""swi"
2026-04-22T16:55:52,shellyazplug-node/debug/log,157,"shellyazplug-e4b323337220 6528 35485.691 1|shelly_notification:163 Status change of switch:0: {""id"":0,""apower"":0,""curren"
2026-04-22T16:55:53,shellyazplug-node/rpc,85,"{""id"": 1, ""src"": ""attacker"", ""method"": ""Switch.Set"", ""params"": {""id"": 0, ""on"": true}}"
2026-04-22T16:55:53,attacker/rpc,85,"{""id"":1,""src"":""shellyazplug-e4b323337220"",""dst"":""attacker"",""result"":{""was_on"":false}}"
2026-04-22T16:55:53,shellyazplug-node/debug/log,88,"shellyazplug-e4b323337220 6529 35486.178 1|shos_rpc_inst.c:230     Switch.Set via MQTT 
"
2026-04-22T16:55:53,shellyazplug-node/status/switch:0,199,"{""id"":0, ""source"":""MQTT"", ""output"":true, ""apower"":0.0, ""voltage"":232.7, ""freq"":50.0, ""current"":0.000, ""aenergy"":{""total"""
2026-04-22T16:55:53,shellyazplug-node/events/rpc,167,"{""src"":""shellyazplug-e4b323337220"",""dst"":""shellyazplug-node/events"",""method"":""NotifyStatus"",""params"":{""ts"":35486.17,""swi"
2026-04-22T16:55:53,shellyazplug-node/debug/log,133,"shellyazplug-e4b323337220 6530 35486.194 1|shelly_notification:163 Status change of switch:0: {""id"":0,""output"":true,""sou"
2026-04-22T16:55:53,shellyazplug-node/rpc,86,"{""id"": 1, ""src"": ""attacker"", ""method"": ""Switch.Set"", ""params"": {""id"": 0, ""on"": false}}"
2026-04-22T16:55:53,attacker/rpc,84,"{""id"":1,""src"":""shellyazplug-e4b323337220"",""dst"":""attacker"",""result"":{""was_on"":true}}"
2026-04-22T16:55:53,shellyazplug-node/debug/log,88,"shellyazplug-e4b323337220 6531 35486.674 1|shos_rpc_inst.c:230     Switch.Set via MQTT 
"
2026-04-22T16:55:53,shellyazplug-node/status/switch:0,200,"{""id"":0, ""source"":""MQTT"", ""output"":false, ""apower"":0.0, ""voltage"":232.6, ""freq"":50.0, ""current"":0.000, ""aenergy"":{""total"
2026-04-22T16:55:53,shellyazplug-node/events/rpc,191,"{""src"":""shellyazplug-e4b323337220"",""dst"":""shellyazplug-node/events"",""method"":""NotifyStatus"",""params"":{""ts"":35486.67,""swi"
2026-04-22T16:55:53,shellyazplug-node/debug/log,157,"shellyazplug-e4b323337220 6532 35486.693 1|shelly_notification:163 Status change of switch:0: {""id"":0,""apower"":0,""curren"
2026-04-22T16:55:54,shellyazplug-node/rpc,85,"{""id"": 1, ""src"": ""attacker"", ""method"": ""Switch.Set"", ""params"": {""id"": 0, ""on"": true}}"
2026-04-22T16:55:54,attacker/rpc,85,"{""id"":1,""src"":""shellyazplug-e4b323337220"",""dst"":""attacker"",""result"":{""was_on"":false}}"
2026-04-22T16:55:54,shellyazplug-node/debug/log,88,"shellyazplug-e4b323337220 6533 35487.174 1|shos_rpc_inst.c:230     Switch.Set via MQTT 
"
2026-04-22T16:55:54,shellyazplug-node/status/switch:0,199,"{""id"":0, ""source"":""MQTT"", ""output"":true, ""apower"":0.0, ""voltage"":232.6, ""freq"":50.0, ""current"":0.000, ""aenergy"":{""total"""
2026-04-22T16:55:54,shellyazplug-node/events/rpc,167,"{""src"":""shellyazplug-e4b323337220"",""dst"":""shellyazplug-node/events"",""method"":""NotifyStatus"",""params"":{""ts"":35487.17,""swi"
2026-04-22T16:55:54,shellyazplug-node/debug/log,133,"shellyazplug-e4b323337220 6534 35487.191 1|shelly_notification:163 Status change of switch:0: {""id"":0,""output"":true,""sou"
2026-04-22T16:55:54,shellyazplug-node/rpc,86,"{""id"": 1, ""src"": ""attacker"", ""method"": ""Switch.Set"", ""params"": {""id"": 0, ""on"": false}}"
2026-04-22T16:55:54,attacker/rpc,84,"{""id"":1,""src"":""shellyazplug-e4b323337220"",""dst"":""attacker"",""result"":{""was_on"":true}}"
2026-04-22T16:55:54,shellyazplug-node/debug/log,88,"shellyazplug-e4b323337220 6535 35487.678 1|shos_rpc_inst.c:230     Switch.Set via MQTT 
"
2026-04-22T16:55:54,shellyazplug-node/status/switch:0,200,"{""id"":0, ""source"":""MQTT"", ""output"":false, ""apower"":0.0, ""voltage"":232.6, ""freq"":50.0, ""current"":0.000, ""aenergy"":{""total"
2026-04-22T16:55:54,shellyazplug-node/events/rpc,191,"{""src"":""shellyazplug-e4b323337220"",""dst"":""shellyazplug-node/events"",""method"":""NotifyStatus"",""params"":{""ts"":35487.68,""swi"
2026-04-22T16:55:54,shellyazplug-node/debug/log,157,"shellyazplug-e4b323337220 6536 35487.697 1|shelly_notification:163 Status change of switch:0: {""id"":0,""apower"":0,""curren"
2026-04-22T16:55:55,shellyazplug-node/rpc,85,"{""id"": 1, ""src"": ""attacker"", ""method"": ""Switch.Set"", ""params"": {""id"": 0, ""on"": true}}"
2026-04-22T16:55:55,attacker/rpc,85,"{""id"":1,""src"":""shellyazplug-e4b323337220"",""dst"":""attacker"",""result"":{""was_on"":false}}"
2026-04-22T16:55:55,shellyazplug-node/debug/log,88,"shellyazplug-e4b323337220 6537 35488.181 1|shos_rpc_inst.c:230     Switch.Set via MQTT 
"
2026-04-22T16:55:55,shellyazplug-node/status/switch:0,199,"{""id"":0, ""source"":""MQTT"", ""output"":true, ""apower"":0.0, ""voltage"":232.6, ""freq"":50.0, ""current"":0.000, ""aenergy"":{""total"""
2026-04-22T16:55:55,shellyazplug-node/events/rpc,167,"{""src"":""shellyazplug-e4b323337220"",""dst"":""shellyazplug-node/events"",""method"":""NotifyStatus"",""params"":{""ts"":35488.18,""swi"
2026-04-22T16:55:55,shellyazplug-node/debug/log,133,"shellyazplug-e4b323337220 6538 35488.197 1|shelly_notification:163 Status change of switch:0: {""id"":0,""output"":true,""sou"
2026-04-22T16:55:55,shellyazplug-node/rpc,86,"{""id"": 1, ""src"": ""attacker"", ""method"": ""Switch.Set"", ""params"": {""id"": 0, ""on"": false}}"
2026-04-22T16:55:55,attacker/rpc,84,"{""id"":1,""src"":""shellyazplug-e4b323337220"",""dst"":""attacker"",""result"":{""was_on"":true}}"
2026-04-22T16:55:55,shellyazplug-node/debug/log,88,"shellyazplug-e4b323337220 6539 35488.681 1|shos_rpc_inst.c:230     Switch.Set via MQTT 
"
2026-04-22T16:55:55,shellyazplug-node/status/switch:0,200,"{""id"":0, ""source"":""MQTT"", ""output"":false, ""apower"":0.0, ""voltage"":232.6, ""freq"":50.0, ""current"":0.000, ""aenergy"":{""total"
2026-04-22T16:55:55,shellyazplug-node/events/rpc,191,"{""src"":""shellyazplug-e4b323337220"",""dst"":""shellyazplug-node/events"",""method"":""NotifyStatus"",""params"":{""ts"":35488.68,""swi"
2026-04-22T16:55:55,shellyazplug-node/debug/log,157,"shellyazplug-e4b323337220 6540 35488.700 1|shelly_notification:163 Status change of switch:0: {""id"":0,""apower"":0,""curren"
2026-04-22T16:55:56,iot/mq/debug,50,[0;36m[D][sensor:124]: 'Gas Sensor' >> 0.51 V[0m
2026-04-22T16:55:56,iot/mq/sensor/gas_sensor/state,4,0.51
2026-04-22T16:55:56,shellyazplug-node/rpc,85,"{""id"": 1, ""src"": ""attacker"", ""method"": ""Switch.Set"", ""params"": {""id"": 0, ""on"": true}}"
2026-04-22T16:55:56,attacker/rpc,85,"{""id"":1,""src"":""shellyazplug-e4b323337220"",""dst"":""attacker"",""result"":{""was_on"":false}}"
2026-04-22T16:55:56,shellyazplug-node/debug/log,88,"shellyazplug-e4b323337220 6541 35489.181 1|shos_rpc_inst.c:230     Switch.Set via MQTT 
"
2026-04-22T16:55:56,shellyazplug-node/status/switch:0,199,"{""id"":0, ""source"":""MQTT"", ""output"":true, ""apower"":0.0, ""voltage"":232.6, ""freq"":50.0, ""current"":0.000, ""aenergy"":{""total"""
2026-04-22T16:55:56,shellyazplug-node/events/rpc,167,"{""src"":""shellyazplug-e4b323337220"",""dst"":""shellyazplug-node/events"",""method"":""NotifyStatus"",""params"":{""ts"":35489.18,""swi"
2026-04-22T16:55:56,shellyazplug-node/debug/log,133,"shellyazplug-e4b323337220 6542 35489.198 1|shelly_notification:163 Status change of switch:0: {""id"":0,""output"":true,""sou"
2026-04-22T16:55:56,shellyazplug-node/rpc,86,"{""id"": 1, ""src"": ""attacker"", ""method"": ""Switch.Set"", ""params"": {""id"": 0, ""on"": false}}"
2026-04-22T16:55:56,attacker/rpc,84,"{""id"":1,""src"":""shellyazplug-e4b323337220"",""dst"":""attacker"",""result"":{""was_on"":true}}"
2026-04-22T16:55:56,shellyazplug-node/debug/log,88,"shellyazplug-e4b323337220 6543 35489.682 1|shos_rpc_inst.c:230     Switch.Set via MQTT 
"
2026-04-22T16:55:56,shellyazplug-node/status/switch:0,200,"{""id"":0, ""source"":""MQTT"", ""output"":false, ""apower"":0.0, ""voltage"":232.5, ""freq"":50.0, ""current"":0.000, ""aenergy"":{""total"
2026-04-22T16:55:56,shellyazplug-node/events/rpc,191,"{""src"":""shellyazplug-e4b323337220"",""dst"":""shellyazplug-node/events"",""method"":""NotifyStatus"",""params"":{""ts"":35489.68,""swi"
2026-04-22T16:55:56,shellyazplug-node/debug/log,157,"shellyazplug-e4b323337220 6544 35489.700 1|shelly_notification:163 Status change of switch:0: {""id"":0,""apower"":0,""curren"
2026-04-22T16:55:57,shellyazplug-node/rpc,85,"{""id"": 1, ""src"": ""attacker"", ""method"": ""Switch.Set"", ""params"": {""id"": 0, ""on"": true}}"
2026-04-22T16:55:57,attacker/rpc,85,"{""id"":1,""src"":""shellyazplug-e4b323337220"",""dst"":""attacker"",""result"":{""was_on"":false}}"
2026-04-22T16:55:57,shellyazplug-node/debug/log,88,"shellyazplug-e4b323337220 6545 35490.183 1|shos_rpc_inst.c:230     Switch.Set via MQTT 
"
2026-04-22T16:55:57,iot/dht11/debug,59,[0;36m[D][dht:048]: Temperature 23.4°C Humidity 36.0%[0m
2026-04-22T16:55:57,shellyazplug-node/status/switch:0,199,"{""id"":0, ""source"":""MQTT"", ""output"":true, ""apower"":0.0, ""voltage"":232.5, ""freq"":50.0, ""current"":0.000, ""aenergy"":{""total"""
2026-04-22T16:55:57,shellyazplug-node/events/rpc,167,"{""src"":""shellyazplug-e4b323337220"",""dst"":""shellyazplug-node/events"",""method"":""NotifyStatus"",""params"":{""ts"":35490.18,""swi"
2026-04-22T16:55:57,shellyazplug-node/debug/log,133,"shellyazplug-e4b323337220 6546 35490.199 1|shelly_notification:163 Status change of switch:0: {""id"":0,""output"":true,""sou"
2026-04-22T16:55:57,iot/dht11/debug,53,[0;36m[D][sensor:124]: 'Temperature' >> 23.4 °C[0m
2026-04-22T16:55:57,iot/dht11/sensor/temperature/state,4,23.4
2026-04-22T16:55:57,iot/dht11/debug,46,[0;36m[D][sensor:124]: 'Humidity' >> 36 %[0m
2026-04-22T16:55:57,iot/dht11/sensor/humidity/state,2,36
2026-04-22T16:55:57,shellyazplug-node/rpc,86,"{""id"": 1, ""src"": ""attacker"", ""method"": ""Switch.Set"", ""params"": {""id"": 0, ""on"": false}}"
2026-04-22T16:55:57,attacker/rpc,84,"{""id"":1,""src"":""shellyazplug-e4b323337220"",""dst"":""attacker"",""result"":{""was_on"":true}}"
2026-04-22T16:55:57,shellyazplug-node/debug/log,88,"shellyazplug-e4b323337220 6547 35490.683 1|shos_rpc_inst.c:230     Switch.Set via MQTT 
"
2026-04-22T16:55:57,shellyazplug-node/status/switch:0,200,"{""id"":0, ""source"":""MQTT"", ""output"":false, ""apower"":0.0, ""voltage"":232.7, ""freq"":50.0, ""current"":0.000, ""aenergy"":{""total"
2026-04-22T16:55:57,shellyazplug-node/events/rpc,191,"{""src"":""shellyazplug-e4b323337220"",""dst"":""shellyazplug-node/events"",""method"":""NotifyStatus"",""params"":{""ts"":35490.68,""swi"
2026-04-22T16:55:57,shellyazplug-node/debug/log,157,"shellyazplug-e4b323337220 6548 35490.701 1|shelly_notification:163 Status change of switch:0: {""id"":0,""apower"":0,""curren"
2026-04-22T16:55:58,shellyazplug-node/rpc,85,"{""id"": 1, ""src"": ""attacker"", ""method"": ""Switch.Set"", ""params"": {""id"": 0, ""on"": true}}"
2026-04-22T16:55:58,attacker/rpc,85,"{""id"":1,""src"":""shellyazplug-e4b323337220"",""dst"":""attacker"",""result"":{""was_on"":false}}"
2026-04-22T16:55:58,shellyazplug-node/debug/log,88,"shellyazplug-e4b323337220 6549 35491.184 1|shos_rpc_inst.c:230     Switch.Set via MQTT 
"
2026-04-22T16:55:58,shellyazplug-node/status/switch:0,199,"{""id"":0, ""source"":""MQTT"", ""output"":true, ""apower"":0.0, ""voltage"":232.7, ""freq"":50.0, ""current"":0.000, ""aenergy"":{""total"""
2026-04-22T16:55:58,shellyazplug-node/events/rpc,167,"{""src"":""shellyazplug-e4b323337220"",""dst"":""shellyazplug-node/events"",""method"":""NotifyStatus"",""params"":{""ts"":35491.18,""swi"
2026-04-22T16:55:58,shellyazplug-node/debug/log,133,"shellyazplug-e4b323337220 6550 35491.200 1|shelly_notification:163 Status change of switch:0: {""id"":0,""output"":true,""sou"
2026-04-22T16:55:58,shellyazplug-node/rpc,86,"{""id"": 1, ""src"": ""attacker"", ""method"": ""Switch.Set"", ""params"": {""id"": 0, ""on"": false}}"
2026-04-22T16:55:58,attacker/rpc,84,"{""id"":1,""src"":""shellyazplug-e4b323337220"",""dst"":""attacker"",""result"":{""was_on"":true}}"
2026-04-22T16:55:58,shellyazplug-node/debug/log,88,"shellyazplug-e4b323337220 6551 35491.684 1|shos_rpc_inst.c:230     Switch.Set via MQTT 
"
2026-04-22T16:55:58,shellyazplug-node/status/switch:0,200,"{""id"":0, ""source"":""MQTT"", ""output"":false, ""apower"":0.0, ""voltage"":232.8, ""freq"":50.0, ""current"":0.000, ""aenergy"":{""total"
2026-04-22T16:55:58,shellyazplug-node/events/rpc,191,"{""src"":""shellyazplug-e4b323337220"",""dst"":""shellyazplug-node/events"",""method"":""NotifyStatus"",""params"":{""ts"":35491.68,""swi"
2026-04-22T16:55:58,shellyazplug-node/debug/log,157,"shellyazplug-e4b323337220 6552 35491.703 1|shelly_notification:163 Status change of switch:0: {""id"":0,""apower"":0,""curren"
2026-04-22T16:55:59,shellyazplug-node/rpc,85,"{""id"": 1, ""src"": ""attacker"", ""method"": ""Switch.Set"", ""params"": {""id"": 0, ""on"": true}}"
2026-04-22T16:55:59,attacker/rpc,85,"{""id"":1,""src"":""shellyazplug-e4b323337220"",""dst"":""attacker"",""result"":{""was_on"":false}}"
2026-04-22T16:55:59,shellyazplug-node/debug/log,88,"shellyazplug-e4b323337220 6553 35492.185 1|shos_rpc_inst.c:230     Switch.Set via MQTT 
"
2026-04-22T16:55:59,shellyazplug-node/status/switch:0,199,"{""id"":0, ""source"":""MQTT"", ""output"":true, ""apower"":0.0, ""voltage"":232.8, ""freq"":50.0, ""current"":0.000, ""aenergy"":{""total"""
2026-04-22T16:55:59,shellyazplug-node/events/rpc,167,"{""src"":""shellyazplug-e4b323337220"",""dst"":""shellyazplug-node/events"",""method"":""NotifyStatus"",""params"":{""ts"":35492.18,""swi"
2026-04-22T16:55:59,shellyazplug-node/debug/log,133,"shellyazplug-e4b323337220 6554 35492.202 1|shelly_notification:163 Status change of switch:0: {""id"":0,""output"":true,""sou"
2026-04-22T16:55:59,shellyazplug-node/rpc,86,"{""id"": 1, ""src"": ""attacker"", ""method"": ""Switch.Set"", ""params"": {""id"": 0, ""on"": false}}"
2026-04-22T16:55:59,attacker/rpc,84,"{""id"":1,""src"":""shellyazplug-e4b323337220"",""dst"":""attacker"",""result"":{""was_on"":true}}"
2026-04-22T16:55:59,shellyazplug-node/debug/log,88,"shellyazplug-e4b323337220 6555 35492.687 1|shos_rpc_inst.c:230     Switch.Set via MQTT 
"
2026-04-22T16:55:59,shellyazplug-node/status/switch:0,200,"{""id"":0, ""source"":""MQTT"", ""output"":false, ""apower"":0.0, ""voltage"":232.5, ""freq"":50.0, ""current"":0.000, ""aenergy"":{""total"
2026-04-22T16:55:59,shellyazplug-node/events/rpc,191,"{""src"":""shellyazplug-e4b323337220"",""dst"":""shellyazplug-node/events"",""method"":""NotifyStatus"",""params"":{""ts"":35492.68,""swi"
2026-04-22T16:55:59,shellyazplug-node/debug/log,157,"shellyazplug-e4b323337220 6556 35492.706 1|shelly_notification:163 Status change of switch:0: {""id"":0,""apower"":0,""curren"
2026-04-22T16:56:00,shellyazplug-node/rpc,85,"{""id"": 1, ""src"": ""attacker"", ""method"": ""Switch.Set"", ""params"": {""id"": 0, ""on"": true}}"
2026-04-22T16:56:00,attacker/rpc,85,"{""id"":1,""src"":""shellyazplug-e4b323337220"",""dst"":""attacker"",""result"":{""was_on"":false}}"
2026-04-22T16:56:00,shellyazplug-node/debug/log,88,"shellyazplug-e4b323337220 6557 35493.186 1|shos_rpc_inst.c:230     Switch.Set via MQTT 
"
2026-04-22T16:56:00,shellyazplug-node/status/switch:0,199,"{""id"":0, ""source"":""MQTT"", ""output"":true, ""apower"":0.0, ""voltage"":232.5, ""freq"":50.0, ""current"":0.000, ""aenergy"":{""total"""
2026-04-22T16:56:00,shellyazplug-node/events/rpc,167,"{""src"":""shellyazplug-e4b323337220"",""dst"":""shellyazplug-node/events"",""method"":""NotifyStatus"",""params"":{""ts"":35493.18,""swi"
2026-04-22T16:56:00,shellyazplug-node/debug/log,133,"shellyazplug-e4b323337220 6558 35493.203 1|shelly_notification:163 Status change of switch:0: {""id"":0,""output"":true,""sou"
2026-04-22T16:56:00,shellyazplug-node/rpc,86,"{""id"": 1, ""src"": ""attacker"", ""method"": ""Switch.Set"", ""params"": {""id"": 0, ""on"": false}}"
2026-04-22T16:56:00,attacker/rpc,84,"{""id"":1,""src"":""shellyazplug-e4b323337220"",""dst"":""attacker"",""result"":{""was_on"":true}}"
2026-04-22T16:56:00,shellyazplug-node/debug/log,88,"shellyazplug-e4b323337220 6559 35493.687 1|shos_rpc_inst.c:230     Switch.Set via MQTT 
"
2026-04-22T16:56:00,shellyazplug-node/status/switch:0,200,"{""id"":0, ""source"":""MQTT"", ""output"":false, ""apower"":0.0, ""voltage"":232.5, ""freq"":50.0, ""current"":0.000, ""aenergy"":{""total"
2026-04-22T16:56:00,shellyazplug-node/events/rpc,191,"{""src"":""shellyazplug-e4b323337220"",""dst"":""shellyazplug-node/events"",""method"":""NotifyStatus"",""params"":{""ts"":35493.68,""swi"
2026-04-22T16:56:00,shellyazplug-node/debug/log,157,"shellyazplug-e4b323337220 6560 35493.706 1|shelly_notification:163 Status change of switch:0: {""id"":0,""apower"":0,""curren"
2026-04-22T16:56:01,iot/mq/debug,50,[0;36m[D][sensor:124]: 'Gas Sensor' >> 0.51 V[0m
2026-04-22T16:56:01,iot/mq/sensor/gas_sensor/state,4,0.51
2026-04-22T16:56:01,shellyazplug-node/rpc,85,"{""id"": 1, ""src"": ""attacker"", ""method"": ""Switch.Set"", ""params"": {""id"": 0, ""on"": true}}"
2026-04-22T16:56:01,attacker/rpc,85,"{""id"":1,""src"":""shellyazplug-e4b323337220"",""dst"":""attacker"",""result"":{""was_on"":false}}"
2026-04-22T16:56:01,shellyazplug-node/debug/log,88,"shellyazplug-e4b323337220 6561 35494.187 1|shos_rpc_inst.c:230     Switch.Set via MQTT 
"
2026-04-22T16:56:01,shellyazplug-node/status/switch:0,199,"{""id"":0, ""source"":""MQTT"", ""output"":true, ""apower"":0.0, ""voltage"":232.5, ""freq"":50.0, ""current"":0.000, ""aenergy"":{""total"""
2026-04-22T16:56:01,shellyazplug-node/events/rpc,167,"{""src"":""shellyazplug-e4b323337220"",""dst"":""shellyazplug-node/events"",""method"":""NotifyStatus"",""params"":{""ts"":35494.18,""swi"
2026-04-22T16:56:01,shellyazplug-node/debug/log,133,"shellyazplug-e4b323337220 6562 35494.204 1|shelly_notification:163 Status change of switch:0: {""id"":0,""output"":true,""sou"
2026-04-22T16:56:01,shellyazplug-node/rpc,86,"{""id"": 1, ""src"": ""attacker"", ""method"": ""Switch.Set"", ""params"": {""id"": 0, ""on"": false}}"
2026-04-22T16:56:01,attacker/rpc,84,"{""id"":1,""src"":""shellyazplug-e4b323337220"",""dst"":""attacker"",""result"":{""was_on"":true}}"
2026-04-22T16:56:01,shellyazplug-node/debug/log,88,"shellyazplug-e4b323337220 6563 35494.688 1|shos_rpc_inst.c:230     Switch.Set via MQTT 
"
2026-04-22T16:56:01,shellyazplug-node/status/switch:0,200,"{""id"":0, ""source"":""MQTT"", ""output"":false, ""apower"":0.0, ""voltage"":232.6, ""freq"":50.0, ""current"":0.000, ""aenergy"":{""total"
2026-04-22T16:56:01,shellyazplug-node/events/rpc,191,"{""src"":""shellyazplug-e4b323337220"",""dst"":""shellyazplug-node/events"",""method"":""NotifyStatus"",""params"":{""ts"":35494.68,""swi"
2026-04-22T16:56:01,shellyazplug-node/debug/log,157,"shellyazplug-e4b323337220 6564 35494.706 1|shelly_notification:163 Status change of switch:0: {""id"":0,""apower"":0,""curren"
2026-04-22T16:56:02,shellyazplug-node/rpc,85,"{""id"": 1, ""src"": ""attacker"", ""method"": ""Switch.Set"", ""params"": {""id"": 0, ""on"": true}}"
2026-04-22T16:56:02,attacker/rpc,85,"{""id"":1,""src"":""shellyazplug-e4b323337220"",""dst"":""attacker"",""result"":{""was_on"":false}}"
2026-04-22T16:56:02,shellyazplug-node/debug/log,88,"shellyazplug-e4b323337220 6565 35495.188 1|shos_rpc_inst.c:230     Switch.Set via MQTT 
"
2026-04-22T16:56:02,shellyazplug-node/status/switch:0,199,"{""id"":0, ""source"":""MQTT"", ""output"":true, ""apower"":0.0, ""voltage"":232.6, ""freq"":50.0, ""current"":0.000, ""aenergy"":{""total"""
2026-04-22T16:56:02,shellyazplug-node/events/rpc,167,"{""src"":""shellyazplug-e4b323337220"",""dst"":""shellyazplug-node/events"",""method"":""NotifyStatus"",""params"":{""ts"":35495.18,""swi"
2026-04-22T16:56:02,shellyazplug-node/debug/log,133,"shellyazplug-e4b323337220 6566 35495.205 1|shelly_notification:163 Status change of switch:0: {""id"":0,""output"":true,""sou"
2026-04-22T16:56:02,shellyazplug-node/rpc,86,"{""id"": 1, ""src"": ""attacker"", ""method"": ""Switch.Set"", ""params"": {""id"": 0, ""on"": false}}"
2026-04-22T16:56:02,attacker/rpc,84,"{""id"":1,""src"":""shellyazplug-e4b323337220"",""dst"":""attacker"",""result"":{""was_on"":true}}"
2026-04-22T16:56:02,shellyazplug-node/debug/log,88,"shellyazplug-e4b323337220 6567 35495.690 1|shos_rpc_inst.c:230     Switch.Set via MQTT 
"
2026-04-22T16:56:02,shellyazplug-node/status/switch:0,200,"{""id"":0, ""source"":""MQTT"", ""output"":false, ""apower"":0.0, ""voltage"":232.3, ""freq"":50.0, ""current"":0.000, ""aenergy"":{""total"
2026-04-22T16:56:02,shellyazplug-node/events/rpc,191,"{""src"":""shellyazplug-e4b323337220"",""dst"":""shellyazplug-node/events"",""method"":""NotifyStatus"",""params"":{""ts"":35495.69,""swi"
2026-04-22T16:56:02,shellyazplug-node/debug/log,157,"shellyazplug-e4b323337220 6568 35495.708 1|shelly_notification:163 Status change of switch:0: {""id"":0,""apower"":0,""curren"
2026-04-22T16:56:03,shellyazplug-node/rpc,85,"{""id"": 1, ""src"": ""attacker"", ""method"": ""Switch.Set"", ""params"": {""id"": 0, ""on"": true}}"
2026-04-22T16:56:03,attacker/rpc,85,"{""id"":1,""src"":""shellyazplug-e4b323337220"",""dst"":""attacker"",""result"":{""was_on"":false}}"
2026-04-22T16:56:03,shellyazplug-node/debug/log,88,"shellyazplug-e4b323337220 6569 35496.189 1|shos_rpc_inst.c:230     Switch.Set via MQTT 
"
2026-04-22T16:56:03,shellyazplug-node/status/switch:0,199,"{""id"":0, ""source"":""MQTT"", ""output"":true, ""apower"":0.0, ""voltage"":232.3, ""freq"":50.0, ""current"":0.000, ""aenergy"":{""total"""
2026-04-22T16:56:03,shellyazplug-node/events/rpc,167,"{""src"":""shellyazplug-e4b323337220"",""dst"":""shellyazplug-node/events"",""method"":""NotifyStatus"",""params"":{""ts"":35496.19,""swi"
2026-04-22T16:56:03,shellyazplug-node/debug/log,133,"shellyazplug-e4b323337220 6570 35496.205 1|shelly_notification:163 Status change of switch:0: {""id"":0,""output"":true,""sou"
2026-04-22T16:56:03,shellyazplug-node/rpc,86,"{""id"": 1, ""src"": ""attacker"", ""method"": ""Switch.Set"", ""params"": {""id"": 0, ""on"": false}}"
2026-04-22T16:56:03,attacker/rpc,84,"{""id"":1,""src"":""shellyazplug-e4b323337220"",""dst"":""attacker"",""result"":{""was_on"":true}}"
2026-04-22T16:56:03,shellyazplug-node/debug/log,88,"shellyazplug-e4b323337220 6571 35496.690 1|shos_rpc_inst.c:230     Switch.Set via MQTT 
"
2026-04-22T16:56:03,shellyazplug-node/status/switch:0,200,"{""id"":0, ""source"":""MQTT"", ""output"":false, ""apower"":0.0, ""voltage"":232.6, ""freq"":50.0, ""current"":0.000, ""aenergy"":{""total"
2026-04-22T16:56:03,shellyazplug-node/events/rpc,191,"{""src"":""shellyazplug-e4b323337220"",""dst"":""shellyazplug-node/events"",""method"":""NotifyStatus"",""params"":{""ts"":35496.69,""swi"
2026-04-22T16:56:03,shellyazplug-node/debug/log,157,"shellyazplug-e4b323337220 6572 35496.709 1|shelly_notification:163 Status change of switch:0: {""id"":0,""apower"":0,""curren"
2026-04-22T16:56:04,shellyazplug-node/rpc,85,"{""id"": 1, ""src"": ""attacker"", ""method"": ""Switch.Set"", ""params"": {""id"": 0, ""on"": true}}"
2026-04-22T16:56:04,attacker/rpc,85,"{""id"":1,""src"":""shellyazplug-e4b323337220"",""dst"":""attacker"",""result"":{""was_on"":false}}"
2026-04-22T16:56:04,shellyazplug-node/debug/log,88,"shellyazplug-e4b323337220 6573 35497.191 1|shos_rpc_inst.c:230     Switch.Set via MQTT 
"
2026-04-22T16:56:04,shellyazplug-node/status/switch:0,199,"{""id"":0, ""source"":""MQTT"", ""output"":true, ""apower"":0.0, ""voltage"":232.6, ""freq"":50.0, ""current"":0.000, ""aenergy"":{""total"""
2026-04-22T16:56:04,shellyazplug-node/events/rpc,167,"{""src"":""shellyazplug-e4b323337220"",""dst"":""shellyazplug-node/events"",""method"":""NotifyStatus"",""params"":{""ts"":35497.19,""swi"
2026-04-22T16:56:04,shellyazplug-node/debug/log,133,"shellyazplug-e4b323337220 6574 35497.207 1|shelly_notification:163 Status change of switch:0: {""id"":0,""output"":true,""sou"
2026-04-22T16:56:04,shellyazplug-node/rpc,86,"{""id"": 1, ""src"": ""attacker"", ""method"": ""Switch.Set"", ""params"": {""id"": 0, ""on"": false}}"
2026-04-22T16:56:04,attacker/rpc,84,"{""id"":1,""src"":""shellyazplug-e4b323337220"",""dst"":""attacker"",""result"":{""was_on"":true}}"
2026-04-22T16:56:04,shellyazplug-node/debug/log,88,"shellyazplug-e4b323337220 6575 35497.693 1|shos_rpc_inst.c:230     Switch.Set via MQTT 
"
2026-04-22T16:56:04,shellyazplug-node/status/switch:0,200,"{""id"":0, ""source"":""MQTT"", ""output"":false, ""apower"":0.0, ""voltage"":232.6, ""freq"":50.0, ""current"":0.000, ""aenergy"":{""total"
2026-04-22T16:56:04,shellyazplug-node/events/rpc,191,"{""src"":""shellyazplug-e4b323337220"",""dst"":""shellyazplug-node/events"",""method"":""NotifyStatus"",""params"":{""ts"":35497.69,""swi"
2026-04-22T16:56:04,shellyazplug-node/debug/log,157,"shellyazplug-e4b323337220 6576 35497.712 1|shelly_notification:163 Status change of switch:0: {""id"":0,""apower"":0,""curren"
2026-04-22T16:56:05,shellyazplug-node/rpc,85,"{""id"": 1, ""src"": ""attacker"", ""method"": ""Switch.Set"", ""params"": {""id"": 0, ""on"": true}}"
2026-04-22T16:56:05,attacker/rpc,85,"{""id"":1,""src"":""shellyazplug-e4b323337220"",""dst"":""attacker"",""result"":{""was_on"":false}}"
2026-04-22T16:56:05,shellyazplug-node/debug/log,88,"shellyazplug-e4b323337220 6577 35498.191 1|shos_rpc_inst.c:230     Switch.Set via MQTT 
"
2026-04-22T16:56:05,shellyazplug-node/status/switch:0,199,"{""id"":0, ""source"":""MQTT"", ""output"":true, ""apower"":0.0, ""voltage"":232.6, ""freq"":50.0, ""current"":0.000, ""aenergy"":{""total"""
2026-04-22T16:56:05,shellyazplug-node/events/rpc,167,"{""src"":""shellyazplug-e4b323337220"",""dst"":""shellyazplug-node/events"",""method"":""NotifyStatus"",""params"":{""ts"":35498.19,""swi"
2026-04-22T16:56:05,shellyazplug-node/debug/log,133,"shellyazplug-e4b323337220 6578 35498.208 1|shelly_notification:163 Status change of switch:0: {""id"":0,""output"":true,""sou"
2026-04-22T16:56:05,shellyazplug-node/rpc,86,"{""id"": 1, ""src"": ""attacker"", ""method"": ""Switch.Set"", ""params"": {""id"": 0, ""on"": false}}"
2026-04-22T16:56:05,attacker/rpc,84,"{""id"":1,""src"":""shellyazplug-e4b323337220"",""dst"":""attacker"",""result"":{""was_on"":true}}"
2026-04-22T16:56:05,shellyazplug-node/debug/log,88,"shellyazplug-e4b323337220 6579 35498.692 1|shos_rpc_inst.c:230     Switch.Set via MQTT 
"
2026-04-22T16:56:05,shellyazplug-node/status/switch:0,200,"{""id"":0, ""source"":""MQTT"", ""output"":false, ""apower"":0.0, ""voltage"":232.7, ""freq"":50.0, ""current"":0.000, ""aenergy"":{""total"
2026-04-22T16:56:05,shellyazplug-node/events/rpc,191,"{""src"":""shellyazplug-e4b323337220"",""dst"":""shellyazplug-node/events"",""method"":""NotifyStatus"",""params"":{""ts"":35498.69,""swi"
2026-04-22T16:56:05,shellyazplug-node/debug/log,157,"shellyazplug-e4b323337220 6580 35498.710 1|shelly_notification:163 Status change of switch:0: {""id"":0,""apower"":0,""curren"
2026-04-22T16:56:06,iot/mq/debug,50,[0;36m[D][sensor:124]: 'Gas Sensor' >> 0.51 V[0m
2026-04-22T16:56:06,iot/mq/sensor/gas_sensor/state,4,0.51
2026-04-22T16:56:06,shellyazplug-node/rpc,85,"{""id"": 1, ""src"": ""attacker"", ""method"": ""Switch.Set"", ""params"": {""id"": 0, ""on"": true}}"
2026-04-22T16:56:06,attacker/rpc,85,"{""id"":1,""src"":""shellyazplug-e4b323337220"",""dst"":""attacker"",""result"":{""was_on"":false}}"
2026-04-22T16:56:06,shellyazplug-node/debug/log,88,"shellyazplug-e4b323337220 6581 35499.192 1|shos_rpc_inst.c:230     Switch.Set via MQTT 
"
2026-04-22T16:56:06,shellyazplug-node/status/switch:0,199,"{""id"":0, ""source"":""MQTT"", ""output"":true, ""apower"":0.0, ""voltage"":232.7, ""freq"":50.0, ""current"":0.000, ""aenergy"":{""total"""
2026-04-22T16:56:06,shellyazplug-node/events/rpc,167,"{""src"":""shellyazplug-e4b323337220"",""dst"":""shellyazplug-node/events"",""method"":""NotifyStatus"",""params"":{""ts"":35499.19,""swi"
2026-04-22T16:56:06,shellyazplug-node/debug/log,133,"shellyazplug-e4b323337220 6582 35499.208 1|shelly_notification:163 Status change of switch:0: {""id"":0,""output"":true,""sou"
2026-04-22T16:56:06,shellyazplug-node/rpc,86,"{""id"": 1, ""src"": ""attacker"", ""method"": ""Switch.Set"", ""params"": {""id"": 0, ""on"": false}}"
2026-04-22T16:56:06,attacker/rpc,84,"{""id"":1,""src"":""shellyazplug-e4b323337220"",""dst"":""attacker"",""result"":{""was_on"":true}}"
2026-04-22T16:56:06,shellyazplug-node/debug/log,88,"shellyazplug-e4b323337220 6583 35499.693 1|shos_rpc_inst.c:230     Switch.Set via MQTT 
"
2026-04-22T16:56:06,shellyazplug-node/status/switch:0,200,"{""id"":0, ""source"":""MQTT"", ""output"":false, ""apower"":0.0, ""voltage"":232.7, ""freq"":50.0, ""current"":0.000, ""aenergy"":{""total"
2026-04-22T16:56:06,shellyazplug-node/events/rpc,191,"{""src"":""shellyazplug-e4b323337220"",""dst"":""shellyazplug-node/events"",""method"":""NotifyStatus"",""params"":{""ts"":35499.69,""swi"
2026-04-22T16:56:06,shellyazplug-node/debug/log,157,"shellyazplug-e4b323337220 6584 35499.712 1|shelly_notification:163 Status change of switch:0: {""id"":0,""apower"":0,""curren"
2026-04-22T16:56:07,shellyazplug-node/rpc,85,"{""id"": 1, ""src"": ""attacker"", ""method"": ""Switch.Set"", ""params"": {""id"": 0, ""on"": true}}"
2026-04-22T16:56:07,attacker/rpc,85,"{""id"":1,""src"":""shellyazplug-e4b323337220"",""dst"":""attacker"",""result"":{""was_on"":false}}"
2026-04-22T16:56:07,shellyazplug-node/debug/log,88,"shellyazplug-e4b323337220 6585 35500.193 1|shos_rpc_inst.c:230     Switch.Set via MQTT 
"
2026-04-22T16:56:07,iot/dht11/debug,59,[0;36m[D][dht:048]: Temperature 23.4°C Humidity 36.0%[0m
2026-04-22T16:56:07,shellyazplug-node/status/switch:0,199,"{""id"":0, ""source"":""MQTT"", ""output"":true, ""apower"":0.0, ""voltage"":232.7, ""freq"":50.0, ""current"":0.000, ""aenergy"":{""total"""
2026-04-22T16:56:07,shellyazplug-node/events/rpc,167,"{""src"":""shellyazplug-e4b323337220"",""dst"":""shellyazplug-node/events"",""method"":""NotifyStatus"",""params"":{""ts"":35500.19,""swi"
2026-04-22T16:56:07,shellyazplug-node/debug/log,133,"shellyazplug-e4b323337220 6586 35500.210 1|shelly_notification:163 Status change of switch:0: {""id"":0,""output"":true,""sou"
2026-04-22T16:56:07,iot/dht11/debug,53,[0;36m[D][sensor:124]: 'Temperature' >> 23.4 °C[0m
2026-04-22T16:56:07,iot/dht11/sensor/temperature/state,4,23.4
2026-04-22T16:56:07,iot/dht11/debug,46,[0;36m[D][sensor:124]: 'Humidity' >> 36 %[0m
2026-04-22T16:56:07,iot/dht11/sensor/humidity/state,2,36
2026-04-22T16:56:07,shellyazplug-node/rpc,86,"{""id"": 1, ""src"": ""attacker"", ""method"": ""Switch.Set"", ""params"": {""id"": 0, ""on"": false}}"
2026-04-22T16:56:07,attacker/rpc,84,"{""id"":1,""src"":""shellyazplug-e4b323337220"",""dst"":""attacker"",""result"":{""was_on"":true}}"
2026-04-22T16:56:07,shellyazplug-node/debug/log,88,"shellyazplug-e4b323337220 6587 35500.694 1|shos_rpc_inst.c:230     Switch.Set via MQTT 
"
2026-04-22T16:56:07,shellyazplug-node/status/switch:0,200,"{""id"":0, ""source"":""MQTT"", ""output"":false, ""apower"":0.0, ""voltage"":232.7, ""freq"":50.0, ""current"":0.000, ""aenergy"":{""total"
2026-04-22T16:56:07,shellyazplug-node/events/rpc,191,"{""src"":""shellyazplug-e4b323337220"",""dst"":""shellyazplug-node/events"",""method"":""NotifyStatus"",""params"":{""ts"":35500.69,""swi"
2026-04-22T16:56:07,shellyazplug-node/debug/log,157,"shellyazplug-e4b323337220 6588 35500.712 1|shelly_notification:163 Status change of switch:0: {""id"":0,""apower"":0,""curren"
2026-04-22T16:56:08,shellyazplug-node/rpc,85,"{""id"": 1, ""src"": ""attacker"", ""method"": ""Switch.Set"", ""params"": {""id"": 0, ""on"": true}}"
2026-04-22T16:56:08,attacker/rpc,85,"{""id"":1,""src"":""shellyazplug-e4b323337220"",""dst"":""attacker"",""result"":{""was_on"":false}}"
2026-04-22T16:56:08,shellyazplug-node/debug/log,88,"shellyazplug-e4b323337220 6589 35501.195 1|shos_rpc_inst.c:230     Switch.Set via MQTT 
"
2026-04-22T16:56:08,shellyazplug-node/status/switch:0,199,"{""id"":0, ""source"":""MQTT"", ""output"":true, ""apower"":0.0, ""voltage"":232.7, ""freq"":50.0, ""current"":0.000, ""aenergy"":{""total"""
2026-04-22T16:56:08,shellyazplug-node/events/rpc,167,"{""src"":""shellyazplug-e4b323337220"",""dst"":""shellyazplug-node/events"",""method"":""NotifyStatus"",""params"":{""ts"":35501.19,""swi"
2026-04-22T16:56:08,shellyazplug-node/debug/log,133,"shellyazplug-e4b323337220 6590 35501.211 1|shelly_notification:163 Status change of switch:0: {""id"":0,""output"":true,""sou"
2026-04-22T16:56:08,shellyazplug-node/rpc,86,"{""id"": 1, ""src"": ""attacker"", ""method"": ""Switch.Set"", ""params"": {""id"": 0, ""on"": false}}"
2026-04-22T16:56:08,attacker/rpc,84,"{""id"":1,""src"":""shellyazplug-e4b323337220"",""dst"":""attacker"",""result"":{""was_on"":true}}"
2026-04-22T16:56:08,shellyazplug-node/debug/log,88,"shellyazplug-e4b323337220 6591 35501.694 1|shos_rpc_inst.c:230     Switch.Set via MQTT 
"
2026-04-22T16:56:08,shellyazplug-node/status/switch:0,200,"{""id"":0, ""source"":""MQTT"", ""output"":false, ""apower"":0.0, ""voltage"":232.8, ""freq"":50.0, ""current"":0.000, ""aenergy"":{""total"
2026-04-22T16:56:08,shellyazplug-node/events/rpc,191,"{""src"":""shellyazplug-e4b323337220"",""dst"":""shellyazplug-node/events"",""method"":""NotifyStatus"",""params"":{""ts"":35501.69,""swi"
2026-04-22T16:56:08,shellyazplug-node/debug/log,157,"shellyazplug-e4b323337220 6592 35501.713 1|shelly_notification:163 Status change of switch:0: {""id"":0,""apower"":0,""curren"
2026-04-22T16:56:09,shellyazplug-node/rpc,85,"{""id"": 1, ""src"": ""attacker"", ""method"": ""Switch.Set"", ""params"": {""id"": 0, ""on"": true}}"
2026-04-22T16:56:09,attacker/rpc,85,"{""id"":1,""src"":""shellyazplug-e4b323337220"",""dst"":""attacker"",""result"":{""was_on"":false}}"
2026-04-22T16:56:09,shellyazplug-node/debug/log,88,"shellyazplug-e4b323337220 6593 35502.195 1|shos_rpc_inst.c:230     Switch.Set via MQTT 
"
2026-04-22T16:56:09,shellyazplug-node/status/switch:0,199,"{""id"":0, ""source"":""MQTT"", ""output"":true, ""apower"":0.0, ""voltage"":232.8, ""freq"":50.0, ""current"":0.000, ""aenergy"":{""total"""
2026-04-22T16:56:09,shellyazplug-node/events/rpc,167,"{""src"":""shellyazplug-e4b323337220"",""dst"":""shellyazplug-node/events"",""method"":""NotifyStatus"",""params"":{""ts"":35502.19,""swi"
2026-04-22T16:56:09,shellyazplug-node/debug/log,133,"shellyazplug-e4b323337220 6594 35502.212 1|shelly_notification:163 Status change of switch:0: {""id"":0,""output"":true,""sou"
2026-04-22T16:56:09,shellyazplug-node/rpc,86,"{""id"": 1, ""src"": ""attacker"", ""method"": ""Switch.Set"", ""params"": {""id"": 0, ""on"": false}}"
2026-04-22T16:56:09,attacker/rpc,84,"{""id"":1,""src"":""shellyazplug-e4b323337220"",""dst"":""attacker"",""result"":{""was_on"":true}}"
2026-04-22T16:56:09,shellyazplug-node/debug/log,88,"shellyazplug-e4b323337220 6595 35502.695 1|shos_rpc_inst.c:230     Switch.Set via MQTT 
"
2026-04-22T16:56:09,shellyazplug-node/status/switch:0,200,"{""id"":0, ""source"":""MQTT"", ""output"":false, ""apower"":0.0, ""voltage"":232.8, ""freq"":50.0, ""current"":0.000, ""aenergy"":{""total"
2026-04-22T16:56:09,shellyazplug-node/events/rpc,191,"{""src"":""shellyazplug-e4b323337220"",""dst"":""shellyazplug-node/events"",""method"":""NotifyStatus"",""params"":{""ts"":35502.69,""swi"
2026-04-22T16:56:09,shellyazplug-node/debug/log,157,"shellyazplug-e4b323337220 6596 35502.715 1|shelly_notification:163 Status change of switch:0: {""id"":0,""apower"":0,""curren"
2026-04-22T16:56:10,shellyazplug-node/rpc,85,"{""id"": 1, ""src"": ""attacker"", ""method"": ""Switch.Set"", ""params"": {""id"": 0, ""on"": true}}"
2026-04-22T16:56:10,attacker/rpc,85,"{""id"":1,""src"":""shellyazplug-e4b323337220"",""dst"":""attacker"",""result"":{""was_on"":false}}"
2026-04-22T16:56:10,shellyazplug-node/debug/log,88,"shellyazplug-e4b323337220 6597 35503.196 1|shos_rpc_inst.c:230     Switch.Set via MQTT 
"
2026-04-22T16:56:10,shellyazplug-node/status/switch:0,199,"{""id"":0, ""source"":""MQTT"", ""output"":true, ""apower"":0.0, ""voltage"":232.8, ""freq"":50.0, ""current"":0.000, ""aenergy"":{""total"""
2026-04-22T16:56:10,shellyazplug-node/events/rpc,167,"{""src"":""shellyazplug-e4b323337220"",""dst"":""shellyazplug-node/events"",""method"":""NotifyStatus"",""params"":{""ts"":35503.19,""swi"
2026-04-22T16:56:10,shellyazplug-node/debug/log,133,"shellyazplug-e4b323337220 6598 35503.212 1|shelly_notification:163 Status change of switch:0: {""id"":0,""output"":true,""sou"
2026-04-22T16:56:10,shellyazplug-node/rpc,86,"{""id"": 1, ""src"": ""attacker"", ""method"": ""Switch.Set"", ""params"": {""id"": 0, ""on"": false}}"
2026-04-22T16:56:10,attacker/rpc,84,"{""id"":1,""src"":""shellyazplug-e4b323337220"",""dst"":""attacker"",""result"":{""was_on"":true}}"
2026-04-22T16:56:10,shellyazplug-node/status/switch:0,200,"{""id"":0, ""source"":""MQTT"", ""output"":false, ""apower"":0.0, ""voltage"":232.7, ""freq"":50.0, ""current"":0.000, ""aenergy"":{""total"
2026-04-22T16:56:10,shellyazplug-node/debug/log,88,"shellyazplug-e4b323337220 6599 35503.714 1|shos_rpc_inst.c:230     Switch.Set via MQTT 
"
2026-04-22T16:56:10,shellyazplug-node/debug/log,157,"shellyazplug-e4b323337220 6600 35503.714 1|shelly_notification:163 Status change of switch:0: {""id"":0,""apower"":0,""curren"
2026-04-22T16:56:10,shellyazplug-node/events/rpc,191,"{""src"":""shellyazplug-e4b323337220"",""dst"":""shellyazplug-node/events"",""method"":""NotifyStatus"",""params"":{""ts"":35503.69,""swi"
2026-04-22T16:56:11,iot/mq/debug,50,[0;36m[D][sensor:124]: 'Gas Sensor' >> 0.51 V[0m
2026-04-22T16:56:11,iot/mq/sensor/gas_sensor/state,4,0.51
2026-04-22T16:56:11,shellyazplug-node/rpc,85,"{""id"": 1, ""src"": ""attacker"", ""method"": ""Switch.Set"", ""params"": {""id"": 0, ""on"": true}}"
2026-04-22T16:56:11,attacker/rpc,85,"{""id"":1,""src"":""shellyazplug-e4b323337220"",""dst"":""attacker"",""result"":{""was_on"":false}}"
2026-04-22T16:56:11,shellyazplug-node/debug/log,88,"shellyazplug-e4b323337220 6601 35504.199 1|shos_rpc_inst.c:230     Switch.Set via MQTT 
"
2026-04-22T16:56:11,shellyazplug-node/status/switch:0,199,"{""id"":0, ""source"":""MQTT"", ""output"":true, ""apower"":0.0, ""voltage"":232.7, ""freq"":50.0, ""current"":0.000, ""aenergy"":{""total"""
2026-04-22T16:56:11,shellyazplug-node/events/rpc,167,"{""src"":""shellyazplug-e4b323337220"",""dst"":""shellyazplug-node/events"",""method"":""NotifyStatus"",""params"":{""ts"":35504.20,""swi"
2026-04-22T16:56:11,shellyazplug-node/debug/log,133,"shellyazplug-e4b323337220 6602 35504.215 1|shelly_notification:163 Status change of switch:0: {""id"":0,""output"":true,""sou"
2026-04-22T16:56:11,shellyazplug-node/rpc,86,"{""id"": 1, ""src"": ""attacker"", ""method"": ""Switch.Set"", ""params"": {""id"": 0, ""on"": false}}"
2026-04-22T16:56:11,attacker/rpc,84,"{""id"":1,""src"":""shellyazplug-e4b323337220"",""dst"":""attacker"",""result"":{""was_on"":true}}"
2026-04-22T16:56:11,shellyazplug-node/debug/log,88,"shellyazplug-e4b323337220 6603 35504.698 1|shos_rpc_inst.c:230     Switch.Set via MQTT 
"
2026-04-22T16:56:11,shellyazplug-node/status/switch:0,200,"{""id"":0, ""source"":""MQTT"", ""output"":false, ""apower"":0.0, ""voltage"":232.6, ""freq"":50.0, ""current"":0.000, ""aenergy"":{""total"
2026-04-22T16:56:11,shellyazplug-node/events/rpc,191,"{""src"":""shellyazplug-e4b323337220"",""dst"":""shellyazplug-node/events"",""method"":""NotifyStatus"",""params"":{""ts"":35504.70,""swi"
2026-04-22T16:56:11,shellyazplug-node/debug/log,157,"shellyazplug-e4b323337220 6604 35504.717 1|shelly_notification:163 Status change of switch:0: {""id"":0,""apower"":0,""curren"
2026-04-22T16:56:12,shellyazplug-node/rpc,85,"{""id"": 1, ""src"": ""attacker"", ""method"": ""Switch.Set"", ""params"": {""id"": 0, ""on"": true}}"
2026-04-22T16:56:12,attacker/rpc,85,"{""id"":1,""src"":""shellyazplug-e4b323337220"",""dst"":""attacker"",""result"":{""was_on"":false}}"
2026-04-22T16:56:12,shellyazplug-node/debug/log,88,"shellyazplug-e4b323337220 6605 35505.199 1|shos_rpc_inst.c:230     Switch.Set via MQTT 
"
2026-04-22T16:56:12,shellyazplug-node/status/switch:0,199,"{""id"":0, ""source"":""MQTT"", ""output"":true, ""apower"":0.0, ""voltage"":232.6, ""freq"":50.0, ""current"":0.000, ""aenergy"":{""total"""
2026-04-22T16:56:12,shellyazplug-node/events/rpc,167,"{""src"":""shellyazplug-e4b323337220"",""dst"":""shellyazplug-node/events"",""method"":""NotifyStatus"",""params"":{""ts"":35505.20,""swi"
2026-04-22T16:56:12,shellyazplug-node/debug/log,133,"shellyazplug-e4b323337220 6606 35505.215 1|shelly_notification:163 Status change of switch:0: {""id"":0,""output"":true,""sou"
2026-04-22T16:56:12,shellyazplug-node/rpc,86,"{""id"": 1, ""src"": ""attacker"", ""method"": ""Switch.Set"", ""params"": {""id"": 0, ""on"": false}}"
2026-04-22T16:56:12,attacker/rpc,84,"{""id"":1,""src"":""shellyazplug-e4b323337220"",""dst"":""attacker"",""result"":{""was_on"":true}}"
2026-04-22T16:56:12,shellyazplug-node/debug/log,88,"shellyazplug-e4b323337220 6607 35505.699 1|shos_rpc_inst.c:230     Switch.Set via MQTT 
"
2026-04-22T16:56:12,shellyazplug-node/status/switch:0,200,"{""id"":0, ""source"":""MQTT"", ""output"":false, ""apower"":0.0, ""voltage"":232.5, ""freq"":50.0, ""current"":0.000, ""aenergy"":{""total"
2026-04-22T16:56:12,shellyazplug-node/events/rpc,191,"{""src"":""shellyazplug-e4b323337220"",""dst"":""shellyazplug-node/events"",""method"":""NotifyStatus"",""params"":{""ts"":35505.70,""swi"
2026-04-22T16:56:12,shellyazplug-node/debug/log,157,"shellyazplug-e4b323337220 6608 35505.718 1|shelly_notification:163 Status change of switch:0: {""id"":0,""apower"":0,""curren"
2026-04-22T16:56:13,shellyazplug-node/rpc,85,"{""id"": 1, ""src"": ""attacker"", ""method"": ""Switch.Set"", ""params"": {""id"": 0, ""on"": true}}"
2026-04-22T16:56:13,attacker/rpc,85,"{""id"":1,""src"":""shellyazplug-e4b323337220"",""dst"":""attacker"",""result"":{""was_on"":false}}"
2026-04-22T16:56:13,shellyazplug-node/debug/log,88,"shellyazplug-e4b323337220 6609 35506.200 1|shos_rpc_inst.c:230     Switch.Set via MQTT 
"
2026-04-22T16:56:13,shellyazplug-node/status/switch:0,199,"{""id"":0, ""source"":""MQTT"", ""output"":true, ""apower"":0.0, ""voltage"":232.5, ""freq"":50.0, ""current"":0.000, ""aenergy"":{""total"""
2026-04-22T16:56:13,shellyazplug-node/events/rpc,167,"{""src"":""shellyazplug-e4b323337220"",""dst"":""shellyazplug-node/events"",""method"":""NotifyStatus"",""params"":{""ts"":35506.20,""swi"
2026-04-22T16:56:13,shellyazplug-node/debug/log,133,"shellyazplug-e4b323337220 6610 35506.216 1|shelly_notification:163 Status change of switch:0: {""id"":0,""output"":true,""sou"
2026-04-22T16:56:13,shellyazplug-node/rpc,86,"{""id"": 1, ""src"": ""attacker"", ""method"": ""Switch.Set"", ""params"": {""id"": 0, ""on"": false}}"
2026-04-22T16:56:13,attacker/rpc,84,"{""id"":1,""src"":""shellyazplug-e4b323337220"",""dst"":""attacker"",""result"":{""was_on"":true}}"
2026-04-22T16:56:13,shellyazplug-node/debug/log,88,"shellyazplug-e4b323337220 6611 35506.700 1|shos_rpc_inst.c:230     Switch.Set via MQTT 
"
2026-04-22T16:56:13,shellyazplug-node/status/switch:0,200,"{""id"":0, ""source"":""MQTT"", ""output"":false, ""apower"":0.0, ""voltage"":232.3, ""freq"":50.0, ""current"":0.000, ""aenergy"":{""total"
2026-04-22T16:56:13,shellyazplug-node/events/rpc,191,"{""src"":""shellyazplug-e4b323337220"",""dst"":""shellyazplug-node/events"",""method"":""NotifyStatus"",""params"":{""ts"":35506.70,""swi"
2026-04-22T16:56:13,shellyazplug-node/debug/log,157,"shellyazplug-e4b323337220 6612 35506.719 1|shelly_notification:163 Status change of switch:0: {""id"":0,""apower"":0,""curren"
2026-04-22T16:56:14,shellyazplug-node/rpc,85,"{""id"": 1, ""src"": ""attacker"", ""method"": ""Switch.Set"", ""params"": {""id"": 0, ""on"": true}}"
2026-04-22T16:56:14,attacker/rpc,85,"{""id"":1,""src"":""shellyazplug-e4b323337220"",""dst"":""attacker"",""result"":{""was_on"":false}}"
2026-04-22T16:56:14,shellyazplug-node/debug/log,88,"shellyazplug-e4b323337220 6613 35507.201 1|shos_rpc_inst.c:230     Switch.Set via MQTT 
"
2026-04-22T16:56:14,shellyazplug-node/status/switch:0,199,"{""id"":0, ""source"":""MQTT"", ""output"":true, ""apower"":0.0, ""voltage"":232.3, ""freq"":50.0, ""current"":0.000, ""aenergy"":{""total"""
2026-04-22T16:56:14,shellyazplug-node/events/rpc,167,"{""src"":""shellyazplug-e4b323337220"",""dst"":""shellyazplug-node/events"",""method"":""NotifyStatus"",""params"":{""ts"":35507.20,""swi"
2026-04-22T16:56:14,shellyazplug-node/debug/log,133,"shellyazplug-e4b323337220 6614 35507.217 1|shelly_notification:163 Status change of switch:0: {""id"":0,""output"":true,""sou"
2026-04-22T16:56:14,shellyazplug-node/rpc,86,"{""id"": 1, ""src"": ""attacker"", ""method"": ""Switch.Set"", ""params"": {""id"": 0, ""on"": false}}"
2026-04-22T16:56:14,attacker/rpc,84,"{""id"":1,""src"":""shellyazplug-e4b323337220"",""dst"":""attacker"",""result"":{""was_on"":true}}"
2026-04-22T16:56:14,shellyazplug-node/debug/log,88,"shellyazplug-e4b323337220 6615 35507.703 1|shos_rpc_inst.c:230     Switch.Set via MQTT 
"
2026-04-22T16:56:14,shellyazplug-node/status/switch:0,200,"{""id"":0, ""source"":""MQTT"", ""output"":false, ""apower"":0.0, ""voltage"":232.6, ""freq"":50.0, ""current"":0.000, ""aenergy"":{""total"
2026-04-22T16:56:14,shellyazplug-node/events/rpc,191,"{""src"":""shellyazplug-e4b323337220"",""dst"":""shellyazplug-node/events"",""method"":""NotifyStatus"",""params"":{""ts"":35507.70,""swi"
2026-04-22T16:56:14,shellyazplug-node/debug/log,157,"shellyazplug-e4b323337220 6616 35507.722 1|shelly_notification:163 Status change of switch:0: {""id"":0,""apower"":0,""curren"
2026-04-22T16:56:15,shellyazplug-node/rpc,85,"{""id"": 1, ""src"": ""attacker"", ""method"": ""Switch.Set"", ""params"": {""id"": 0, ""on"": true}}"
2026-04-22T16:56:15,attacker/rpc,85,"{""id"":1,""src"":""shellyazplug-e4b323337220"",""dst"":""attacker"",""result"":{""was_on"":false}}"
2026-04-22T16:56:15,shellyazplug-node/debug/log,88,"shellyazplug-e4b323337220 6617 35508.202 1|shos_rpc_inst.c:230     Switch.Set via MQTT 
"
2026-04-22T16:56:15,shellyazplug-node/status/switch:0,199,"{""id"":0, ""source"":""MQTT"", ""output"":true, ""apower"":0.0, ""voltage"":232.6, ""freq"":50.0, ""current"":0.000, ""aenergy"":{""total"""
2026-04-22T16:56:15,shellyazplug-node/events/rpc,167,"{""src"":""shellyazplug-e4b323337220"",""dst"":""shellyazplug-node/events"",""method"":""NotifyStatus"",""params"":{""ts"":35508.20,""swi"
2026-04-22T16:56:15,shellyazplug-node/debug/log,133,"shellyazplug-e4b323337220 6618 35508.218 1|shelly_notification:163 Status change of switch:0: {""id"":0,""output"":true,""sou"
2026-04-22T16:56:15,shellyazplug-node/rpc,86,"{""id"": 1, ""src"": ""attacker"", ""method"": ""Switch.Set"", ""params"": {""id"": 0, ""on"": false}}"
2026-04-22T16:56:15,attacker/rpc,84,"{""id"":1,""src"":""shellyazplug-e4b323337220"",""dst"":""attacker"",""result"":{""was_on"":true}}"
2026-04-22T16:56:15,shellyazplug-node/debug/log,88,"shellyazplug-e4b323337220 6619 35508.706 1|shos_rpc_inst.c:230     Switch.Set via MQTT 
"
2026-04-22T16:56:15,shellyazplug-node/status/switch:0,200,"{""id"":0, ""source"":""MQTT"", ""output"":false, ""apower"":0.0, ""voltage"":233.0, ""freq"":50.0, ""current"":0.000, ""aenergy"":{""total"
2026-04-22T16:56:15,shellyazplug-node/events/rpc,191,"{""src"":""shellyazplug-e4b323337220"",""dst"":""shellyazplug-node/events"",""method"":""NotifyStatus"",""params"":{""ts"":35508.70,""swi"
2026-04-22T16:56:15,shellyazplug-node/debug/log,157,"shellyazplug-e4b323337220 6620 35508.725 1|shelly_notification:163 Status change of switch:0: {""id"":0,""apower"":0,""curren"
2026-04-22T16:56:16,iot/mq/debug,50,[0;36m[D][sensor:124]: 'Gas Sensor' >> 0.51 V[0m
2026-04-22T16:56:16,iot/mq/sensor/gas_sensor/state,4,0.51
2026-04-22T16:56:16,shellyazplug-node/rpc,85,"{""id"": 1, ""src"": ""attacker"", ""method"": ""Switch.Set"", ""params"": {""id"": 0, ""on"": true}}"
2026-04-22T16:56:16,attacker/rpc,85,"{""id"":1,""src"":""shellyazplug-e4b323337220"",""dst"":""attacker"",""result"":{""was_on"":false}}"
2026-04-22T16:56:16,shellyazplug-node/debug/log,88,"shellyazplug-e4b323337220 6621 35509.206 1|shos_rpc_inst.c:230     Switch.Set via MQTT 
"
2026-04-22T16:56:16,shellyazplug-node/status/switch:0,199,"{""id"":0, ""source"":""MQTT"", ""output"":true, ""apower"":0.0, ""voltage"":233.0, ""freq"":50.0, ""current"":0.000, ""aenergy"":{""total"""
2026-04-22T16:56:16,shellyazplug-node/events/rpc,167,"{""src"":""shellyazplug-e4b323337220"",""dst"":""shellyazplug-node/events"",""method"":""NotifyStatus"",""params"":{""ts"":35509.20,""swi"
2026-04-22T16:56:16,shellyazplug-node/debug/log,133,"shellyazplug-e4b323337220 6622 35509.223 1|shelly_notification:163 Status change of switch:0: {""id"":0,""output"":true,""sou"
2026-04-22T16:56:16,shellyazplug-node/rpc,86,"{""id"": 1, ""src"": ""attacker"", ""method"": ""Switch.Set"", ""params"": {""id"": 0, ""on"": false}}"
2026-04-22T16:56:16,attacker/rpc,84,"{""id"":1,""src"":""shellyazplug-e4b323337220"",""dst"":""attacker"",""result"":{""was_on"":true}}"
2026-04-22T16:56:16,shellyazplug-node/debug/log,88,"shellyazplug-e4b323337220 6623 35509.707 1|shos_rpc_inst.c:230     Switch.Set via MQTT 
"
2026-04-22T16:56:16,shellyazplug-node/status/switch:0,200,"{""id"":0, ""source"":""MQTT"", ""output"":false, ""apower"":0.0, ""voltage"":232.8, ""freq"":50.0, ""current"":0.000, ""aenergy"":{""total"
2026-04-22T16:56:16,shellyazplug-node/events/rpc,191,"{""src"":""shellyazplug-e4b323337220"",""dst"":""shellyazplug-node/events"",""method"":""NotifyStatus"",""params"":{""ts"":35509.70,""swi"
2026-04-22T16:56:16,shellyazplug-node/debug/log,157,"shellyazplug-e4b323337220 6624 35509.726 1|shelly_notification:163 Status change of switch:0: {""id"":0,""apower"":0,""curren"
2026-04-22T16:56:17,shellyazplug-node/rpc,85,"{""id"": 1, ""src"": ""attacker"", ""method"": ""Switch.Set"", ""params"": {""id"": 0, ""on"": true}}"
2026-04-22T16:56:17,attacker/rpc,85,"{""id"":1,""src"":""shellyazplug-e4b323337220"",""dst"":""attacker"",""result"":{""was_on"":false}}"
2026-04-22T16:56:17,shellyazplug-node/debug/log,88,"shellyazplug-e4b323337220 6625 35510.208 1|shos_rpc_inst.c:230     Switch.Set via MQTT 
"
2026-04-22T16:56:17,iot/dht11/debug,59,[0;36m[D][dht:048]: Temperature 23.4°C Humidity 36.0%[0m
2026-04-22T16:56:17,shellyazplug-node/status/switch:0,199,"{""id"":0, ""source"":""MQTT"", ""output"":true, ""apower"":0.0, ""voltage"":232.8, ""freq"":50.0, ""current"":0.000, ""aenergy"":{""total"""
2026-04-22T16:56:17,shellyazplug-node/events/rpc,167,"{""src"":""shellyazplug-e4b323337220"",""dst"":""shellyazplug-node/events"",""method"":""NotifyStatus"",""params"":{""ts"":35510.21,""swi"
2026-04-22T16:56:17,shellyazplug-node/debug/log,133,"shellyazplug-e4b323337220 6626 35510.224 1|shelly_notification:163 Status change of switch:0: {""id"":0,""output"":true,""sou"
2026-04-22T16:56:17,iot/dht11/debug,53,[0;36m[D][sensor:124]: 'Temperature' >> 23.4 °C[0m
2026-04-22T16:56:17,iot/dht11/sensor/temperature/state,4,23.4
2026-04-22T16:56:17,iot/dht11/debug,46,[0;36m[D][sensor:124]: 'Humidity' >> 36 %[0m
2026-04-22T16:56:17,iot/dht11/sensor/humidity/state,2,36
2026-04-22T16:56:17,shellyazplug-node/rpc,86,"{""id"": 1, ""src"": ""attacker"", ""method"": ""Switch.Set"", ""params"": {""id"": 0, ""on"": false}}"
2026-04-22T16:56:17,attacker/rpc,84,"{""id"":1,""src"":""shellyazplug-e4b323337220"",""dst"":""attacker"",""result"":{""was_on"":true}}"
2026-04-22T16:56:17,shellyazplug-node/debug/log,88,"shellyazplug-e4b323337220 6627 35510.709 1|shos_rpc_inst.c:230     Switch.Set via MQTT 
"
2026-04-22T16:56:17,shellyazplug-node/status/switch:0,200,"{""id"":0, ""source"":""MQTT"", ""output"":false, ""apower"":0.0, ""voltage"":232.7, ""freq"":50.0, ""current"":0.000, ""aenergy"":{""total"
2026-04-22T16:56:17,shellyazplug-node/events/rpc,191,"{""src"":""shellyazplug-e4b323337220"",""dst"":""shellyazplug-node/events"",""method"":""NotifyStatus"",""params"":{""ts"":35510.71,""swi"
2026-04-22T16:56:17,shellyazplug-node/debug/log,157,"shellyazplug-e4b323337220 6628 35510.728 1|shelly_notification:163 Status change of switch:0: {""id"":0,""apower"":0,""curren"
2026-04-22T16:56:18,shellyazplug-node/rpc,85,"{""id"": 1, ""src"": ""attacker"", ""method"": ""Switch.Set"", ""params"": {""id"": 0, ""on"": true}}"
2026-04-22T16:56:18,attacker/rpc,85,"{""id"":1,""src"":""shellyazplug-e4b323337220"",""dst"":""attacker"",""result"":{""was_on"":false}}"
2026-04-22T16:56:18,shellyazplug-node/debug/log,88,"shellyazplug-e4b323337220 6629 35511.208 1|shos_rpc_inst.c:230     Switch.Set via MQTT 
"
2026-04-22T16:56:18,shellyazplug-node/status/switch:0,199,"{""id"":0, ""source"":""MQTT"", ""output"":true, ""apower"":0.0, ""voltage"":232.7, ""freq"":50.0, ""current"":0.000, ""aenergy"":{""total"""
2026-04-22T16:56:18,shellyazplug-node/events/rpc,167,"{""src"":""shellyazplug-e4b323337220"",""dst"":""shellyazplug-node/events"",""method"":""NotifyStatus"",""params"":{""ts"":35511.21,""swi"
2026-04-22T16:56:18,shellyazplug-node/debug/log,133,"shellyazplug-e4b323337220 6630 35511.225 1|shelly_notification:163 Status change of switch:0: {""id"":0,""output"":true,""sou"
2026-04-22T16:56:18,shellyazplug-node/rpc,86,"{""id"": 1, ""src"": ""attacker"", ""method"": ""Switch.Set"", ""params"": {""id"": 0, ""on"": false}}"
2026-04-22T16:56:18,attacker/rpc,84,"{""id"":1,""src"":""shellyazplug-e4b323337220"",""dst"":""attacker"",""result"":{""was_on"":true}}"
2026-04-22T16:56:18,shellyazplug-node/debug/log,88,"shellyazplug-e4b323337220 6631 35511.709 1|shos_rpc_inst.c:230     Switch.Set via MQTT 
"
2026-04-22T16:56:18,shellyazplug-node/status/switch:0,200,"{""id"":0, ""source"":""MQTT"", ""output"":false, ""apower"":0.0, ""voltage"":232.8, ""freq"":50.0, ""current"":0.000, ""aenergy"":{""total"
2026-04-22T16:56:18,shellyazplug-node/events/rpc,191,"{""src"":""shellyazplug-e4b323337220"",""dst"":""shellyazplug-node/events"",""method"":""NotifyStatus"",""params"":{""ts"":35511.71,""swi"
2026-04-22T16:56:18,shellyazplug-node/debug/log,157,"shellyazplug-e4b323337220 6632 35511.728 1|shelly_notification:163 Status change of switch:0: {""id"":0,""apower"":0,""curren"
2026-04-22T16:56:19,shellyazplug-node/rpc,85,"{""id"": 1, ""src"": ""attacker"", ""method"": ""Switch.Set"", ""params"": {""id"": 0, ""on"": true}}"
2026-04-22T16:56:19,attacker/rpc,85,"{""id"":1,""src"":""shellyazplug-e4b323337220"",""dst"":""attacker"",""result"":{""was_on"":false}}"
2026-04-22T16:56:19,shellyazplug-node/debug/log,88,"shellyazplug-e4b323337220 6633 35512.210 1|shos_rpc_inst.c:230     Switch.Set via MQTT 
"
2026-04-22T16:56:19,shellyazplug-node/status/switch:0,199,"{""id"":0, ""source"":""MQTT"", ""output"":true, ""apower"":0.0, ""voltage"":232.8, ""freq"":50.0, ""current"":0.000, ""aenergy"":{""total"""
2026-04-22T16:56:19,shellyazplug-node/events/rpc,167,"{""src"":""shellyazplug-e4b323337220"",""dst"":""shellyazplug-node/events"",""method"":""NotifyStatus"",""params"":{""ts"":35512.21,""swi"
2026-04-22T16:56:19,shellyazplug-node/debug/log,133,"shellyazplug-e4b323337220 6634 35512.226 1|shelly_notification:163 Status change of switch:0: {""id"":0,""output"":true,""sou"
2026-04-22T16:56:19,shellyazplug-node/rpc,86,"{""id"": 1, ""src"": ""attacker"", ""method"": ""Switch.Set"", ""params"": {""id"": 0, ""on"": false}}"
2026-04-22T16:56:19,attacker/rpc,84,"{""id"":1,""src"":""shellyazplug-e4b323337220"",""dst"":""attacker"",""result"":{""was_on"":true}}"
2026-04-22T16:56:19,shellyazplug-node/debug/log,88,"shellyazplug-e4b323337220 6635 35512.711 1|shos_rpc_inst.c:230     Switch.Set via MQTT 
"
2026-04-22T16:56:19,shellyazplug-node/status/switch:0,200,"{""id"":0, ""source"":""MQTT"", ""output"":false, ""apower"":0.0, ""voltage"":233.0, ""freq"":50.0, ""current"":0.000, ""aenergy"":{""total"
2026-04-22T16:56:19,shellyazplug-node/events/rpc,191,"{""src"":""shellyazplug-e4b323337220"",""dst"":""shellyazplug-node/events"",""method"":""NotifyStatus"",""params"":{""ts"":35512.71,""swi"
2026-04-22T16:56:19,shellyazplug-node/debug/log,157,"shellyazplug-e4b323337220 6636 35512.729 1|shelly_notification:163 Status change of switch:0: {""id"":0,""apower"":0,""curren"
2026-04-22T16:56:20,shellyazplug-node/rpc,85,"{""id"": 1, ""src"": ""attacker"", ""method"": ""Switch.Set"", ""params"": {""id"": 0, ""on"": true}}"
2026-04-22T16:56:20,attacker/rpc,85,"{""id"":1,""src"":""shellyazplug-e4b323337220"",""dst"":""attacker"",""result"":{""was_on"":false}}"
2026-04-22T16:56:20,shellyazplug-node/debug/log,88,"shellyazplug-e4b323337220 6637 35513.212 1|shos_rpc_inst.c:230     Switch.Set via MQTT 
"
2026-04-22T16:56:20,shellyazplug-node/status/switch:0,199,"{""id"":0, ""source"":""MQTT"", ""output"":true, ""apower"":0.0, ""voltage"":233.0, ""freq"":50.0, ""current"":0.000, ""aenergy"":{""total"""
2026-04-22T16:56:20,shellyazplug-node/events/rpc,167,"{""src"":""shellyazplug-e4b323337220"",""dst"":""shellyazplug-node/events"",""method"":""NotifyStatus"",""params"":{""ts"":35513.21,""swi"
2026-04-22T16:56:20,shellyazplug-node/debug/log,133,"shellyazplug-e4b323337220 6638 35513.228 1|shelly_notification:163 Status change of switch:0: {""id"":0,""output"":true,""sou"
2026-04-22T16:56:20,shellyazplug-node/rpc,86,"{""id"": 1, ""src"": ""attacker"", ""method"": ""Switch.Set"", ""params"": {""id"": 0, ""on"": false}}"
2026-04-22T16:56:20,attacker/rpc,84,"{""id"":1,""src"":""shellyazplug-e4b323337220"",""dst"":""attacker"",""result"":{""was_on"":true}}"
2026-04-22T16:56:20,shellyazplug-node/debug/log,88,"shellyazplug-e4b323337220 6639 35513.712 1|shos_rpc_inst.c:230     Switch.Set via MQTT 
"
2026-04-22T16:56:20,shellyazplug-node/status/switch:0,200,"{""id"":0, ""source"":""MQTT"", ""output"":false, ""apower"":0.0, ""voltage"":233.0, ""freq"":50.0, ""current"":0.000, ""aenergy"":{""total"
2026-04-22T16:56:20,shellyazplug-node/events/rpc,191,"{""src"":""shellyazplug-e4b323337220"",""dst"":""shellyazplug-node/events"",""method"":""NotifyStatus"",""params"":{""ts"":35513.71,""swi"
2026-04-22T16:56:20,shellyazplug-node/debug/log,157,"shellyazplug-e4b323337220 6640 35513.731 1|shelly_notification:163 Status change of switch:0: {""id"":0,""apower"":0,""curren"
2026-04-22T16:56:21,iot/mq/debug,50,[0;36m[D][sensor:124]: 'Gas Sensor' >> 0.50 V[0m
2026-04-22T16:56:21,iot/mq/sensor/gas_sensor/state,4,0.50
2026-04-22T16:56:21,shellyazplug-node/rpc,85,"{""id"": 1, ""src"": ""attacker"", ""method"": ""Switch.Set"", ""params"": {""id"": 0, ""on"": true}}"
2026-04-22T16:56:21,attacker/rpc,85,"{""id"":1,""src"":""shellyazplug-e4b323337220"",""dst"":""attacker"",""result"":{""was_on"":false}}"
2026-04-22T16:56:21,shellyazplug-node/debug/log,88,"shellyazplug-e4b323337220 6641 35514.212 1|shos_rpc_inst.c:230     Switch.Set via MQTT 
"
2026-04-22T16:56:21,shellyazplug-node/status/switch:0,199,"{""id"":0, ""source"":""MQTT"", ""output"":true, ""apower"":0.0, ""voltage"":233.0, ""freq"":50.0, ""current"":0.000, ""aenergy"":{""total"""
2026-04-22T16:56:21,shellyazplug-node/events/rpc,167,"{""src"":""shellyazplug-e4b323337220"",""dst"":""shellyazplug-node/events"",""method"":""NotifyStatus"",""params"":{""ts"":35514.21,""swi"
2026-04-22T16:56:21,shellyazplug-node/debug/log,133,"shellyazplug-e4b323337220 6642 35514.229 1|shelly_notification:163 Status change of switch:0: {""id"":0,""output"":true,""sou"
2026-04-22T16:56:21,shellyazplug-node/rpc,86,"{""id"": 1, ""src"": ""attacker"", ""method"": ""Switch.Set"", ""params"": {""id"": 0, ""on"": false}}"
2026-04-22T16:56:21,attacker/rpc,84,"{""id"":1,""src"":""shellyazplug-e4b323337220"",""dst"":""attacker"",""result"":{""was_on"":true}}"
2026-04-22T16:56:21,shellyazplug-node/debug/log,88,"shellyazplug-e4b323337220 6643 35514.713 1|shos_rpc_inst.c:230     Switch.Set via MQTT 
"
2026-04-22T16:56:21,shellyazplug-node/status/switch:0,200,"{""id"":0, ""source"":""MQTT"", ""output"":false, ""apower"":0.0, ""voltage"":233.0, ""freq"":50.0, ""current"":0.000, ""aenergy"":{""total"
2026-04-22T16:56:21,shellyazplug-node/events/rpc,191,"{""src"":""shellyazplug-e4b323337220"",""dst"":""shellyazplug-node/events"",""method"":""NotifyStatus"",""params"":{""ts"":35514.71,""swi"
2026-04-22T16:56:21,shellyazplug-node/debug/log,157,"shellyazplug-e4b323337220 6644 35514.732 1|shelly_notification:163 Status change of switch:0: {""id"":0,""apower"":0,""curren"
2026-04-22T16:56:22,shellyazplug-node/rpc,85,"{""id"": 1, ""src"": ""attacker"", ""method"": ""Switch.Set"", ""params"": {""id"": 0, ""on"": true}}"
2026-04-22T16:56:22,attacker/rpc,85,"{""id"":1,""src"":""shellyazplug-e4b323337220"",""dst"":""attacker"",""result"":{""was_on"":false}}"
2026-04-22T16:56:22,shellyazplug-node/debug/log,88,"shellyazplug-e4b323337220 6645 35515.214 1|shos_rpc_inst.c:230     Switch.Set via MQTT 
"
2026-04-22T16:56:22,shellyazplug-node/status/switch:0,199,"{""id"":0, ""source"":""MQTT"", ""output"":true, ""apower"":0.0, ""voltage"":233.0, ""freq"":50.0, ""current"":0.000, ""aenergy"":{""total"""
2026-04-22T16:56:22,shellyazplug-node/events/rpc,167,"{""src"":""shellyazplug-e4b323337220"",""dst"":""shellyazplug-node/events"",""method"":""NotifyStatus"",""params"":{""ts"":35515.21,""swi"
2026-04-22T16:56:22,shellyazplug-node/debug/log,133,"shellyazplug-e4b323337220 6646 35515.231 1|shelly_notification:163 Status change of switch:0: {""id"":0,""output"":true,""sou"
2026-04-22T16:56:22,shellyazplug-node/rpc,86,"{""id"": 1, ""src"": ""attacker"", ""method"": ""Switch.Set"", ""params"": {""id"": 0, ""on"": false}}"
2026-04-22T16:56:22,attacker/rpc,84,"{""id"":1,""src"":""shellyazplug-e4b323337220"",""dst"":""attacker"",""result"":{""was_on"":true}}"
2026-04-22T16:56:22,shellyazplug-node/debug/log,88,"shellyazplug-e4b323337220 6647 35515.715 1|shos_rpc_inst.c:230     Switch.Set via MQTT 
"
2026-04-22T16:56:22,shellyazplug-node/status/switch:0,200,"{""id"":0, ""source"":""MQTT"", ""output"":false, ""apower"":0.0, ""voltage"":233.0, ""freq"":50.0, ""current"":0.000, ""aenergy"":{""total"
2026-04-22T16:56:22,shellyazplug-node/events/rpc,191,"{""src"":""shellyazplug-e4b323337220"",""dst"":""shellyazplug-node/events"",""method"":""NotifyStatus"",""params"":{""ts"":35515.71,""swi"
2026-04-22T16:56:22,shellyazplug-node/debug/log,157,"shellyazplug-e4b323337220 6648 35515.734 1|shelly_notification:163 Status change of switch:0: {""id"":0,""apower"":0,""curren"
2026-04-22T16:56:23,shellyazplug-node/rpc,85,"{""id"": 1, ""src"": ""attacker"", ""method"": ""Switch.Set"", ""params"": {""id"": 0, ""on"": true}}"
2026-04-22T16:56:23,attacker/rpc,85,"{""id"":1,""src"":""shellyazplug-e4b323337220"",""dst"":""attacker"",""result"":{""was_on"":false}}"
2026-04-22T16:56:23,shellyazplug-node/debug/log,88,"shellyazplug-e4b323337220 6649 35516.215 1|shos_rpc_inst.c:230     Switch.Set via MQTT 
"
2026-04-22T16:56:23,shellyazplug-node/status/switch:0,199,"{""id"":0, ""source"":""MQTT"", ""output"":true, ""apower"":0.0, ""voltage"":233.0, ""freq"":50.0, ""current"":0.000, ""aenergy"":{""total"""
2026-04-22T16:56:23,shellyazplug-node/events/rpc,167,"{""src"":""shellyazplug-e4b323337220"",""dst"":""shellyazplug-node/events"",""method"":""NotifyStatus"",""params"":{""ts"":35516.21,""swi"
2026-04-22T16:56:23,shellyazplug-node/debug/log,133,"shellyazplug-e4b323337220 6650 35516.233 1|shelly_notification:163 Status change of switch:0: {""id"":0,""output"":true,""sou"
2026-04-22T16:56:23,shellyazplug-node/rpc,86,"{""id"": 1, ""src"": ""attacker"", ""method"": ""Switch.Set"", ""params"": {""id"": 0, ""on"": false}}"
2026-04-22T16:56:23,attacker/rpc,84,"{""id"":1,""src"":""shellyazplug-e4b323337220"",""dst"":""attacker"",""result"":{""was_on"":true}}"
2026-04-22T16:56:23,shellyazplug-node/debug/log,88,"shellyazplug-e4b323337220 6651 35516.716 1|shos_rpc_inst.c:230     Switch.Set via MQTT 
"
2026-04-22T16:56:23,iot/pir/binary_sensor/motion/state,3,OFF
2026-04-22T16:56:23,shellyazplug-node/status/switch:0,200,"{""id"":0, ""source"":""MQTT"", ""output"":false, ""apower"":0.0, ""voltage"":232.9, ""freq"":50.0, ""current"":0.000, ""aenergy"":{""total"
2026-04-22T16:56:23,shellyazplug-node/events/rpc,191,"{""src"":""shellyazplug-e4b323337220"",""dst"":""shellyazplug-node/events"",""method"":""NotifyStatus"",""params"":{""ts"":35516.71,""swi"
2026-04-22T16:56:23,iot/pir/debug,50,[0;36m[D][binary_sensor:048]: 'Motion' >> OFF[0m
2026-04-22T16:56:23,shellyazplug-node/debug/log,157,"shellyazplug-e4b323337220 6652 35516.735 1|shelly_notification:163 Status change of switch:0: {""id"":0,""apower"":0,""curren"
2026-04-22T16:56:24,shellyazplug-node/rpc,85,"{""id"": 1, ""src"": ""attacker"", ""method"": ""Switch.Set"", ""params"": {""id"": 0, ""on"": true}}"
2026-04-22T16:56:24,attacker/rpc,85,"{""id"":1,""src"":""shellyazplug-e4b323337220"",""dst"":""attacker"",""result"":{""was_on"":false}}"
2026-04-22T16:56:24,shellyazplug-node/debug/log,88,"shellyazplug-e4b323337220 6653 35517.218 1|shos_rpc_inst.c:230     Switch.Set via MQTT 
"
2026-04-22T16:56:24,shellyazplug-node/status/switch:0,199,"{""id"":0, ""source"":""MQTT"", ""output"":true, ""apower"":0.0, ""voltage"":232.9, ""freq"":50.0, ""current"":0.000, ""aenergy"":{""total"""
2026-04-22T16:56:24,shellyazplug-node/events/rpc,167,"{""src"":""shellyazplug-e4b323337220"",""dst"":""shellyazplug-node/events"",""method"":""NotifyStatus"",""params"":{""ts"":35517.21,""swi"
2026-04-22T16:56:24,shellyazplug-node/debug/log,133,"shellyazplug-e4b323337220 6654 35517.234 1|shelly_notification:163 Status change of switch:0: {""id"":0,""output"":true,""sou"
2026-04-22T16:56:24,shellyazplug-node/rpc,86,"{""id"": 1, ""src"": ""attacker"", ""method"": ""Switch.Set"", ""params"": {""id"": 0, ""on"": false}}"
2026-04-22T16:56:24,attacker/rpc,84,"{""id"":1,""src"":""shellyazplug-e4b323337220"",""dst"":""attacker"",""result"":{""was_on"":true}}"
2026-04-22T16:56:24,shellyazplug-node/debug/log,88,"shellyazplug-e4b323337220 6655 35517.718 1|shos_rpc_inst.c:230     Switch.Set via MQTT 
"
2026-04-22T16:56:24,shellyazplug-node/status/switch:0,200,"{""id"":0, ""source"":""MQTT"", ""output"":false, ""apower"":0.0, ""voltage"":232.9, ""freq"":50.0, ""current"":0.000, ""aenergy"":{""total"
2026-04-22T16:56:24,shellyazplug-node/events/rpc,191,"{""src"":""shellyazplug-e4b323337220"",""dst"":""shellyazplug-node/events"",""method"":""NotifyStatus"",""params"":{""ts"":35517.71,""swi"
2026-04-22T16:56:24,shellyazplug-node/debug/log,157,"shellyazplug-e4b323337220 6656 35517.736 1|shelly_notification:163 Status change of switch:0: {""id"":0,""apower"":0,""curren"
2026-04-22T16:56:25,shellyazplug-node/rpc,85,"{""id"": 1, ""src"": ""attacker"", ""method"": ""Switch.Set"", ""params"": {""id"": 0, ""on"": true}}"
2026-04-22T16:56:25,attacker/rpc,85,"{""id"":1,""src"":""shellyazplug-e4b323337220"",""dst"":""attacker"",""result"":{""was_on"":false}}"
2026-04-22T16:56:25,shellyazplug-node/debug/log,88,"shellyazplug-e4b323337220 6657 35518.218 1|shos_rpc_inst.c:230     Switch.Set via MQTT 
"
2026-04-22T16:56:25,shellyazplug-node/status/switch:0,199,"{""id"":0, ""source"":""MQTT"", ""output"":true, ""apower"":0.0, ""voltage"":232.9, ""freq"":50.0, ""current"":0.000, ""aenergy"":{""total"""
2026-04-22T16:56:25,shellyazplug-node/events/rpc,167,"{""src"":""shellyazplug-e4b323337220"",""dst"":""shellyazplug-node/events"",""method"":""NotifyStatus"",""params"":{""ts"":35518.21,""swi"
2026-04-22T16:56:25,shellyazplug-node/debug/log,133,"shellyazplug-e4b323337220 6658 35518.234 1|shelly_notification:163 Status change of switch:0: {""id"":0,""output"":true,""sou"
2026-04-22T16:56:25,shellyazplug-node/rpc,86,"{""id"": 1, ""src"": ""attacker"", ""method"": ""Switch.Set"", ""params"": {""id"": 0, ""on"": false}}"
2026-04-22T16:56:25,attacker/rpc,84,"{""id"":1,""src"":""shellyazplug-e4b323337220"",""dst"":""attacker"",""result"":{""was_on"":true}}"
2026-04-22T16:56:25,shellyazplug-node/debug/log,88,"shellyazplug-e4b323337220 6659 35518.719 1|shos_rpc_inst.c:230     Switch.Set via MQTT 
"
2026-04-22T16:56:25,shellyazplug-node/status/switch:0,200,"{""id"":0, ""source"":""MQTT"", ""output"":false, ""apower"":0.0, ""voltage"":232.9, ""freq"":50.0, ""current"":0.000, ""aenergy"":{""total"
2026-04-22T16:56:25,shellyazplug-node/events/rpc,191,"{""src"":""shellyazplug-e4b323337220"",""dst"":""shellyazplug-node/events"",""method"":""NotifyStatus"",""params"":{""ts"":35518.72,""swi"
2026-04-22T16:56:25,shellyazplug-node/debug/log,157,"shellyazplug-e4b323337220 6660 35518.737 1|shelly_notification:163 Status change of switch:0: {""id"":0,""apower"":0,""curren"
2026-04-22T16:56:26,iot/mq/debug,50,[0;36m[D][sensor:124]: 'Gas Sensor' >> 0.51 V[0m
2026-04-22T16:56:26,iot/mq/sensor/gas_sensor/state,4,0.51
2026-04-22T16:56:26,shellyazplug-node/rpc,85,"{""id"": 1, ""src"": ""attacker"", ""method"": ""Switch.Set"", ""params"": {""id"": 0, ""on"": true}}"
2026-04-22T16:56:26,attacker/rpc,85,"{""id"":1,""src"":""shellyazplug-e4b323337220"",""dst"":""attacker"",""result"":{""was_on"":false}}"
2026-04-22T16:56:26,shellyazplug-node/debug/log,88,"shellyazplug-e4b323337220 6661 35519.231 1|shos_rpc_inst.c:230     Switch.Set via MQTT 
"
2026-04-22T16:56:26,shellyazplug-node/status/switch:0,199,"{""id"":0, ""source"":""MQTT"", ""output"":true, ""apower"":0.0, ""voltage"":232.9, ""freq"":50.0, ""current"":0.000, ""aenergy"":{""total"""
2026-04-22T16:56:26,shellyazplug-node/events/rpc,167,"{""src"":""shellyazplug-e4b323337220"",""dst"":""shellyazplug-node/events"",""method"":""NotifyStatus"",""params"":{""ts"":35519.23,""swi"
2026-04-22T16:56:26,shellyazplug-node/debug/log,133,"shellyazplug-e4b323337220 6662 35519.247 1|shelly_notification:163 Status change of switch:0: {""id"":0,""output"":true,""sou"
2026-04-22T16:56:26,shellyazplug-node/rpc,86,"{""id"": 1, ""src"": ""attacker"", ""method"": ""Switch.Set"", ""params"": {""id"": 0, ""on"": false}}"
2026-04-22T16:56:26,attacker/rpc,84,"{""id"":1,""src"":""shellyazplug-e4b323337220"",""dst"":""attacker"",""result"":{""was_on"":true}}"
2026-04-22T16:56:26,shellyazplug-node/debug/log,88,"shellyazplug-e4b323337220 6663 35519.726 1|shos_rpc_inst.c:230     Switch.Set via MQTT 
"
2026-04-22T16:56:26,shellyazplug-node/status/switch:0,200,"{""id"":0, ""source"":""MQTT"", ""output"":false, ""apower"":0.0, ""voltage"":232.9, ""freq"":50.0, ""current"":0.000, ""aenergy"":{""total"
2026-04-22T16:56:26,shellyazplug-node/events/rpc,191,"{""src"":""shellyazplug-e4b323337220"",""dst"":""shellyazplug-node/events"",""method"":""NotifyStatus"",""params"":{""ts"":35519.72,""swi"
2026-04-22T16:56:26,shellyazplug-node/debug/log,157,"shellyazplug-e4b323337220 6664 35519.745 1|shelly_notification:163 Status change of switch:0: {""id"":0,""apower"":0,""curren"
2026-04-22T16:56:27,shellyazplug-node/rpc,85,"{""id"": 1, ""src"": ""attacker"", ""method"": ""Switch.Set"", ""params"": {""id"": 0, ""on"": true}}"
2026-04-22T16:56:27,attacker/rpc,85,"{""id"":1,""src"":""shellyazplug-e4b323337220"",""dst"":""attacker"",""result"":{""was_on"":false}}"
2026-04-22T16:56:27,iot/dht11/debug,59,[0;36m[D][dht:048]: Temperature 23.4°C Humidity 36.0%[0m
2026-04-22T16:56:27,shellyazplug-node/debug/log,88,"shellyazplug-e4b323337220 6665 35520.227 1|shos_rpc_inst.c:230     Switch.Set via MQTT 
"
2026-04-22T16:56:27,iot/dht11/debug,53,[0;36m[D][sensor:124]: 'Temperature' >> 23.4 °C[0m
2026-04-22T16:56:27,iot/dht11/sensor/temperature/state,4,23.4
2026-04-22T16:56:27,shellyazplug-node/status/switch:0,199,"{""id"":0, ""source"":""MQTT"", ""output"":true, ""apower"":0.0, ""voltage"":232.9, ""freq"":50.0, ""current"":0.000, ""aenergy"":{""total"""
2026-04-22T16:56:27,iot/dht11/debug,46,[0;36m[D][sensor:124]: 'Humidity' >> 36 %[0m
2026-04-22T16:56:27,iot/dht11/sensor/humidity/state,2,36
2026-04-22T16:56:27,shellyazplug-node/events/rpc,167,"{""src"":""shellyazplug-e4b323337220"",""dst"":""shellyazplug-node/events"",""method"":""NotifyStatus"",""params"":{""ts"":35520.22,""swi"
2026-04-22T16:56:27,shellyazplug-node/debug/log,133,"shellyazplug-e4b323337220 6666 35520.243 1|shelly_notification:163 Status change of switch:0: {""id"":0,""output"":true,""sou"
2026-04-22T16:56:27,shellyazplug-node/rpc,86,"{""id"": 1, ""src"": ""attacker"", ""method"": ""Switch.Set"", ""params"": {""id"": 0, ""on"": false}}"
2026-04-22T16:56:27,attacker/rpc,84,"{""id"":1,""src"":""shellyazplug-e4b323337220"",""dst"":""attacker"",""result"":{""was_on"":true}}"
2026-04-22T16:56:27,shellyazplug-node/debug/log,88,"shellyazplug-e4b323337220 6667 35520.727 1|shos_rpc_inst.c:230     Switch.Set via MQTT 
"
2026-04-22T16:56:27,shellyazplug-node/status/switch:0,200,"{""id"":0, ""source"":""MQTT"", ""output"":false, ""apower"":0.0, ""voltage"":233.0, ""freq"":50.0, ""current"":0.000, ""aenergy"":{""total"
2026-04-22T16:56:27,shellyazplug-node/events/rpc,191,"{""src"":""shellyazplug-e4b323337220"",""dst"":""shellyazplug-node/events"",""method"":""NotifyStatus"",""params"":{""ts"":35520.72,""swi"
2026-04-22T16:56:27,shellyazplug-node/debug/log,157,"shellyazplug-e4b323337220 6668 35520.746 1|shelly_notification:163 Status change of switch:0: {""id"":0,""apower"":0,""curren"
2026-04-22T16:56:28,shellyazplug-node/rpc,85,"{""id"": 1, ""src"": ""attacker"", ""method"": ""Switch.Set"", ""params"": {""id"": 0, ""on"": true}}"
2026-04-22T16:56:28,attacker/rpc,85,"{""id"":1,""src"":""shellyazplug-e4b323337220"",""dst"":""attacker"",""result"":{""was_on"":false}}"
2026-04-22T16:56:28,shellyazplug-node/debug/log,88,"shellyazplug-e4b323337220 6669 35521.228 1|shos_rpc_inst.c:230     Switch.Set via MQTT 
"
2026-04-22T16:56:28,shellyazplug-node/status/switch:0,199,"{""id"":0, ""source"":""MQTT"", ""output"":true, ""apower"":0.0, ""voltage"":233.0, ""freq"":50.0, ""current"":0.000, ""aenergy"":{""total"""
2026-04-22T16:56:28,shellyazplug-node/events/rpc,167,"{""src"":""shellyazplug-e4b323337220"",""dst"":""shellyazplug-node/events"",""method"":""NotifyStatus"",""params"":{""ts"":35521.22,""swi"
2026-04-22T16:56:28,shellyazplug-node/debug/log,133,"shellyazplug-e4b323337220 6670 35521.244 1|shelly_notification:163 Status change of switch:0: {""id"":0,""output"":true,""sou"
2026-04-22T16:56:28,shellyazplug-node/rpc,86,"{""id"": 1, ""src"": ""attacker"", ""method"": ""Switch.Set"", ""params"": {""id"": 0, ""on"": false}}"
2026-04-22T16:56:28,attacker/rpc,84,"{""id"":1,""src"":""shellyazplug-e4b323337220"",""dst"":""attacker"",""result"":{""was_on"":true}}"
2026-04-22T16:56:28,shellyazplug-node/debug/log,88,"shellyazplug-e4b323337220 6671 35521.728 1|shos_rpc_inst.c:230     Switch.Set via MQTT 
"
2026-04-22T16:56:28,shellyazplug-node/status/switch:0,200,"{""id"":0, ""source"":""MQTT"", ""output"":false, ""apower"":0.0, ""voltage"":232.9, ""freq"":50.0, ""current"":0.000, ""aenergy"":{""total"
2026-04-22T16:56:28,shellyazplug-node/events/rpc,191,"{""src"":""shellyazplug-e4b323337220"",""dst"":""shellyazplug-node/events"",""method"":""NotifyStatus"",""params"":{""ts"":35521.73,""swi"
2026-04-22T16:56:28,shellyazplug-node/debug/log,157,"shellyazplug-e4b323337220 6672 35521.747 1|shelly_notification:163 Status change of switch:0: {""id"":0,""apower"":0,""curren"
2026-04-22T16:56:29,shellyazplug-node/rpc,85,"{""id"": 1, ""src"": ""attacker"", ""method"": ""Switch.Set"", ""params"": {""id"": 0, ""on"": true}}"
2026-04-22T16:56:29,attacker/rpc,85,"{""id"":1,""src"":""shellyazplug-e4b323337220"",""dst"":""attacker"",""result"":{""was_on"":false}}"
2026-04-22T16:56:29,shellyazplug-node/debug/log,88,"shellyazplug-e4b323337220 6673 35522.229 1|shos_rpc_inst.c:230     Switch.Set via MQTT 
"
2026-04-22T16:56:29,shellyazplug-node/status/switch:0,199,"{""id"":0, ""source"":""MQTT"", ""output"":true, ""apower"":0.0, ""voltage"":232.9, ""freq"":50.0, ""current"":0.000, ""aenergy"":{""total"""
2026-04-22T16:56:29,shellyazplug-node/events/rpc,167,"{""src"":""shellyazplug-e4b323337220"",""dst"":""shellyazplug-node/events"",""method"":""NotifyStatus"",""params"":{""ts"":35522.23,""swi"
2026-04-22T16:56:29,shellyazplug-node/debug/log,133,"shellyazplug-e4b323337220 6674 35522.245 1|shelly_notification:163 Status change of switch:0: {""id"":0,""output"":true,""sou"
2026-04-22T16:56:29,shellyazplug-node/rpc,86,"{""id"": 1, ""src"": ""attacker"", ""method"": ""Switch.Set"", ""params"": {""id"": 0, ""on"": false}}"
2026-04-22T16:56:29,attacker/rpc,84,"{""id"":1,""src"":""shellyazplug-e4b323337220"",""dst"":""attacker"",""result"":{""was_on"":true}}"
2026-04-22T16:56:29,shellyazplug-node/debug/log,88,"shellyazplug-e4b323337220 6675 35522.730 1|shos_rpc_inst.c:230     Switch.Set via MQTT 
"
2026-04-22T16:56:29,shellyazplug-node/status/switch:0,200,"{""id"":0, ""source"":""MQTT"", ""output"":false, ""apower"":0.0, ""voltage"":232.9, ""freq"":50.0, ""current"":0.000, ""aenergy"":{""total"
2026-04-22T16:56:29,shellyazplug-node/events/rpc,191,"{""src"":""shellyazplug-e4b323337220"",""dst"":""shellyazplug-node/events"",""method"":""NotifyStatus"",""params"":{""ts"":35522.73,""swi"
2026-04-22T16:56:29,shellyazplug-node/debug/log,157,"shellyazplug-e4b323337220 6676 35522.749 1|shelly_notification:163 Status change of switch:0: {""id"":0,""apower"":0,""curren"
2026-04-22T16:56:30,shellyazplug-node/rpc,85,"{""id"": 1, ""src"": ""attacker"", ""method"": ""Switch.Set"", ""params"": {""id"": 0, ""on"": true}}"
2026-04-22T16:56:30,attacker/rpc,85,"{""id"":1,""src"":""shellyazplug-e4b323337220"",""dst"":""attacker"",""result"":{""was_on"":false}}"
2026-04-22T16:56:30,shellyazplug-node/debug/log,88,"shellyazplug-e4b323337220 6677 35523.232 1|shos_rpc_inst.c:230     Switch.Set via MQTT 
"
2026-04-22T16:56:30,shellyazplug-node/status/switch:0,199,"{""id"":0, ""source"":""MQTT"", ""output"":true, ""apower"":0.0, ""voltage"":232.9, ""freq"":50.0, ""current"":0.000, ""aenergy"":{""total"""
2026-04-22T16:56:30,shellyazplug-node/events/rpc,167,"{""src"":""shellyazplug-e4b323337220"",""dst"":""shellyazplug-node/events"",""method"":""NotifyStatus"",""params"":{""ts"":35523.23,""swi"
2026-04-22T16:56:30,shellyazplug-node/debug/log,133,"shellyazplug-e4b323337220 6678 35523.248 1|shelly_notification:163 Status change of switch:0: {""id"":0,""output"":true,""sou"
2026-04-22T16:56:30,shellyazplug-node/rpc,86,"{""id"": 1, ""src"": ""attacker"", ""method"": ""Switch.Set"", ""params"": {""id"": 0, ""on"": false}}"
2026-04-22T16:56:30,attacker/rpc,84,"{""id"":1,""src"":""shellyazplug-e4b323337220"",""dst"":""attacker"",""result"":{""was_on"":true}}"
2026-04-22T16:56:30,shellyazplug-node/debug/log,88,"shellyazplug-e4b323337220 6679 35523.731 1|shos_rpc_inst.c:230     Switch.Set via MQTT 
"
2026-04-22T16:56:30,shellyazplug-node/status/switch:0,200,"{""id"":0, ""source"":""MQTT"", ""output"":false, ""apower"":0.0, ""voltage"":232.9, ""freq"":50.0, ""current"":0.000, ""aenergy"":{""total"
2026-04-22T16:56:30,shellyazplug-node/events/rpc,191,"{""src"":""shellyazplug-e4b323337220"",""dst"":""shellyazplug-node/events"",""method"":""NotifyStatus"",""params"":{""ts"":35523.73,""swi"
2026-04-22T16:56:30,shellyazplug-node/debug/log,157,"shellyazplug-e4b323337220 6680 35523.749 1|shelly_notification:163 Status change of switch:0: {""id"":0,""apower"":0,""curren"
2026-04-22T16:56:31,iot/mq/debug,50,[0;36m[D][sensor:124]: 'Gas Sensor' >> 0.50 V[0m
2026-04-22T16:56:31,iot/mq/sensor/gas_sensor/state,4,0.50
2026-04-22T16:56:31,shellyazplug-node/rpc,85,"{""id"": 1, ""src"": ""attacker"", ""method"": ""Switch.Set"", ""params"": {""id"": 0, ""on"": true}}"
2026-04-22T16:56:31,attacker/rpc,85,"{""id"":1,""src"":""shellyazplug-e4b323337220"",""dst"":""attacker"",""result"":{""was_on"":false}}"
2026-04-22T16:56:31,shellyazplug-node/debug/log,88,"shellyazplug-e4b323337220 6681 35524.232 1|shos_rpc_inst.c:230     Switch.Set via MQTT 
"
2026-04-22T16:56:31,shellyazplug-node/status/switch:0,199,"{""id"":0, ""source"":""MQTT"", ""output"":true, ""apower"":0.0, ""voltage"":232.9, ""freq"":50.0, ""current"":0.000, ""aenergy"":{""total"""
2026-04-22T16:56:31,shellyazplug-node/events/rpc,167,"{""src"":""shellyazplug-e4b323337220"",""dst"":""shellyazplug-node/events"",""method"":""NotifyStatus"",""params"":{""ts"":35524.23,""swi"
2026-04-22T16:56:31,shellyazplug-node/debug/log,133,"shellyazplug-e4b323337220 6682 35524.249 1|shelly_notification:163 Status change of switch:0: {""id"":0,""output"":true,""sou"
2026-04-22T16:56:31,shellyazplug-node/rpc,86,"{""id"": 1, ""src"": ""attacker"", ""method"": ""Switch.Set"", ""params"": {""id"": 0, ""on"": false}}"
2026-04-22T16:56:31,attacker/rpc,84,"{""id"":1,""src"":""shellyazplug-e4b323337220"",""dst"":""attacker"",""result"":{""was_on"":true}}"
2026-04-22T16:56:31,shellyazplug-node/debug/log,88,"shellyazplug-e4b323337220 6683 35524.732 1|shos_rpc_inst.c:230     Switch.Set via MQTT 
"
2026-04-22T16:56:31,shellyazplug-node/status/switch:0,200,"{""id"":0, ""source"":""MQTT"", ""output"":false, ""apower"":0.0, ""voltage"":233.1, ""freq"":50.0, ""current"":0.000, ""aenergy"":{""total"
2026-04-22T16:56:31,shellyazplug-node/events/rpc,191,"{""src"":""shellyazplug-e4b323337220"",""dst"":""shellyazplug-node/events"",""method"":""NotifyStatus"",""params"":{""ts"":35524.73,""swi"
2026-04-22T16:56:31,shellyazplug-node/debug/log,157,"shellyazplug-e4b323337220 6684 35524.750 1|shelly_notification:163 Status change of switch:0: {""id"":0,""apower"":0,""curren"
2026-04-22T16:56:32,shellyazplug-node/rpc,85,"{""id"": 1, ""src"": ""attacker"", ""method"": ""Switch.Set"", ""params"": {""id"": 0, ""on"": true}}"
2026-04-22T16:56:32,attacker/rpc,85,"{""id"":1,""src"":""shellyazplug-e4b323337220"",""dst"":""attacker"",""result"":{""was_on"":false}}"
2026-04-22T16:56:32,shellyazplug-node/debug/log,88,"shellyazplug-e4b323337220 6685 35525.232 1|shos_rpc_inst.c:230     Switch.Set via MQTT 
"
2026-04-22T16:56:32,shellyazplug-node/status/switch:0,199,"{""id"":0, ""source"":""MQTT"", ""output"":true, ""apower"":0.0, ""voltage"":233.1, ""freq"":50.0, ""current"":0.000, ""aenergy"":{""total"""
2026-04-22T16:56:32,shellyazplug-node/events/rpc,167,"{""src"":""shellyazplug-e4b323337220"",""dst"":""shellyazplug-node/events"",""method"":""NotifyStatus"",""params"":{""ts"":35525.23,""swi"
2026-04-22T16:56:32,shellyazplug-node/debug/log,133,"shellyazplug-e4b323337220 6686 35525.249 1|shelly_notification:163 Status change of switch:0: {""id"":0,""output"":true,""sou"
2026-04-22T16:56:32,shellyazplug-node/rpc,86,"{""id"": 1, ""src"": ""attacker"", ""method"": ""Switch.Set"", ""params"": {""id"": 0, ""on"": false}}"
2026-04-22T16:56:32,attacker/rpc,84,"{""id"":1,""src"":""shellyazplug-e4b323337220"",""dst"":""attacker"",""result"":{""was_on"":true}}"
2026-04-22T16:56:32,shellyazplug-node/debug/log,88,"shellyazplug-e4b323337220 6687 35525.733 1|shos_rpc_inst.c:230     Switch.Set via MQTT 
"
2026-04-22T16:56:32,shellyazplug-node/status/switch:0,200,"{""id"":0, ""source"":""MQTT"", ""output"":false, ""apower"":0.0, ""voltage"":233.1, ""freq"":50.0, ""current"":0.000, ""aenergy"":{""total"
2026-04-22T16:56:32,shellyazplug-node/events/rpc,191,"{""src"":""shellyazplug-e4b323337220"",""dst"":""shellyazplug-node/events"",""method"":""NotifyStatus"",""params"":{""ts"":35525.73,""swi"
2026-04-22T16:56:32,shellyazplug-node/debug/log,157,"shellyazplug-e4b323337220 6688 35525.751 1|shelly_notification:163 Status change of switch:0: {""id"":0,""apower"":0,""curren"
2026-04-22T16:56:33,shellyazplug-node/rpc,85,"{""id"": 1, ""src"": ""attacker"", ""method"": ""Switch.Set"", ""params"": {""id"": 0, ""on"": true}}"
2026-04-22T16:56:33,attacker/rpc,85,"{""id"":1,""src"":""shellyazplug-e4b323337220"",""dst"":""attacker"",""result"":{""was_on"":false}}"
2026-04-22T16:56:33,shellyazplug-node/debug/log,88,"shellyazplug-e4b323337220 6689 35526.233 1|shos_rpc_inst.c:230     Switch.Set via MQTT 
"
2026-04-22T16:56:33,shellyazplug-node/status/switch:0,199,"{""id"":0, ""source"":""MQTT"", ""output"":true, ""apower"":0.0, ""voltage"":233.1, ""freq"":50.0, ""current"":0.000, ""aenergy"":{""total"""
2026-04-22T16:56:33,shellyazplug-node/events/rpc,167,"{""src"":""shellyazplug-e4b323337220"",""dst"":""shellyazplug-node/events"",""method"":""NotifyStatus"",""params"":{""ts"":35526.23,""swi"
2026-04-22T16:56:33,shellyazplug-node/debug/log,133,"shellyazplug-e4b323337220 6690 35526.250 1|shelly_notification:163 Status change of switch:0: {""id"":0,""output"":true,""sou"
2026-04-22T16:56:33,shellyazplug-node/rpc,86,"{""id"": 1, ""src"": ""attacker"", ""method"": ""Switch.Set"", ""params"": {""id"": 0, ""on"": false}}"
2026-04-22T16:56:33,attacker/rpc,84,"{""id"":1,""src"":""shellyazplug-e4b323337220"",""dst"":""attacker"",""result"":{""was_on"":true}}"
2026-04-22T16:56:33,shellyazplug-node/debug/log,88,"shellyazplug-e4b323337220 6691 35526.733 1|shos_rpc_inst.c:230     Switch.Set via MQTT 
"
2026-04-22T16:56:33,shellyazplug-node/status/switch:0,200,"{""id"":0, ""source"":""MQTT"", ""output"":false, ""apower"":0.0, ""voltage"":233.2, ""freq"":50.0, ""current"":0.000, ""aenergy"":{""total"
2026-04-22T16:56:33,shellyazplug-node/events/rpc,191,"{""src"":""shellyazplug-e4b323337220"",""dst"":""shellyazplug-node/events"",""method"":""NotifyStatus"",""params"":{""ts"":35526.73,""swi"
2026-04-22T16:56:33,shellyazplug-node/debug/log,157,"shellyazplug-e4b323337220 6692 35526.752 1|shelly_notification:163 Status change of switch:0: {""id"":0,""apower"":0,""curren"
2026-04-22T16:56:34,shellyazplug-node/rpc,85,"{""id"": 1, ""src"": ""attacker"", ""method"": ""Switch.Set"", ""params"": {""id"": 0, ""on"": true}}"
2026-04-22T16:56:34,attacker/rpc,85,"{""id"":1,""src"":""shellyazplug-e4b323337220"",""dst"":""attacker"",""result"":{""was_on"":false}}"
2026-04-22T16:56:34,shellyazplug-node/debug/log,88,"shellyazplug-e4b323337220 6693 35527.236 1|shos_rpc_inst.c:230     Switch.Set via MQTT 
"
2026-04-22T16:56:34,shellyazplug-node/status/switch:0,199,"{""id"":0, ""source"":""MQTT"", ""output"":true, ""apower"":0.0, ""voltage"":233.2, ""freq"":50.0, ""current"":0.000, ""aenergy"":{""total"""
2026-04-22T16:56:34,shellyazplug-node/events/rpc,167,"{""src"":""shellyazplug-e4b323337220"",""dst"":""shellyazplug-node/events"",""method"":""NotifyStatus"",""params"":{""ts"":35527.23,""swi"
2026-04-22T16:56:34,shellyazplug-node/debug/log,133,"shellyazplug-e4b323337220 6694 35527.252 1|shelly_notification:163 Status change of switch:0: {""id"":0,""output"":true,""sou"
2026-04-22T16:56:34,shellyazplug-node/rpc,86,"{""id"": 1, ""src"": ""attacker"", ""method"": ""Switch.Set"", ""params"": {""id"": 0, ""on"": false}}"
2026-04-22T16:56:34,attacker/rpc,84,"{""id"":1,""src"":""shellyazplug-e4b323337220"",""dst"":""attacker"",""result"":{""was_on"":true}}"
2026-04-22T16:56:34,shellyazplug-node/debug/log,88,"shellyazplug-e4b323337220 6695 35527.734 1|shos_rpc_inst.c:230     Switch.Set via MQTT 
"
2026-04-22T16:56:34,shellyazplug-node/status/switch:0,200,"{""id"":0, ""source"":""MQTT"", ""output"":false, ""apower"":0.0, ""voltage"":233.2, ""freq"":50.0, ""current"":0.000, ""aenergy"":{""total"
2026-04-22T16:56:34,shellyazplug-node/events/rpc,191,"{""src"":""shellyazplug-e4b323337220"",""dst"":""shellyazplug-node/events"",""method"":""NotifyStatus"",""params"":{""ts"":35527.73,""swi"
2026-04-22T16:56:34,shellyazplug-node/debug/log,157,"shellyazplug-e4b323337220 6696 35527.753 1|shelly_notification:163 Status change of switch:0: {""id"":0,""apower"":0,""curren"
2026-04-22T16:56:35,shellyazplug-node/rpc,85,"{""id"": 1, ""src"": ""attacker"", ""method"": ""Switch.Set"", ""params"": {""id"": 0, ""on"": true}}"
2026-04-22T16:56:35,attacker/rpc,85,"{""id"":1,""src"":""shellyazplug-e4b323337220"",""dst"":""attacker"",""result"":{""was_on"":false}}"
2026-04-22T16:56:35,shellyazplug-node/debug/log,88,"shellyazplug-e4b323337220 6697 35528.236 1|shos_rpc_inst.c:230     Switch.Set via MQTT 
"
2026-04-22T16:56:35,shellyazplug-node/status/switch:0,199,"{""id"":0, ""source"":""MQTT"", ""output"":true, ""apower"":0.0, ""voltage"":233.2, ""freq"":50.0, ""current"":0.000, ""aenergy"":{""total"""
2026-04-22T16:56:35,shellyazplug-node/events/rpc,167,"{""src"":""shellyazplug-e4b323337220"",""dst"":""shellyazplug-node/events"",""method"":""NotifyStatus"",""params"":{""ts"":35528.23,""swi"
2026-04-22T16:56:35,shellyazplug-node/debug/log,133,"shellyazplug-e4b323337220 6698 35528.253 1|shelly_notification:163 Status change of switch:0: {""id"":0,""output"":true,""sou"
2026-04-22T16:56:35,shellyazplug-node/rpc,86,"{""id"": 1, ""src"": ""attacker"", ""method"": ""Switch.Set"", ""params"": {""id"": 0, ""on"": false}}"
2026-04-22T16:56:35,attacker/rpc,84,"{""id"":1,""src"":""shellyazplug-e4b323337220"",""dst"":""attacker"",""result"":{""was_on"":true}}"
2026-04-22T16:56:35,shellyazplug-node/debug/log,88,"shellyazplug-e4b323337220 6699 35528.738 1|shos_rpc_inst.c:230     Switch.Set via MQTT 
"
2026-04-22T16:56:35,shellyazplug-node/status/switch:0,200,"{""id"":0, ""source"":""MQTT"", ""output"":false, ""apower"":0.0, ""voltage"":233.1, ""freq"":50.0, ""current"":0.000, ""aenergy"":{""total"
2026-04-22T16:56:35,shellyazplug-node/events/rpc,191,"{""src"":""shellyazplug-e4b323337220"",""dst"":""shellyazplug-node/events"",""method"":""NotifyStatus"",""params"":{""ts"":35528.74,""swi"
2026-04-22T16:56:35,shellyazplug-node/debug/log,157,"shellyazplug-e4b323337220 6700 35528.756 1|shelly_notification:163 Status change of switch:0: {""id"":0,""apower"":0,""curren"
2026-04-22T16:56:36,iot/mq/debug,50,[0;36m[D][sensor:124]: 'Gas Sensor' >> 0.50 V[0m
2026-04-22T16:56:36,iot/mq/sensor/gas_sensor/state,4,0.50
2026-04-22T16:56:36,shellyazplug-node/rpc,85,"{""id"": 1, ""src"": ""attacker"", ""method"": ""Switch.Set"", ""params"": {""id"": 0, ""on"": true}}"
2026-04-22T16:56:36,attacker/rpc,85,"{""id"":1,""src"":""shellyazplug-e4b323337220"",""dst"":""attacker"",""result"":{""was_on"":false}}"
2026-04-22T16:56:36,shellyazplug-node/debug/log,88,"shellyazplug-e4b323337220 6701 35529.235 1|shos_rpc_inst.c:230     Switch.Set via MQTT 
"
2026-04-22T16:56:36,shellyazplug-node/status/switch:0,199,"{""id"":0, ""source"":""MQTT"", ""output"":true, ""apower"":0.0, ""voltage"":233.1, ""freq"":50.0, ""current"":0.000, ""aenergy"":{""total"""
2026-04-22T16:56:36,shellyazplug-node/events/rpc,167,"{""src"":""shellyazplug-e4b323337220"",""dst"":""shellyazplug-node/events"",""method"":""NotifyStatus"",""params"":{""ts"":35529.23,""swi"
2026-04-22T16:56:36,shellyazplug-node/debug/log,133,"shellyazplug-e4b323337220 6702 35529.252 1|shelly_notification:163 Status change of switch:0: {""id"":0,""output"":true,""sou"
2026-04-22T16:56:36,shellyazplug-node/rpc,86,"{""id"": 1, ""src"": ""attacker"", ""method"": ""Switch.Set"", ""params"": {""id"": 0, ""on"": false}}"
2026-04-22T16:56:36,attacker/rpc,84,"{""id"":1,""src"":""shellyazplug-e4b323337220"",""dst"":""attacker"",""result"":{""was_on"":true}}"
2026-04-22T16:56:36,shellyazplug-node/debug/log,88,"shellyazplug-e4b323337220 6703 35529.736 1|shos_rpc_inst.c:230     Switch.Set via MQTT 
"
2026-04-22T16:56:36,shellyazplug-node/status/switch:0,200,"{""id"":0, ""source"":""MQTT"", ""output"":false, ""apower"":0.0, ""voltage"":233.2, ""freq"":50.0, ""current"":0.000, ""aenergy"":{""total"
2026-04-22T16:56:36,shellyazplug-node/events/rpc,191,"{""src"":""shellyazplug-e4b323337220"",""dst"":""shellyazplug-node/events"",""method"":""NotifyStatus"",""params"":{""ts"":35529.73,""swi"
2026-04-22T16:56:36,shellyazplug-node/debug/log,157,"shellyazplug-e4b323337220 6704 35529.755 1|shelly_notification:163 Status change of switch:0: {""id"":0,""apower"":0,""curren"
2026-04-22T16:56:37,shellyazplug-node/rpc,85,"{""id"": 1, ""src"": ""attacker"", ""method"": ""Switch.Set"", ""params"": {""id"": 0, ""on"": true}}"
2026-04-22T16:56:37,attacker/rpc,85,"{""id"":1,""src"":""shellyazplug-e4b323337220"",""dst"":""attacker"",""result"":{""was_on"":false}}"
2026-04-22T16:56:37,iot/dht11/debug,59,[0;36m[D][dht:048]: Temperature 23.4°C Humidity 36.0%[0m
2026-04-22T16:56:37,shellyazplug-node/debug/log,88,"shellyazplug-e4b323337220 6705 35530.237 1|shos_rpc_inst.c:230     Switch.Set via MQTT 
"
2026-04-22T16:56:37,iot/dht11/debug,53,[0;36m[D][sensor:124]: 'Temperature' >> 23.4 °C[0m
2026-04-22T16:56:37,iot/dht11/sensor/temperature/state,4,23.4
2026-04-22T16:56:37,iot/dht11/debug,46,[0;36m[D][sensor:124]: 'Humidity' >> 36 %[0m
2026-04-22T16:56:37,iot/dht11/sensor/humidity/state,2,36
2026-04-22T16:56:37,shellyazplug-node/status/switch:0,199,"{""id"":0, ""source"":""MQTT"", ""output"":true, ""apower"":0.0, ""voltage"":233.2, ""freq"":50.0, ""current"":0.000, ""aenergy"":{""total"""
2026-04-22T16:56:37,shellyazplug-node/events/rpc,167,"{""src"":""shellyazplug-e4b323337220"",""dst"":""shellyazplug-node/events"",""method"":""NotifyStatus"",""params"":{""ts"":35530.23,""swi"
2026-04-22T16:56:37,shellyazplug-node/debug/log,133,"shellyazplug-e4b323337220 6706 35530.254 1|shelly_notification:163 Status change of switch:0: {""id"":0,""output"":true,""sou"
2026-04-22T16:56:37,shellyazplug-node/rpc,86,"{""id"": 1, ""src"": ""attacker"", ""method"": ""Switch.Set"", ""params"": {""id"": 0, ""on"": false}}"
2026-04-22T16:56:37,attacker/rpc,84,"{""id"":1,""src"":""shellyazplug-e4b323337220"",""dst"":""attacker"",""result"":{""was_on"":true}}"
2026-04-22T16:56:37,shellyazplug-node/debug/log,88,"shellyazplug-e4b323337220 6707 35530.737 1|shos_rpc_inst.c:230     Switch.Set via MQTT 
"
2026-04-22T16:56:37,shellyazplug-node/status/switch:0,200,"{""id"":0, ""source"":""MQTT"", ""output"":false, ""apower"":0.0, ""voltage"":233.2, ""freq"":50.0, ""current"":0.000, ""aenergy"":{""total"
2026-04-22T16:56:37,shellyazplug-node/events/rpc,191,"{""src"":""shellyazplug-e4b323337220"",""dst"":""shellyazplug-node/events"",""method"":""NotifyStatus"",""params"":{""ts"":35530.73,""swi"
2026-04-22T16:56:37,shellyazplug-node/debug/log,157,"shellyazplug-e4b323337220 6708 35530.756 1|shelly_notification:163 Status change of switch:0: {""id"":0,""apower"":0,""curren"
2026-04-22T16:56:38,shellyazplug-node/rpc,85,"{""id"": 1, ""src"": ""attacker"", ""method"": ""Switch.Set"", ""params"": {""id"": 0, ""on"": true}}"
2026-04-22T16:56:38,attacker/rpc,85,"{""id"":1,""src"":""shellyazplug-e4b323337220"",""dst"":""attacker"",""result"":{""was_on"":false}}"
2026-04-22T16:56:38,shellyazplug-node/debug/log,88,"shellyazplug-e4b323337220 6709 35531.239 1|shos_rpc_inst.c:230     Switch.Set via MQTT 
"
2026-04-22T16:56:38,shellyazplug-node/status/switch:0,199,"{""id"":0, ""source"":""MQTT"", ""output"":true, ""apower"":0.0, ""voltage"":233.2, ""freq"":50.0, ""current"":0.000, ""aenergy"":{""total"""
2026-04-22T16:56:38,shellyazplug-node/events/rpc,167,"{""src"":""shellyazplug-e4b323337220"",""dst"":""shellyazplug-node/events"",""method"":""NotifyStatus"",""params"":{""ts"":35531.24,""swi"
2026-04-22T16:56:38,shellyazplug-node/debug/log,133,"shellyazplug-e4b323337220 6710 35531.255 1|shelly_notification:163 Status change of switch:0: {""id"":0,""output"":true,""sou"
2026-04-22T16:56:38,iot/pir/binary_sensor/motion/state,2,ON
2026-04-22T16:56:38,shellyazplug-node/rpc,86,"{""id"": 1, ""src"": ""attacker"", ""method"": ""Switch.Set"", ""params"": {""id"": 0, ""on"": false}}"
2026-04-22T16:56:38,iot/pir/debug,49,[0;36m[D][binary_sensor:048]: 'Motion' >> ON[0m
2026-04-22T16:56:38,attacker/rpc,84,"{""id"":1,""src"":""shellyazplug-e4b323337220"",""dst"":""attacker"",""result"":{""was_on"":true}}"
2026-04-22T16:56:38,shellyazplug-node/debug/log,88,"shellyazplug-e4b323337220 6711 35531.740 1|shos_rpc_inst.c:230     Switch.Set via MQTT 
"
2026-04-22T16:56:38,shellyazplug-node/status/switch:0,200,"{""id"":0, ""source"":""MQTT"", ""output"":false, ""apower"":0.0, ""voltage"":233.3, ""freq"":50.0, ""current"":0.000, ""aenergy"":{""total"
2026-04-22T16:56:38,shellyazplug-node/events/rpc,191,"{""src"":""shellyazplug-e4b323337220"",""dst"":""shellyazplug-node/events"",""method"":""NotifyStatus"",""params"":{""ts"":35531.74,""swi"
2026-04-22T16:56:38,shellyazplug-node/debug/log,157,"shellyazplug-e4b323337220 6712 35531.758 1|shelly_notification:163 Status change of switch:0: {""id"":0,""apower"":0,""curren"
2026-04-22T16:56:39,shellyazplug-node/rpc,85,"{""id"": 1, ""src"": ""attacker"", ""method"": ""Switch.Set"", ""params"": {""id"": 0, ""on"": true}}"
2026-04-22T16:56:39,attacker/rpc,85,"{""id"":1,""src"":""shellyazplug-e4b323337220"",""dst"":""attacker"",""result"":{""was_on"":false}}"
2026-04-22T16:56:39,shellyazplug-node/debug/log,88,"shellyazplug-e4b323337220 6713 35532.239 1|shos_rpc_inst.c:230     Switch.Set via MQTT 
"
2026-04-22T16:56:39,shellyazplug-node/status/switch:0,199,"{""id"":0, ""source"":""MQTT"", ""output"":true, ""apower"":0.0, ""voltage"":233.3, ""freq"":50.0, ""current"":0.000, ""aenergy"":{""total"""
2026-04-22T16:56:39,shellyazplug-node/events/rpc,167,"{""src"":""shellyazplug-e4b323337220"",""dst"":""shellyazplug-node/events"",""method"":""NotifyStatus"",""params"":{""ts"":35532.24,""swi"
2026-04-22T16:56:39,shellyazplug-node/debug/log,133,"shellyazplug-e4b323337220 6714 35532.256 1|shelly_notification:163 Status change of switch:0: {""id"":0,""output"":true,""sou"
2026-04-22T16:56:39,shellyazplug-node/rpc,86,"{""id"": 1, ""src"": ""attacker"", ""method"": ""Switch.Set"", ""params"": {""id"": 0, ""on"": false}}"
2026-04-22T16:56:39,attacker/rpc,84,"{""id"":1,""src"":""shellyazplug-e4b323337220"",""dst"":""attacker"",""result"":{""was_on"":true}}"
2026-04-22T16:56:39,shellyazplug-node/debug/log,88,"shellyazplug-e4b323337220 6715 35532.742 1|shos_rpc_inst.c:230     Switch.Set via MQTT 
"
2026-04-22T16:56:39,shellyazplug-node/status/switch:0,200,"{""id"":0, ""source"":""MQTT"", ""output"":false, ""apower"":0.0, ""voltage"":233.3, ""freq"":50.0, ""current"":0.000, ""aenergy"":{""total"
2026-04-22T16:56:39,shellyazplug-node/events/rpc,191,"{""src"":""shellyazplug-e4b323337220"",""dst"":""shellyazplug-node/events"",""method"":""NotifyStatus"",""params"":{""ts"":35532.74,""swi"
2026-04-22T16:56:39,shellyazplug-node/debug/log,157,"shellyazplug-e4b323337220 6716 35532.760 1|shelly_notification:163 Status change of switch:0: {""id"":0,""apower"":0,""curren"
2026-04-22T16:56:40,shellyazplug-node/rpc,85,"{""id"": 1, ""src"": ""attacker"", ""method"": ""Switch.Set"", ""params"": {""id"": 0, ""on"": true}}"
2026-04-22T16:56:40,attacker/rpc,85,"{""id"":1,""src"":""shellyazplug-e4b323337220"",""dst"":""attacker"",""result"":{""was_on"":false}}"
2026-04-22T16:56:40,shellyazplug-node/debug/log,88,"shellyazplug-e4b323337220 6717 35533.244 1|shos_rpc_inst.c:230     Switch.Set via MQTT 
"
2026-04-22T16:56:40,shellyazplug-node/status/switch:0,199,"{""id"":0, ""source"":""MQTT"", ""output"":true, ""apower"":0.0, ""voltage"":233.3, ""freq"":50.0, ""current"":0.000, ""aenergy"":{""total"""
2026-04-22T16:56:40,shellyazplug-node/events/rpc,167,"{""src"":""shellyazplug-e4b323337220"",""dst"":""shellyazplug-node/events"",""method"":""NotifyStatus"",""params"":{""ts"":35533.24,""swi"
2026-04-22T16:56:40,shellyazplug-node/debug/log,133,"shellyazplug-e4b323337220 6718 35533.260 1|shelly_notification:163 Status change of switch:0: {""id"":0,""output"":true,""sou"
2026-04-22T16:56:40,shellyazplug-node/rpc,86,"{""id"": 1, ""src"": ""attacker"", ""method"": ""Switch.Set"", ""params"": {""id"": 0, ""on"": false}}"
2026-04-22T16:56:40,attacker/rpc,84,"{""id"":1,""src"":""shellyazplug-e4b323337220"",""dst"":""attacker"",""result"":{""was_on"":true}}"
2026-04-22T16:56:40,shellyazplug-node/debug/log,88,"shellyazplug-e4b323337220 6719 35533.740 1|shos_rpc_inst.c:230     Switch.Set via MQTT 
"
2026-04-22T16:56:40,shellyazplug-node/status/switch:0,200,"{""id"":0, ""source"":""MQTT"", ""output"":false, ""apower"":0.0, ""voltage"":233.3, ""freq"":50.0, ""current"":0.000, ""aenergy"":{""total"
2026-04-22T16:56:40,shellyazplug-node/events/rpc,191,"{""src"":""shellyazplug-e4b323337220"",""dst"":""shellyazplug-node/events"",""method"":""NotifyStatus"",""params"":{""ts"":35533.74,""swi"
2026-04-22T16:56:40,shellyazplug-node/debug/log,157,"shellyazplug-e4b323337220 6720 35533.759 1|shelly_notification:163 Status change of switch:0: {""id"":0,""apower"":0,""curren"
2026-04-22T16:56:41,iot/mq/debug,50,[0;36m[D][sensor:124]: 'Gas Sensor' >> 0.50 V[0m
2026-04-22T16:56:41,iot/mq/sensor/gas_sensor/state,4,0.50
2026-04-22T16:56:41,shellyazplug-node/rpc,85,"{""id"": 1, ""src"": ""attacker"", ""method"": ""Switch.Set"", ""params"": {""id"": 0, ""on"": true}}"
2026-04-22T16:56:41,attacker/rpc,85,"{""id"":1,""src"":""shellyazplug-e4b323337220"",""dst"":""attacker"",""result"":{""was_on"":false}}"
2026-04-22T16:56:41,shellyazplug-node/debug/log,88,"shellyazplug-e4b323337220 6721 35534.244 1|shos_rpc_inst.c:230     Switch.Set via MQTT 
"
2026-04-22T16:56:41,shellyazplug-node/status/switch:0,199,"{""id"":0, ""source"":""MQTT"", ""output"":true, ""apower"":0.0, ""voltage"":233.3, ""freq"":50.0, ""current"":0.000, ""aenergy"":{""total"""
2026-04-22T16:56:41,shellyazplug-node/events/rpc,167,"{""src"":""shellyazplug-e4b323337220"",""dst"":""shellyazplug-node/events"",""method"":""NotifyStatus"",""params"":{""ts"":35534.24,""swi"
2026-04-22T16:56:41,shellyazplug-node/debug/log,133,"shellyazplug-e4b323337220 6722 35534.260 1|shelly_notification:163 Status change of switch:0: {""id"":0,""output"":true,""sou"
2026-04-22T16:56:41,shellyazplug-node/rpc,86,"{""id"": 1, ""src"": ""attacker"", ""method"": ""Switch.Set"", ""params"": {""id"": 0, ""on"": false}}"
2026-04-22T16:56:41,attacker/rpc,84,"{""id"":1,""src"":""shellyazplug-e4b323337220"",""dst"":""attacker"",""result"":{""was_on"":true}}"
2026-04-22T16:56:41,shellyazplug-node/debug/log,88,"shellyazplug-e4b323337220 6723 35534.747 1|shos_rpc_inst.c:230     Switch.Set via MQTT 
"
2026-04-22T16:56:41,shellyazplug-node/status/switch:0,200,"{""id"":0, ""source"":""MQTT"", ""output"":false, ""apower"":0.0, ""voltage"":233.4, ""freq"":50.0, ""current"":0.000, ""aenergy"":{""total"
2026-04-22T16:56:41,shellyazplug-node/events/rpc,191,"{""src"":""shellyazplug-e4b323337220"",""dst"":""shellyazplug-node/events"",""method"":""NotifyStatus"",""params"":{""ts"":35534.74,""swi"
2026-04-22T16:56:41,shellyazplug-node/debug/log,157,"shellyazplug-e4b323337220 6724 35534.766 1|shelly_notification:163 Status change of switch:0: {""id"":0,""apower"":0,""curren"
2026-04-22T16:56:42,shellyazplug-node/rpc,85,"{""id"": 1, ""src"": ""attacker"", ""method"": ""Switch.Set"", ""params"": {""id"": 0, ""on"": true}}"
2026-04-22T16:56:42,attacker/rpc,85,"{""id"":1,""src"":""shellyazplug-e4b323337220"",""dst"":""attacker"",""result"":{""was_on"":false}}"
2026-04-22T16:56:42,shellyazplug-node/debug/log,88,"shellyazplug-e4b323337220 6725 35535.247 1|shos_rpc_inst.c:230     Switch.Set via MQTT 
"
2026-04-22T16:56:42,shellyazplug-node/status/switch:0,199,"{""id"":0, ""source"":""MQTT"", ""output"":true, ""apower"":0.0, ""voltage"":233.4, ""freq"":50.0, ""current"":0.000, ""aenergy"":{""total"""
2026-04-22T16:56:42,shellyazplug-node/events/rpc,167,"{""src"":""shellyazplug-e4b323337220"",""dst"":""shellyazplug-node/events"",""method"":""NotifyStatus"",""params"":{""ts"":35535.24,""swi"
2026-04-22T16:56:42,shellyazplug-node/debug/log,133,"shellyazplug-e4b323337220 6726 35535.264 1|shelly_notification:163 Status change of switch:0: {""id"":0,""output"":true,""sou"
2026-04-22T16:56:42,shellyazplug-node/rpc,86,"{""id"": 1, ""src"": ""attacker"", ""method"": ""Switch.Set"", ""params"": {""id"": 0, ""on"": false}}"
2026-04-22T16:56:42,attacker/rpc,84,"{""id"":1,""src"":""shellyazplug-e4b323337220"",""dst"":""attacker"",""result"":{""was_on"":true}}"
2026-04-22T16:56:42,shellyazplug-node/debug/log,88,"shellyazplug-e4b323337220 6727 35535.748 1|shos_rpc_inst.c:230     Switch.Set via MQTT 
"
2026-04-22T16:56:42,shellyazplug-node/status/switch:0,200,"{""id"":0, ""source"":""MQTT"", ""output"":false, ""apower"":0.0, ""voltage"":233.2, ""freq"":50.0, ""current"":0.000, ""aenergy"":{""total"
2026-04-22T16:56:42,shellyazplug-node/events/rpc,191,"{""src"":""shellyazplug-e4b323337220"",""dst"":""shellyazplug-node/events"",""method"":""NotifyStatus"",""params"":{""ts"":35535.74,""swi"
2026-04-22T16:56:42,shellyazplug-node/debug/log,157,"shellyazplug-e4b323337220 6728 35535.766 1|shelly_notification:163 Status change of switch:0: {""id"":0,""apower"":0,""curren"
2026-04-22T16:56:43,shellyazplug-node/rpc,85,"{""id"": 1, ""src"": ""attacker"", ""method"": ""Switch.Set"", ""params"": {""id"": 0, ""on"": true}}"
2026-04-22T16:56:43,attacker/rpc,85,"{""id"":1,""src"":""shellyazplug-e4b323337220"",""dst"":""attacker"",""result"":{""was_on"":false}}"
2026-04-22T16:56:43,shellyazplug-node/debug/log,88,"shellyazplug-e4b323337220 6729 35536.249 1|shos_rpc_inst.c:230     Switch.Set via MQTT 
"
2026-04-22T16:56:43,shellyazplug-node/status/switch:0,199,"{""id"":0, ""source"":""MQTT"", ""output"":true, ""apower"":0.0, ""voltage"":233.2, ""freq"":50.0, ""current"":0.000, ""aenergy"":{""total"""
2026-04-22T16:56:43,shellyazplug-node/events/rpc,167,"{""src"":""shellyazplug-e4b323337220"",""dst"":""shellyazplug-node/events"",""method"":""NotifyStatus"",""params"":{""ts"":35536.25,""swi"
2026-04-22T16:56:43,shellyazplug-node/debug/log,133,"shellyazplug-e4b323337220 6730 35536.265 1|shelly_notification:163 Status change of switch:0: {""id"":0,""output"":true,""sou"
2026-04-22T16:56:43,shellyazplug-node/rpc,86,"{""id"": 1, ""src"": ""attacker"", ""method"": ""Switch.Set"", ""params"": {""id"": 0, ""on"": false}}"
2026-04-22T16:56:43,attacker/rpc,84,"{""id"":1,""src"":""shellyazplug-e4b323337220"",""dst"":""attacker"",""result"":{""was_on"":true}}"
2026-04-22T16:56:43,shellyazplug-node/debug/log,88,"shellyazplug-e4b323337220 6731 35536.750 1|shos_rpc_inst.c:230     Switch.Set via MQTT 
"
2026-04-22T16:56:43,shellyazplug-node/status/switch:0,200,"{""id"":0, ""source"":""MQTT"", ""output"":false, ""apower"":0.0, ""voltage"":233.0, ""freq"":50.0, ""current"":0.000, ""aenergy"":{""total"
2026-04-22T16:56:43,shellyazplug-node/events/rpc,191,"{""src"":""shellyazplug-e4b323337220"",""dst"":""shellyazplug-node/events"",""method"":""NotifyStatus"",""params"":{""ts"":35536.75,""swi"
2026-04-22T16:56:43,shellyazplug-node/debug/log,157,"shellyazplug-e4b323337220 6732 35536.768 1|shelly_notification:163 Status change of switch:0: {""id"":0,""apower"":0,""curren"
2026-04-22T16:56:44,shellyazplug-node/rpc,85,"{""id"": 1, ""src"": ""attacker"", ""method"": ""Switch.Set"", ""params"": {""id"": 0, ""on"": true}}"
2026-04-22T16:56:44,attacker/rpc,85,"{""id"":1,""src"":""shellyazplug-e4b323337220"",""dst"":""attacker"",""result"":{""was_on"":false}}"
2026-04-22T16:56:44,shellyazplug-node/debug/log,88,"shellyazplug-e4b323337220 6733 35537.251 1|shos_rpc_inst.c:230     Switch.Set via MQTT 
"
2026-04-22T16:56:44,shellyazplug-node/status/switch:0,199,"{""id"":0, ""source"":""MQTT"", ""output"":true, ""apower"":0.0, ""voltage"":233.0, ""freq"":50.0, ""current"":0.000, ""aenergy"":{""total"""
2026-04-22T16:56:44,shellyazplug-node/events/rpc,167,"{""src"":""shellyazplug-e4b323337220"",""dst"":""shellyazplug-node/events"",""method"":""NotifyStatus"",""params"":{""ts"":35537.25,""swi"
2026-04-22T16:56:44,shellyazplug-node/debug/log,133,"shellyazplug-e4b323337220 6734 35537.267 1|shelly_notification:163 Status change of switch:0: {""id"":0,""output"":true,""sou"
2026-04-22T16:56:44,shellyazplug-node/rpc,86,"{""id"": 1, ""src"": ""attacker"", ""method"": ""Switch.Set"", ""params"": {""id"": 0, ""on"": false}}"
2026-04-22T16:56:44,attacker/rpc,84,"{""id"":1,""src"":""shellyazplug-e4b323337220"",""dst"":""attacker"",""result"":{""was_on"":true}}"
2026-04-22T16:56:44,shellyazplug-node/debug/log,88,"shellyazplug-e4b323337220 6735 35537.751 1|shos_rpc_inst.c:230     Switch.Set via MQTT 
"
2026-04-22T16:56:44,shellyazplug-node/status/switch:0,200,"{""id"":0, ""source"":""MQTT"", ""output"":false, ""apower"":0.0, ""voltage"":233.0, ""freq"":50.0, ""current"":0.000, ""aenergy"":{""total"
2026-04-22T16:56:44,shellyazplug-node/events/rpc,191,"{""src"":""shellyazplug-e4b323337220"",""dst"":""shellyazplug-node/events"",""method"":""NotifyStatus"",""params"":{""ts"":35537.75,""swi"
2026-04-22T16:56:44,shellyazplug-node/debug/log,157,"shellyazplug-e4b323337220 6736 35537.770 1|shelly_notification:163 Status change of switch:0: {""id"":0,""apower"":0,""curren"
2026-04-22T16:56:45,shellyazplug-node/rpc,85,"{""id"": 1, ""src"": ""attacker"", ""method"": ""Switch.Set"", ""params"": {""id"": 0, ""on"": true}}"
2026-04-22T16:56:45,attacker/rpc,85,"{""id"":1,""src"":""shellyazplug-e4b323337220"",""dst"":""attacker"",""result"":{""was_on"":false}}"
2026-04-22T16:56:45,shellyazplug-node/debug/log,88,"shellyazplug-e4b323337220 6737 35538.251 1|shos_rpc_inst.c:230     Switch.Set via MQTT 
"
2026-04-22T16:56:45,shellyazplug-node/status/switch:0,199,"{""id"":0, ""source"":""MQTT"", ""output"":true, ""apower"":0.0, ""voltage"":233.0, ""freq"":50.0, ""current"":0.000, ""aenergy"":{""total"""
2026-04-22T16:56:45,shellyazplug-node/events/rpc,167,"{""src"":""shellyazplug-e4b323337220"",""dst"":""shellyazplug-node/events"",""method"":""NotifyStatus"",""params"":{""ts"":35538.25,""swi"
2026-04-22T16:56:45,shellyazplug-node/debug/log,133,"shellyazplug-e4b323337220 6738 35538.268 1|shelly_notification:163 Status change of switch:0: {""id"":0,""output"":true,""sou"
2026-04-22T16:56:45,shellyazplug-node/rpc,86,"{""id"": 1, ""src"": ""attacker"", ""method"": ""Switch.Set"", ""params"": {""id"": 0, ""on"": false}}"
2026-04-22T16:56:45,attacker/rpc,84,"{""id"":1,""src"":""shellyazplug-e4b323337220"",""dst"":""attacker"",""result"":{""was_on"":true}}"
2026-04-22T16:56:45,shellyazplug-node/debug/log,88,"shellyazplug-e4b323337220 6739 35538.753 1|shos_rpc_inst.c:230     Switch.Set via MQTT 
"
2026-04-22T16:56:45,shellyazplug-node/status/switch:0,200,"{""id"":0, ""source"":""MQTT"", ""output"":false, ""apower"":0.0, ""voltage"":233.0, ""freq"":50.0, ""current"":0.000, ""aenergy"":{""total"
2026-04-22T16:56:45,shellyazplug-node/events/rpc,191,"{""src"":""shellyazplug-e4b323337220"",""dst"":""shellyazplug-node/events"",""method"":""NotifyStatus"",""params"":{""ts"":35538.75,""swi"
2026-04-22T16:56:45,shellyazplug-node/debug/log,157,"shellyazplug-e4b323337220 6740 35538.772 1|shelly_notification:163 Status change of switch:0: {""id"":0,""apower"":0,""curren"
2026-04-22T16:56:46,iot/mq/debug,50,[0;36m[D][sensor:124]: 'Gas Sensor' >> 0.50 V[0m
2026-04-22T16:56:46,iot/mq/sensor/gas_sensor/state,4,0.50
2026-04-22T16:56:46,shellyazplug-node/rpc,85,"{""id"": 1, ""src"": ""attacker"", ""method"": ""Switch.Set"", ""params"": {""id"": 0, ""on"": true}}"
2026-04-22T16:56:46,attacker/rpc,85,"{""id"":1,""src"":""shellyazplug-e4b323337220"",""dst"":""attacker"",""result"":{""was_on"":false}}"
2026-04-22T16:56:46,shellyazplug-node/debug/log,88,"shellyazplug-e4b323337220 6741 35539.253 1|shos_rpc_inst.c:230     Switch.Set via MQTT 
"
2026-04-22T16:56:46,shellyazplug-node/status/switch:0,199,"{""id"":0, ""source"":""MQTT"", ""output"":true, ""apower"":0.0, ""voltage"":233.0, ""freq"":50.0, ""current"":0.000, ""aenergy"":{""total"""
2026-04-22T16:56:46,shellyazplug-node/events/rpc,167,"{""src"":""shellyazplug-e4b323337220"",""dst"":""shellyazplug-node/events"",""method"":""NotifyStatus"",""params"":{""ts"":35539.25,""swi"
2026-04-22T16:56:46,shellyazplug-node/debug/log,133,"shellyazplug-e4b323337220 6742 35539.269 1|shelly_notification:163 Status change of switch:0: {""id"":0,""output"":true,""sou"
2026-04-22T16:56:46,shellyazplug-node/rpc,86,"{""id"": 1, ""src"": ""attacker"", ""method"": ""Switch.Set"", ""params"": {""id"": 0, ""on"": false}}"
2026-04-22T16:56:46,attacker/rpc,84,"{""id"":1,""src"":""shellyazplug-e4b323337220"",""dst"":""attacker"",""result"":{""was_on"":true}}"
2026-04-22T16:56:46,shellyazplug-node/debug/log,88,"shellyazplug-e4b323337220 6743 35539.754 1|shos_rpc_inst.c:230     Switch.Set via MQTT 
"
2026-04-22T16:56:46,shellyazplug-node/status/switch:0,200,"{""id"":0, ""source"":""MQTT"", ""output"":false, ""apower"":0.0, ""voltage"":232.8, ""freq"":50.0, ""current"":0.000, ""aenergy"":{""total"
2026-04-22T16:56:46,shellyazplug-node/events/rpc,191,"{""src"":""shellyazplug-e4b323337220"",""dst"":""shellyazplug-node/events"",""method"":""NotifyStatus"",""params"":{""ts"":35539.75,""swi"
2026-04-22T16:56:46,shellyazplug-node/debug/log,157,"shellyazplug-e4b323337220 6744 35539.772 1|shelly_notification:163 Status change of switch:0: {""id"":0,""apower"":0,""curren"
2026-04-22T16:56:47,shellyazplug-node/rpc,85,"{""id"": 1, ""src"": ""attacker"", ""method"": ""Switch.Set"", ""params"": {""id"": 0, ""on"": true}}"
2026-04-22T16:56:47,attacker/rpc,85,"{""id"":1,""src"":""shellyazplug-e4b323337220"",""dst"":""attacker"",""result"":{""was_on"":false}}"
2026-04-22T16:56:47,iot/dht11/debug,59,[0;36m[D][dht:048]: Temperature 23.4°C Humidity 36.0%[0m
2026-04-22T16:56:47,shellyazplug-node/debug/log,88,"shellyazplug-e4b323337220 6745 35540.254 1|shos_rpc_inst.c:230     Switch.Set via MQTT 
"
2026-04-22T16:56:47,iot/dht11/debug,53,[0;36m[D][sensor:124]: 'Temperature' >> 23.4 °C[0m
2026-04-22T16:56:47,iot/dht11/sensor/temperature/state,4,23.4
2026-04-22T16:56:47,iot/dht11/debug,46,[0;36m[D][sensor:124]: 'Humidity' >> 36 %[0m
2026-04-22T16:56:47,iot/dht11/sensor/humidity/state,2,36
2026-04-22T16:56:47,shellyazplug-node/status/switch:0,199,"{""id"":0, ""source"":""MQTT"", ""output"":true, ""apower"":0.0, ""voltage"":232.8, ""freq"":50.0, ""current"":0.000, ""aenergy"":{""total"""
2026-04-22T16:56:47,shellyazplug-node/events/rpc,167,"{""src"":""shellyazplug-e4b323337220"",""dst"":""shellyazplug-node/events"",""method"":""NotifyStatus"",""params"":{""ts"":35540.25,""swi"
2026-04-22T16:56:47,shellyazplug-node/debug/log,133,"shellyazplug-e4b323337220 6746 35540.271 1|shelly_notification:163 Status change of switch:0: {""id"":0,""output"":true,""sou"
2026-04-22T16:56:47,shellyazplug-node/rpc,86,"{""id"": 1, ""src"": ""attacker"", ""method"": ""Switch.Set"", ""params"": {""id"": 0, ""on"": false}}"
2026-04-22T16:56:47,attacker/rpc,84,"{""id"":1,""src"":""shellyazplug-e4b323337220"",""dst"":""attacker"",""result"":{""was_on"":true}}"
2026-04-22T16:56:47,shellyazplug-node/debug/log,88,"shellyazplug-e4b323337220 6747 35540.755 1|shos_rpc_inst.c:230     Switch.Set via MQTT 
"
2026-04-22T16:56:47,shellyazplug-node/status/switch:0,200,"{""id"":0, ""source"":""MQTT"", ""output"":false, ""apower"":0.0, ""voltage"":232.7, ""freq"":50.0, ""current"":0.000, ""aenergy"":{""total"
2026-04-22T16:56:47,shellyazplug-node/events/rpc,191,"{""src"":""shellyazplug-e4b323337220"",""dst"":""shellyazplug-node/events"",""method"":""NotifyStatus"",""params"":{""ts"":35540.75,""swi"
2026-04-22T16:56:47,shellyazplug-node/debug/log,157,"shellyazplug-e4b323337220 6748 35540.773 1|shelly_notification:163 Status change of switch:0: {""id"":0,""apower"":0,""curren"
2026-04-22T16:56:48,shellyazplug-node/rpc,85,"{""id"": 1, ""src"": ""attacker"", ""method"": ""Switch.Set"", ""params"": {""id"": 0, ""on"": true}}"
2026-04-22T16:56:48,attacker/rpc,85,"{""id"":1,""src"":""shellyazplug-e4b323337220"",""dst"":""attacker"",""result"":{""was_on"":false}}"
2026-04-22T16:56:48,shellyazplug-node/debug/log,88,"shellyazplug-e4b323337220 6749 35541.255 1|shos_rpc_inst.c:230     Switch.Set via MQTT 
"
2026-04-22T16:56:48,shellyazplug-node/status/switch:0,199,"{""id"":0, ""source"":""MQTT"", ""output"":true, ""apower"":0.0, ""voltage"":232.7, ""freq"":50.0, ""current"":0.000, ""aenergy"":{""total"""
2026-04-22T16:56:48,shellyazplug-node/events/rpc,167,"{""src"":""shellyazplug-e4b323337220"",""dst"":""shellyazplug-node/events"",""method"":""NotifyStatus"",""params"":{""ts"":35541.25,""swi"
2026-04-22T16:56:48,shellyazplug-node/debug/log,133,"shellyazplug-e4b323337220 6750 35541.272 1|shelly_notification:163 Status change of switch:0: {""id"":0,""output"":true,""sou"
2026-04-22T16:56:48,shellyazplug-node/rpc,86,"{""id"": 1, ""src"": ""attacker"", ""method"": ""Switch.Set"", ""params"": {""id"": 0, ""on"": false}}"
2026-04-22T16:56:48,attacker/rpc,84,"{""id"":1,""src"":""shellyazplug-e4b323337220"",""dst"":""attacker"",""result"":{""was_on"":true}}"
2026-04-22T16:56:48,shellyazplug-node/debug/log,88,"shellyazplug-e4b323337220 6751 35541.757 1|shos_rpc_inst.c:230     Switch.Set via MQTT 
"
2026-04-22T16:56:48,shellyazplug-node/status/switch:0,200,"{""id"":0, ""source"":""MQTT"", ""output"":false, ""apower"":0.0, ""voltage"":232.9, ""freq"":50.0, ""current"":0.000, ""aenergy"":{""total"
2026-04-22T16:56:48,shellyazplug-node/events/rpc,191,"{""src"":""shellyazplug-e4b323337220"",""dst"":""shellyazplug-node/events"",""method"":""NotifyStatus"",""params"":{""ts"":35541.75,""swi"
2026-04-22T16:56:48,shellyazplug-node/debug/log,157,"shellyazplug-e4b323337220 6752 35541.775 1|shelly_notification:163 Status change of switch:0: {""id"":0,""apower"":0,""curren"
2026-04-22T16:56:49,shellyazplug-node/rpc,85,"{""id"": 1, ""src"": ""attacker"", ""method"": ""Switch.Set"", ""params"": {""id"": 0, ""on"": true}}"
2026-04-22T16:56:49,attacker/rpc,85,"{""id"":1,""src"":""shellyazplug-e4b323337220"",""dst"":""attacker"",""result"":{""was_on"":false}}"
2026-04-22T16:56:49,shellyazplug-node/debug/log,88,"shellyazplug-e4b323337220 6753 35542.258 1|shos_rpc_inst.c:230     Switch.Set via MQTT 
"
2026-04-22T16:56:49,shellyazplug-node/status/switch:0,199,"{""id"":0, ""source"":""MQTT"", ""output"":true, ""apower"":0.0, ""voltage"":232.9, ""freq"":50.0, ""current"":0.000, ""aenergy"":{""total"""
2026-04-22T16:56:49,shellyazplug-node/events/rpc,167,"{""src"":""shellyazplug-e4b323337220"",""dst"":""shellyazplug-node/events"",""method"":""NotifyStatus"",""params"":{""ts"":35542.25,""swi"
2026-04-22T16:56:49,shellyazplug-node/debug/log,133,"shellyazplug-e4b323337220 6754 35542.274 1|shelly_notification:163 Status change of switch:0: {""id"":0,""output"":true,""sou"
2026-04-22T16:56:49,shellyazplug-node/rpc,86,"{""id"": 1, ""src"": ""attacker"", ""method"": ""Switch.Set"", ""params"": {""id"": 0, ""on"": false}}"
2026-04-22T16:56:49,attacker/rpc,84,"{""id"":1,""src"":""shellyazplug-e4b323337220"",""dst"":""attacker"",""result"":{""was_on"":true}}"
2026-04-22T16:56:49,shellyazplug-node/debug/log,88,"shellyazplug-e4b323337220 6755 35542.758 1|shos_rpc_inst.c:230     Switch.Set via MQTT 
"
2026-04-22T16:56:49,shellyazplug-node/status/switch:0,200,"{""id"":0, ""source"":""MQTT"", ""output"":false, ""apower"":0.0, ""voltage"":233.1, ""freq"":50.0, ""current"":0.000, ""aenergy"":{""total"
2026-04-22T16:56:49,shellyazplug-node/events/rpc,191,"{""src"":""shellyazplug-e4b323337220"",""dst"":""shellyazplug-node/events"",""method"":""NotifyStatus"",""params"":{""ts"":35542.75,""swi"
2026-04-22T16:56:49,shellyazplug-node/debug/log,157,"shellyazplug-e4b323337220 6756 35542.777 1|shelly_notification:163 Status change of switch:0: {""id"":0,""apower"":0,""curren"
2026-04-22T16:56:50,shellyazplug-node/rpc,85,"{""id"": 1, ""src"": ""attacker"", ""method"": ""Switch.Set"", ""params"": {""id"": 0, ""on"": true}}"
2026-04-22T16:56:50,attacker/rpc,85,"{""id"":1,""src"":""shellyazplug-e4b323337220"",""dst"":""attacker"",""result"":{""was_on"":false}}"
2026-04-22T16:56:50,shellyazplug-node/debug/log,88,"shellyazplug-e4b323337220 6757 35543.259 1|shos_rpc_inst.c:230     Switch.Set via MQTT 
"
2026-04-22T16:56:50,shellyazplug-node/status/switch:0,199,"{""id"":0, ""source"":""MQTT"", ""output"":true, ""apower"":0.0, ""voltage"":233.1, ""freq"":50.0, ""current"":0.000, ""aenergy"":{""total"""
2026-04-22T16:56:50,shellyazplug-node/events/rpc,167,"{""src"":""shellyazplug-e4b323337220"",""dst"":""shellyazplug-node/events"",""method"":""NotifyStatus"",""params"":{""ts"":35543.26,""swi"
2026-04-22T16:56:50,shellyazplug-node/debug/log,133,"shellyazplug-e4b323337220 6758 35543.276 1|shelly_notification:163 Status change of switch:0: {""id"":0,""output"":true,""sou"
2026-04-22T16:56:50,shellyazplug-node/rpc,86,"{""id"": 1, ""src"": ""attacker"", ""method"": ""Switch.Set"", ""params"": {""id"": 0, ""on"": false}}"
2026-04-22T16:56:50,attacker/rpc,84,"{""id"":1,""src"":""shellyazplug-e4b323337220"",""dst"":""attacker"",""result"":{""was_on"":true}}"
2026-04-22T16:56:50,shellyazplug-node/debug/log,88,"shellyazplug-e4b323337220 6759 35543.759 1|shos_rpc_inst.c:230     Switch.Set via MQTT 
"
2026-04-22T16:56:50,shellyazplug-node/status/switch:0,200,"{""id"":0, ""source"":""MQTT"", ""output"":false, ""apower"":0.0, ""voltage"":233.3, ""freq"":50.0, ""current"":0.000, ""aenergy"":{""total"
2026-04-22T16:56:50,shellyazplug-node/events/rpc,191,"{""src"":""shellyazplug-e4b323337220"",""dst"":""shellyazplug-node/events"",""method"":""NotifyStatus"",""params"":{""ts"":35543.76,""swi"
2026-04-22T16:56:50,shellyazplug-node/debug/log,157,"shellyazplug-e4b323337220 6760 35543.778 1|shelly_notification:163 Status change of switch:0: {""id"":0,""apower"":0,""curren"
2026-04-22T16:56:51,iot/mq/debug,50,[0;36m[D][sensor:124]: 'Gas Sensor' >> 0.50 V[0m
2026-04-22T16:56:51,iot/mq/sensor/gas_sensor/state,4,0.50
2026-04-22T16:56:51,shellyazplug-node/rpc,85,"{""id"": 1, ""src"": ""attacker"", ""method"": ""Switch.Set"", ""params"": {""id"": 0, ""on"": true}}"
2026-04-22T16:56:51,attacker/rpc,85,"{""id"":1,""src"":""shellyazplug-e4b323337220"",""dst"":""attacker"",""result"":{""was_on"":false}}"
2026-04-22T16:56:51,shellyazplug-node/debug/log,88,"shellyazplug-e4b323337220 6761 35544.260 1|shos_rpc_inst.c:230     Switch.Set via MQTT 
"
2026-04-22T16:56:51,shellyazplug-node/status/switch:0,199,"{""id"":0, ""source"":""MQTT"", ""output"":true, ""apower"":0.0, ""voltage"":233.3, ""freq"":50.0, ""current"":0.000, ""aenergy"":{""total"""
2026-04-22T16:56:51,shellyazplug-node/events/rpc,167,"{""src"":""shellyazplug-e4b323337220"",""dst"":""shellyazplug-node/events"",""method"":""NotifyStatus"",""params"":{""ts"":35544.26,""swi"
2026-04-22T16:56:51,shellyazplug-node/debug/log,133,"shellyazplug-e4b323337220 6762 35544.276 1|shelly_notification:163 Status change of switch:0: {""id"":0,""output"":true,""sou"
2026-04-22T16:56:51,shellyazplug-node/rpc,86,"{""id"": 1, ""src"": ""attacker"", ""method"": ""Switch.Set"", ""params"": {""id"": 0, ""on"": false}}"
2026-04-22T16:56:51,attacker/rpc,84,"{""id"":1,""src"":""shellyazplug-e4b323337220"",""dst"":""attacker"",""result"":{""was_on"":true}}"
2026-04-22T16:56:51,shellyazplug-node/debug/log,88,"shellyazplug-e4b323337220 6763 35544.760 1|shos_rpc_inst.c:230     Switch.Set via MQTT 
"
2026-04-22T16:56:51,shellyazplug-node/status/switch:0,200,"{""id"":0, ""source"":""MQTT"", ""output"":false, ""apower"":0.0, ""voltage"":233.1, ""freq"":50.0, ""current"":0.000, ""aenergy"":{""total"
2026-04-22T16:56:51,shellyazplug-node/events/rpc,191,"{""src"":""shellyazplug-e4b323337220"",""dst"":""shellyazplug-node/events"",""method"":""NotifyStatus"",""params"":{""ts"":35544.76,""swi"
2026-04-22T16:56:51,shellyazplug-node/debug/log,157,"shellyazplug-e4b323337220 6764 35544.779 1|shelly_notification:163 Status change of switch:0: {""id"":0,""apower"":0,""curren"
2026-04-22T16:56:52,shellyazplug-node/rpc,85,"{""id"": 1, ""src"": ""attacker"", ""method"": ""Switch.Set"", ""params"": {""id"": 0, ""on"": true}}"
2026-04-22T16:56:52,attacker/rpc,85,"{""id"":1,""src"":""shellyazplug-e4b323337220"",""dst"":""attacker"",""result"":{""was_on"":false}}"
2026-04-22T16:56:52,shellyazplug-node/debug/log,88,"shellyazplug-e4b323337220 6765 35545.272 1|shos_rpc_inst.c:230     Switch.Set via MQTT 
"
2026-04-22T16:56:52,shellyazplug-node/status/switch:0,199,"{""id"":0, ""source"":""MQTT"", ""output"":true, ""apower"":0.0, ""voltage"":233.1, ""freq"":50.0, ""current"":0.000, ""aenergy"":{""total"""
2026-04-22T16:56:52,shellyazplug-node/events/rpc,167,"{""src"":""shellyazplug-e4b323337220"",""dst"":""shellyazplug-node/events"",""method"":""NotifyStatus"",""params"":{""ts"":35545.27,""swi"
2026-04-22T16:56:52,shellyazplug-node/debug/log,133,"shellyazplug-e4b323337220 6766 35545.289 1|shelly_notification:163 Status change of switch:0: {""id"":0,""output"":true,""sou"
2026-04-22T16:56:52,shellyazplug-node/rpc,86,"{""id"": 1, ""src"": ""attacker"", ""method"": ""Switch.Set"", ""params"": {""id"": 0, ""on"": false}}"
2026-04-22T16:56:52,attacker/rpc,84,"{""id"":1,""src"":""shellyazplug-e4b323337220"",""dst"":""attacker"",""result"":{""was_on"":true}}"
2026-04-22T16:56:52,shellyazplug-node/debug/log,88,"shellyazplug-e4b323337220 6767 35545.767 1|shos_rpc_inst.c:230     Switch.Set via MQTT 
"
2026-04-22T16:56:52,shellyazplug-node/status/switch:0,200,"{""id"":0, ""source"":""MQTT"", ""output"":false, ""apower"":0.0, ""voltage"":233.0, ""freq"":50.0, ""current"":0.000, ""aenergy"":{""total"
2026-04-22T16:56:52,shellyazplug-node/events/rpc,191,"{""src"":""shellyazplug-e4b323337220"",""dst"":""shellyazplug-node/events"",""method"":""NotifyStatus"",""params"":{""ts"":35545.76,""swi"
2026-04-22T16:56:52,shellyazplug-node/debug/log,157,"shellyazplug-e4b323337220 6768 35545.785 1|shelly_notification:163 Status change of switch:0: {""id"":0,""apower"":0,""curren"
2026-04-22T16:56:53,shellyazplug-node/rpc,85,"{""id"": 1, ""src"": ""attacker"", ""method"": ""Switch.Set"", ""params"": {""id"": 0, ""on"": true}}"
2026-04-22T16:56:53,attacker/rpc,85,"{""id"":1,""src"":""shellyazplug-e4b323337220"",""dst"":""attacker"",""result"":{""was_on"":false}}"
2026-04-22T16:56:53,shellyazplug-node/debug/log,88,"shellyazplug-e4b323337220 6769 35546.267 1|shos_rpc_inst.c:230     Switch.Set via MQTT 
"
2026-04-22T16:56:53,shellyazplug-node/status/switch:0,199,"{""id"":0, ""source"":""MQTT"", ""output"":true, ""apower"":0.0, ""voltage"":233.0, ""freq"":50.0, ""current"":0.000, ""aenergy"":{""total"""
2026-04-22T16:56:53,shellyazplug-node/events/rpc,167,"{""src"":""shellyazplug-e4b323337220"",""dst"":""shellyazplug-node/events"",""method"":""NotifyStatus"",""params"":{""ts"":35546.26,""swi"
2026-04-22T16:56:53,shellyazplug-node/debug/log,133,"shellyazplug-e4b323337220 6770 35546.283 1|shelly_notification:163 Status change of switch:0: {""id"":0,""output"":true,""sou"
2026-04-22T16:56:53,shellyazplug-node/rpc,86,"{""id"": 1, ""src"": ""attacker"", ""method"": ""Switch.Set"", ""params"": {""id"": 0, ""on"": false}}"
2026-04-22T16:56:53,attacker/rpc,84,"{""id"":1,""src"":""shellyazplug-e4b323337220"",""dst"":""attacker"",""result"":{""was_on"":true}}"
2026-04-22T16:56:53,shellyazplug-node/debug/log,88,"shellyazplug-e4b323337220 6771 35546.768 1|shos_rpc_inst.c:230     Switch.Set via MQTT 
"
2026-04-22T16:56:53,shellyazplug-node/status/switch:0,200,"{""id"":0, ""source"":""MQTT"", ""output"":false, ""apower"":0.0, ""voltage"":232.9, ""freq"":50.0, ""current"":0.000, ""aenergy"":{""total"
2026-04-22T16:56:53,shellyazplug-node/events/rpc,191,"{""src"":""shellyazplug-e4b323337220"",""dst"":""shellyazplug-node/events"",""method"":""NotifyStatus"",""params"":{""ts"":35546.76,""swi"
2026-04-22T16:56:53,shellyazplug-node/debug/log,157,"shellyazplug-e4b323337220 6772 35546.786 1|shelly_notification:163 Status change of switch:0: {""id"":0,""apower"":0,""curren"
2026-04-22T16:56:54,shellyazplug-node/rpc,85,"{""id"": 1, ""src"": ""attacker"", ""method"": ""Switch.Set"", ""params"": {""id"": 0, ""on"": true}}"
2026-04-22T16:56:54,attacker/rpc,85,"{""id"":1,""src"":""shellyazplug-e4b323337220"",""dst"":""attacker"",""result"":{""was_on"":false}}"
2026-04-22T16:56:54,shellyazplug-node/debug/log,88,"shellyazplug-e4b323337220 6773 35547.268 1|shos_rpc_inst.c:230     Switch.Set via MQTT 
"
2026-04-22T16:56:54,shellyazplug-node/status/switch:0,199,"{""id"":0, ""source"":""MQTT"", ""output"":true, ""apower"":0.0, ""voltage"":232.9, ""freq"":50.0, ""current"":0.000, ""aenergy"":{""total"""
2026-04-22T16:56:54,shellyazplug-node/events/rpc,167,"{""src"":""shellyazplug-e4b323337220"",""dst"":""shellyazplug-node/events"",""method"":""NotifyStatus"",""params"":{""ts"":35547.27,""swi"
2026-04-22T16:56:54,shellyazplug-node/debug/log,133,"shellyazplug-e4b323337220 6774 35547.285 1|shelly_notification:163 Status change of switch:0: {""id"":0,""output"":true,""sou"
2026-04-22T16:56:54,shellyazplug-node/rpc,86,"{""id"": 1, ""src"": ""attacker"", ""method"": ""Switch.Set"", ""params"": {""id"": 0, ""on"": false}}"
2026-04-22T16:56:54,attacker/rpc,84,"{""id"":1,""src"":""shellyazplug-e4b323337220"",""dst"":""attacker"",""result"":{""was_on"":true}}"
2026-04-22T16:56:54,shellyazplug-node/debug/log,88,"shellyazplug-e4b323337220 6775 35547.769 1|shos_rpc_inst.c:230     Switch.Set via MQTT 
"
2026-04-22T16:56:54,shellyazplug-node/status/switch:0,200,"{""id"":0, ""source"":""MQTT"", ""output"":false, ""apower"":0.0, ""voltage"":232.8, ""freq"":50.0, ""current"":0.000, ""aenergy"":{""total"
2026-04-22T16:56:54,shellyazplug-node/events/rpc,191,"{""src"":""shellyazplug-e4b323337220"",""dst"":""shellyazplug-node/events"",""method"":""NotifyStatus"",""params"":{""ts"":35547.77,""swi"
2026-04-22T16:56:54,shellyazplug-node/debug/log,157,"shellyazplug-e4b323337220 6776 35547.787 1|shelly_notification:163 Status change of switch:0: {""id"":0,""apower"":0,""curren"
2026-04-22T16:56:55,shellyazplug-node/rpc,85,"{""id"": 1, ""src"": ""attacker"", ""method"": ""Switch.Set"", ""params"": {""id"": 0, ""on"": true}}"
2026-04-22T16:56:55,attacker/rpc,85,"{""id"":1,""src"":""shellyazplug-e4b323337220"",""dst"":""attacker"",""result"":{""was_on"":false}}"
2026-04-22T16:56:55,shellyazplug-node/debug/log,88,"shellyazplug-e4b323337220 6777 35548.270 1|shos_rpc_inst.c:230     Switch.Set via MQTT 
"
2026-04-22T16:56:55,shellyazplug-node/status/switch:0,199,"{""id"":0, ""source"":""MQTT"", ""output"":true, ""apower"":0.0, ""voltage"":232.8, ""freq"":50.0, ""current"":0.000, ""aenergy"":{""total"""
2026-04-22T16:56:55,shellyazplug-node/events/rpc,167,"{""src"":""shellyazplug-e4b323337220"",""dst"":""shellyazplug-node/events"",""method"":""NotifyStatus"",""params"":{""ts"":35548.27,""swi"
2026-04-22T16:56:55,shellyazplug-node/debug/log,133,"shellyazplug-e4b323337220 6778 35548.286 1|shelly_notification:163 Status change of switch:0: {""id"":0,""output"":true,""sou"
2026-04-22T16:56:55,shellyazplug-node/rpc,86,"{""id"": 1, ""src"": ""attacker"", ""method"": ""Switch.Set"", ""params"": {""id"": 0, ""on"": false}}"
2026-04-22T16:56:55,attacker/rpc,84,"{""id"":1,""src"":""shellyazplug-e4b323337220"",""dst"":""attacker"",""result"":{""was_on"":true}}"
2026-04-22T16:56:55,shellyazplug-node/debug/log,88,"shellyazplug-e4b323337220 6779 35548.770 1|shos_rpc_inst.c:230     Switch.Set via MQTT 
"
2026-04-22T16:56:55,shellyazplug-node/status/switch:0,200,"{""id"":0, ""source"":""MQTT"", ""output"":false, ""apower"":0.0, ""voltage"":233.0, ""freq"":50.0, ""current"":0.000, ""aenergy"":{""total"
2026-04-22T16:56:55,shellyazplug-node/events/rpc,191,"{""src"":""shellyazplug-e4b323337220"",""dst"":""shellyazplug-node/events"",""method"":""NotifyStatus"",""params"":{""ts"":35548.77,""swi"
2026-04-22T16:56:55,shellyazplug-node/debug/log,157,"shellyazplug-e4b323337220 6780 35548.788 1|shelly_notification:163 Status change of switch:0: {""id"":0,""apower"":0,""curren"
2026-04-22T16:56:56,iot/mq/debug,50,[0;36m[D][sensor:124]: 'Gas Sensor' >> 0.50 V[0m
2026-04-22T16:56:56,iot/mq/sensor/gas_sensor/state,4,0.50
2026-04-22T16:56:56,shellyazplug-node/rpc,85,"{""id"": 1, ""src"": ""attacker"", ""method"": ""Switch.Set"", ""params"": {""id"": 0, ""on"": true}}"
2026-04-22T16:56:56,attacker/rpc,85,"{""id"":1,""src"":""shellyazplug-e4b323337220"",""dst"":""attacker"",""result"":{""was_on"":false}}"
2026-04-22T16:56:56,shellyazplug-node/debug/log,88,"shellyazplug-e4b323337220 6781 35549.271 1|shos_rpc_inst.c:230     Switch.Set via MQTT 
"
2026-04-22T16:56:56,shellyazplug-node/status/switch:0,199,"{""id"":0, ""source"":""MQTT"", ""output"":true, ""apower"":0.0, ""voltage"":233.0, ""freq"":50.0, ""current"":0.000, ""aenergy"":{""total"""
2026-04-22T16:56:56,shellyazplug-node/events/rpc,167,"{""src"":""shellyazplug-e4b323337220"",""dst"":""shellyazplug-node/events"",""method"":""NotifyStatus"",""params"":{""ts"":35549.27,""swi"
2026-04-22T16:56:56,shellyazplug-node/debug/log,133,"shellyazplug-e4b323337220 6782 35549.288 1|shelly_notification:163 Status change of switch:0: {""id"":0,""output"":true,""sou"
2026-04-22T16:56:56,shellyazplug-node/rpc,86,"{""id"": 1, ""src"": ""attacker"", ""method"": ""Switch.Set"", ""params"": {""id"": 0, ""on"": false}}"
2026-04-22T16:56:56,attacker/rpc,84,"{""id"":1,""src"":""shellyazplug-e4b323337220"",""dst"":""attacker"",""result"":{""was_on"":true}}"
2026-04-22T16:56:56,shellyazplug-node/debug/log,88,"shellyazplug-e4b323337220 6783 35549.773 1|shos_rpc_inst.c:230     Switch.Set via MQTT 
"
2026-04-22T16:56:56,shellyazplug-node/status/switch:0,200,"{""id"":0, ""source"":""MQTT"", ""output"":false, ""apower"":0.0, ""voltage"":232.9, ""freq"":50.0, ""current"":0.000, ""aenergy"":{""total"
2026-04-22T16:56:56,shellyazplug-node/events/rpc,191,"{""src"":""shellyazplug-e4b323337220"",""dst"":""shellyazplug-node/events"",""method"":""NotifyStatus"",""params"":{""ts"":35549.77,""swi"
2026-04-22T16:56:56,shellyazplug-node/debug/log,157,"shellyazplug-e4b323337220 6784 35549.791 1|shelly_notification:163 Status change of switch:0: {""id"":0,""apower"":0,""curren"
2026-04-22T16:56:57,shellyazplug-node/rpc,85,"{""id"": 1, ""src"": ""attacker"", ""method"": ""Switch.Set"", ""params"": {""id"": 0, ""on"": true}}"
2026-04-22T16:56:57,iot/dht11/debug,59,[0;36m[D][dht:048]: Temperature 23.4°C Humidity 36.0%[0m
2026-04-22T16:56:57,attacker/rpc,85,"{""id"":1,""src"":""shellyazplug-e4b323337220"",""dst"":""attacker"",""result"":{""was_on"":false}}"
2026-04-22T16:56:57,shellyazplug-node/debug/log,88,"shellyazplug-e4b323337220 6785 35550.272 1|shos_rpc_inst.c:230     Switch.Set via MQTT 
"
2026-04-22T16:56:57,iot/dht11/debug,53,[0;36m[D][sensor:124]: 'Temperature' >> 23.4 °C[0m
2026-04-22T16:56:57,iot/dht11/sensor/temperature/state,4,23.4
2026-04-22T16:56:57,iot/dht11/debug,46,[0;36m[D][sensor:124]: 'Humidity' >> 36 %[0m
2026-04-22T16:56:57,iot/dht11/sensor/humidity/state,2,36
2026-04-22T16:56:57,shellyazplug-node/status/switch:0,199,"{""id"":0, ""source"":""MQTT"", ""output"":true, ""apower"":0.0, ""voltage"":232.9, ""freq"":50.0, ""current"":0.000, ""aenergy"":{""total"""
2026-04-22T16:56:57,shellyazplug-node/events/rpc,167,"{""src"":""shellyazplug-e4b323337220"",""dst"":""shellyazplug-node/events"",""method"":""NotifyStatus"",""params"":{""ts"":35550.27,""swi"
2026-04-22T16:56:57,shellyazplug-node/debug/log,133,"shellyazplug-e4b323337220 6786 35550.288 1|shelly_notification:163 Status change of switch:0: {""id"":0,""output"":true,""sou"
2026-04-22T16:56:57,shellyazplug-node/rpc,86,"{""id"": 1, ""src"": ""attacker"", ""method"": ""Switch.Set"", ""params"": {""id"": 0, ""on"": false}}"
2026-04-22T16:56:57,attacker/rpc,84,"{""id"":1,""src"":""shellyazplug-e4b323337220"",""dst"":""attacker"",""result"":{""was_on"":true}}"
2026-04-22T16:56:57,shellyazplug-node/debug/log,88,"shellyazplug-e4b323337220 6787 35550.773 1|shos_rpc_inst.c:230     Switch.Set via MQTT 
"
2026-04-22T16:56:57,shellyazplug-node/status/switch:0,200,"{""id"":0, ""source"":""MQTT"", ""output"":false, ""apower"":0.0, ""voltage"":233.0, ""freq"":50.0, ""current"":0.000, ""aenergy"":{""total"
2026-04-22T16:56:57,shellyazplug-node/events/rpc,191,"{""src"":""shellyazplug-e4b323337220"",""dst"":""shellyazplug-node/events"",""method"":""NotifyStatus"",""params"":{""ts"":35550.77,""swi"
2026-04-22T16:56:57,shellyazplug-node/debug/log,157,"shellyazplug-e4b323337220 6788 35550.791 1|shelly_notification:163 Status change of switch:0: {""id"":0,""apower"":0,""curren"
2026-04-22T16:56:58,shellyazplug-node/rpc,85,"{""id"": 1, ""src"": ""attacker"", ""method"": ""Switch.Set"", ""params"": {""id"": 0, ""on"": true}}"
2026-04-22T16:56:58,attacker/rpc,85,"{""id"":1,""src"":""shellyazplug-e4b323337220"",""dst"":""attacker"",""result"":{""was_on"":false}}"
2026-04-22T16:56:58,shellyazplug-node/debug/log,88,"shellyazplug-e4b323337220 6789 35551.273 1|shos_rpc_inst.c:230     Switch.Set via MQTT 
"
2026-04-22T16:56:58,shellyazplug-node/status/switch:0,199,"{""id"":0, ""source"":""MQTT"", ""output"":true, ""apower"":0.0, ""voltage"":233.0, ""freq"":50.0, ""current"":0.000, ""aenergy"":{""total"""
2026-04-22T16:56:58,shellyazplug-node/events/rpc,167,"{""src"":""shellyazplug-e4b323337220"",""dst"":""shellyazplug-node/events"",""method"":""NotifyStatus"",""params"":{""ts"":35551.27,""swi"
2026-04-22T16:56:58,shellyazplug-node/debug/log,133,"shellyazplug-e4b323337220 6790 35551.289 1|shelly_notification:163 Status change of switch:0: {""id"":0,""output"":true,""sou"
2026-04-22T16:56:58,shellyazplug-node/rpc,86,"{""id"": 1, ""src"": ""attacker"", ""method"": ""Switch.Set"", ""params"": {""id"": 0, ""on"": false}}"
2026-04-22T16:56:58,attacker/rpc,84,"{""id"":1,""src"":""shellyazplug-e4b323337220"",""dst"":""attacker"",""result"":{""was_on"":true}}"
2026-04-22T16:56:58,shellyazplug-node/debug/log,88,"shellyazplug-e4b323337220 6791 35551.782 1|shos_rpc_inst.c:230     Switch.Set via MQTT 
"
2026-04-22T16:56:58,shellyazplug-node/status/switch:0,200,"{""id"":0, ""source"":""MQTT"", ""output"":false, ""apower"":0.0, ""voltage"":232.8, ""freq"":50.0, ""current"":0.000, ""aenergy"":{""total"
2026-04-22T16:56:58,shellyazplug-node/events/rpc,191,"{""src"":""shellyazplug-e4b323337220"",""dst"":""shellyazplug-node/events"",""method"":""NotifyStatus"",""params"":{""ts"":35551.78,""swi"
2026-04-22T16:56:58,shellyazplug-node/debug/log,157,"shellyazplug-e4b323337220 6792 35551.802 1|shelly_notification:163 Status change of switch:0: {""id"":0,""apower"":0,""curren"
2026-04-22T16:56:59,shellyazplug-node/rpc,85,"{""id"": 1, ""src"": ""attacker"", ""method"": ""Switch.Set"", ""params"": {""id"": 0, ""on"": true}}"
2026-04-22T16:56:59,attacker/rpc,85,"{""id"":1,""src"":""shellyazplug-e4b323337220"",""dst"":""attacker"",""result"":{""was_on"":false}}"
2026-04-22T16:56:59,shellyazplug-node/debug/log,88,"shellyazplug-e4b323337220 6793 35552.274 1|shos_rpc_inst.c:230     Switch.Set via MQTT 
"
2026-04-22T16:56:59,shellyazplug-node/status/switch:0,199,"{""id"":0, ""source"":""MQTT"", ""output"":true, ""apower"":0.0, ""voltage"":232.8, ""freq"":50.0, ""current"":0.000, ""aenergy"":{""total"""
2026-04-22T16:56:59,shellyazplug-node/events/rpc,167,"{""src"":""shellyazplug-e4b323337220"",""dst"":""shellyazplug-node/events"",""method"":""NotifyStatus"",""params"":{""ts"":35552.27,""swi"
2026-04-22T16:56:59,shellyazplug-node/debug/log,133,"shellyazplug-e4b323337220 6794 35552.290 1|shelly_notification:163 Status change of switch:0: {""id"":0,""output"":true,""sou"
2026-04-22T16:56:59,shellyazplug-node/rpc,86,"{""id"": 1, ""src"": ""attacker"", ""method"": ""Switch.Set"", ""params"": {""id"": 0, ""on"": false}}"
2026-04-22T16:56:59,attacker/rpc,84,"{""id"":1,""src"":""shellyazplug-e4b323337220"",""dst"":""attacker"",""result"":{""was_on"":true}}"
2026-04-22T16:56:59,shellyazplug-node/debug/log,88,"shellyazplug-e4b323337220 6795 35552.775 1|shos_rpc_inst.c:230     Switch.Set via MQTT 
"
2026-04-22T16:56:59,shellyazplug-node/status/switch:0,200,"{""id"":0, ""source"":""MQTT"", ""output"":false, ""apower"":0.0, ""voltage"":232.9, ""freq"":50.0, ""current"":0.000, ""aenergy"":{""total"
2026-04-22T16:56:59,shellyazplug-node/events/rpc,191,"{""src"":""shellyazplug-e4b323337220"",""dst"":""shellyazplug-node/events"",""method"":""NotifyStatus"",""params"":{""ts"":35552.77,""swi"
2026-04-22T16:56:59,shellyazplug-node/debug/log,157,"shellyazplug-e4b323337220 6796 35552.793 1|shelly_notification:163 Status change of switch:0: {""id"":0,""apower"":0,""curren"
2026-04-22T16:57:00,shellyazplug-node/rpc,85,"{""id"": 1, ""src"": ""attacker"", ""method"": ""Switch.Set"", ""params"": {""id"": 0, ""on"": true}}"
2026-04-22T16:57:00,attacker/rpc,85,"{""id"":1,""src"":""shellyazplug-e4b323337220"",""dst"":""attacker"",""result"":{""was_on"":false}}"
2026-04-22T16:57:00,shellyazplug-node/debug/log,88,"shellyazplug-e4b323337220 6797 35553.275 1|shos_rpc_inst.c:230     Switch.Set via MQTT 
"
2026-04-22T16:57:00,shellyazplug-node/status/switch:0,199,"{""id"":0, ""source"":""MQTT"", ""output"":true, ""apower"":0.0, ""voltage"":232.9, ""freq"":50.0, ""current"":0.000, ""aenergy"":{""total"""
2026-04-22T16:57:00,shellyazplug-node/events/rpc,167,"{""src"":""shellyazplug-e4b323337220"",""dst"":""shellyazplug-node/events"",""method"":""NotifyStatus"",""params"":{""ts"":35553.27,""swi"
2026-04-22T16:57:00,shellyazplug-node/debug/log,133,"shellyazplug-e4b323337220 6798 35553.292 1|shelly_notification:163 Status change of switch:0: {""id"":0,""output"":true,""sou"
2026-04-22T16:57:00,shellyazplug-node/rpc,86,"{""id"": 1, ""src"": ""attacker"", ""method"": ""Switch.Set"", ""params"": {""id"": 0, ""on"": false}}"
2026-04-22T16:57:00,attacker/rpc,84,"{""id"":1,""src"":""shellyazplug-e4b323337220"",""dst"":""attacker"",""result"":{""was_on"":true}}"
2026-04-22T16:57:00,shellyazplug-node/debug/log,88,"shellyazplug-e4b323337220 6799 35553.776 1|shos_rpc_inst.c:230     Switch.Set via MQTT 
"
2026-04-22T16:57:00,shellyazplug-node/status/switch:0,200,"{""id"":0, ""source"":""MQTT"", ""output"":false, ""apower"":0.0, ""voltage"":233.0, ""freq"":50.0, ""current"":0.000, ""aenergy"":{""total"
2026-04-22T16:57:00,shellyazplug-node/events/rpc,191,"{""src"":""shellyazplug-e4b323337220"",""dst"":""shellyazplug-node/events"",""method"":""NotifyStatus"",""params"":{""ts"":35553.77,""swi"
2026-04-22T16:57:00,shellyazplug-node/debug/log,157,"shellyazplug-e4b323337220 6800 35553.795 1|shelly_notification:163 Status change of switch:0: {""id"":0,""apower"":0,""curren"
2026-04-22T16:57:01,iot/mq/debug,50,[0;36m[D][sensor:124]: 'Gas Sensor' >> 0.50 V[0m
2026-04-22T16:57:01,iot/mq/sensor/gas_sensor/state,4,0.50
2026-04-22T16:57:01,shellyazplug-node/rpc,85,"{""id"": 1, ""src"": ""attacker"", ""method"": ""Switch.Set"", ""params"": {""id"": 0, ""on"": true}}"
2026-04-22T16:57:01,attacker/rpc,85,"{""id"":1,""src"":""shellyazplug-e4b323337220"",""dst"":""attacker"",""result"":{""was_on"":false}}"
2026-04-22T16:57:01,shellyazplug-node/debug/log,88,"shellyazplug-e4b323337220 6801 35554.278 1|shos_rpc_inst.c:230     Switch.Set via MQTT 
"
2026-04-22T16:57:01,shellyazplug-node/status/switch:0,199,"{""id"":0, ""source"":""MQTT"", ""output"":true, ""apower"":0.0, ""voltage"":233.0, ""freq"":50.0, ""current"":0.000, ""aenergy"":{""total"""
2026-04-22T16:57:01,shellyazplug-node/events/rpc,167,"{""src"":""shellyazplug-e4b323337220"",""dst"":""shellyazplug-node/events"",""method"":""NotifyStatus"",""params"":{""ts"":35554.28,""swi"
2026-04-22T16:57:01,shellyazplug-node/debug/log,133,"shellyazplug-e4b323337220 6802 35554.295 1|shelly_notification:163 Status change of switch:0: {""id"":0,""output"":true,""sou"
2026-04-22T16:57:01,shellyazplug-node/rpc,86,"{""id"": 1, ""src"": ""attacker"", ""method"": ""Switch.Set"", ""params"": {""id"": 0, ""on"": false}}"
2026-04-22T16:57:01,attacker/rpc,84,"{""id"":1,""src"":""shellyazplug-e4b323337220"",""dst"":""attacker"",""result"":{""was_on"":true}}"
2026-04-22T16:57:01,shellyazplug-node/debug/log,88,"shellyazplug-e4b323337220 6803 35554.778 1|shos_rpc_inst.c:230     Switch.Set via MQTT 
"
2026-04-22T16:57:01,shellyazplug-node/status/switch:0,200,"{""id"":0, ""source"":""MQTT"", ""output"":false, ""apower"":0.0, ""voltage"":232.9, ""freq"":50.0, ""current"":0.000, ""aenergy"":{""total"
2026-04-22T16:57:01,shellyazplug-node/events/rpc,191,"{""src"":""shellyazplug-e4b323337220"",""dst"":""shellyazplug-node/events"",""method"":""NotifyStatus"",""params"":{""ts"":35554.77,""swi"
2026-04-22T16:57:01,shellyazplug-node/debug/log,157,"shellyazplug-e4b323337220 6804 35554.797 1|shelly_notification:163 Status change of switch:0: {""id"":0,""apower"":0,""curren"
2026-04-22T16:57:02,shellyazplug-node/rpc,85,"{""id"": 1, ""src"": ""attacker"", ""method"": ""Switch.Set"", ""params"": {""id"": 0, ""on"": true}}"
2026-04-22T16:57:02,attacker/rpc,85,"{""id"":1,""src"":""shellyazplug-e4b323337220"",""dst"":""attacker"",""result"":{""was_on"":false}}"
2026-04-22T16:57:02,shellyazplug-node/debug/log,88,"shellyazplug-e4b323337220 6805 35555.278 1|shos_rpc_inst.c:230     Switch.Set via MQTT 
"
2026-04-22T16:57:02,shellyazplug-node/status/switch:0,199,"{""id"":0, ""source"":""MQTT"", ""output"":true, ""apower"":0.0, ""voltage"":232.9, ""freq"":50.0, ""current"":0.000, ""aenergy"":{""total"""
2026-04-22T16:57:02,shellyazplug-node/events/rpc,167,"{""src"":""shellyazplug-e4b323337220"",""dst"":""shellyazplug-node/events"",""method"":""NotifyStatus"",""params"":{""ts"":35555.28,""swi"
2026-04-22T16:57:02,shellyazplug-node/debug/log,133,"shellyazplug-e4b323337220 6806 35555.295 1|shelly_notification:163 Status change of switch:0: {""id"":0,""output"":true,""sou"
2026-04-22T16:57:02,shellyazplug-node/rpc,86,"{""id"": 1, ""src"": ""attacker"", ""method"": ""Switch.Set"", ""params"": {""id"": 0, ""on"": false}}"
2026-04-22T16:57:02,attacker/rpc,84,"{""id"":1,""src"":""shellyazplug-e4b323337220"",""dst"":""attacker"",""result"":{""was_on"":true}}"
2026-04-22T16:57:02,shellyazplug-node/debug/log,88,"shellyazplug-e4b323337220 6807 35555.779 1|shos_rpc_inst.c:230     Switch.Set via MQTT 
"
2026-04-22T16:57:02,shellyazplug-node/status/switch:0,200,"{""id"":0, ""source"":""MQTT"", ""output"":false, ""apower"":0.0, ""voltage"":232.9, ""freq"":50.0, ""current"":0.000, ""aenergy"":{""total"
2026-04-22T16:57:02,shellyazplug-node/events/rpc,191,"{""src"":""shellyazplug-e4b323337220"",""dst"":""shellyazplug-node/events"",""method"":""NotifyStatus"",""params"":{""ts"":35555.78,""swi"
2026-04-22T16:57:02,shellyazplug-node/debug/log,157,"shellyazplug-e4b323337220 6808 35555.798 1|shelly_notification:163 Status change of switch:0: {""id"":0,""apower"":0,""curren"
2026-04-22T16:57:03,shellyazplug-node/rpc,85,"{""id"": 1, ""src"": ""attacker"", ""method"": ""Switch.Set"", ""params"": {""id"": 0, ""on"": true}}"
2026-04-22T16:57:03,attacker/rpc,85,"{""id"":1,""src"":""shellyazplug-e4b323337220"",""dst"":""attacker"",""result"":{""was_on"":false}}"
2026-04-22T16:57:03,shellyazplug-node/debug/log,88,"shellyazplug-e4b323337220 6809 35556.280 1|shos_rpc_inst.c:230     Switch.Set via MQTT 
"
2026-04-22T16:57:03,shellyazplug-node/status/switch:0,199,"{""id"":0, ""source"":""MQTT"", ""output"":true, ""apower"":0.0, ""voltage"":232.9, ""freq"":50.0, ""current"":0.000, ""aenergy"":{""total"""
2026-04-22T16:57:03,shellyazplug-node/events/rpc,167,"{""src"":""shellyazplug-e4b323337220"",""dst"":""shellyazplug-node/events"",""method"":""NotifyStatus"",""params"":{""ts"":35556.28,""swi"
2026-04-22T16:57:03,shellyazplug-node/debug/log,133,"shellyazplug-e4b323337220 6810 35556.296 1|shelly_notification:163 Status change of switch:0: {""id"":0,""output"":true,""sou"
2026-04-22T16:57:03,shellyazplug-node/rpc,86,"{""id"": 1, ""src"": ""attacker"", ""method"": ""Switch.Set"", ""params"": {""id"": 0, ""on"": false}}"
2026-04-22T16:57:03,attacker/rpc,84,"{""id"":1,""src"":""shellyazplug-e4b323337220"",""dst"":""attacker"",""result"":{""was_on"":true}}"
2026-04-22T16:57:03,shellyazplug-node/debug/log,88,"shellyazplug-e4b323337220 6811 35556.780 1|shos_rpc_inst.c:230     Switch.Set via MQTT 
"
2026-04-22T16:57:03,shellyazplug-node/status/switch:0,200,"{""id"":0, ""source"":""MQTT"", ""output"":false, ""apower"":0.0, ""voltage"":232.8, ""freq"":50.0, ""current"":0.000, ""aenergy"":{""total"
2026-04-22T16:57:03,shellyazplug-node/events/rpc,191,"{""src"":""shellyazplug-e4b323337220"",""dst"":""shellyazplug-node/events"",""method"":""NotifyStatus"",""params"":{""ts"":35556.78,""swi"
2026-04-22T16:57:03,shellyazplug-node/debug/log,157,"shellyazplug-e4b323337220 6812 35556.798 1|shelly_notification:163 Status change of switch:0: {""id"":0,""apower"":0,""curren"
2026-04-22T16:57:04,shellyazplug-node/rpc,85,"{""id"": 1, ""src"": ""attacker"", ""method"": ""Switch.Set"", ""params"": {""id"": 0, ""on"": true}}"
2026-04-22T16:57:04,attacker/rpc,85,"{""id"":1,""src"":""shellyazplug-e4b323337220"",""dst"":""attacker"",""result"":{""was_on"":false}}"
2026-04-22T16:57:04,shellyazplug-node/debug/log,88,"shellyazplug-e4b323337220 6813 35557.281 1|shos_rpc_inst.c:230     Switch.Set via MQTT 
"
2026-04-22T16:57:04,shellyazplug-node/status/switch:0,199,"{""id"":0, ""source"":""MQTT"", ""output"":true, ""apower"":0.0, ""voltage"":232.8, ""freq"":50.0, ""current"":0.000, ""aenergy"":{""total"""
2026-04-22T16:57:04,shellyazplug-node/events/rpc,167,"{""src"":""shellyazplug-e4b323337220"",""dst"":""shellyazplug-node/events"",""method"":""NotifyStatus"",""params"":{""ts"":35557.28,""swi"
2026-04-22T16:57:04,shellyazplug-node/debug/log,133,"shellyazplug-e4b323337220 6814 35557.297 1|shelly_notification:163 Status change of switch:0: {""id"":0,""output"":true,""sou"
2026-04-22T16:57:04,shellyazplug-node/rpc,86,"{""id"": 1, ""src"": ""attacker"", ""method"": ""Switch.Set"", ""params"": {""id"": 0, ""on"": false}}"
2026-04-22T16:57:04,attacker/rpc,84,"{""id"":1,""src"":""shellyazplug-e4b323337220"",""dst"":""attacker"",""result"":{""was_on"":true}}"
2026-04-22T16:57:04,shellyazplug-node/debug/log,88,"shellyazplug-e4b323337220 6815 35557.781 1|shos_rpc_inst.c:230     Switch.Set via MQTT 
"
2026-04-22T16:57:04,shellyazplug-node/status/switch:0,200,"{""id"":0, ""source"":""MQTT"", ""output"":false, ""apower"":0.0, ""voltage"":232.7, ""freq"":50.0, ""current"":0.000, ""aenergy"":{""total"
2026-04-22T16:57:04,shellyazplug-node/events/rpc,191,"{""src"":""shellyazplug-e4b323337220"",""dst"":""shellyazplug-node/events"",""method"":""NotifyStatus"",""params"":{""ts"":35557.78,""swi"
2026-04-22T16:57:04,shellyazplug-node/debug/log,157,"shellyazplug-e4b323337220 6816 35557.800 1|shelly_notification:163 Status change of switch:0: {""id"":0,""apower"":0,""curren"
2026-04-22T16:57:05,shellyazplug-node/rpc,85,"{""id"": 1, ""src"": ""attacker"", ""method"": ""Switch.Set"", ""params"": {""id"": 0, ""on"": true}}"
2026-04-22T16:57:05,attacker/rpc,85,"{""id"":1,""src"":""shellyazplug-e4b323337220"",""dst"":""attacker"",""result"":{""was_on"":false}}"
2026-04-22T16:57:05,shellyazplug-node/debug/log,88,"shellyazplug-e4b323337220 6817 35558.282 1|shos_rpc_inst.c:230     Switch.Set via MQTT 
"
2026-04-22T16:57:05,shellyazplug-node/status/switch:0,199,"{""id"":0, ""source"":""MQTT"", ""output"":true, ""apower"":0.0, ""voltage"":232.7, ""freq"":50.0, ""current"":0.000, ""aenergy"":{""total"""
2026-04-22T16:57:05,shellyazplug-node/events/rpc,167,"{""src"":""shellyazplug-e4b323337220"",""dst"":""shellyazplug-node/events"",""method"":""NotifyStatus"",""params"":{""ts"":35558.28,""swi"
2026-04-22T16:57:05,shellyazplug-node/debug/log,133,"shellyazplug-e4b323337220 6818 35558.298 1|shelly_notification:163 Status change of switch:0: {""id"":0,""output"":true,""sou"
2026-04-22T16:57:05,shellyazplug-node/rpc,86,"{""id"": 1, ""src"": ""attacker"", ""method"": ""Switch.Set"", ""params"": {""id"": 0, ""on"": false}}"
2026-04-22T16:57:05,attacker/rpc,84,"{""id"":1,""src"":""shellyazplug-e4b323337220"",""dst"":""attacker"",""result"":{""was_on"":true}}"
2026-04-22T16:57:05,shellyazplug-node/debug/log,88,"shellyazplug-e4b323337220 6819 35558.782 1|shos_rpc_inst.c:230     Switch.Set via MQTT 
"
2026-04-22T16:57:05,shellyazplug-node/status/switch:0,200,"{""id"":0, ""source"":""MQTT"", ""output"":false, ""apower"":0.0, ""voltage"":232.9, ""freq"":50.0, ""current"":0.000, ""aenergy"":{""total"
2026-04-22T16:57:05,shellyazplug-node/events/rpc,191,"{""src"":""shellyazplug-e4b323337220"",""dst"":""shellyazplug-node/events"",""method"":""NotifyStatus"",""params"":{""ts"":35558.78,""swi"
2026-04-22T16:57:05,shellyazplug-node/debug/log,157,"shellyazplug-e4b323337220 6820 35558.801 1|shelly_notification:163 Status change of switch:0: {""id"":0,""apower"":0,""curren"
2026-04-22T16:57:06,iot/mq/debug,50,[0;36m[D][sensor:124]: 'Gas Sensor' >> 0.50 V[0m
2026-04-22T16:57:06,iot/mq/sensor/gas_sensor/state,4,0.50
2026-04-22T16:57:06,shellyazplug-node/rpc,85,"{""id"": 1, ""src"": ""attacker"", ""method"": ""Switch.Set"", ""params"": {""id"": 0, ""on"": true}}"
2026-04-22T16:57:06,attacker/rpc,85,"{""id"":1,""src"":""shellyazplug-e4b323337220"",""dst"":""attacker"",""result"":{""was_on"":false}}"
2026-04-22T16:57:06,shellyazplug-node/debug/log,88,"shellyazplug-e4b323337220 6821 35559.283 1|shos_rpc_inst.c:230     Switch.Set via MQTT 
"
2026-04-22T16:57:06,shellyazplug-node/status/switch:0,199,"{""id"":0, ""source"":""MQTT"", ""output"":true, ""apower"":0.0, ""voltage"":232.9, ""freq"":50.0, ""current"":0.000, ""aenergy"":{""total"""
2026-04-22T16:57:06,shellyazplug-node/events/rpc,167,"{""src"":""shellyazplug-e4b323337220"",""dst"":""shellyazplug-node/events"",""method"":""NotifyStatus"",""params"":{""ts"":35559.28,""swi"
2026-04-22T16:57:06,shellyazplug-node/debug/log,133,"shellyazplug-e4b323337220 6822 35559.299 1|shelly_notification:163 Status change of switch:0: {""id"":0,""output"":true,""sou"
2026-04-22T16:57:06,shellyazplug-node/rpc,86,"{""id"": 1, ""src"": ""attacker"", ""method"": ""Switch.Set"", ""params"": {""id"": 0, ""on"": false}}"
2026-04-22T16:57:06,attacker/rpc,84,"{""id"":1,""src"":""shellyazplug-e4b323337220"",""dst"":""attacker"",""result"":{""was_on"":true}}"
2026-04-22T16:57:06,shellyazplug-node/debug/log,88,"shellyazplug-e4b323337220 6823 35559.783 1|shos_rpc_inst.c:230     Switch.Set via MQTT 
"
2026-04-22T16:57:06,shellyazplug-node/status/switch:0,200,"{""id"":0, ""source"":""MQTT"", ""output"":false, ""apower"":0.0, ""voltage"":232.8, ""freq"":50.0, ""current"":0.000, ""aenergy"":{""total"
2026-04-22T16:57:06,shellyazplug-node/events/rpc,191,"{""src"":""shellyazplug-e4b323337220"",""dst"":""shellyazplug-node/events"",""method"":""NotifyStatus"",""params"":{""ts"":35559.78,""swi"
2026-04-22T16:57:06,shellyazplug-node/debug/log,157,"shellyazplug-e4b323337220 6824 35559.802 1|shelly_notification:163 Status change of switch:0: {""id"":0,""apower"":0,""curren"
2026-04-22T16:57:07,iot/dht11/debug,59,[0;36m[D][dht:048]: Temperature 23.4°C Humidity 36.0%[0m
2026-04-22T16:57:07,shellyazplug-node/rpc,85,"{""id"": 1, ""src"": ""attacker"", ""method"": ""Switch.Set"", ""params"": {""id"": 0, ""on"": true}}"
2026-04-22T16:57:07,attacker/rpc,85,"{""id"":1,""src"":""shellyazplug-e4b323337220"",""dst"":""attacker"",""result"":{""was_on"":false}}"
2026-04-22T16:57:07,shellyazplug-node/debug/log,88,"shellyazplug-e4b323337220 6825 35560.284 1|shos_rpc_inst.c:230     Switch.Set via MQTT 
"
2026-04-22T16:57:07,iot/dht11/debug,53,[0;36m[D][sensor:124]: 'Temperature' >> 23.4 °C[0m
2026-04-22T16:57:07,iot/dht11/sensor/temperature/state,4,23.4
2026-04-22T16:57:07,iot/dht11/debug,46,[0;36m[D][sensor:124]: 'Humidity' >> 36 %[0m
2026-04-22T16:57:07,iot/dht11/sensor/humidity/state,2,36
2026-04-22T16:57:07,shellyazplug-node/status/switch:0,199,"{""id"":0, ""source"":""MQTT"", ""output"":true, ""apower"":0.0, ""voltage"":232.8, ""freq"":50.0, ""current"":0.000, ""aenergy"":{""total"""
2026-04-22T16:57:07,shellyazplug-node/events/rpc,167,"{""src"":""shellyazplug-e4b323337220"",""dst"":""shellyazplug-node/events"",""method"":""NotifyStatus"",""params"":{""ts"":35560.28,""swi"
2026-04-22T16:57:07,shellyazplug-node/debug/log,133,"shellyazplug-e4b323337220 6826 35560.300 1|shelly_notification:163 Status change of switch:0: {""id"":0,""output"":true,""sou"
2026-04-22T16:57:07,shellyazplug-node/rpc,86,"{""id"": 1, ""src"": ""attacker"", ""method"": ""Switch.Set"", ""params"": {""id"": 0, ""on"": false}}"
2026-04-22T16:57:07,attacker/rpc,84,"{""id"":1,""src"":""shellyazplug-e4b323337220"",""dst"":""attacker"",""result"":{""was_on"":true}}"
2026-04-22T16:57:07,shellyazplug-node/debug/log,88,"shellyazplug-e4b323337220 6827 35560.786 1|shos_rpc_inst.c:230     Switch.Set via MQTT 
"
2026-04-22T16:57:07,shellyazplug-node/status/switch:0,200,"{""id"":0, ""source"":""MQTT"", ""output"":false, ""apower"":0.0, ""voltage"":233.0, ""freq"":50.0, ""current"":0.000, ""aenergy"":{""total"
2026-04-22T16:57:07,shellyazplug-node/events/rpc,191,"{""src"":""shellyazplug-e4b323337220"",""dst"":""shellyazplug-node/events"",""method"":""NotifyStatus"",""params"":{""ts"":35560.78,""swi"
2026-04-22T16:57:07,shellyazplug-node/debug/log,157,"shellyazplug-e4b323337220 6828 35560.804 1|shelly_notification:163 Status change of switch:0: {""id"":0,""apower"":0,""curren"
2026-04-22T16:57:08,shellyazplug-node/rpc,85,"{""id"": 1, ""src"": ""attacker"", ""method"": ""Switch.Set"", ""params"": {""id"": 0, ""on"": true}}"
2026-04-22T16:57:08,attacker/rpc,85,"{""id"":1,""src"":""shellyazplug-e4b323337220"",""dst"":""attacker"",""result"":{""was_on"":false}}"
2026-04-22T16:57:08,shellyazplug-node/debug/log,88,"shellyazplug-e4b323337220 6829 35561.285 1|shos_rpc_inst.c:230     Switch.Set via MQTT 
"
2026-04-22T16:57:08,shellyazplug-node/status/switch:0,199,"{""id"":0, ""source"":""MQTT"", ""output"":true, ""apower"":0.0, ""voltage"":233.0, ""freq"":50.0, ""current"":0.000, ""aenergy"":{""total"""
2026-04-22T16:57:08,shellyazplug-node/events/rpc,167,"{""src"":""shellyazplug-e4b323337220"",""dst"":""shellyazplug-node/events"",""method"":""NotifyStatus"",""params"":{""ts"":35561.28,""swi"
2026-04-22T16:57:08,shellyazplug-node/debug/log,133,"shellyazplug-e4b323337220 6830 35561.302 1|shelly_notification:163 Status change of switch:0: {""id"":0,""output"":true,""sou"
2026-04-22T16:57:08,shellyazplug-node/rpc,86,"{""id"": 1, ""src"": ""attacker"", ""method"": ""Switch.Set"", ""params"": {""id"": 0, ""on"": false}}"
2026-04-22T16:57:08,attacker/rpc,84,"{""id"":1,""src"":""shellyazplug-e4b323337220"",""dst"":""attacker"",""result"":{""was_on"":true}}"
2026-04-22T16:57:08,shellyazplug-node/debug/log,88,"shellyazplug-e4b323337220 6831 35561.785 1|shos_rpc_inst.c:230     Switch.Set via MQTT 
"
2026-04-22T16:57:08,shellyazplug-node/status/switch:0,200,"{""id"":0, ""source"":""MQTT"", ""output"":false, ""apower"":0.0, ""voltage"":232.9, ""freq"":50.0, ""current"":0.000, ""aenergy"":{""total"
2026-04-22T16:57:08,shellyazplug-node/events/rpc,191,"{""src"":""shellyazplug-e4b323337220"",""dst"":""shellyazplug-node/events"",""method"":""NotifyStatus"",""params"":{""ts"":35561.78,""swi"
2026-04-22T16:57:08,shellyazplug-node/debug/log,157,"shellyazplug-e4b323337220 6832 35561.804 1|shelly_notification:163 Status change of switch:0: {""id"":0,""apower"":0,""curren"
2026-04-22T16:57:09,shellyazplug-node/rpc,85,"{""id"": 1, ""src"": ""attacker"", ""method"": ""Switch.Set"", ""params"": {""id"": 0, ""on"": true}}"
2026-04-22T16:57:09,attacker/rpc,85,"{""id"":1,""src"":""shellyazplug-e4b323337220"",""dst"":""attacker"",""result"":{""was_on"":false}}"
2026-04-22T16:57:09,shellyazplug-node/debug/log,88,"shellyazplug-e4b323337220 6833 35562.286 1|shos_rpc_inst.c:230     Switch.Set via MQTT 
"
2026-04-22T16:57:09,shellyazplug-node/status/switch:0,199,"{""id"":0, ""source"":""MQTT"", ""output"":true, ""apower"":0.0, ""voltage"":232.9, ""freq"":50.0, ""current"":0.000, ""aenergy"":{""total"""
2026-04-22T16:57:09,shellyazplug-node/events/rpc,167,"{""src"":""shellyazplug-e4b323337220"",""dst"":""shellyazplug-node/events"",""method"":""NotifyStatus"",""params"":{""ts"":35562.28,""swi"
2026-04-22T16:57:09,shellyazplug-node/debug/log,133,"shellyazplug-e4b323337220 6834 35562.302 1|shelly_notification:163 Status change of switch:0: {""id"":0,""output"":true,""sou"
2026-04-22T16:57:09,shellyazplug-node/rpc,86,"{""id"": 1, ""src"": ""attacker"", ""method"": ""Switch.Set"", ""params"": {""id"": 0, ""on"": false}}"
2026-04-22T16:57:09,attacker/rpc,84,"{""id"":1,""src"":""shellyazplug-e4b323337220"",""dst"":""attacker"",""result"":{""was_on"":true}}"
2026-04-22T16:57:09,shellyazplug-node/debug/log,88,"shellyazplug-e4b323337220 6835 35562.786 1|shos_rpc_inst.c:230     Switch.Set via MQTT 
"
2026-04-22T16:57:09,shellyazplug-node/status/switch:0,200,"{""id"":0, ""source"":""MQTT"", ""output"":false, ""apower"":0.0, ""voltage"":232.9, ""freq"":50.0, ""current"":0.000, ""aenergy"":{""total"
2026-04-22T16:57:09,shellyazplug-node/events/rpc,191,"{""src"":""shellyazplug-e4b323337220"",""dst"":""shellyazplug-node/events"",""method"":""NotifyStatus"",""params"":{""ts"":35562.78,""swi"
2026-04-22T16:57:09,shellyazplug-node/debug/log,157,"shellyazplug-e4b323337220 6836 35562.805 1|shelly_notification:163 Status change of switch:0: {""id"":0,""apower"":0,""curren"
2026-04-22T16:57:10,shellyazplug-node/rpc,85,"{""id"": 1, ""src"": ""attacker"", ""method"": ""Switch.Set"", ""params"": {""id"": 0, ""on"": true}}"
2026-04-22T16:57:10,attacker/rpc,85,"{""id"":1,""src"":""shellyazplug-e4b323337220"",""dst"":""attacker"",""result"":{""was_on"":false}}"
2026-04-22T16:57:10,shellyazplug-node/debug/log,88,"shellyazplug-e4b323337220 6837 35563.287 1|shos_rpc_inst.c:230     Switch.Set via MQTT 
"
2026-04-22T16:57:10,shellyazplug-node/status/switch:0,199,"{""id"":0, ""source"":""MQTT"", ""output"":true, ""apower"":0.0, ""voltage"":232.9, ""freq"":50.0, ""current"":0.000, ""aenergy"":{""total"""
2026-04-22T16:57:10,shellyazplug-node/events/rpc,167,"{""src"":""shellyazplug-e4b323337220"",""dst"":""shellyazplug-node/events"",""method"":""NotifyStatus"",""params"":{""ts"":35563.28,""swi"
2026-04-22T16:57:10,shellyazplug-node/debug/log,133,"shellyazplug-e4b323337220 6838 35563.303 1|shelly_notification:163 Status change of switch:0: {""id"":0,""output"":true,""sou"
2026-04-22T16:57:10,shellyazplug-node/rpc,86,"{""id"": 1, ""src"": ""attacker"", ""method"": ""Switch.Set"", ""params"": {""id"": 0, ""on"": false}}"
2026-04-22T16:57:10,attacker/rpc,84,"{""id"":1,""src"":""shellyazplug-e4b323337220"",""dst"":""attacker"",""result"":{""was_on"":true}}"
2026-04-22T16:57:10,shellyazplug-node/debug/log,88,"shellyazplug-e4b323337220 6839 35563.788 1|shos_rpc_inst.c:230     Switch.Set via MQTT 
"
2026-04-22T16:57:10,shellyazplug-node/status/switch:0,200,"{""id"":0, ""source"":""MQTT"", ""output"":false, ""apower"":0.0, ""voltage"":232.7, ""freq"":50.0, ""current"":0.000, ""aenergy"":{""total"
2026-04-22T16:57:10,shellyazplug-node/events/rpc,191,"{""src"":""shellyazplug-e4b323337220"",""dst"":""shellyazplug-node/events"",""method"":""NotifyStatus"",""params"":{""ts"":35563.79,""swi"
2026-04-22T16:57:10,shellyazplug-node/debug/log,157,"shellyazplug-e4b323337220 6840 35563.807 1|shelly_notification:163 Status change of switch:0: {""id"":0,""apower"":0,""curren"
2026-04-22T16:57:11,iot/mq/debug,50,[0;36m[D][sensor:124]: 'Gas Sensor' >> 0.50 V[0m
2026-04-22T16:57:11,iot/mq/sensor/gas_sensor/state,4,0.50
2026-04-22T16:57:11,shellyazplug-node/rpc,85,"{""id"": 1, ""src"": ""attacker"", ""method"": ""Switch.Set"", ""params"": {""id"": 0, ""on"": true}}"
2026-04-22T16:57:11,attacker/rpc,85,"{""id"":1,""src"":""shellyazplug-e4b323337220"",""dst"":""attacker"",""result"":{""was_on"":false}}"
2026-04-22T16:57:11,shellyazplug-node/debug/log,88,"shellyazplug-e4b323337220 6841 35564.289 1|shos_rpc_inst.c:230     Switch.Set via MQTT 
"
2026-04-22T16:57:11,shellyazplug-node/status/switch:0,199,"{""id"":0, ""source"":""MQTT"", ""output"":true, ""apower"":0.0, ""voltage"":232.7, ""freq"":50.0, ""current"":0.000, ""aenergy"":{""total"""
2026-04-22T16:57:11,shellyazplug-node/events/rpc,167,"{""src"":""shellyazplug-e4b323337220"",""dst"":""shellyazplug-node/events"",""method"":""NotifyStatus"",""params"":{""ts"":35564.29,""swi"
2026-04-22T16:57:11,shellyazplug-node/debug/log,133,"shellyazplug-e4b323337220 6842 35564.305 1|shelly_notification:163 Status change of switch:0: {""id"":0,""output"":true,""sou"
2026-04-22T16:57:11,shellyazplug-node/rpc,86,"{""id"": 1, ""src"": ""attacker"", ""method"": ""Switch.Set"", ""params"": {""id"": 0, ""on"": false}}"
2026-04-22T16:57:11,attacker/rpc,84,"{""id"":1,""src"":""shellyazplug-e4b323337220"",""dst"":""attacker"",""result"":{""was_on"":true}}"
2026-04-22T16:57:11,shellyazplug-node/debug/log,88,"shellyazplug-e4b323337220 6843 35564.790 1|shos_rpc_inst.c:230     Switch.Set via MQTT 
"
2026-04-22T16:57:11,shellyazplug-node/status/switch:0,200,"{""id"":0, ""source"":""MQTT"", ""output"":false, ""apower"":0.0, ""voltage"":232.7, ""freq"":50.0, ""current"":0.000, ""aenergy"":{""total"
2026-04-22T16:57:11,shellyazplug-node/events/rpc,191,"{""src"":""shellyazplug-e4b323337220"",""dst"":""shellyazplug-node/events"",""method"":""NotifyStatus"",""params"":{""ts"":35564.79,""swi"
2026-04-22T16:57:11,shellyazplug-node/debug/log,157,"shellyazplug-e4b323337220 6844 35564.809 1|shelly_notification:163 Status change of switch:0: {""id"":0,""apower"":0,""curren"
2026-04-22T16:57:12,shellyazplug-node/rpc,85,"{""id"": 1, ""src"": ""attacker"", ""method"": ""Switch.Set"", ""params"": {""id"": 0, ""on"": true}}"
2026-04-22T16:57:12,attacker/rpc,85,"{""id"":1,""src"":""shellyazplug-e4b323337220"",""dst"":""attacker"",""result"":{""was_on"":false}}"
2026-04-22T16:57:12,shellyazplug-node/debug/log,88,"shellyazplug-e4b323337220 6845 35565.290 1|shos_rpc_inst.c:230     Switch.Set via MQTT 
"
2026-04-22T16:57:12,shellyazplug-node/status/switch:0,199,"{""id"":0, ""source"":""MQTT"", ""output"":true, ""apower"":0.0, ""voltage"":232.7, ""freq"":50.0, ""current"":0.000, ""aenergy"":{""total"""
2026-04-22T16:57:12,shellyazplug-node/events/rpc,167,"{""src"":""shellyazplug-e4b323337220"",""dst"":""shellyazplug-node/events"",""method"":""NotifyStatus"",""params"":{""ts"":35565.29,""swi"
2026-04-22T16:57:12,shellyazplug-node/debug/log,133,"shellyazplug-e4b323337220 6846 35565.307 1|shelly_notification:163 Status change of switch:0: {""id"":0,""output"":true,""sou"
2026-04-22T16:57:12,shellyazplug-node/rpc,86,"{""id"": 1, ""src"": ""attacker"", ""method"": ""Switch.Set"", ""params"": {""id"": 0, ""on"": false}}"
2026-04-22T16:57:12,attacker/rpc,84,"{""id"":1,""src"":""shellyazplug-e4b323337220"",""dst"":""attacker"",""result"":{""was_on"":true}}"
2026-04-22T16:57:12,shellyazplug-node/debug/log,88,"shellyazplug-e4b323337220 6847 35565.790 1|shos_rpc_inst.c:230     Switch.Set via MQTT 
"
2026-04-22T16:57:12,shellyazplug-node/status/switch:0,200,"{""id"":0, ""source"":""MQTT"", ""output"":false, ""apower"":0.0, ""voltage"":232.7, ""freq"":50.0, ""current"":0.000, ""aenergy"":{""total"
2026-04-22T16:57:12,shellyazplug-node/events/rpc,191,"{""src"":""shellyazplug-e4b323337220"",""dst"":""shellyazplug-node/events"",""method"":""NotifyStatus"",""params"":{""ts"":35565.79,""swi"
2026-04-22T16:57:12,shellyazplug-node/debug/log,157,"shellyazplug-e4b323337220 6848 35565.809 1|shelly_notification:163 Status change of switch:0: {""id"":0,""apower"":0,""curren"
2026-04-22T16:57:13,shellyazplug-node/rpc,85,"{""id"": 1, ""src"": ""attacker"", ""method"": ""Switch.Set"", ""params"": {""id"": 0, ""on"": true}}"
2026-04-22T16:57:13,attacker/rpc,85,"{""id"":1,""src"":""shellyazplug-e4b323337220"",""dst"":""attacker"",""result"":{""was_on"":false}}"
2026-04-22T16:57:13,shellyazplug-node/debug/log,88,"shellyazplug-e4b323337220 6849 35566.291 1|shos_rpc_inst.c:230     Switch.Set via MQTT 
"
2026-04-22T16:57:13,shellyazplug-node/status/switch:0,199,"{""id"":0, ""source"":""MQTT"", ""output"":true, ""apower"":0.0, ""voltage"":232.7, ""freq"":50.0, ""current"":0.000, ""aenergy"":{""total"""
2026-04-22T16:57:13,shellyazplug-node/events/rpc,167,"{""src"":""shellyazplug-e4b323337220"",""dst"":""shellyazplug-node/events"",""method"":""NotifyStatus"",""params"":{""ts"":35566.29,""swi"
2026-04-22T16:57:13,shellyazplug-node/debug/log,133,"shellyazplug-e4b323337220 6850 35566.307 1|shelly_notification:163 Status change of switch:0: {""id"":0,""output"":true,""sou"
2026-04-22T16:57:13,shellyazplug-node/rpc,86,"{""id"": 1, ""src"": ""attacker"", ""method"": ""Switch.Set"", ""params"": {""id"": 0, ""on"": false}}"
2026-04-22T16:57:13,attacker/rpc,84,"{""id"":1,""src"":""shellyazplug-e4b323337220"",""dst"":""attacker"",""result"":{""was_on"":true}}"
2026-04-22T16:57:13,shellyazplug-node/debug/log,88,"shellyazplug-e4b323337220 6851 35566.792 1|shos_rpc_inst.c:230     Switch.Set via MQTT 
"
2026-04-22T16:57:13,shellyazplug-node/status/switch:0,200,"{""id"":0, ""source"":""MQTT"", ""output"":false, ""apower"":0.0, ""voltage"":232.8, ""freq"":50.0, ""current"":0.000, ""aenergy"":{""total"
2026-04-22T16:57:13,shellyazplug-node/events/rpc,191,"{""src"":""shellyazplug-e4b323337220"",""dst"":""shellyazplug-node/events"",""method"":""NotifyStatus"",""params"":{""ts"":35566.79,""swi"
2026-04-22T16:57:13,shellyazplug-node/debug/log,157,"shellyazplug-e4b323337220 6852 35566.810 1|shelly_notification:163 Status change of switch:0: {""id"":0,""apower"":0,""curren"
2026-04-22T16:57:14,shellyazplug-node/rpc,85,"{""id"": 1, ""src"": ""attacker"", ""method"": ""Switch.Set"", ""params"": {""id"": 0, ""on"": true}}"
2026-04-22T16:57:14,attacker/rpc,85,"{""id"":1,""src"":""shellyazplug-e4b323337220"",""dst"":""attacker"",""result"":{""was_on"":false}}"
2026-04-22T16:57:14,shellyazplug-node/debug/log,88,"shellyazplug-e4b323337220 6853 35567.292 1|shos_rpc_inst.c:230     Switch.Set via MQTT 
"
2026-04-22T16:57:14,shellyazplug-node/status/switch:0,199,"{""id"":0, ""source"":""MQTT"", ""output"":true, ""apower"":0.0, ""voltage"":232.8, ""freq"":50.0, ""current"":0.000, ""aenergy"":{""total"""
2026-04-22T16:57:14,shellyazplug-node/events/rpc,167,"{""src"":""shellyazplug-e4b323337220"",""dst"":""shellyazplug-node/events"",""method"":""NotifyStatus"",""params"":{""ts"":35567.29,""swi"
2026-04-22T16:57:14,shellyazplug-node/debug/log,133,"shellyazplug-e4b323337220 6854 35567.309 1|shelly_notification:163 Status change of switch:0: {""id"":0,""output"":true,""sou"
2026-04-22T16:57:14,shellyazplug-node/rpc,86,"{""id"": 1, ""src"": ""attacker"", ""method"": ""Switch.Set"", ""params"": {""id"": 0, ""on"": false}}"
2026-04-22T16:57:14,attacker/rpc,84,"{""id"":1,""src"":""shellyazplug-e4b323337220"",""dst"":""attacker"",""result"":{""was_on"":true}}"
2026-04-22T16:57:14,shellyazplug-node/debug/log,88,"shellyazplug-e4b323337220 6855 35567.792 1|shos_rpc_inst.c:230     Switch.Set via MQTT 
"
2026-04-22T16:57:14,shellyazplug-node/status/switch:0,200,"{""id"":0, ""source"":""MQTT"", ""output"":false, ""apower"":0.0, ""voltage"":232.9, ""freq"":50.0, ""current"":0.000, ""aenergy"":{""total"
2026-04-22T16:57:14,shellyazplug-node/events/rpc,191,"{""src"":""shellyazplug-e4b323337220"",""dst"":""shellyazplug-node/events"",""method"":""NotifyStatus"",""params"":{""ts"":35567.79,""swi"
2026-04-22T16:57:14,shellyazplug-node/debug/log,157,"shellyazplug-e4b323337220 6856 35567.811 1|shelly_notification:163 Status change of switch:0: {""id"":0,""apower"":0,""curren"
2026-04-22T16:57:15,shellyazplug-node/rpc,85,"{""id"": 1, ""src"": ""attacker"", ""method"": ""Switch.Set"", ""params"": {""id"": 0, ""on"": true}}"
2026-04-22T16:57:15,attacker/rpc,85,"{""id"":1,""src"":""shellyazplug-e4b323337220"",""dst"":""attacker"",""result"":{""was_on"":false}}"
2026-04-22T16:57:15,shellyazplug-node/debug/log,88,"shellyazplug-e4b323337220 6857 35568.292 1|shos_rpc_inst.c:230     Switch.Set via MQTT 
"
2026-04-22T16:57:15,shellyazplug-node/status/switch:0,199,"{""id"":0, ""source"":""MQTT"", ""output"":true, ""apower"":0.0, ""voltage"":232.9, ""freq"":50.0, ""current"":0.000, ""aenergy"":{""total"""
2026-04-22T16:57:15,shellyazplug-node/events/rpc,167,"{""src"":""shellyazplug-e4b323337220"",""dst"":""shellyazplug-node/events"",""method"":""NotifyStatus"",""params"":{""ts"":35568.29,""swi"
2026-04-22T16:57:15,shellyazplug-node/debug/log,133,"shellyazplug-e4b323337220 6858 35568.309 1|shelly_notification:163 Status change of switch:0: {""id"":0,""output"":true,""sou"
2026-04-22T16:57:15,shellyazplug-node/rpc,86,"{""id"": 1, ""src"": ""attacker"", ""method"": ""Switch.Set"", ""params"": {""id"": 0, ""on"": false}}"
2026-04-22T16:57:15,attacker/rpc,84,"{""id"":1,""src"":""shellyazplug-e4b323337220"",""dst"":""attacker"",""result"":{""was_on"":true}}"
2026-04-22T16:57:15,shellyazplug-node/debug/log,88,"shellyazplug-e4b323337220 6859 35568.793 1|shos_rpc_inst.c:230     Switch.Set via MQTT 
"
2026-04-22T16:57:15,shellyazplug-node/status/switch:0,200,"{""id"":0, ""source"":""MQTT"", ""output"":false, ""apower"":0.0, ""voltage"":232.8, ""freq"":50.0, ""current"":0.000, ""aenergy"":{""total"
2026-04-22T16:57:15,shellyazplug-node/events/rpc,191,"{""src"":""shellyazplug-e4b323337220"",""dst"":""shellyazplug-node/events"",""method"":""NotifyStatus"",""params"":{""ts"":35568.79,""swi"
2026-04-22T16:57:16,shellyazplug-node/debug/log,157,"shellyazplug-e4b323337220 6860 35568.812 1|shelly_notification:163 Status change of switch:0: {""id"":0,""apower"":0,""curren"
2026-04-22T16:57:16,iot/mq/debug,50,[0;36m[D][sensor:124]: 'Gas Sensor' >> 0.50 V[0m
2026-04-22T16:57:16,iot/mq/sensor/gas_sensor/state,4,0.50
2026-04-22T16:57:16,shellyazplug-node/rpc,85,"{""id"": 1, ""src"": ""attacker"", ""method"": ""Switch.Set"", ""params"": {""id"": 0, ""on"": true}}"
2026-04-22T16:57:16,attacker/rpc,85,"{""id"":1,""src"":""shellyazplug-e4b323337220"",""dst"":""attacker"",""result"":{""was_on"":false}}"
2026-04-22T16:57:16,shellyazplug-node/debug/log,88,"shellyazplug-e4b323337220 6861 35569.293 1|shos_rpc_inst.c:230     Switch.Set via MQTT 
"
2026-04-22T16:57:16,shellyazplug-node/status/switch:0,199,"{""id"":0, ""source"":""MQTT"", ""output"":true, ""apower"":0.0, ""voltage"":232.8, ""freq"":50.0, ""current"":0.000, ""aenergy"":{""total"""
2026-04-22T16:57:16,shellyazplug-node/events/rpc,167,"{""src"":""shellyazplug-e4b323337220"",""dst"":""shellyazplug-node/events"",""method"":""NotifyStatus"",""params"":{""ts"":35569.29,""swi"
2026-04-22T16:57:16,shellyazplug-node/debug/log,133,"shellyazplug-e4b323337220 6862 35569.310 1|shelly_notification:163 Status change of switch:0: {""id"":0,""output"":true,""sou"
2026-04-22T16:57:16,shellyazplug-node/rpc,86,"{""id"": 1, ""src"": ""attacker"", ""method"": ""Switch.Set"", ""params"": {""id"": 0, ""on"": false}}"
2026-04-22T16:57:16,attacker/rpc,84,"{""id"":1,""src"":""shellyazplug-e4b323337220"",""dst"":""attacker"",""result"":{""was_on"":true}}"
2026-04-22T16:57:16,shellyazplug-node/debug/log,88,"shellyazplug-e4b323337220 6863 35569.796 1|shos_rpc_inst.c:230     Switch.Set via MQTT 
"
2026-04-22T16:57:16,shellyazplug-node/status/switch:0,200,"{""id"":0, ""source"":""MQTT"", ""output"":false, ""apower"":0.0, ""voltage"":232.7, ""freq"":50.0, ""current"":0.000, ""aenergy"":{""total"
2026-04-22T16:57:16,shellyazplug-node/events/rpc,191,"{""src"":""shellyazplug-e4b323337220"",""dst"":""shellyazplug-node/events"",""method"":""NotifyStatus"",""params"":{""ts"":35569.79,""swi"
2026-04-22T16:57:17,shellyazplug-node/debug/log,157,"shellyazplug-e4b323337220 6864 35569.815 1|shelly_notification:163 Status change of switch:0: {""id"":0,""apower"":0,""curren"
2026-04-22T16:57:17,iot/dht11/debug,59,[0;36m[D][dht:048]: Temperature 23.4°C Humidity 36.0%[0m
2026-04-22T16:57:17,shellyazplug-node/rpc,85,"{""id"": 1, ""src"": ""attacker"", ""method"": ""Switch.Set"", ""params"": {""id"": 0, ""on"": true}}"
2026-04-22T16:57:17,attacker/rpc,85,"{""id"":1,""src"":""shellyazplug-e4b323337220"",""dst"":""attacker"",""result"":{""was_on"":false}}"
2026-04-22T16:57:17,iot/dht11/debug,53,[0;36m[D][sensor:124]: 'Temperature' >> 23.4 °C[0m
2026-04-22T16:57:17,iot/dht11/sensor/temperature/state,4,23.4
2026-04-22T16:57:17,iot/dht11/debug,46,[0;36m[D][sensor:124]: 'Humidity' >> 36 %[0m
2026-04-22T16:57:17,iot/dht11/sensor/humidity/state,2,36
2026-04-22T16:57:17,shellyazplug-node/debug/log,88,"shellyazplug-e4b323337220 6865 35570.296 1|shos_rpc_inst.c:230     Switch.Set via MQTT 
"
2026-04-22T16:57:17,shellyazplug-node/status/switch:0,199,"{""id"":0, ""source"":""MQTT"", ""output"":true, ""apower"":0.0, ""voltage"":232.7, ""freq"":50.0, ""current"":0.000, ""aenergy"":{""total"""
2026-04-22T16:57:17,shellyazplug-node/events/rpc,167,"{""src"":""shellyazplug-e4b323337220"",""dst"":""shellyazplug-node/events"",""method"":""NotifyStatus"",""params"":{""ts"":35570.29,""swi"
2026-04-22T16:57:17,shellyazplug-node/debug/log,133,"shellyazplug-e4b323337220 6866 35570.312 1|shelly_notification:163 Status change of switch:0: {""id"":0,""output"":true,""sou"
2026-04-22T16:57:17,shellyazplug-node/rpc,86,"{""id"": 1, ""src"": ""attacker"", ""method"": ""Switch.Set"", ""params"": {""id"": 0, ""on"": false}}"
2026-04-22T16:57:17,attacker/rpc,84,"{""id"":1,""src"":""shellyazplug-e4b323337220"",""dst"":""attacker"",""result"":{""was_on"":true}}"
2026-04-22T16:57:17,shellyazplug-node/debug/log,88,"shellyazplug-e4b323337220 6867 35570.795 1|shos_rpc_inst.c:230     Switch.Set via MQTT 
"
2026-04-22T16:57:17,shellyazplug-node/status/switch:0,200,"{""id"":0, ""source"":""MQTT"", ""output"":false, ""apower"":0.0, ""voltage"":232.7, ""freq"":50.0, ""current"":0.000, ""aenergy"":{""total"
2026-04-22T16:57:17,shellyazplug-node/events/rpc,191,"{""src"":""shellyazplug-e4b323337220"",""dst"":""shellyazplug-node/events"",""method"":""NotifyStatus"",""params"":{""ts"":35570.79,""swi"
2026-04-22T16:57:17,shellyazplug-node/debug/log,157,"shellyazplug-e4b323337220 6868 35570.814 1|shelly_notification:163 Status change of switch:0: {""id"":0,""apower"":0,""curren"
2026-04-22T16:57:18,shellyazplug-node/rpc,85,"{""id"": 1, ""src"": ""attacker"", ""method"": ""Switch.Set"", ""params"": {""id"": 0, ""on"": true}}"
2026-04-22T16:57:18,attacker/rpc,85,"{""id"":1,""src"":""shellyazplug-e4b323337220"",""dst"":""attacker"",""result"":{""was_on"":false}}"
2026-04-22T16:57:18,shellyazplug-node/debug/log,88,"shellyazplug-e4b323337220 6869 35571.296 1|shos_rpc_inst.c:230     Switch.Set via MQTT 
"
2026-04-22T16:57:18,shellyazplug-node/status/switch:0,199,"{""id"":0, ""source"":""MQTT"", ""output"":true, ""apower"":0.0, ""voltage"":232.7, ""freq"":50.0, ""current"":0.000, ""aenergy"":{""total"""
2026-04-22T16:57:18,shellyazplug-node/events/rpc,167,"{""src"":""shellyazplug-e4b323337220"",""dst"":""shellyazplug-node/events"",""method"":""NotifyStatus"",""params"":{""ts"":35571.29,""swi"
2026-04-22T16:57:18,shellyazplug-node/debug/log,133,"shellyazplug-e4b323337220 6870 35571.312 1|shelly_notification:163 Status change of switch:0: {""id"":0,""output"":true,""sou"
2026-04-22T16:57:18,shellyazplug-node/rpc,86,"{""id"": 1, ""src"": ""attacker"", ""method"": ""Switch.Set"", ""params"": {""id"": 0, ""on"": false}}"
2026-04-22T16:57:18,attacker/rpc,84,"{""id"":1,""src"":""shellyazplug-e4b323337220"",""dst"":""attacker"",""result"":{""was_on"":true}}"
2026-04-22T16:57:18,shellyazplug-node/debug/log,88,"shellyazplug-e4b323337220 6871 35571.796 1|shos_rpc_inst.c:230     Switch.Set via MQTT 
"
2026-04-22T16:57:18,shellyazplug-node/status/switch:0,200,"{""id"":0, ""source"":""MQTT"", ""output"":false, ""apower"":0.0, ""voltage"":232.7, ""freq"":50.0, ""current"":0.000, ""aenergy"":{""total"
2026-04-22T16:57:18,shellyazplug-node/events/rpc,191,"{""src"":""shellyazplug-e4b323337220"",""dst"":""shellyazplug-node/events"",""method"":""NotifyStatus"",""params"":{""ts"":35571.79,""swi"
2026-04-22T16:57:18,shellyazplug-node/debug/log,157,"shellyazplug-e4b323337220 6872 35571.814 1|shelly_notification:163 Status change of switch:0: {""id"":0,""apower"":0,""curren"
2026-04-22T16:57:19,shellyazplug-node/rpc,85,"{""id"": 1, ""src"": ""attacker"", ""method"": ""Switch.Set"", ""params"": {""id"": 0, ""on"": true}}"
2026-04-22T16:57:19,attacker/rpc,85,"{""id"":1,""src"":""shellyazplug-e4b323337220"",""dst"":""attacker"",""result"":{""was_on"":false}}"
2026-04-22T16:57:19,shellyazplug-node/debug/log,88,"shellyazplug-e4b323337220 6873 35572.297 1|shos_rpc_inst.c:230     Switch.Set via MQTT 
"
2026-04-22T16:57:19,shellyazplug-node/status/switch:0,199,"{""id"":0, ""source"":""MQTT"", ""output"":true, ""apower"":0.0, ""voltage"":232.7, ""freq"":50.0, ""current"":0.000, ""aenergy"":{""total"""
2026-04-22T16:57:19,shellyazplug-node/events/rpc,167,"{""src"":""shellyazplug-e4b323337220"",""dst"":""shellyazplug-node/events"",""method"":""NotifyStatus"",""params"":{""ts"":35572.29,""swi"
2026-04-22T16:57:19,shellyazplug-node/debug/log,133,"shellyazplug-e4b323337220 6874 35572.313 1|shelly_notification:163 Status change of switch:0: {""id"":0,""output"":true,""sou"
2026-04-22T16:57:19,shellyazplug-node/rpc,86,"{""id"": 1, ""src"": ""attacker"", ""method"": ""Switch.Set"", ""params"": {""id"": 0, ""on"": false}}"
2026-04-22T16:57:19,attacker/rpc,84,"{""id"":1,""src"":""shellyazplug-e4b323337220"",""dst"":""attacker"",""result"":{""was_on"":true}}"
2026-04-22T16:57:19,shellyazplug-node/debug/log,88,"shellyazplug-e4b323337220 6875 35572.797 1|shos_rpc_inst.c:230     Switch.Set via MQTT 
"
2026-04-22T16:57:19,shellyazplug-node/status/switch:0,200,"{""id"":0, ""source"":""MQTT"", ""output"":false, ""apower"":0.0, ""voltage"":232.9, ""freq"":50.0, ""current"":0.000, ""aenergy"":{""total"
2026-04-22T16:57:19,shellyazplug-node/events/rpc,191,"{""src"":""shellyazplug-e4b323337220"",""dst"":""shellyazplug-node/events"",""method"":""NotifyStatus"",""params"":{""ts"":35572.79,""swi"
2026-04-22T16:57:20,shellyazplug-node/debug/log,157,"shellyazplug-e4b323337220 6876 35572.815 1|shelly_notification:163 Status change of switch:0: {""id"":0,""apower"":0,""curren"
2026-04-22T16:57:20,shellyazplug-node/rpc,85,"{""id"": 1, ""src"": ""attacker"", ""method"": ""Switch.Set"", ""params"": {""id"": 0, ""on"": true}}"
2026-04-22T16:57:20,attacker/rpc,85,"{""id"":1,""src"":""shellyazplug-e4b323337220"",""dst"":""attacker"",""result"":{""was_on"":false}}"
2026-04-22T16:57:20,shellyazplug-node/debug/log,88,"shellyazplug-e4b323337220 6877 35573.297 1|shos_rpc_inst.c:230     Switch.Set via MQTT 
"
2026-04-22T16:57:20,shellyazplug-node/status/switch:0,199,"{""id"":0, ""source"":""MQTT"", ""output"":true, ""apower"":0.0, ""voltage"":232.9, ""freq"":50.0, ""current"":0.000, ""aenergy"":{""total"""
2026-04-22T16:57:20,shellyazplug-node/events/rpc,167,"{""src"":""shellyazplug-e4b323337220"",""dst"":""shellyazplug-node/events"",""method"":""NotifyStatus"",""params"":{""ts"":35573.29,""swi"
2026-04-22T16:57:20,shellyazplug-node/debug/log,133,"shellyazplug-e4b323337220 6878 35573.314 1|shelly_notification:163 Status change of switch:0: {""id"":0,""output"":true,""sou"
2026-04-22T16:57:20,shellyazplug-node/rpc,86,"{""id"": 1, ""src"": ""attacker"", ""method"": ""Switch.Set"", ""params"": {""id"": 0, ""on"": false}}"
2026-04-22T16:57:20,attacker/rpc,84,"{""id"":1,""src"":""shellyazplug-e4b323337220"",""dst"":""attacker"",""result"":{""was_on"":true}}"
2026-04-22T16:57:20,shellyazplug-node/debug/log,88,"shellyazplug-e4b323337220 6879 35573.798 1|shos_rpc_inst.c:230     Switch.Set via MQTT 
"
2026-04-22T16:57:20,shellyazplug-node/status/switch:0,200,"{""id"":0, ""source"":""MQTT"", ""output"":false, ""apower"":0.0, ""voltage"":232.9, ""freq"":50.0, ""current"":0.000, ""aenergy"":{""total"
2026-04-22T16:57:20,shellyazplug-node/events/rpc,191,"{""src"":""shellyazplug-e4b323337220"",""dst"":""shellyazplug-node/events"",""method"":""NotifyStatus"",""params"":{""ts"":35573.80,""swi"
2026-04-22T16:57:21,shellyazplug-node/debug/log,157,"shellyazplug-e4b323337220 6880 35573.817 1|shelly_notification:163 Status change of switch:0: {""id"":0,""apower"":0,""curren"
2026-04-22T16:57:21,iot/mq/debug,50,[0;36m[D][sensor:124]: 'Gas Sensor' >> 0.50 V[0m
2026-04-22T16:57:21,iot/mq/sensor/gas_sensor/state,4,0.50
2026-04-22T16:57:21,shellyazplug-node/rpc,85,"{""id"": 1, ""src"": ""attacker"", ""method"": ""Switch.Set"", ""params"": {""id"": 0, ""on"": true}}"
2026-04-22T16:57:21,attacker/rpc,85,"{""id"":1,""src"":""shellyazplug-e4b323337220"",""dst"":""attacker"",""result"":{""was_on"":false}}"
2026-04-22T16:57:21,shellyazplug-node/debug/log,88,"shellyazplug-e4b323337220 6881 35574.298 1|shos_rpc_inst.c:230     Switch.Set via MQTT 
"
2026-04-22T16:57:21,shellyazplug-node/status/switch:0,199,"{""id"":0, ""source"":""MQTT"", ""output"":true, ""apower"":0.0, ""voltage"":232.9, ""freq"":50.0, ""current"":0.000, ""aenergy"":{""total"""
2026-04-22T16:57:21,shellyazplug-node/events/rpc,167,"{""src"":""shellyazplug-e4b323337220"",""dst"":""shellyazplug-node/events"",""method"":""NotifyStatus"",""params"":{""ts"":35574.29,""swi"
2026-04-22T16:57:21,shellyazplug-node/debug/log,133,"shellyazplug-e4b323337220 6882 35574.315 1|shelly_notification:163 Status change of switch:0: {""id"":0,""output"":true,""sou"
2026-04-22T16:57:21,shellyazplug-node/rpc,86,"{""id"": 1, ""src"": ""attacker"", ""method"": ""Switch.Set"", ""params"": {""id"": 0, ""on"": false}}"
2026-04-22T16:57:21,attacker/rpc,84,"{""id"":1,""src"":""shellyazplug-e4b323337220"",""dst"":""attacker"",""result"":{""was_on"":true}}"
2026-04-22T16:57:21,shellyazplug-node/debug/log,88,"shellyazplug-e4b323337220 6883 35574.799 1|shos_rpc_inst.c:230     Switch.Set via MQTT 
"
2026-04-22T16:57:21,shellyazplug-node/status/switch:0,200,"{""id"":0, ""source"":""MQTT"", ""output"":false, ""apower"":0.0, ""voltage"":232.8, ""freq"":50.0, ""current"":0.000, ""aenergy"":{""total"
2026-04-22T16:57:21,shellyazplug-node/events/rpc,191,"{""src"":""shellyazplug-e4b323337220"",""dst"":""shellyazplug-node/events"",""method"":""NotifyStatus"",""params"":{""ts"":35574.80,""swi"
2026-04-22T16:57:22,shellyazplug-node/debug/log,157,"shellyazplug-e4b323337220 6884 35574.818 1|shelly_notification:163 Status change of switch:0: {""id"":0,""apower"":0,""curren"
2026-04-22T16:57:22,shellyazplug-node/rpc,85,"{""id"": 1, ""src"": ""attacker"", ""method"": ""Switch.Set"", ""params"": {""id"": 0, ""on"": true}}"
2026-04-22T16:57:22,attacker/rpc,85,"{""id"":1,""src"":""shellyazplug-e4b323337220"",""dst"":""attacker"",""result"":{""was_on"":false}}"
2026-04-22T16:57:22,shellyazplug-node/debug/log,88,"shellyazplug-e4b323337220 6885 35575.300 1|shos_rpc_inst.c:230     Switch.Set via MQTT 
"
2026-04-22T16:57:22,shellyazplug-node/status/switch:0,199,"{""id"":0, ""source"":""MQTT"", ""output"":true, ""apower"":0.0, ""voltage"":232.8, ""freq"":50.0, ""current"":0.000, ""aenergy"":{""total"""
2026-04-22T16:57:22,shellyazplug-node/events/rpc,167,"{""src"":""shellyazplug-e4b323337220"",""dst"":""shellyazplug-node/events"",""method"":""NotifyStatus"",""params"":{""ts"":35575.30,""swi"
2026-04-22T16:57:22,shellyazplug-node/debug/log,133,"shellyazplug-e4b323337220 6886 35575.316 1|shelly_notification:163 Status change of switch:0: {""id"":0,""output"":true,""sou"
2026-04-22T16:57:22,shellyazplug-node/rpc,86,"{""id"": 1, ""src"": ""attacker"", ""method"": ""Switch.Set"", ""params"": {""id"": 0, ""on"": false}}"
2026-04-22T16:57:22,attacker/rpc,84,"{""id"":1,""src"":""shellyazplug-e4b323337220"",""dst"":""attacker"",""result"":{""was_on"":true}}"
2026-04-22T16:57:22,shellyazplug-node/debug/log,88,"shellyazplug-e4b323337220 6887 35575.800 1|shos_rpc_inst.c:230     Switch.Set via MQTT 
"
2026-04-22T16:57:22,shellyazplug-node/status/switch:0,200,"{""id"":0, ""source"":""MQTT"", ""output"":false, ""apower"":0.0, ""voltage"":232.8, ""freq"":50.0, ""current"":0.000, ""aenergy"":{""total"
2026-04-22T16:57:22,shellyazplug-node/events/rpc,191,"{""src"":""shellyazplug-e4b323337220"",""dst"":""shellyazplug-node/events"",""method"":""NotifyStatus"",""params"":{""ts"":35575.80,""swi"
2026-04-22T16:57:22,shellyazplug-node/debug/log,157,"shellyazplug-e4b323337220 6888 35575.819 1|shelly_notification:163 Status change of switch:0: {""id"":0,""apower"":0,""curren"
2026-04-22T16:57:23,shellyazplug-node/rpc,85,"{""id"": 1, ""src"": ""attacker"", ""method"": ""Switch.Set"", ""params"": {""id"": 0, ""on"": true}}"
2026-04-22T16:57:23,attacker/rpc,85,"{""id"":1,""src"":""shellyazplug-e4b323337220"",""dst"":""attacker"",""result"":{""was_on"":false}}"
2026-04-22T16:57:23,shellyazplug-node/debug/log,88,"shellyazplug-e4b323337220 6889 35576.300 1|shos_rpc_inst.c:230     Switch.Set via MQTT 
"
2026-04-22T16:57:23,shellyazplug-node/status/switch:0,199,"{""id"":0, ""source"":""MQTT"", ""output"":true, ""apower"":0.0, ""voltage"":232.8, ""freq"":50.0, ""current"":0.000, ""aenergy"":{""total"""
2026-04-22T16:57:23,shellyazplug-node/events/rpc,167,"{""src"":""shellyazplug-e4b323337220"",""dst"":""shellyazplug-node/events"",""method"":""NotifyStatus"",""params"":{""ts"":35576.30,""swi"
2026-04-22T16:57:23,shellyazplug-node/debug/log,133,"shellyazplug-e4b323337220 6890 35576.317 1|shelly_notification:163 Status change of switch:0: {""id"":0,""output"":true,""sou"
2026-04-22T16:57:23,shellyazplug-node/rpc,86,"{""id"": 1, ""src"": ""attacker"", ""method"": ""Switch.Set"", ""params"": {""id"": 0, ""on"": false}}"
2026-04-22T16:57:23,attacker/rpc,84,"{""id"":1,""src"":""shellyazplug-e4b323337220"",""dst"":""attacker"",""result"":{""was_on"":true}}"
2026-04-22T16:57:23,shellyazplug-node/debug/log,88,"shellyazplug-e4b323337220 6891 35576.801 1|shos_rpc_inst.c:230     Switch.Set via MQTT 
"
2026-04-22T16:57:23,shellyazplug-node/status/switch:0,200,"{""id"":0, ""source"":""MQTT"", ""output"":false, ""apower"":0.0, ""voltage"":233.1, ""freq"":50.0, ""current"":0.000, ""aenergy"":{""total"
2026-04-22T16:57:24,shellyazplug-node/events/rpc,191,"{""src"":""shellyazplug-e4b323337220"",""dst"":""shellyazplug-node/events"",""method"":""NotifyStatus"",""params"":{""ts"":35576.80,""swi"
2026-04-22T16:57:24,shellyazplug-node/debug/log,157,"shellyazplug-e4b323337220 6892 35576.820 1|shelly_notification:163 Status change of switch:0: {""id"":0,""apower"":0,""curren"
2026-04-22T16:57:24,shellyazplug-node/rpc,85,"{""id"": 1, ""src"": ""attacker"", ""method"": ""Switch.Set"", ""params"": {""id"": 0, ""on"": true}}"
2026-04-22T16:57:24,attacker/rpc,85,"{""id"":1,""src"":""shellyazplug-e4b323337220"",""dst"":""attacker"",""result"":{""was_on"":false}}"
2026-04-22T16:57:24,shellyazplug-node/debug/log,88,"shellyazplug-e4b323337220 6893 35577.302 1|shos_rpc_inst.c:230     Switch.Set via MQTT 
"
2026-04-22T16:57:24,shellyazplug-node/status/switch:0,199,"{""id"":0, ""source"":""MQTT"", ""output"":true, ""apower"":0.0, ""voltage"":233.1, ""freq"":50.0, ""current"":0.000, ""aenergy"":{""total"""
2026-04-22T16:57:24,shellyazplug-node/events/rpc,167,"{""src"":""shellyazplug-e4b323337220"",""dst"":""shellyazplug-node/events"",""method"":""NotifyStatus"",""params"":{""ts"":35577.30,""swi"
2026-04-22T16:57:24,shellyazplug-node/debug/log,133,"shellyazplug-e4b323337220 6894 35577.318 1|shelly_notification:163 Status change of switch:0: {""id"":0,""output"":true,""sou"
2026-04-22T16:57:24,shellyazplug-node/rpc,86,"{""id"": 1, ""src"": ""attacker"", ""method"": ""Switch.Set"", ""params"": {""id"": 0, ""on"": false}}"
2026-04-22T16:57:24,attacker/rpc,84,"{""id"":1,""src"":""shellyazplug-e4b323337220"",""dst"":""attacker"",""result"":{""was_on"":true}}"
2026-04-22T16:57:24,shellyazplug-node/debug/log,88,"shellyazplug-e4b323337220 6895 35577.802 1|shos_rpc_inst.c:230     Switch.Set via MQTT 
"
2026-04-22T16:57:24,shellyazplug-node/status/switch:0,200,"{""id"":0, ""source"":""MQTT"", ""output"":false, ""apower"":0.0, ""voltage"":233.0, ""freq"":50.0, ""current"":0.000, ""aenergy"":{""total"
2026-04-22T16:57:25,shellyazplug-node/events/rpc,191,"{""src"":""shellyazplug-e4b323337220"",""dst"":""shellyazplug-node/events"",""method"":""NotifyStatus"",""params"":{""ts"":35577.80,""swi"
2026-04-22T16:57:25,shellyazplug-node/debug/log,157,"shellyazplug-e4b323337220 6896 35577.820 1|shelly_notification:163 Status change of switch:0: {""id"":0,""apower"":0,""curren"
2026-04-22T16:57:25,shellyazplug-node/rpc,85,"{""id"": 1, ""src"": ""attacker"", ""method"": ""Switch.Set"", ""params"": {""id"": 0, ""on"": true}}"
2026-04-22T16:57:25,attacker/rpc,85,"{""id"":1,""src"":""shellyazplug-e4b323337220"",""dst"":""attacker"",""result"":{""was_on"":false}}"
2026-04-22T16:57:25,shellyazplug-node/debug/log,88,"shellyazplug-e4b323337220 6897 35578.303 1|shos_rpc_inst.c:230     Switch.Set via MQTT 
"
2026-04-22T16:57:25,shellyazplug-node/status/switch:0,199,"{""id"":0, ""source"":""MQTT"", ""output"":true, ""apower"":0.0, ""voltage"":233.0, ""freq"":50.0, ""current"":0.000, ""aenergy"":{""total"""
2026-04-22T16:57:25,shellyazplug-node/events/rpc,167,"{""src"":""shellyazplug-e4b323337220"",""dst"":""shellyazplug-node/events"",""method"":""NotifyStatus"",""params"":{""ts"":35578.30,""swi"
2026-04-22T16:57:25,shellyazplug-node/debug/log,133,"shellyazplug-e4b323337220 6898 35578.319 1|shelly_notification:163 Status change of switch:0: {""id"":0,""output"":true,""sou"
2026-04-22T16:57:25,shellyazplug-node/rpc,86,"{""id"": 1, ""src"": ""attacker"", ""method"": ""Switch.Set"", ""params"": {""id"": 0, ""on"": false}}"
2026-04-22T16:57:25,attacker/rpc,84,"{""id"":1,""src"":""shellyazplug-e4b323337220"",""dst"":""attacker"",""result"":{""was_on"":true}}"
2026-04-22T16:57:25,shellyazplug-node/debug/log,88,"shellyazplug-e4b323337220 6899 35578.803 1|shos_rpc_inst.c:230     Switch.Set via MQTT 
"
2026-04-22T16:57:25,shellyazplug-node/status/switch:0,200,"{""id"":0, ""source"":""MQTT"", ""output"":false, ""apower"":0.0, ""voltage"":232.9, ""freq"":50.0, ""current"":0.000, ""aenergy"":{""total"
2026-04-22T16:57:25,shellyazplug-node/events/rpc,191,"{""src"":""shellyazplug-e4b323337220"",""dst"":""shellyazplug-node/events"",""method"":""NotifyStatus"",""params"":{""ts"":35578.80,""swi"
2026-04-22T16:57:26,shellyazplug-node/debug/log,157,"shellyazplug-e4b323337220 6900 35578.822 1|shelly_notification:163 Status change of switch:0: {""id"":0,""apower"":0,""curren"
2026-04-22T16:57:26,iot/mq/debug,50,[0;36m[D][sensor:124]: 'Gas Sensor' >> 0.50 V[0m
2026-04-22T16:57:26,iot/mq/sensor/gas_sensor/state,4,0.50
2026-04-22T16:57:26,shellyazplug-node/rpc,85,"{""id"": 1, ""src"": ""attacker"", ""method"": ""Switch.Set"", ""params"": {""id"": 0, ""on"": true}}"
2026-04-22T16:57:26,attacker/rpc,85,"{""id"":1,""src"":""shellyazplug-e4b323337220"",""dst"":""attacker"",""result"":{""was_on"":false}}"
2026-04-22T16:57:26,shellyazplug-node/debug/log,88,"shellyazplug-e4b323337220 6901 35579.304 1|shos_rpc_inst.c:230     Switch.Set via MQTT 
"
2026-04-22T16:57:26,shellyazplug-node/status/switch:0,199,"{""id"":0, ""source"":""MQTT"", ""output"":true, ""apower"":0.0, ""voltage"":232.9, ""freq"":50.0, ""current"":0.000, ""aenergy"":{""total"""
2026-04-22T16:57:26,shellyazplug-node/events/rpc,167,"{""src"":""shellyazplug-e4b323337220"",""dst"":""shellyazplug-node/events"",""method"":""NotifyStatus"",""params"":{""ts"":35579.30,""swi"
2026-04-22T16:57:26,shellyazplug-node/debug/log,133,"shellyazplug-e4b323337220 6902 35579.321 1|shelly_notification:163 Status change of switch:0: {""id"":0,""output"":true,""sou"
2026-04-22T16:57:26,shellyazplug-node/rpc,86,"{""id"": 1, ""src"": ""attacker"", ""method"": ""Switch.Set"", ""params"": {""id"": 0, ""on"": false}}"
2026-04-22T16:57:26,attacker/rpc,84,"{""id"":1,""src"":""shellyazplug-e4b323337220"",""dst"":""attacker"",""result"":{""was_on"":true}}"
2026-04-22T16:57:26,shellyazplug-node/debug/log,88,"shellyazplug-e4b323337220 6903 35579.804 1|shos_rpc_inst.c:230     Switch.Set via MQTT 
"
2026-04-22T16:57:26,shellyazplug-node/status/switch:0,200,"{""id"":0, ""source"":""MQTT"", ""output"":false, ""apower"":0.0, ""voltage"":232.9, ""freq"":50.0, ""current"":0.000, ""aenergy"":{""total"
2026-04-22T16:57:26,shellyazplug-node/events/rpc,191,"{""src"":""shellyazplug-e4b323337220"",""dst"":""shellyazplug-node/events"",""method"":""NotifyStatus"",""params"":{""ts"":35579.80,""swi"
2026-04-22T16:57:27,shellyazplug-node/debug/log,157,"shellyazplug-e4b323337220 6904 35579.822 1|shelly_notification:163 Status change of switch:0: {""id"":0,""apower"":0,""curren"
2026-04-22T16:57:27,iot/dht11/debug,59,[0;36m[D][dht:048]: Temperature 23.4°C Humidity 36.0%[0m
2026-04-22T16:57:27,shellyazplug-node/rpc,85,"{""id"": 1, ""src"": ""attacker"", ""method"": ""Switch.Set"", ""params"": {""id"": 0, ""on"": true}}"
2026-04-22T16:57:27,attacker/rpc,85,"{""id"":1,""src"":""shellyazplug-e4b323337220"",""dst"":""attacker"",""result"":{""was_on"":false}}"
2026-04-22T16:57:27,iot/dht11/debug,53,[0;36m[D][sensor:124]: 'Temperature' >> 23.4 °C[0m
2026-04-22T16:57:27,iot/dht11/sensor/temperature/state,4,23.4
2026-04-22T16:57:27,iot/dht11/debug,46,[0;36m[D][sensor:124]: 'Humidity' >> 36 %[0m
2026-04-22T16:57:27,iot/dht11/sensor/humidity/state,2,36
2026-04-22T16:57:27,shellyazplug-node/debug/log,88,"shellyazplug-e4b323337220 6905 35580.304 1|shos_rpc_inst.c:230     Switch.Set via MQTT 
"
2026-04-22T16:57:27,shellyazplug-node/status/switch:0,199,"{""id"":0, ""source"":""MQTT"", ""output"":true, ""apower"":0.0, ""voltage"":232.9, ""freq"":50.0, ""current"":0.000, ""aenergy"":{""total"""
2026-04-22T16:57:27,shellyazplug-node/events/rpc,167,"{""src"":""shellyazplug-e4b323337220"",""dst"":""shellyazplug-node/events"",""method"":""NotifyStatus"",""params"":{""ts"":35580.30,""swi"
2026-04-22T16:57:27,shellyazplug-node/debug/log,133,"shellyazplug-e4b323337220 6906 35580.321 1|shelly_notification:163 Status change of switch:0: {""id"":0,""output"":true,""sou"
2026-04-22T16:57:27,shellyazplug-node/rpc,86,"{""id"": 1, ""src"": ""attacker"", ""method"": ""Switch.Set"", ""params"": {""id"": 0, ""on"": false}}"
2026-04-22T16:57:27,attacker/rpc,84,"{""id"":1,""src"":""shellyazplug-e4b323337220"",""dst"":""attacker"",""result"":{""was_on"":true}}"
2026-04-22T16:57:27,shellyazplug-node/debug/log,88,"shellyazplug-e4b323337220 6907 35580.806 1|shos_rpc_inst.c:230     Switch.Set via MQTT 
"
2026-04-22T16:57:28,shellyazplug-node/status/switch:0,200,"{""id"":0, ""source"":""MQTT"", ""output"":false, ""apower"":0.0, ""voltage"":233.0, ""freq"":50.0, ""current"":0.000, ""aenergy"":{""total"
2026-04-22T16:57:28,shellyazplug-node/events/rpc,191,"{""src"":""shellyazplug-e4b323337220"",""dst"":""shellyazplug-node/events"",""method"":""NotifyStatus"",""params"":{""ts"":35580.80,""swi"
2026-04-22T16:57:28,shellyazplug-node/debug/log,157,"shellyazplug-e4b323337220 6908 35580.825 1|shelly_notification:163 Status change of switch:0: {""id"":0,""apower"":0,""curren"
2026-04-22T16:57:28,shellyazplug-node/rpc,85,"{""id"": 1, ""src"": ""attacker"", ""method"": ""Switch.Set"", ""params"": {""id"": 0, ""on"": true}}"
2026-04-22T16:57:28,attacker/rpc,85,"{""id"":1,""src"":""shellyazplug-e4b323337220"",""dst"":""attacker"",""result"":{""was_on"":false}}"
2026-04-22T16:57:28,shellyazplug-node/debug/log,88,"shellyazplug-e4b323337220 6909 35581.306 1|shos_rpc_inst.c:230     Switch.Set via MQTT 
"
2026-04-22T16:57:28,shellyazplug-node/status/switch:0,199,"{""id"":0, ""source"":""MQTT"", ""output"":true, ""apower"":0.0, ""voltage"":233.0, ""freq"":50.0, ""current"":0.000, ""aenergy"":{""total"""
2026-04-22T16:57:28,shellyazplug-node/events/rpc,167,"{""src"":""shellyazplug-e4b323337220"",""dst"":""shellyazplug-node/events"",""method"":""NotifyStatus"",""params"":{""ts"":35581.30,""swi"
2026-04-22T16:57:28,shellyazplug-node/debug/log,133,"shellyazplug-e4b323337220 6910 35581.322 1|shelly_notification:163 Status change of switch:0: {""id"":0,""output"":true,""sou"
2026-04-22T16:57:28,shellyazplug-node/rpc,86,"{""id"": 1, ""src"": ""attacker"", ""method"": ""Switch.Set"", ""params"": {""id"": 0, ""on"": false}}"
2026-04-22T16:57:28,attacker/rpc,84,"{""id"":1,""src"":""shellyazplug-e4b323337220"",""dst"":""attacker"",""result"":{""was_on"":true}}"
2026-04-22T16:57:28,shellyazplug-node/debug/log,88,"shellyazplug-e4b323337220 6911 35581.807 1|shos_rpc_inst.c:230     Switch.Set via MQTT 
"
2026-04-22T16:57:28,shellyazplug-node/status/switch:0,200,"{""id"":0, ""source"":""MQTT"", ""output"":false, ""apower"":0.0, ""voltage"":233.2, ""freq"":50.0, ""current"":0.000, ""aenergy"":{""total"
2026-04-22T16:57:29,shellyazplug-node/events/rpc,191,"{""src"":""shellyazplug-e4b323337220"",""dst"":""shellyazplug-node/events"",""method"":""NotifyStatus"",""params"":{""ts"":35581.80,""swi"
2026-04-22T16:57:29,shellyazplug-node/debug/log,157,"shellyazplug-e4b323337220 6912 35581.826 1|shelly_notification:163 Status change of switch:0: {""id"":0,""apower"":0,""curren"
2026-04-22T16:57:29,shellyazplug-node/rpc,85,"{""id"": 1, ""src"": ""attacker"", ""method"": ""Switch.Set"", ""params"": {""id"": 0, ""on"": true}}"
2026-04-22T16:57:29,attacker/rpc,85,"{""id"":1,""src"":""shellyazplug-e4b323337220"",""dst"":""attacker"",""result"":{""was_on"":false}}"
2026-04-22T16:57:29,shellyazplug-node/debug/log,88,"shellyazplug-e4b323337220 6913 35582.307 1|shos_rpc_inst.c:230     Switch.Set via MQTT 
"
2026-04-22T16:57:29,shellyazplug-node/status/switch:0,199,"{""id"":0, ""source"":""MQTT"", ""output"":true, ""apower"":0.0, ""voltage"":233.2, ""freq"":50.0, ""current"":0.000, ""aenergy"":{""total"""
2026-04-22T16:57:29,shellyazplug-node/events/rpc,167,"{""src"":""shellyazplug-e4b323337220"",""dst"":""shellyazplug-node/events"",""method"":""NotifyStatus"",""params"":{""ts"":35582.30,""swi"
2026-04-22T16:57:29,shellyazplug-node/debug/log,133,"shellyazplug-e4b323337220 6914 35582.323 1|shelly_notification:163 Status change of switch:0: {""id"":0,""output"":true,""sou"
2026-04-22T16:57:29,shellyazplug-node/rpc,86,"{""id"": 1, ""src"": ""attacker"", ""method"": ""Switch.Set"", ""params"": {""id"": 0, ""on"": false}}"
2026-04-22T16:57:29,attacker/rpc,84,"{""id"":1,""src"":""shellyazplug-e4b323337220"",""dst"":""attacker"",""result"":{""was_on"":true}}"
2026-04-22T16:57:29,shellyazplug-node/debug/log,88,"shellyazplug-e4b323337220 6915 35582.808 1|shos_rpc_inst.c:230     Switch.Set via MQTT 
"
2026-04-22T16:57:30,shellyazplug-node/status/switch:0,200,"{""id"":0, ""source"":""MQTT"", ""output"":false, ""apower"":0.0, ""voltage"":233.2, ""freq"":50.0, ""current"":0.000, ""aenergy"":{""total"
2026-04-22T16:57:30,shellyazplug-node/events/rpc,191,"{""src"":""shellyazplug-e4b323337220"",""dst"":""shellyazplug-node/events"",""method"":""NotifyStatus"",""params"":{""ts"":35582.81,""swi"
2026-04-22T16:57:30,shellyazplug-node/debug/log,157,"shellyazplug-e4b323337220 6916 35582.827 1|shelly_notification:163 Status change of switch:0: {""id"":0,""apower"":0,""curren"
2026-04-22T16:57:30,shellyazplug-node/rpc,85,"{""id"": 1, ""src"": ""attacker"", ""method"": ""Switch.Set"", ""params"": {""id"": 0, ""on"": true}}"
2026-04-22T16:57:30,attacker/rpc,85,"{""id"":1,""src"":""shellyazplug-e4b323337220"",""dst"":""attacker"",""result"":{""was_on"":false}}"
2026-04-22T16:57:30,shellyazplug-node/debug/log,88,"shellyazplug-e4b323337220 6917 35583.309 1|shos_rpc_inst.c:230     Switch.Set via MQTT 
"
2026-04-22T16:57:30,shellyazplug-node/status/switch:0,199,"{""id"":0, ""source"":""MQTT"", ""output"":true, ""apower"":0.0, ""voltage"":233.2, ""freq"":50.0, ""current"":0.000, ""aenergy"":{""total"""
2026-04-22T16:57:30,shellyazplug-node/events/rpc,167,"{""src"":""shellyazplug-e4b323337220"",""dst"":""shellyazplug-node/events"",""method"":""NotifyStatus"",""params"":{""ts"":35583.31,""swi"
2026-04-22T16:57:30,shellyazplug-node/debug/log,133,"shellyazplug-e4b323337220 6918 35583.325 1|shelly_notification:163 Status change of switch:0: {""id"":0,""output"":true,""sou"
2026-04-22T16:57:30,shellyazplug-node/rpc,86,"{""id"": 1, ""src"": ""attacker"", ""method"": ""Switch.Set"", ""params"": {""id"": 0, ""on"": false}}"
2026-04-22T16:57:30,attacker/rpc,84,"{""id"":1,""src"":""shellyazplug-e4b323337220"",""dst"":""attacker"",""result"":{""was_on"":true}}"
2026-04-22T16:57:30,shellyazplug-node/debug/log,88,"shellyazplug-e4b323337220 6919 35583.809 1|shos_rpc_inst.c:230     Switch.Set via MQTT 
"
2026-04-22T16:57:31,shellyazplug-node/status/switch:0,200,"{""id"":0, ""source"":""MQTT"", ""output"":false, ""apower"":0.0, ""voltage"":233.2, ""freq"":50.0, ""current"":0.000, ""aenergy"":{""total"
2026-04-22T16:57:31,shellyazplug-node/events/rpc,191,"{""src"":""shellyazplug-e4b323337220"",""dst"":""shellyazplug-node/events"",""method"":""NotifyStatus"",""params"":{""ts"":35583.81,""swi"
2026-04-22T16:57:31,shellyazplug-node/debug/log,157,"shellyazplug-e4b323337220 6920 35583.828 1|shelly_notification:163 Status change of switch:0: {""id"":0,""apower"":0,""curren"
2026-04-22T16:57:31,iot/mq/debug,50,[0;36m[D][sensor:124]: 'Gas Sensor' >> 0.50 V[0m
2026-04-22T16:57:31,iot/mq/sensor/gas_sensor/state,4,0.50
2026-04-22T16:57:31,shellyazplug-node/rpc,85,"{""id"": 1, ""src"": ""attacker"", ""method"": ""Switch.Set"", ""params"": {""id"": 0, ""on"": true}}"
2026-04-22T16:57:31,attacker/rpc,85,"{""id"":1,""src"":""shellyazplug-e4b323337220"",""dst"":""attacker"",""result"":{""was_on"":false}}"
2026-04-22T16:57:31,shellyazplug-node/debug/log,88,"shellyazplug-e4b323337220 6921 35584.310 1|shos_rpc_inst.c:230     Switch.Set via MQTT 
"
2026-04-22T16:57:31,shellyazplug-node/status/switch:0,199,"{""id"":0, ""source"":""MQTT"", ""output"":true, ""apower"":0.0, ""voltage"":233.2, ""freq"":50.0, ""current"":0.000, ""aenergy"":{""total"""
2026-04-22T16:57:31,shellyazplug-node/events/rpc,167,"{""src"":""shellyazplug-e4b323337220"",""dst"":""shellyazplug-node/events"",""method"":""NotifyStatus"",""params"":{""ts"":35584.31,""swi"
2026-04-22T16:57:31,shellyazplug-node/debug/log,133,"shellyazplug-e4b323337220 6922 35584.326 1|shelly_notification:163 Status change of switch:0: {""id"":0,""output"":true,""sou"
2026-04-22T16:57:31,shellyazplug-node/rpc,86,"{""id"": 1, ""src"": ""attacker"", ""method"": ""Switch.Set"", ""params"": {""id"": 0, ""on"": false}}"
2026-04-22T16:57:31,attacker/rpc,84,"{""id"":1,""src"":""shellyazplug-e4b323337220"",""dst"":""attacker"",""result"":{""was_on"":true}}"
2026-04-22T16:57:31,shellyazplug-node/debug/log,88,"shellyazplug-e4b323337220 6923 35584.810 1|shos_rpc_inst.c:230     Switch.Set via MQTT 
"
2026-04-22T16:57:32,shellyazplug-node/status/switch:0,200,"{""id"":0, ""source"":""MQTT"", ""output"":false, ""apower"":0.0, ""voltage"":233.0, ""freq"":50.0, ""current"":0.000, ""aenergy"":{""total"
2026-04-22T16:57:32,shellyazplug-node/events/rpc,191,"{""src"":""shellyazplug-e4b323337220"",""dst"":""shellyazplug-node/events"",""method"":""NotifyStatus"",""params"":{""ts"":35584.81,""swi"
2026-04-22T16:57:32,shellyazplug-node/debug/log,157,"shellyazplug-e4b323337220 6924 35584.829 1|shelly_notification:163 Status change of switch:0: {""id"":0,""apower"":0,""curren"
2026-04-22T16:57:32,shellyazplug-node/rpc,85,"{""id"": 1, ""src"": ""attacker"", ""method"": ""Switch.Set"", ""params"": {""id"": 0, ""on"": true}}"
2026-04-22T16:57:32,attacker/rpc,85,"{""id"":1,""src"":""shellyazplug-e4b323337220"",""dst"":""attacker"",""result"":{""was_on"":false}}"
2026-04-22T16:57:32,shellyazplug-node/debug/log,88,"shellyazplug-e4b323337220 6925 35585.311 1|shos_rpc_inst.c:230     Switch.Set via MQTT 
"
2026-04-22T16:57:32,shellyazplug-node/status/switch:0,199,"{""id"":0, ""source"":""MQTT"", ""output"":true, ""apower"":0.0, ""voltage"":233.0, ""freq"":50.0, ""current"":0.000, ""aenergy"":{""total"""
2026-04-22T16:57:32,shellyazplug-node/events/rpc,167,"{""src"":""shellyazplug-e4b323337220"",""dst"":""shellyazplug-node/events"",""method"":""NotifyStatus"",""params"":{""ts"":35585.31,""swi"
2026-04-22T16:57:32,shellyazplug-node/debug/log,133,"shellyazplug-e4b323337220 6926 35585.327 1|shelly_notification:163 Status change of switch:0: {""id"":0,""output"":true,""sou"
2026-04-22T16:57:32,shellyazplug-node/rpc,86,"{""id"": 1, ""src"": ""attacker"", ""method"": ""Switch.Set"", ""params"": {""id"": 0, ""on"": false}}"
2026-04-22T16:57:32,attacker/rpc,84,"{""id"":1,""src"":""shellyazplug-e4b323337220"",""dst"":""attacker"",""result"":{""was_on"":true}}"
2026-04-22T16:57:32,shellyazplug-node/debug/log,88,"shellyazplug-e4b323337220 6927 35585.812 1|shos_rpc_inst.c:230     Switch.Set via MQTT 
"
2026-04-22T16:57:33,shellyazplug-node/status/switch:0,200,"{""id"":0, ""source"":""MQTT"", ""output"":false, ""apower"":0.0, ""voltage"":233.0, ""freq"":50.0, ""current"":0.000, ""aenergy"":{""total"
2026-04-22T16:57:33,shellyazplug-node/events/rpc,191,"{""src"":""shellyazplug-e4b323337220"",""dst"":""shellyazplug-node/events"",""method"":""NotifyStatus"",""params"":{""ts"":35585.81,""swi"
2026-04-22T16:57:33,shellyazplug-node/debug/log,157,"shellyazplug-e4b323337220 6928 35585.830 1|shelly_notification:163 Status change of switch:0: {""id"":0,""apower"":0,""curren"
2026-04-22T16:57:33,shellyazplug-node/rpc,85,"{""id"": 1, ""src"": ""attacker"", ""method"": ""Switch.Set"", ""params"": {""id"": 0, ""on"": true}}"
2026-04-22T16:57:33,attacker/rpc,85,"{""id"":1,""src"":""shellyazplug-e4b323337220"",""dst"":""attacker"",""result"":{""was_on"":false}}"
2026-04-22T16:57:33,shellyazplug-node/debug/log,88,"shellyazplug-e4b323337220 6929 35586.313 1|shos_rpc_inst.c:230     Switch.Set via MQTT 
"
2026-04-22T16:57:33,shellyazplug-node/status/switch:0,199,"{""id"":0, ""source"":""MQTT"", ""output"":true, ""apower"":0.0, ""voltage"":233.0, ""freq"":50.0, ""current"":0.000, ""aenergy"":{""total"""
2026-04-22T16:57:33,shellyazplug-node/events/rpc,167,"{""src"":""shellyazplug-e4b323337220"",""dst"":""shellyazplug-node/events"",""method"":""NotifyStatus"",""params"":{""ts"":35586.31,""swi"
2026-04-22T16:57:33,shellyazplug-node/debug/log,133,"shellyazplug-e4b323337220 6930 35586.329 1|shelly_notification:163 Status change of switch:0: {""id"":0,""output"":true,""sou"
2026-04-22T16:57:33,shellyazplug-node/rpc,86,"{""id"": 1, ""src"": ""attacker"", ""method"": ""Switch.Set"", ""params"": {""id"": 0, ""on"": false}}"
2026-04-22T16:57:33,attacker/rpc,84,"{""id"":1,""src"":""shellyazplug-e4b323337220"",""dst"":""attacker"",""result"":{""was_on"":true}}"
2026-04-22T16:57:33,shellyazplug-node/debug/log,88,"shellyazplug-e4b323337220 6931 35586.812 1|shos_rpc_inst.c:230     Switch.Set via MQTT 
"
2026-04-22T16:57:34,shellyazplug-node/status/switch:0,200,"{""id"":0, ""source"":""MQTT"", ""output"":false, ""apower"":0.0, ""voltage"":233.1, ""freq"":50.0, ""current"":0.000, ""aenergy"":{""total"
2026-04-22T16:57:34,shellyazplug-node/events/rpc,191,"{""src"":""shellyazplug-e4b323337220"",""dst"":""shellyazplug-node/events"",""method"":""NotifyStatus"",""params"":{""ts"":35586.81,""swi"
2026-04-22T16:57:34,shellyazplug-node/debug/log,157,"shellyazplug-e4b323337220 6932 35586.831 1|shelly_notification:163 Status change of switch:0: {""id"":0,""apower"":0,""curren"
2026-04-22T16:57:34,shellyazplug-node/rpc,85,"{""id"": 1, ""src"": ""attacker"", ""method"": ""Switch.Set"", ""params"": {""id"": 0, ""on"": true}}"
2026-04-22T16:57:34,attacker/rpc,85,"{""id"":1,""src"":""shellyazplug-e4b323337220"",""dst"":""attacker"",""result"":{""was_on"":false}}"
2026-04-22T16:57:34,shellyazplug-node/debug/log,88,"shellyazplug-e4b323337220 6933 35587.313 1|shos_rpc_inst.c:230     Switch.Set via MQTT 
"
2026-04-22T16:57:34,shellyazplug-node/status/switch:0,199,"{""id"":0, ""source"":""MQTT"", ""output"":true, ""apower"":0.0, ""voltage"":233.1, ""freq"":50.0, ""current"":0.000, ""aenergy"":{""total"""
2026-04-22T16:57:34,shellyazplug-node/events/rpc,167,"{""src"":""shellyazplug-e4b323337220"",""dst"":""shellyazplug-node/events"",""method"":""NotifyStatus"",""params"":{""ts"":35587.31,""swi"
2026-04-22T16:57:34,shellyazplug-node/debug/log,133,"shellyazplug-e4b323337220 6934 35587.330 1|shelly_notification:163 Status change of switch:0: {""id"":0,""output"":true,""sou"
2026-04-22T16:57:34,shellyazplug-node/rpc,86,"{""id"": 1, ""src"": ""attacker"", ""method"": ""Switch.Set"", ""params"": {""id"": 0, ""on"": false}}"
2026-04-22T16:57:34,attacker/rpc,84,"{""id"":1,""src"":""shellyazplug-e4b323337220"",""dst"":""attacker"",""result"":{""was_on"":true}}"
2026-04-22T16:57:34,shellyazplug-node/debug/log,88,"shellyazplug-e4b323337220 6935 35587.813 1|shos_rpc_inst.c:230     Switch.Set via MQTT 
"
2026-04-22T16:57:35,shellyazplug-node/status/switch:0,200,"{""id"":0, ""source"":""MQTT"", ""output"":false, ""apower"":0.0, ""voltage"":233.1, ""freq"":50.0, ""current"":0.000, ""aenergy"":{""total"
2026-04-22T16:57:35,shellyazplug-node/events/rpc,191,"{""src"":""shellyazplug-e4b323337220"",""dst"":""shellyazplug-node/events"",""method"":""NotifyStatus"",""params"":{""ts"":35587.81,""swi"
2026-04-22T16:57:35,shellyazplug-node/debug/log,157,"shellyazplug-e4b323337220 6936 35587.832 1|shelly_notification:163 Status change of switch:0: {""id"":0,""apower"":0,""curren"
2026-04-22T16:57:35,shellyazplug-node/rpc,85,"{""id"": 1, ""src"": ""attacker"", ""method"": ""Switch.Set"", ""params"": {""id"": 0, ""on"": true}}"
2026-04-22T16:57:35,attacker/rpc,85,"{""id"":1,""src"":""shellyazplug-e4b323337220"",""dst"":""attacker"",""result"":{""was_on"":false}}"
2026-04-22T16:57:35,shellyazplug-node/debug/log,88,"shellyazplug-e4b323337220 6937 35588.314 1|shos_rpc_inst.c:230     Switch.Set via MQTT 
"
2026-04-22T16:57:35,shellyazplug-node/status/switch:0,199,"{""id"":0, ""source"":""MQTT"", ""output"":true, ""apower"":0.0, ""voltage"":233.1, ""freq"":50.0, ""current"":0.000, ""aenergy"":{""total"""
2026-04-22T16:57:35,shellyazplug-node/events/rpc,167,"{""src"":""shellyazplug-e4b323337220"",""dst"":""shellyazplug-node/events"",""method"":""NotifyStatus"",""params"":{""ts"":35588.31,""swi"
2026-04-22T16:57:35,shellyazplug-node/debug/log,133,"shellyazplug-e4b323337220 6938 35588.331 1|shelly_notification:163 Status change of switch:0: {""id"":0,""output"":true,""sou"
2026-04-22T16:57:35,shellyazplug-node/rpc,86,"{""id"": 1, ""src"": ""attacker"", ""method"": ""Switch.Set"", ""params"": {""id"": 0, ""on"": false}}"
2026-04-22T16:57:35,attacker/rpc,84,"{""id"":1,""src"":""shellyazplug-e4b323337220"",""dst"":""attacker"",""result"":{""was_on"":true}}"
2026-04-22T16:57:35,shellyazplug-node/debug/log,88,"shellyazplug-e4b323337220 6939 35588.815 1|shos_rpc_inst.c:230     Switch.Set via MQTT 
"
2026-04-22T16:57:36,shellyazplug-node/status/switch:0,200,"{""id"":0, ""source"":""MQTT"", ""output"":false, ""apower"":0.0, ""voltage"":233.1, ""freq"":50.0, ""current"":0.000, ""aenergy"":{""total"
2026-04-22T16:57:36,shellyazplug-node/events/rpc,191,"{""src"":""shellyazplug-e4b323337220"",""dst"":""shellyazplug-node/events"",""method"":""NotifyStatus"",""params"":{""ts"":35588.81,""swi"
2026-04-22T16:57:36,shellyazplug-node/debug/log,157,"shellyazplug-e4b323337220 6940 35588.833 1|shelly_notification:163 Status change of switch:0: {""id"":0,""apower"":0,""curren"
2026-04-22T16:57:36,iot/mq/debug,50,[0;36m[D][sensor:124]: 'Gas Sensor' >> 0.50 V[0m
2026-04-22T16:57:36,iot/mq/sensor/gas_sensor/state,4,0.50
2026-04-22T16:57:36,shellyazplug-node/rpc,85,"{""id"": 1, ""src"": ""attacker"", ""method"": ""Switch.Set"", ""params"": {""id"": 0, ""on"": true}}"
2026-04-22T16:57:36,attacker/rpc,85,"{""id"":1,""src"":""shellyazplug-e4b323337220"",""dst"":""attacker"",""result"":{""was_on"":false}}"
2026-04-22T16:57:36,shellyazplug-node/debug/log,88,"shellyazplug-e4b323337220 6941 35589.316 1|shos_rpc_inst.c:230     Switch.Set via MQTT 
"
2026-04-22T16:57:36,shellyazplug-node/status/switch:0,199,"{""id"":0, ""source"":""MQTT"", ""output"":true, ""apower"":0.0, ""voltage"":233.1, ""freq"":50.0, ""current"":0.000, ""aenergy"":{""total"""
2026-04-22T16:57:36,shellyazplug-node/events/rpc,167,"{""src"":""shellyazplug-e4b323337220"",""dst"":""shellyazplug-node/events"",""method"":""NotifyStatus"",""params"":{""ts"":35589.31,""swi"
2026-04-22T16:57:36,shellyazplug-node/debug/log,133,"shellyazplug-e4b323337220 6942 35589.332 1|shelly_notification:163 Status change of switch:0: {""id"":0,""output"":true,""sou"
2026-04-22T16:57:36,shellyazplug-node/rpc,86,"{""id"": 1, ""src"": ""attacker"", ""method"": ""Switch.Set"", ""params"": {""id"": 0, ""on"": false}}"
2026-04-22T16:57:36,attacker/rpc,84,"{""id"":1,""src"":""shellyazplug-e4b323337220"",""dst"":""attacker"",""result"":{""was_on"":true}}"
2026-04-22T16:57:36,shellyazplug-node/debug/log,88,"shellyazplug-e4b323337220 6943 35589.816 1|shos_rpc_inst.c:230     Switch.Set via MQTT 
"
2026-04-22T16:57:37,shellyazplug-node/status/switch:0,200,"{""id"":0, ""source"":""MQTT"", ""output"":false, ""apower"":0.0, ""voltage"":233.2, ""freq"":50.0, ""current"":0.000, ""aenergy"":{""total"
2026-04-22T16:57:37,shellyazplug-node/events/rpc,191,"{""src"":""shellyazplug-e4b323337220"",""dst"":""shellyazplug-node/events"",""method"":""NotifyStatus"",""params"":{""ts"":35589.81,""swi"
2026-04-22T16:57:37,shellyazplug-node/debug/log,157,"shellyazplug-e4b323337220 6944 35589.835 1|shelly_notification:163 Status change of switch:0: {""id"":0,""apower"":0,""curren"
2026-04-22T16:57:37,iot/dht11/debug,59,[0;36m[D][dht:048]: Temperature 23.3°C Humidity 36.0%[0m
2026-04-22T16:57:37,shellyazplug-node/rpc,85,"{""id"": 1, ""src"": ""attacker"", ""method"": ""Switch.Set"", ""params"": {""id"": 0, ""on"": true}}"
2026-04-22T16:57:37,attacker/rpc,85,"{""id"":1,""src"":""shellyazplug-e4b323337220"",""dst"":""attacker"",""result"":{""was_on"":false}}"
2026-04-22T16:57:37,iot/dht11/debug,53,[0;36m[D][sensor:124]: 'Temperature' >> 23.3 °C[0m
2026-04-22T16:57:37,iot/dht11/sensor/temperature/state,4,23.3
2026-04-22T16:57:37,iot/dht11/debug,46,[0;36m[D][sensor:124]: 'Humidity' >> 36 %[0m
2026-04-22T16:57:37,iot/dht11/sensor/humidity/state,2,36
2026-04-22T16:57:37,shellyazplug-node/debug/log,88,"shellyazplug-e4b323337220 6945 35590.317 1|shos_rpc_inst.c:230     Switch.Set via MQTT 
"
2026-04-22T16:57:37,shellyazplug-node/status/switch:0,199,"{""id"":0, ""source"":""MQTT"", ""output"":true, ""apower"":0.0, ""voltage"":233.2, ""freq"":50.0, ""current"":0.000, ""aenergy"":{""total"""
2026-04-22T16:57:37,shellyazplug-node/events/rpc,167,"{""src"":""shellyazplug-e4b323337220"",""dst"":""shellyazplug-node/events"",""method"":""NotifyStatus"",""params"":{""ts"":35590.31,""swi"
2026-04-22T16:57:37,shellyazplug-node/debug/log,133,"shellyazplug-e4b323337220 6946 35590.333 1|shelly_notification:163 Status change of switch:0: {""id"":0,""output"":true,""sou"
2026-04-22T16:57:37,shellyazplug-node/rpc,86,"{""id"": 1, ""src"": ""attacker"", ""method"": ""Switch.Set"", ""params"": {""id"": 0, ""on"": false}}"
2026-04-22T16:57:37,attacker/rpc,84,"{""id"":1,""src"":""shellyazplug-e4b323337220"",""dst"":""attacker"",""result"":{""was_on"":true}}"
2026-04-22T16:57:37,shellyazplug-node/debug/log,88,"shellyazplug-e4b323337220 6947 35590.818 1|shos_rpc_inst.c:230     Switch.Set via MQTT 
"
2026-04-22T16:57:38,shellyazplug-node/status/switch:0,200,"{""id"":0, ""source"":""MQTT"", ""output"":false, ""apower"":0.0, ""voltage"":233.2, ""freq"":50.0, ""current"":0.000, ""aenergy"":{""total"
2026-04-22T16:57:38,shellyazplug-node/events/rpc,191,"{""src"":""shellyazplug-e4b323337220"",""dst"":""shellyazplug-node/events"",""method"":""NotifyStatus"",""params"":{""ts"":35590.82,""swi"
2026-04-22T16:57:38,shellyazplug-node/debug/log,157,"shellyazplug-e4b323337220 6948 35590.837 1|shelly_notification:163 Status change of switch:0: {""id"":0,""apower"":0,""curren"
2026-04-22T16:57:38,shellyazplug-node/rpc,85,"{""id"": 1, ""src"": ""attacker"", ""method"": ""Switch.Set"", ""params"": {""id"": 0, ""on"": true}}"
2026-04-22T16:57:38,attacker/rpc,85,"{""id"":1,""src"":""shellyazplug-e4b323337220"",""dst"":""attacker"",""result"":{""was_on"":false}}"
2026-04-22T16:57:38,shellyazplug-node/debug/log,88,"shellyazplug-e4b323337220 6949 35591.318 1|shos_rpc_inst.c:230     Switch.Set via MQTT 
"
2026-04-22T16:57:38,shellyazplug-node/status/switch:0,199,"{""id"":0, ""source"":""MQTT"", ""output"":true, ""apower"":0.0, ""voltage"":233.2, ""freq"":50.0, ""current"":0.000, ""aenergy"":{""total"""
2026-04-22T16:57:38,shellyazplug-node/events/rpc,167,"{""src"":""shellyazplug-e4b323337220"",""dst"":""shellyazplug-node/events"",""method"":""NotifyStatus"",""params"":{""ts"":35591.31,""swi"
2026-04-22T16:57:38,shellyazplug-node/debug/log,133,"shellyazplug-e4b323337220 6950 35591.334 1|shelly_notification:163 Status change of switch:0: {""id"":0,""output"":true,""sou"
2026-04-22T16:57:38,shellyazplug-node/rpc,86,"{""id"": 1, ""src"": ""attacker"", ""method"": ""Switch.Set"", ""params"": {""id"": 0, ""on"": false}}"
2026-04-22T16:57:38,attacker/rpc,84,"{""id"":1,""src"":""shellyazplug-e4b323337220"",""dst"":""attacker"",""result"":{""was_on"":true}}"
2026-04-22T16:57:38,shellyazplug-node/debug/log,88,"shellyazplug-e4b323337220 6951 35591.818 1|shos_rpc_inst.c:230     Switch.Set via MQTT 
"
2026-04-22T16:57:39,shellyazplug-node/status/switch:0,200,"{""id"":0, ""source"":""MQTT"", ""output"":false, ""apower"":0.0, ""voltage"":233.2, ""freq"":50.0, ""current"":0.000, ""aenergy"":{""total"
2026-04-22T16:57:39,shellyazplug-node/events/rpc,191,"{""src"":""shellyazplug-e4b323337220"",""dst"":""shellyazplug-node/events"",""method"":""NotifyStatus"",""params"":{""ts"":35591.81,""swi"
2026-04-22T16:57:39,shellyazplug-node/debug/log,157,"shellyazplug-e4b323337220 6952 35591.837 1|shelly_notification:163 Status change of switch:0: {""id"":0,""apower"":0,""curren"
2026-04-22T16:57:39,shellyazplug-node/rpc,85,"{""id"": 1, ""src"": ""attacker"", ""method"": ""Switch.Set"", ""params"": {""id"": 0, ""on"": true}}"
2026-04-22T16:57:39,attacker/rpc,85,"{""id"":1,""src"":""shellyazplug-e4b323337220"",""dst"":""attacker"",""result"":{""was_on"":false}}"
2026-04-22T16:57:39,shellyazplug-node/debug/log,88,"shellyazplug-e4b323337220 6953 35592.319 1|shos_rpc_inst.c:230     Switch.Set via MQTT 
"
2026-04-22T16:57:39,shellyazplug-node/status/switch:0,199,"{""id"":0, ""source"":""MQTT"", ""output"":true, ""apower"":0.0, ""voltage"":233.2, ""freq"":50.0, ""current"":0.000, ""aenergy"":{""total"""
2026-04-22T16:57:39,shellyazplug-node/events/rpc,167,"{""src"":""shellyazplug-e4b323337220"",""dst"":""shellyazplug-node/events"",""method"":""NotifyStatus"",""params"":{""ts"":35592.32,""swi"
2026-04-22T16:57:39,shellyazplug-node/debug/log,133,"shellyazplug-e4b323337220 6954 35592.336 1|shelly_notification:163 Status change of switch:0: {""id"":0,""output"":true,""sou"
2026-04-22T16:57:39,shellyazplug-node/rpc,86,"{""id"": 1, ""src"": ""attacker"", ""method"": ""Switch.Set"", ""params"": {""id"": 0, ""on"": false}}"
2026-04-22T16:57:39,attacker/rpc,84,"{""id"":1,""src"":""shellyazplug-e4b323337220"",""dst"":""attacker"",""result"":{""was_on"":true}}"
2026-04-22T16:57:39,shellyazplug-node/debug/log,88,"shellyazplug-e4b323337220 6955 35592.822 1|shos_rpc_inst.c:230     Switch.Set via MQTT 
"
2026-04-22T16:57:40,shellyazplug-node/status/switch:0,200,"{""id"":0, ""source"":""MQTT"", ""output"":false, ""apower"":0.0, ""voltage"":233.1, ""freq"":50.0, ""current"":0.000, ""aenergy"":{""total"
2026-04-22T16:57:40,shellyazplug-node/events/rpc,191,"{""src"":""shellyazplug-e4b323337220"",""dst"":""shellyazplug-node/events"",""method"":""NotifyStatus"",""params"":{""ts"":35592.82,""swi"
2026-04-22T16:57:40,shellyazplug-node/debug/log,157,"shellyazplug-e4b323337220 6956 35592.841 1|shelly_notification:163 Status change of switch:0: {""id"":0,""apower"":0,""curren"
2026-04-22T16:57:40,shellyazplug-node/rpc,85,"{""id"": 1, ""src"": ""attacker"", ""method"": ""Switch.Set"", ""params"": {""id"": 0, ""on"": true}}"
2026-04-22T16:57:40,attacker/rpc,85,"{""id"":1,""src"":""shellyazplug-e4b323337220"",""dst"":""attacker"",""result"":{""was_on"":false}}"
2026-04-22T16:57:40,shellyazplug-node/debug/log,88,"shellyazplug-e4b323337220 6957 35593.325 1|shos_rpc_inst.c:230     Switch.Set via MQTT 
"
2026-04-22T16:57:40,shellyazplug-node/status/switch:0,199,"{""id"":0, ""source"":""MQTT"", ""output"":true, ""apower"":0.0, ""voltage"":233.1, ""freq"":50.0, ""current"":0.000, ""aenergy"":{""total"""
2026-04-22T16:57:40,shellyazplug-node/events/rpc,167,"{""src"":""shellyazplug-e4b323337220"",""dst"":""shellyazplug-node/events"",""method"":""NotifyStatus"",""params"":{""ts"":35593.32,""swi"
2026-04-22T16:57:40,shellyazplug-node/debug/log,133,"shellyazplug-e4b323337220 6958 35593.341 1|shelly_notification:163 Status change of switch:0: {""id"":0,""output"":true,""sou"
2026-04-22T16:57:40,shellyazplug-node/rpc,86,"{""id"": 1, ""src"": ""attacker"", ""method"": ""Switch.Set"", ""params"": {""id"": 0, ""on"": false}}"
2026-04-22T16:57:40,attacker/rpc,84,"{""id"":1,""src"":""shellyazplug-e4b323337220"",""dst"":""attacker"",""result"":{""was_on"":true}}"
2026-04-22T16:57:40,shellyazplug-node/debug/log,88,"shellyazplug-e4b323337220 6959 35593.825 1|shos_rpc_inst.c:230     Switch.Set via MQTT 
"
2026-04-22T16:57:41,shellyazplug-node/status/switch:0,200,"{""id"":0, ""source"":""MQTT"", ""output"":false, ""apower"":0.0, ""voltage"":233.1, ""freq"":50.0, ""current"":0.000, ""aenergy"":{""total"
2026-04-22T16:57:41,shellyazplug-node/events/rpc,191,"{""src"":""shellyazplug-e4b323337220"",""dst"":""shellyazplug-node/events"",""method"":""NotifyStatus"",""params"":{""ts"":35593.82,""swi"
2026-04-22T16:57:41,shellyazplug-node/debug/log,157,"shellyazplug-e4b323337220 6960 35593.843 1|shelly_notification:163 Status change of switch:0: {""id"":0,""apower"":0,""curren"
2026-04-22T16:57:41,iot/mq/debug,50,[0;36m[D][sensor:124]: 'Gas Sensor' >> 0.50 V[0m
2026-04-22T16:57:41,iot/mq/sensor/gas_sensor/state,4,0.50
2026-04-22T16:57:41,shellyazplug-node/rpc,85,"{""id"": 1, ""src"": ""attacker"", ""method"": ""Switch.Set"", ""params"": {""id"": 0, ""on"": true}}"
2026-04-22T16:57:41,attacker/rpc,85,"{""id"":1,""src"":""shellyazplug-e4b323337220"",""dst"":""attacker"",""result"":{""was_on"":false}}"
2026-04-22T16:57:41,shellyazplug-node/debug/log,88,"shellyazplug-e4b323337220 6961 35594.325 1|shos_rpc_inst.c:230     Switch.Set via MQTT 
"
2026-04-22T16:57:41,shellyazplug-node/status/switch:0,199,"{""id"":0, ""source"":""MQTT"", ""output"":true, ""apower"":0.0, ""voltage"":233.1, ""freq"":50.0, ""current"":0.000, ""aenergy"":{""total"""
2026-04-22T16:57:41,shellyazplug-node/events/rpc,167,"{""src"":""shellyazplug-e4b323337220"",""dst"":""shellyazplug-node/events"",""method"":""NotifyStatus"",""params"":{""ts"":35594.32,""swi"
2026-04-22T16:57:41,shellyazplug-node/debug/log,133,"shellyazplug-e4b323337220 6962 35594.342 1|shelly_notification:163 Status change of switch:0: {""id"":0,""output"":true,""sou"
2026-04-22T16:57:41,shellyazplug-node/rpc,86,"{""id"": 1, ""src"": ""attacker"", ""method"": ""Switch.Set"", ""params"": {""id"": 0, ""on"": false}}"
2026-04-22T16:57:41,attacker/rpc,84,"{""id"":1,""src"":""shellyazplug-e4b323337220"",""dst"":""attacker"",""result"":{""was_on"":true}}"
2026-04-22T16:57:41,shellyazplug-node/debug/log,88,"shellyazplug-e4b323337220 6963 35594.826 1|shos_rpc_inst.c:230     Switch.Set via MQTT 
"
2026-04-22T16:57:42,shellyazplug-node/status/switch:0,200,"{""id"":0, ""source"":""MQTT"", ""output"":false, ""apower"":0.0, ""voltage"":233.2, ""freq"":50.0, ""current"":0.000, ""aenergy"":{""total"
2026-04-22T16:57:42,shellyazplug-node/events/rpc,191,"{""src"":""shellyazplug-e4b323337220"",""dst"":""shellyazplug-node/events"",""method"":""NotifyStatus"",""params"":{""ts"":35594.82,""swi"
2026-04-22T16:57:42,shellyazplug-node/debug/log,157,"shellyazplug-e4b323337220 6964 35594.844 1|shelly_notification:163 Status change of switch:0: {""id"":0,""apower"":0,""curren"
2026-04-22T16:57:42,shellyazplug-node/rpc,85,"{""id"": 1, ""src"": ""attacker"", ""method"": ""Switch.Set"", ""params"": {""id"": 0, ""on"": true}}"
2026-04-22T16:57:42,attacker/rpc,85,"{""id"":1,""src"":""shellyazplug-e4b323337220"",""dst"":""attacker"",""result"":{""was_on"":false}}"
2026-04-22T16:57:42,shellyazplug-node/debug/log,88,"shellyazplug-e4b323337220 6965 35595.327 1|shos_rpc_inst.c:230     Switch.Set via MQTT 
"
2026-04-22T16:57:42,shellyazplug-node/status/switch:0,199,"{""id"":0, ""source"":""MQTT"", ""output"":true, ""apower"":0.0, ""voltage"":233.2, ""freq"":50.0, ""current"":0.000, ""aenergy"":{""total"""
2026-04-22T16:57:42,shellyazplug-node/events/rpc,167,"{""src"":""shellyazplug-e4b323337220"",""dst"":""shellyazplug-node/events"",""method"":""NotifyStatus"",""params"":{""ts"":35595.32,""swi"
2026-04-22T16:57:42,shellyazplug-node/debug/log,133,"shellyazplug-e4b323337220 6966 35595.343 1|shelly_notification:163 Status change of switch:0: {""id"":0,""output"":true,""sou"
2026-04-22T16:57:42,shellyazplug-node/rpc,86,"{""id"": 1, ""src"": ""attacker"", ""method"": ""Switch.Set"", ""params"": {""id"": 0, ""on"": false}}"
2026-04-22T16:57:42,attacker/rpc,84,"{""id"":1,""src"":""shellyazplug-e4b323337220"",""dst"":""attacker"",""result"":{""was_on"":true}}"
2026-04-22T16:57:42,shellyazplug-node/debug/log,88,"shellyazplug-e4b323337220 6967 35595.827 1|shos_rpc_inst.c:230     Switch.Set via MQTT 
"
2026-04-22T16:57:43,shellyazplug-node/status/switch:0,200,"{""id"":0, ""source"":""MQTT"", ""output"":false, ""apower"":0.0, ""voltage"":233.4, ""freq"":50.0, ""current"":0.000, ""aenergy"":{""total"
2026-04-22T16:57:43,shellyazplug-node/events/rpc,191,"{""src"":""shellyazplug-e4b323337220"",""dst"":""shellyazplug-node/events"",""method"":""NotifyStatus"",""params"":{""ts"":35595.82,""swi"
2026-04-22T16:57:43,shellyazplug-node/debug/log,157,"shellyazplug-e4b323337220 6968 35595.845 1|shelly_notification:163 Status change of switch:0: {""id"":0,""apower"":0,""curren"
2026-04-22T16:57:43,shellyazplug-node/rpc,85,"{""id"": 1, ""src"": ""attacker"", ""method"": ""Switch.Set"", ""params"": {""id"": 0, ""on"": true}}"
2026-04-22T16:57:43,attacker/rpc,85,"{""id"":1,""src"":""shellyazplug-e4b323337220"",""dst"":""attacker"",""result"":{""was_on"":false}}"
2026-04-22T16:57:43,shellyazplug-node/debug/log,88,"shellyazplug-e4b323337220 6969 35596.328 1|shos_rpc_inst.c:230     Switch.Set via MQTT 
"
2026-04-22T16:57:43,shellyazplug-node/status/switch:0,199,"{""id"":0, ""source"":""MQTT"", ""output"":true, ""apower"":0.0, ""voltage"":233.4, ""freq"":50.0, ""current"":0.000, ""aenergy"":{""total"""
2026-04-22T16:57:43,shellyazplug-node/events/rpc,167,"{""src"":""shellyazplug-e4b323337220"",""dst"":""shellyazplug-node/events"",""method"":""NotifyStatus"",""params"":{""ts"":35596.32,""swi"
2026-04-22T16:57:43,shellyazplug-node/debug/log,133,"shellyazplug-e4b323337220 6970 35596.344 1|shelly_notification:163 Status change of switch:0: {""id"":0,""output"":true,""sou"
2026-04-22T16:57:43,shellyazplug-node/rpc,86,"{""id"": 1, ""src"": ""attacker"", ""method"": ""Switch.Set"", ""params"": {""id"": 0, ""on"": false}}"
2026-04-22T16:57:43,attacker/rpc,84,"{""id"":1,""src"":""shellyazplug-e4b323337220"",""dst"":""attacker"",""result"":{""was_on"":true}}"
2026-04-22T16:57:43,shellyazplug-node/debug/log,88,"shellyazplug-e4b323337220 6971 35596.829 1|shos_rpc_inst.c:230     Switch.Set via MQTT 
"
2026-04-22T16:57:44,shellyazplug-node/status/switch:0,200,"{""id"":0, ""source"":""MQTT"", ""output"":false, ""apower"":0.0, ""voltage"":233.2, ""freq"":50.0, ""current"":0.000, ""aenergy"":{""total"
2026-04-22T16:57:44,shellyazplug-node/events/rpc,191,"{""src"":""shellyazplug-e4b323337220"",""dst"":""shellyazplug-node/events"",""method"":""NotifyStatus"",""params"":{""ts"":35596.83,""swi"
2026-04-22T16:57:44,shellyazplug-node/debug/log,157,"shellyazplug-e4b323337220 6972 35596.847 1|shelly_notification:163 Status change of switch:0: {""id"":0,""apower"":0,""curren"
2026-04-22T16:57:44,shellyazplug-node/rpc,85,"{""id"": 1, ""src"": ""attacker"", ""method"": ""Switch.Set"", ""params"": {""id"": 0, ""on"": true}}"
2026-04-22T16:57:44,attacker/rpc,85,"{""id"":1,""src"":""shellyazplug-e4b323337220"",""dst"":""attacker"",""result"":{""was_on"":false}}"
2026-04-22T16:57:44,shellyazplug-node/debug/log,88,"shellyazplug-e4b323337220 6973 35597.329 1|shos_rpc_inst.c:230     Switch.Set via MQTT 
"
2026-04-22T16:57:44,shellyazplug-node/status/switch:0,199,"{""id"":0, ""source"":""MQTT"", ""output"":true, ""apower"":0.0, ""voltage"":233.2, ""freq"":50.0, ""current"":0.000, ""aenergy"":{""total"""
2026-04-22T16:57:44,shellyazplug-node/events/rpc,167,"{""src"":""shellyazplug-e4b323337220"",""dst"":""shellyazplug-node/events"",""method"":""NotifyStatus"",""params"":{""ts"":35597.33,""swi"
2026-04-22T16:57:44,shellyazplug-node/debug/log,133,"shellyazplug-e4b323337220 6974 35597.346 1|shelly_notification:163 Status change of switch:0: {""id"":0,""output"":true,""sou"
2026-04-22T16:57:44,shellyazplug-node/rpc,86,"{""id"": 1, ""src"": ""attacker"", ""method"": ""Switch.Set"", ""params"": {""id"": 0, ""on"": false}}"
2026-04-22T16:57:44,attacker/rpc,84,"{""id"":1,""src"":""shellyazplug-e4b323337220"",""dst"":""attacker"",""result"":{""was_on"":true}}"
2026-04-22T16:57:44,shellyazplug-node/debug/log,88,"shellyazplug-e4b323337220 6975 35597.831 1|shos_rpc_inst.c:230     Switch.Set via MQTT 
"
2026-04-22T16:57:45,shellyazplug-node/status/switch:0,200,"{""id"":0, ""source"":""MQTT"", ""output"":false, ""apower"":0.0, ""voltage"":233.1, ""freq"":50.0, ""current"":0.000, ""aenergy"":{""total"
2026-04-22T16:57:45,shellyazplug-node/events/rpc,191,"{""src"":""shellyazplug-e4b323337220"",""dst"":""shellyazplug-node/events"",""method"":""NotifyStatus"",""params"":{""ts"":35597.83,""swi"
2026-04-22T16:57:45,shellyazplug-node/debug/log,157,"shellyazplug-e4b323337220 6976 35597.850 1|shelly_notification:163 Status change of switch:0: {""id"":0,""apower"":0,""curren"
2026-04-22T16:57:45,shellyazplug-node/rpc,85,"{""id"": 1, ""src"": ""attacker"", ""method"": ""Switch.Set"", ""params"": {""id"": 0, ""on"": true}}"
2026-04-22T16:57:45,attacker/rpc,85,"{""id"":1,""src"":""shellyazplug-e4b323337220"",""dst"":""attacker"",""result"":{""was_on"":false}}"
2026-04-22T16:57:45,shellyazplug-node/debug/log,88,"shellyazplug-e4b323337220 6977 35598.331 1|shos_rpc_inst.c:230     Switch.Set via MQTT 
"
2026-04-22T16:57:45,shellyazplug-node/status/switch:0,199,"{""id"":0, ""source"":""MQTT"", ""output"":true, ""apower"":0.0, ""voltage"":233.1, ""freq"":50.0, ""current"":0.000, ""aenergy"":{""total"""
2026-04-22T16:57:45,shellyazplug-node/events/rpc,167,"{""src"":""shellyazplug-e4b323337220"",""dst"":""shellyazplug-node/events"",""method"":""NotifyStatus"",""params"":{""ts"":35598.33,""swi"
2026-04-22T16:57:45,shellyazplug-node/debug/log,133,"shellyazplug-e4b323337220 6978 35598.348 1|shelly_notification:163 Status change of switch:0: {""id"":0,""output"":true,""sou"
2026-04-22T16:57:45,shellyazplug-node/rpc,86,"{""id"": 1, ""src"": ""attacker"", ""method"": ""Switch.Set"", ""params"": {""id"": 0, ""on"": false}}"
2026-04-22T16:57:45,attacker/rpc,84,"{""id"":1,""src"":""shellyazplug-e4b323337220"",""dst"":""attacker"",""result"":{""was_on"":true}}"
2026-04-22T16:57:45,shellyazplug-node/debug/log,88,"shellyazplug-e4b323337220 6979 35598.831 1|shos_rpc_inst.c:230     Switch.Set via MQTT 
"
2026-04-22T16:57:46,shellyazplug-node/status/switch:0,200,"{""id"":0, ""source"":""MQTT"", ""output"":false, ""apower"":0.0, ""voltage"":233.1, ""freq"":50.0, ""current"":0.000, ""aenergy"":{""total"
2026-04-22T16:57:46,shellyazplug-node/events/rpc,191,"{""src"":""shellyazplug-e4b323337220"",""dst"":""shellyazplug-node/events"",""method"":""NotifyStatus"",""params"":{""ts"":35598.83,""swi"
2026-04-22T16:57:46,shellyazplug-node/debug/log,157,"shellyazplug-e4b323337220 6980 35598.849 1|shelly_notification:163 Status change of switch:0: {""id"":0,""apower"":0,""curren"
2026-04-22T16:57:46,iot/mq/debug,50,[0;36m[D][sensor:124]: 'Gas Sensor' >> 0.50 V[0m
2026-04-22T16:57:46,iot/mq/sensor/gas_sensor/state,4,0.50
2026-04-22T16:57:46,shellyazplug-node/rpc,85,"{""id"": 1, ""src"": ""attacker"", ""method"": ""Switch.Set"", ""params"": {""id"": 0, ""on"": true}}"
2026-04-22T16:57:46,attacker/rpc,85,"{""id"":1,""src"":""shellyazplug-e4b323337220"",""dst"":""attacker"",""result"":{""was_on"":false}}"
2026-04-22T16:57:46,shellyazplug-node/debug/log,88,"shellyazplug-e4b323337220 6981 35599.332 1|shos_rpc_inst.c:230     Switch.Set via MQTT 
"
2026-04-22T16:57:46,shellyazplug-node/status/switch:0,199,"{""id"":0, ""source"":""MQTT"", ""output"":true, ""apower"":0.0, ""voltage"":233.1, ""freq"":50.0, ""current"":0.000, ""aenergy"":{""total"""
2026-04-22T16:57:46,shellyazplug-node/events/rpc,167,"{""src"":""shellyazplug-e4b323337220"",""dst"":""shellyazplug-node/events"",""method"":""NotifyStatus"",""params"":{""ts"":35599.33,""swi"
2026-04-22T16:57:46,shellyazplug-node/debug/log,133,"shellyazplug-e4b323337220 6982 35599.348 1|shelly_notification:163 Status change of switch:0: {""id"":0,""output"":true,""sou"
2026-04-22T16:57:46,shellyazplug-node/rpc,86,"{""id"": 1, ""src"": ""attacker"", ""method"": ""Switch.Set"", ""params"": {""id"": 0, ""on"": false}}"
2026-04-22T16:57:46,attacker/rpc,84,"{""id"":1,""src"":""shellyazplug-e4b323337220"",""dst"":""attacker"",""result"":{""was_on"":true}}"
2026-04-22T16:57:46,shellyazplug-node/debug/log,88,"shellyazplug-e4b323337220 6983 35599.833 1|shos_rpc_inst.c:230     Switch.Set via MQTT 
"
2026-04-22T16:57:47,shellyazplug-node/status/switch:0,200,"{""id"":0, ""source"":""MQTT"", ""output"":false, ""apower"":0.0, ""voltage"":233.1, ""freq"":50.0, ""current"":0.000, ""aenergy"":{""total"
2026-04-22T16:57:47,shellyazplug-node/events/rpc,191,"{""src"":""shellyazplug-e4b323337220"",""dst"":""shellyazplug-node/events"",""method"":""NotifyStatus"",""params"":{""ts"":35599.83,""swi"
2026-04-22T16:57:47,shellyazplug-node/debug/log,157,"shellyazplug-e4b323337220 6984 35599.851 1|shelly_notification:163 Status change of switch:0: {""id"":0,""apower"":0,""curren"
2026-04-22T16:57:47,iot/dht11/debug,59,[0;36m[D][dht:048]: Temperature 23.3°C Humidity 36.0%[0m
2026-04-22T16:57:47,shellyazplug-node/rpc,85,"{""id"": 1, ""src"": ""attacker"", ""method"": ""Switch.Set"", ""params"": {""id"": 0, ""on"": true}}"
2026-04-22T16:57:47,iot/dht11/debug,53,[0;36m[D][sensor:124]: 'Temperature' >> 23.3 °C[0m
2026-04-22T16:57:47,iot/dht11/sensor/temperature/state,4,23.3
2026-04-22T16:57:47,iot/dht11/debug,46,[0;36m[D][sensor:124]: 'Humidity' >> 36 %[0m
2026-04-22T16:57:47,iot/dht11/sensor/humidity/state,2,36
2026-04-22T16:57:47,attacker/rpc,85,"{""id"":1,""src"":""shellyazplug-e4b323337220"",""dst"":""attacker"",""result"":{""was_on"":false}}"
2026-04-22T16:57:47,shellyazplug-node/debug/log,88,"shellyazplug-e4b323337220 6985 35600.333 1|shos_rpc_inst.c:230     Switch.Set via MQTT 
"
2026-04-22T16:57:47,shellyazplug-node/status/switch:0,199,"{""id"":0, ""source"":""MQTT"", ""output"":true, ""apower"":0.0, ""voltage"":233.1, ""freq"":50.0, ""current"":0.000, ""aenergy"":{""total"""
2026-04-22T16:57:47,shellyazplug-node/events/rpc,167,"{""src"":""shellyazplug-e4b323337220"",""dst"":""shellyazplug-node/events"",""method"":""NotifyStatus"",""params"":{""ts"":35600.33,""swi"
2026-04-22T16:57:47,shellyazplug-node/debug/log,133,"shellyazplug-e4b323337220 6986 35600.349 1|shelly_notification:163 Status change of switch:0: {""id"":0,""output"":true,""sou"
2026-04-22T16:57:47,shellyazplug-node/rpc,86,"{""id"": 1, ""src"": ""attacker"", ""method"": ""Switch.Set"", ""params"": {""id"": 0, ""on"": false}}"
2026-04-22T16:57:47,attacker/rpc,84,"{""id"":1,""src"":""shellyazplug-e4b323337220"",""dst"":""attacker"",""result"":{""was_on"":true}}"
2026-04-22T16:57:47,shellyazplug-node/debug/log,88,"shellyazplug-e4b323337220 6987 35600.834 1|shos_rpc_inst.c:230     Switch.Set via MQTT 
"
2026-04-22T16:57:48,shellyazplug-node/status/switch:0,200,"{""id"":0, ""source"":""MQTT"", ""output"":false, ""apower"":0.0, ""voltage"":233.2, ""freq"":50.0, ""current"":0.000, ""aenergy"":{""total"
2026-04-22T16:57:48,shellyazplug-node/events/rpc,191,"{""src"":""shellyazplug-e4b323337220"",""dst"":""shellyazplug-node/events"",""method"":""NotifyStatus"",""params"":{""ts"":35600.83,""swi"
2026-04-22T16:57:48,shellyazplug-node/debug/log,157,"shellyazplug-e4b323337220 6988 35600.853 1|shelly_notification:163 Status change of switch:0: {""id"":0,""apower"":0,""curren"
2026-04-22T16:57:48,shellyazplug-node/rpc,85,"{""id"": 1, ""src"": ""attacker"", ""method"": ""Switch.Set"", ""params"": {""id"": 0, ""on"": true}}"
2026-04-22T16:57:48,attacker/rpc,85,"{""id"":1,""src"":""shellyazplug-e4b323337220"",""dst"":""attacker"",""result"":{""was_on"":false}}"
2026-04-22T16:57:48,shellyazplug-node/debug/log,88,"shellyazplug-e4b323337220 6989 35601.336 1|shos_rpc_inst.c:230     Switch.Set via MQTT 
"
2026-04-22T16:57:48,shellyazplug-node/status/switch:0,199,"{""id"":0, ""source"":""MQTT"", ""output"":true, ""apower"":0.0, ""voltage"":233.2, ""freq"":50.0, ""current"":0.000, ""aenergy"":{""total"""
2026-04-22T16:57:48,shellyazplug-node/events/rpc,167,"{""src"":""shellyazplug-e4b323337220"",""dst"":""shellyazplug-node/events"",""method"":""NotifyStatus"",""params"":{""ts"":35601.33,""swi"
2026-04-22T16:57:48,shellyazplug-node/debug/log,133,"shellyazplug-e4b323337220 6990 35601.352 1|shelly_notification:163 Status change of switch:0: {""id"":0,""output"":true,""sou"
2026-04-22T16:57:48,shellyazplug-node/rpc,86,"{""id"": 1, ""src"": ""attacker"", ""method"": ""Switch.Set"", ""params"": {""id"": 0, ""on"": false}}"
2026-04-22T16:57:48,attacker/rpc,84,"{""id"":1,""src"":""shellyazplug-e4b323337220"",""dst"":""attacker"",""result"":{""was_on"":true}}"
2026-04-22T16:57:48,shellyazplug-node/debug/log,88,"shellyazplug-e4b323337220 6991 35601.836 1|shos_rpc_inst.c:230     Switch.Set via MQTT 
"
2026-04-22T16:57:49,shellyazplug-node/status/switch:0,200,"{""id"":0, ""source"":""MQTT"", ""output"":false, ""apower"":0.0, ""voltage"":233.2, ""freq"":50.0, ""current"":0.000, ""aenergy"":{""total"
2026-04-22T16:57:49,shellyazplug-node/events/rpc,191,"{""src"":""shellyazplug-e4b323337220"",""dst"":""shellyazplug-node/events"",""method"":""NotifyStatus"",""params"":{""ts"":35601.83,""swi"
2026-04-22T16:57:49,shellyazplug-node/debug/log,157,"shellyazplug-e4b323337220 6992 35601.854 1|shelly_notification:163 Status change of switch:0: {""id"":0,""apower"":0,""curren"
2026-04-22T16:57:49,shellyazplug-node/rpc,85,"{""id"": 1, ""src"": ""attacker"", ""method"": ""Switch.Set"", ""params"": {""id"": 0, ""on"": true}}"
2026-04-22T16:57:49,attacker/rpc,85,"{""id"":1,""src"":""shellyazplug-e4b323337220"",""dst"":""attacker"",""result"":{""was_on"":false}}"
2026-04-22T16:57:49,shellyazplug-node/debug/log,88,"shellyazplug-e4b323337220 6993 35602.336 1|shos_rpc_inst.c:230     Switch.Set via MQTT 
"
2026-04-22T16:57:49,shellyazplug-node/status/switch:0,199,"{""id"":0, ""source"":""MQTT"", ""output"":true, ""apower"":0.0, ""voltage"":233.2, ""freq"":50.0, ""current"":0.000, ""aenergy"":{""total"""
2026-04-22T16:57:49,shellyazplug-node/events/rpc,167,"{""src"":""shellyazplug-e4b323337220"",""dst"":""shellyazplug-node/events"",""method"":""NotifyStatus"",""params"":{""ts"":35602.33,""swi"
2026-04-22T16:57:49,shellyazplug-node/debug/log,133,"shellyazplug-e4b323337220 6994 35602.352 1|shelly_notification:163 Status change of switch:0: {""id"":0,""output"":true,""sou"
2026-04-22T16:57:49,shellyazplug-node/rpc,86,"{""id"": 1, ""src"": ""attacker"", ""method"": ""Switch.Set"", ""params"": {""id"": 0, ""on"": false}}"
2026-04-22T16:57:49,attacker/rpc,84,"{""id"":1,""src"":""shellyazplug-e4b323337220"",""dst"":""attacker"",""result"":{""was_on"":true}}"
2026-04-22T16:57:49,shellyazplug-node/debug/log,88,"shellyazplug-e4b323337220 6995 35602.837 1|shos_rpc_inst.c:230     Switch.Set via MQTT 
"
2026-04-22T16:57:50,shellyazplug-node/status/switch:0,200,"{""id"":0, ""source"":""MQTT"", ""output"":false, ""apower"":0.0, ""voltage"":233.2, ""freq"":50.0, ""current"":0.000, ""aenergy"":{""total"
2026-04-22T16:57:50,shellyazplug-node/events/rpc,191,"{""src"":""shellyazplug-e4b323337220"",""dst"":""shellyazplug-node/events"",""method"":""NotifyStatus"",""params"":{""ts"":35602.83,""swi"
2026-04-22T16:57:50,shellyazplug-node/debug/log,157,"shellyazplug-e4b323337220 6996 35602.856 1|shelly_notification:163 Status change of switch:0: {""id"":0,""apower"":0,""curren"
2026-04-22T16:57:50,shellyazplug-node/rpc,85,"{""id"": 1, ""src"": ""attacker"", ""method"": ""Switch.Set"", ""params"": {""id"": 0, ""on"": true}}"
2026-04-22T16:57:50,attacker/rpc,85,"{""id"":1,""src"":""shellyazplug-e4b323337220"",""dst"":""attacker"",""result"":{""was_on"":false}}"
2026-04-22T16:57:50,shellyazplug-node/debug/log,88,"shellyazplug-e4b323337220 6997 35603.337 1|shos_rpc_inst.c:230     Switch.Set via MQTT 
"
2026-04-22T16:57:50,shellyazplug-node/status/switch:0,199,"{""id"":0, ""source"":""MQTT"", ""output"":true, ""apower"":0.0, ""voltage"":233.2, ""freq"":50.0, ""current"":0.000, ""aenergy"":{""total"""
2026-04-22T16:57:50,shellyazplug-node/events/rpc,167,"{""src"":""shellyazplug-e4b323337220"",""dst"":""shellyazplug-node/events"",""method"":""NotifyStatus"",""params"":{""ts"":35603.33,""swi"
2026-04-22T16:57:50,shellyazplug-node/debug/log,133,"shellyazplug-e4b323337220 6998 35603.354 1|shelly_notification:163 Status change of switch:0: {""id"":0,""output"":true,""sou"
2026-04-22T16:57:50,shellyazplug-node/rpc,86,"{""id"": 1, ""src"": ""attacker"", ""method"": ""Switch.Set"", ""params"": {""id"": 0, ""on"": false}}"
2026-04-22T16:57:50,attacker/rpc,84,"{""id"":1,""src"":""shellyazplug-e4b323337220"",""dst"":""attacker"",""result"":{""was_on"":true}}"
2026-04-22T16:57:50,shellyazplug-node/debug/log,88,"shellyazplug-e4b323337220 6999 35603.838 1|shos_rpc_inst.c:230     Switch.Set via MQTT 
"
2026-04-22T16:57:51,shellyazplug-node/status/switch:0,200,"{""id"":0, ""source"":""MQTT"", ""output"":false, ""apower"":0.0, ""voltage"":233.1, ""freq"":50.0, ""current"":0.000, ""aenergy"":{""total"
2026-04-22T16:57:51,shellyazplug-node/events/rpc,191,"{""src"":""shellyazplug-e4b323337220"",""dst"":""shellyazplug-node/events"",""method"":""NotifyStatus"",""params"":{""ts"":35603.84,""swi"
2026-04-22T16:57:51,shellyazplug-node/debug/log,157,"shellyazplug-e4b323337220 7000 35603.857 1|shelly_notification:163 Status change of switch:0: {""id"":0,""apower"":0,""curren"
2026-04-22T16:57:51,iot/mq/debug,50,[0;36m[D][sensor:124]: 'Gas Sensor' >> 0.50 V[0m
2026-04-22T16:57:51,iot/mq/sensor/gas_sensor/state,4,0.50
2026-04-22T16:57:51,shellyazplug-node/rpc,85,"{""id"": 1, ""src"": ""attacker"", ""method"": ""Switch.Set"", ""params"": {""id"": 0, ""on"": true}}"
2026-04-22T16:57:51,attacker/rpc,85,"{""id"":1,""src"":""shellyazplug-e4b323337220"",""dst"":""attacker"",""result"":{""was_on"":false}}"
2026-04-22T16:57:51,shellyazplug-node/debug/log,88,"shellyazplug-e4b323337220 7001 35604.338 1|shos_rpc_inst.c:230     Switch.Set via MQTT 
"
2026-04-22T16:57:51,shellyazplug-node/status/switch:0,199,"{""id"":0, ""source"":""MQTT"", ""output"":true, ""apower"":0.0, ""voltage"":233.1, ""freq"":50.0, ""current"":0.000, ""aenergy"":{""total"""
2026-04-22T16:57:51,shellyazplug-node/events/rpc,167,"{""src"":""shellyazplug-e4b323337220"",""dst"":""shellyazplug-node/events"",""method"":""NotifyStatus"",""params"":{""ts"":35604.34,""swi"
2026-04-22T16:57:51,shellyazplug-node/debug/log,133,"shellyazplug-e4b323337220 7002 35604.355 1|shelly_notification:163 Status change of switch:0: {""id"":0,""output"":true,""sou"
2026-04-22T16:57:51,shellyazplug-node/rpc,86,"{""id"": 1, ""src"": ""attacker"", ""method"": ""Switch.Set"", ""params"": {""id"": 0, ""on"": false}}"
2026-04-22T16:57:51,attacker/rpc,84,"{""id"":1,""src"":""shellyazplug-e4b323337220"",""dst"":""attacker"",""result"":{""was_on"":true}}"
2026-04-22T16:57:51,shellyazplug-node/debug/log,88,"shellyazplug-e4b323337220 7003 35604.839 1|shos_rpc_inst.c:230     Switch.Set via MQTT 
"
2026-04-22T16:57:52,shellyazplug-node/status/switch:0,200,"{""id"":0, ""source"":""MQTT"", ""output"":false, ""apower"":0.0, ""voltage"":232.9, ""freq"":50.0, ""current"":0.000, ""aenergy"":{""total"
2026-04-22T16:57:52,shellyazplug-node/events/rpc,191,"{""src"":""shellyazplug-e4b323337220"",""dst"":""shellyazplug-node/events"",""method"":""NotifyStatus"",""params"":{""ts"":35604.84,""swi"
2026-04-22T16:57:52,shellyazplug-node/debug/log,157,"shellyazplug-e4b323337220 7004 35604.860 1|shelly_notification:163 Status change of switch:0: {""id"":0,""apower"":0,""curren"
2026-04-22T16:57:52,shellyazplug-node/rpc,85,"{""id"": 1, ""src"": ""attacker"", ""method"": ""Switch.Set"", ""params"": {""id"": 0, ""on"": true}}"
2026-04-22T16:57:52,attacker/rpc,85,"{""id"":1,""src"":""shellyazplug-e4b323337220"",""dst"":""attacker"",""result"":{""was_on"":false}}"
2026-04-22T16:57:52,shellyazplug-node/debug/log,88,"shellyazplug-e4b323337220 7005 35605.340 1|shos_rpc_inst.c:230     Switch.Set via MQTT 
"
2026-04-22T16:57:52,shellyazplug-node/status/switch:0,199,"{""id"":0, ""source"":""MQTT"", ""output"":true, ""apower"":0.0, ""voltage"":232.9, ""freq"":50.0, ""current"":0.000, ""aenergy"":{""total"""
2026-04-22T16:57:52,shellyazplug-node/events/rpc,167,"{""src"":""shellyazplug-e4b323337220"",""dst"":""shellyazplug-node/events"",""method"":""NotifyStatus"",""params"":{""ts"":35605.34,""swi"
2026-04-22T16:57:52,shellyazplug-node/debug/log,133,"shellyazplug-e4b323337220 7006 35605.356 1|shelly_notification:163 Status change of switch:0: {""id"":0,""output"":true,""sou"
2026-04-22T16:57:52,shellyazplug-node/rpc,86,"{""id"": 1, ""src"": ""attacker"", ""method"": ""Switch.Set"", ""params"": {""id"": 0, ""on"": false}}"
2026-04-22T16:57:52,attacker/rpc,84,"{""id"":1,""src"":""shellyazplug-e4b323337220"",""dst"":""attacker"",""result"":{""was_on"":true}}"
2026-04-22T16:57:52,shellyazplug-node/debug/log,88,"shellyazplug-e4b323337220 7007 35605.842 1|shos_rpc_inst.c:230     Switch.Set via MQTT 
"
2026-04-22T16:57:53,shellyazplug-node/status/switch:0,200,"{""id"":0, ""source"":""MQTT"", ""output"":false, ""apower"":0.0, ""voltage"":232.9, ""freq"":50.0, ""current"":0.000, ""aenergy"":{""total"
2026-04-22T16:57:53,shellyazplug-node/events/rpc,191,"{""src"":""shellyazplug-e4b323337220"",""dst"":""shellyazplug-node/events"",""method"":""NotifyStatus"",""params"":{""ts"":35605.84,""swi"
2026-04-22T16:57:53,shellyazplug-node/debug/log,157,"shellyazplug-e4b323337220 7008 35605.860 1|shelly_notification:163 Status change of switch:0: {""id"":0,""apower"":0,""curren"
2026-04-22T16:57:53,shellyazplug-node/rpc,85,"{""id"": 1, ""src"": ""attacker"", ""method"": ""Switch.Set"", ""params"": {""id"": 0, ""on"": true}}"
2026-04-22T16:57:53,attacker/rpc,85,"{""id"":1,""src"":""shellyazplug-e4b323337220"",""dst"":""attacker"",""result"":{""was_on"":false}}"
2026-04-22T16:57:53,shellyazplug-node/debug/log,88,"shellyazplug-e4b323337220 7009 35606.341 1|shos_rpc_inst.c:230     Switch.Set via MQTT 
"
2026-04-22T16:57:53,shellyazplug-node/status/switch:0,199,"{""id"":0, ""source"":""MQTT"", ""output"":true, ""apower"":0.0, ""voltage"":232.9, ""freq"":50.0, ""current"":0.000, ""aenergy"":{""total"""
2026-04-22T16:57:53,shellyazplug-node/events/rpc,167,"{""src"":""shellyazplug-e4b323337220"",""dst"":""shellyazplug-node/events"",""method"":""NotifyStatus"",""params"":{""ts"":35606.34,""swi"
2026-04-22T16:57:53,shellyazplug-node/debug/log,133,"shellyazplug-e4b323337220 7010 35606.357 1|shelly_notification:163 Status change of switch:0: {""id"":0,""output"":true,""sou"
2026-04-22T16:57:53,shellyazplug-node/rpc,86,"{""id"": 1, ""src"": ""attacker"", ""method"": ""Switch.Set"", ""params"": {""id"": 0, ""on"": false}}"
2026-04-22T16:57:53,attacker/rpc,84,"{""id"":1,""src"":""shellyazplug-e4b323337220"",""dst"":""attacker"",""result"":{""was_on"":true}}"
2026-04-22T16:57:53,shellyazplug-node/debug/log,88,"shellyazplug-e4b323337220 7011 35606.841 1|shos_rpc_inst.c:230     Switch.Set via MQTT 
"
2026-04-22T16:57:54,shellyazplug-node/status/switch:0,200,"{""id"":0, ""source"":""MQTT"", ""output"":false, ""apower"":0.0, ""voltage"":233.0, ""freq"":50.0, ""current"":0.000, ""aenergy"":{""total"
2026-04-22T16:57:54,shellyazplug-node/events/rpc,191,"{""src"":""shellyazplug-e4b323337220"",""dst"":""shellyazplug-node/events"",""method"":""NotifyStatus"",""params"":{""ts"":35606.84,""swi"
2026-04-22T16:57:54,shellyazplug-node/debug/log,157,"shellyazplug-e4b323337220 7012 35606.860 1|shelly_notification:163 Status change of switch:0: {""id"":0,""apower"":0,""curren"
2026-04-22T16:57:54,shellyazplug-node/rpc,85,"{""id"": 1, ""src"": ""attacker"", ""method"": ""Switch.Set"", ""params"": {""id"": 0, ""on"": true}}"
2026-04-22T16:57:54,attacker/rpc,85,"{""id"":1,""src"":""shellyazplug-e4b323337220"",""dst"":""attacker"",""result"":{""was_on"":false}}"
2026-04-22T16:57:54,shellyazplug-node/debug/log,88,"shellyazplug-e4b323337220 7013 35607.342 1|shos_rpc_inst.c:230     Switch.Set via MQTT 
"
2026-04-22T16:57:54,shellyazplug-node/status/switch:0,199,"{""id"":0, ""source"":""MQTT"", ""output"":true, ""apower"":0.0, ""voltage"":233.0, ""freq"":50.0, ""current"":0.000, ""aenergy"":{""total"""
2026-04-22T16:57:54,shellyazplug-node/events/rpc,167,"{""src"":""shellyazplug-e4b323337220"",""dst"":""shellyazplug-node/events"",""method"":""NotifyStatus"",""params"":{""ts"":35607.34,""swi"
2026-04-22T16:57:54,shellyazplug-node/debug/log,133,"shellyazplug-e4b323337220 7014 35607.359 1|shelly_notification:163 Status change of switch:0: {""id"":0,""output"":true,""sou"
2026-04-22T16:57:54,shellyazplug-node/rpc,86,"{""id"": 1, ""src"": ""attacker"", ""method"": ""Switch.Set"", ""params"": {""id"": 0, ""on"": false}}"
2026-04-22T16:57:54,attacker/rpc,84,"{""id"":1,""src"":""shellyazplug-e4b323337220"",""dst"":""attacker"",""result"":{""was_on"":true}}"
2026-04-22T16:57:54,shellyazplug-node/debug/log,88,"shellyazplug-e4b323337220 7015 35607.843 1|shos_rpc_inst.c:230     Switch.Set via MQTT 
"
2026-04-22T16:57:55,shellyazplug-node/status/switch:0,200,"{""id"":0, ""source"":""MQTT"", ""output"":false, ""apower"":0.0, ""voltage"":232.9, ""freq"":50.0, ""current"":0.000, ""aenergy"":{""total"
2026-04-22T16:57:55,shellyazplug-node/events/rpc,191,"{""src"":""shellyazplug-e4b323337220"",""dst"":""shellyazplug-node/events"",""method"":""NotifyStatus"",""params"":{""ts"":35607.84,""swi"
2026-04-22T16:57:55,shellyazplug-node/debug/log,157,"shellyazplug-e4b323337220 7016 35607.862 1|shelly_notification:163 Status change of switch:0: {""id"":0,""apower"":0,""curren"
2026-04-22T16:57:55,shellyazplug-node/rpc,85,"{""id"": 1, ""src"": ""attacker"", ""method"": ""Switch.Set"", ""params"": {""id"": 0, ""on"": true}}"
2026-04-22T16:57:55,attacker/rpc,85,"{""id"":1,""src"":""shellyazplug-e4b323337220"",""dst"":""attacker"",""result"":{""was_on"":false}}"
2026-04-22T16:57:55,shellyazplug-node/debug/log,88,"shellyazplug-e4b323337220 7017 35608.344 1|shos_rpc_inst.c:230     Switch.Set via MQTT 
"
2026-04-22T16:57:55,shellyazplug-node/status/switch:0,199,"{""id"":0, ""source"":""MQTT"", ""output"":true, ""apower"":0.0, ""voltage"":232.9, ""freq"":50.0, ""current"":0.000, ""aenergy"":{""total"""
2026-04-22T16:57:55,shellyazplug-node/events/rpc,167,"{""src"":""shellyazplug-e4b323337220"",""dst"":""shellyazplug-node/events"",""method"":""NotifyStatus"",""params"":{""ts"":35608.34,""swi"
2026-04-22T16:57:55,shellyazplug-node/debug/log,133,"shellyazplug-e4b323337220 7018 35608.361 1|shelly_notification:163 Status change of switch:0: {""id"":0,""output"":true,""sou"
2026-04-22T16:57:55,shellyazplug-node/rpc,86,"{""id"": 1, ""src"": ""attacker"", ""method"": ""Switch.Set"", ""params"": {""id"": 0, ""on"": false}}"
2026-04-22T16:57:55,attacker/rpc,84,"{""id"":1,""src"":""shellyazplug-e4b323337220"",""dst"":""attacker"",""result"":{""was_on"":true}}"
2026-04-22T16:57:55,shellyazplug-node/debug/log,88,"shellyazplug-e4b323337220 7019 35608.844 1|shos_rpc_inst.c:230     Switch.Set via MQTT 
"
2026-04-22T16:57:56,shellyazplug-node/status/switch:0,200,"{""id"":0, ""source"":""MQTT"", ""output"":false, ""apower"":0.0, ""voltage"":232.6, ""freq"":50.0, ""current"":0.000, ""aenergy"":{""total"
2026-04-22T16:57:56,shellyazplug-node/events/rpc,191,"{""src"":""shellyazplug-e4b323337220"",""dst"":""shellyazplug-node/events"",""method"":""NotifyStatus"",""params"":{""ts"":35608.84,""swi"
2026-04-22T16:57:56,shellyazplug-node/debug/log,157,"shellyazplug-e4b323337220 7020 35608.863 1|shelly_notification:163 Status change of switch:0: {""id"":0,""apower"":0,""curren"
2026-04-22T16:57:56,iot/mq/debug,50,[0;36m[D][sensor:124]: 'Gas Sensor' >> 0.50 V[0m
2026-04-22T16:57:56,iot/mq/sensor/gas_sensor/state,4,0.50
2026-04-22T16:57:56,shellyazplug-node/rpc,85,"{""id"": 1, ""src"": ""attacker"", ""method"": ""Switch.Set"", ""params"": {""id"": 0, ""on"": true}}"
2026-04-22T16:57:56,attacker/rpc,85,"{""id"":1,""src"":""shellyazplug-e4b323337220"",""dst"":""attacker"",""result"":{""was_on"":false}}"
2026-04-22T16:57:56,shellyazplug-node/debug/log,88,"shellyazplug-e4b323337220 7021 35609.345 1|shos_rpc_inst.c:230     Switch.Set via MQTT 
"
2026-04-22T16:57:56,shellyazplug-node/status/switch:0,199,"{""id"":0, ""source"":""MQTT"", ""output"":true, ""apower"":0.0, ""voltage"":232.6, ""freq"":50.0, ""current"":0.000, ""aenergy"":{""total"""
2026-04-22T16:57:56,shellyazplug-node/events/rpc,167,"{""src"":""shellyazplug-e4b323337220"",""dst"":""shellyazplug-node/events"",""method"":""NotifyStatus"",""params"":{""ts"":35609.34,""swi"
2026-04-22T16:57:56,shellyazplug-node/debug/log,133,"shellyazplug-e4b323337220 7022 35609.362 1|shelly_notification:163 Status change of switch:0: {""id"":0,""output"":true,""sou"
2026-04-22T16:57:56,shellyazplug-node/rpc,86,"{""id"": 1, ""src"": ""attacker"", ""method"": ""Switch.Set"", ""params"": {""id"": 0, ""on"": false}}"
2026-04-22T16:57:56,attacker/rpc,84,"{""id"":1,""src"":""shellyazplug-e4b323337220"",""dst"":""attacker"",""result"":{""was_on"":true}}"
2026-04-22T16:57:56,shellyazplug-node/debug/log,88,"shellyazplug-e4b323337220 7023 35609.846 1|shos_rpc_inst.c:230     Switch.Set via MQTT 
"
2026-04-22T16:57:57,shellyazplug-node/status/switch:0,200,"{""id"":0, ""source"":""MQTT"", ""output"":false, ""apower"":0.0, ""voltage"":232.6, ""freq"":50.0, ""current"":0.000, ""aenergy"":{""total"
2026-04-22T16:57:57,shellyazplug-node/events/rpc,191,"{""src"":""shellyazplug-e4b323337220"",""dst"":""shellyazplug-node/events"",""method"":""NotifyStatus"",""params"":{""ts"":35609.84,""swi"
2026-04-22T16:57:57,shellyazplug-node/debug/log,157,"shellyazplug-e4b323337220 7024 35609.864 1|shelly_notification:163 Status change of switch:0: {""id"":0,""apower"":0,""curren"
2026-04-22T16:57:57,iot/dht11/debug,59,[0;36m[D][dht:048]: Temperature 23.3°C Humidity 36.0%[0m
2026-04-22T16:57:57,shellyazplug-node/rpc,85,"{""id"": 1, ""src"": ""attacker"", ""method"": ""Switch.Set"", ""params"": {""id"": 0, ""on"": true}}"
2026-04-22T16:57:57,iot/dht11/debug,53,[0;36m[D][sensor:124]: 'Temperature' >> 23.3 °C[0m
2026-04-22T16:57:57,iot/dht11/sensor/temperature/state,4,23.3
2026-04-22T16:57:57,iot/dht11/debug,46,[0;36m[D][sensor:124]: 'Humidity' >> 36 %[0m
2026-04-22T16:57:57,iot/dht11/sensor/humidity/state,2,36
2026-04-22T16:57:57,attacker/rpc,85,"{""id"":1,""src"":""shellyazplug-e4b323337220"",""dst"":""attacker"",""result"":{""was_on"":false}}"
2026-04-22T16:57:57,shellyazplug-node/debug/log,88,"shellyazplug-e4b323337220 7025 35610.347 1|shos_rpc_inst.c:230     Switch.Set via MQTT 
"
2026-04-22T16:57:57,shellyazplug-node/status/switch:0,199,"{""id"":0, ""source"":""MQTT"", ""output"":true, ""apower"":0.0, ""voltage"":232.6, ""freq"":50.0, ""current"":0.000, ""aenergy"":{""total"""
2026-04-22T16:57:57,shellyazplug-node/events/rpc,167,"{""src"":""shellyazplug-e4b323337220"",""dst"":""shellyazplug-node/events"",""method"":""NotifyStatus"",""params"":{""ts"":35610.34,""swi"
2026-04-22T16:57:57,shellyazplug-node/debug/log,133,"shellyazplug-e4b323337220 7026 35610.364 1|shelly_notification:163 Status change of switch:0: {""id"":0,""output"":true,""sou"
2026-04-22T16:57:57,shellyazplug-node/rpc,86,"{""id"": 1, ""src"": ""attacker"", ""method"": ""Switch.Set"", ""params"": {""id"": 0, ""on"": false}}"
2026-04-22T16:57:57,attacker/rpc,84,"{""id"":1,""src"":""shellyazplug-e4b323337220"",""dst"":""attacker"",""result"":{""was_on"":true}}"
2026-04-22T16:57:57,shellyazplug-node/debug/log,88,"shellyazplug-e4b323337220 7027 35610.847 1|shos_rpc_inst.c:230     Switch.Set via MQTT 
"
2026-04-22T16:57:58,shellyazplug-node/status/switch:0,200,"{""id"":0, ""source"":""MQTT"", ""output"":false, ""apower"":0.0, ""voltage"":232.6, ""freq"":50.0, ""current"":0.000, ""aenergy"":{""total"
2026-04-22T16:57:58,shellyazplug-node/events/rpc,191,"{""src"":""shellyazplug-e4b323337220"",""dst"":""shellyazplug-node/events"",""method"":""NotifyStatus"",""params"":{""ts"":35610.84,""swi"
2026-04-22T16:57:58,shellyazplug-node/debug/log,157,"shellyazplug-e4b323337220 7028 35610.866 1|shelly_notification:163 Status change of switch:0: {""id"":0,""apower"":0,""curren"
2026-04-22T16:57:58,shellyazplug-node/rpc,85,"{""id"": 1, ""src"": ""attacker"", ""method"": ""Switch.Set"", ""params"": {""id"": 0, ""on"": true}}"
2026-04-22T16:57:58,attacker/rpc,85,"{""id"":1,""src"":""shellyazplug-e4b323337220"",""dst"":""attacker"",""result"":{""was_on"":false}}"
2026-04-22T16:57:58,shellyazplug-node/debug/log,88,"shellyazplug-e4b323337220 7029 35611.347 1|shos_rpc_inst.c:230     Switch.Set via MQTT 
"
2026-04-22T16:57:58,shellyazplug-node/status/switch:0,199,"{""id"":0, ""source"":""MQTT"", ""output"":true, ""apower"":0.0, ""voltage"":232.6, ""freq"":50.0, ""current"":0.000, ""aenergy"":{""total"""
2026-04-22T16:57:58,shellyazplug-node/events/rpc,167,"{""src"":""shellyazplug-e4b323337220"",""dst"":""shellyazplug-node/events"",""method"":""NotifyStatus"",""params"":{""ts"":35611.34,""swi"
2026-04-22T16:57:58,shellyazplug-node/debug/log,133,"shellyazplug-e4b323337220 7030 35611.364 1|shelly_notification:163 Status change of switch:0: {""id"":0,""output"":true,""sou"
2026-04-22T16:57:58,shellyazplug-node/rpc,86,"{""id"": 1, ""src"": ""attacker"", ""method"": ""Switch.Set"", ""params"": {""id"": 0, ""on"": false}}"
2026-04-22T16:57:58,attacker/rpc,84,"{""id"":1,""src"":""shellyazplug-e4b323337220"",""dst"":""attacker"",""result"":{""was_on"":true}}"
2026-04-22T16:57:58,shellyazplug-node/debug/log,88,"shellyazplug-e4b323337220 7031 35611.848 1|shos_rpc_inst.c:230     Switch.Set via MQTT 
"
2026-04-22T16:57:59,shellyazplug-node/status/switch:0,200,"{""id"":0, ""source"":""MQTT"", ""output"":false, ""apower"":0.0, ""voltage"":232.4, ""freq"":50.0, ""current"":0.000, ""aenergy"":{""total"
2026-04-22T16:57:59,shellyazplug-node/events/rpc,191,"{""src"":""shellyazplug-e4b323337220"",""dst"":""shellyazplug-node/events"",""method"":""NotifyStatus"",""params"":{""ts"":35611.85,""swi"
2026-04-22T16:57:59,shellyazplug-node/debug/log,157,"shellyazplug-e4b323337220 7032 35611.867 1|shelly_notification:163 Status change of switch:0: {""id"":0,""apower"":0,""curren"
2026-04-22T16:57:59,shellyazplug-node/rpc,85,"{""id"": 1, ""src"": ""attacker"", ""method"": ""Switch.Set"", ""params"": {""id"": 0, ""on"": true}}"
2026-04-22T16:57:59,attacker/rpc,85,"{""id"":1,""src"":""shellyazplug-e4b323337220"",""dst"":""attacker"",""result"":{""was_on"":false}}"
2026-04-22T16:57:59,shellyazplug-node/debug/log,88,"shellyazplug-e4b323337220 7033 35612.348 1|shos_rpc_inst.c:230     Switch.Set via MQTT 
"
2026-04-22T16:57:59,shellyazplug-node/status/switch:0,199,"{""id"":0, ""source"":""MQTT"", ""output"":true, ""apower"":0.0, ""voltage"":232.4, ""freq"":50.0, ""current"":0.000, ""aenergy"":{""total"""
2026-04-22T16:57:59,shellyazplug-node/events/rpc,167,"{""src"":""shellyazplug-e4b323337220"",""dst"":""shellyazplug-node/events"",""method"":""NotifyStatus"",""params"":{""ts"":35612.35,""swi"
2026-04-22T16:57:59,shellyazplug-node/debug/log,133,"shellyazplug-e4b323337220 7034 35612.365 1|shelly_notification:163 Status change of switch:0: {""id"":0,""output"":true,""sou"
2026-04-22T16:57:59,shellyazplug-node/rpc,86,"{""id"": 1, ""src"": ""attacker"", ""method"": ""Switch.Set"", ""params"": {""id"": 0, ""on"": false}}"
2026-04-22T16:57:59,attacker/rpc,84,"{""id"":1,""src"":""shellyazplug-e4b323337220"",""dst"":""attacker"",""result"":{""was_on"":true}}"
2026-04-22T16:57:59,shellyazplug-node/debug/log,88,"shellyazplug-e4b323337220 7035 35612.849 1|shos_rpc_inst.c:230     Switch.Set via MQTT 
"
2026-04-22T16:58:00,shellyazplug-node/status/switch:0,200,"{""id"":0, ""source"":""MQTT"", ""output"":false, ""apower"":0.0, ""voltage"":232.3, ""freq"":50.0, ""current"":0.000, ""aenergy"":{""total"
2026-04-22T16:58:00,shellyazplug-node/events/rpc,191,"{""src"":""shellyazplug-e4b323337220"",""dst"":""shellyazplug-node/events"",""method"":""NotifyStatus"",""params"":{""ts"":35612.85,""swi"
2026-04-22T16:58:00,shellyazplug-node/debug/log,157,"shellyazplug-e4b323337220 7036 35612.868 1|shelly_notification:163 Status change of switch:0: {""id"":0,""apower"":0,""curren"
2026-04-22T16:58:00,shellyazplug-node/rpc,85,"{""id"": 1, ""src"": ""attacker"", ""method"": ""Switch.Set"", ""params"": {""id"": 0, ""on"": true}}"
2026-04-22T16:58:00,attacker/rpc,85,"{""id"":1,""src"":""shellyazplug-e4b323337220"",""dst"":""attacker"",""result"":{""was_on"":false}}"
2026-04-22T16:58:00,shellyazplug-node/debug/log,88,"shellyazplug-e4b323337220 7037 35613.351 1|shos_rpc_inst.c:230     Switch.Set via MQTT 
"
2026-04-22T16:58:00,shellyazplug-node/status/switch:0,199,"{""id"":0, ""source"":""MQTT"", ""output"":true, ""apower"":0.0, ""voltage"":232.3, ""freq"":50.0, ""current"":0.000, ""aenergy"":{""total"""
2026-04-22T16:58:00,shellyazplug-node/events/rpc,167,"{""src"":""shellyazplug-e4b323337220"",""dst"":""shellyazplug-node/events"",""method"":""NotifyStatus"",""params"":{""ts"":35613.35,""swi"
2026-04-22T16:58:00,shellyazplug-node/debug/log,133,"shellyazplug-e4b323337220 7038 35613.367 1|shelly_notification:163 Status change of switch:0: {""id"":0,""output"":true,""sou"
2026-04-22T16:58:00,shellyazplug-node/rpc,86,"{""id"": 1, ""src"": ""attacker"", ""method"": ""Switch.Set"", ""params"": {""id"": 0, ""on"": false}}"
2026-04-22T16:58:00,attacker/rpc,84,"{""id"":1,""src"":""shellyazplug-e4b323337220"",""dst"":""attacker"",""result"":{""was_on"":true}}"
2026-04-22T16:58:00,shellyazplug-node/debug/log,88,"shellyazplug-e4b323337220 7039 35613.850 1|shos_rpc_inst.c:230     Switch.Set via MQTT 
"
2026-04-22T16:58:01,shellyazplug-node/status/switch:0,200,"{""id"":0, ""source"":""MQTT"", ""output"":false, ""apower"":0.0, ""voltage"":232.5, ""freq"":50.0, ""current"":0.000, ""aenergy"":{""total"
2026-04-22T16:58:01,shellyazplug-node/events/rpc,191,"{""src"":""shellyazplug-e4b323337220"",""dst"":""shellyazplug-node/events"",""method"":""NotifyStatus"",""params"":{""ts"":35613.85,""swi"
2026-04-22T16:58:01,shellyazplug-node/debug/log,157,"shellyazplug-e4b323337220 7040 35613.869 1|shelly_notification:163 Status change of switch:0: {""id"":0,""apower"":0,""curren"
2026-04-22T16:58:01,iot/mq/debug,50,[0;36m[D][sensor:124]: 'Gas Sensor' >> 0.50 V[0m
2026-04-22T16:58:01,iot/mq/sensor/gas_sensor/state,4,0.50
2026-04-22T16:58:01,shellyazplug-node/rpc,85,"{""id"": 1, ""src"": ""attacker"", ""method"": ""Switch.Set"", ""params"": {""id"": 0, ""on"": true}}"
2026-04-22T16:58:01,attacker/rpc,85,"{""id"":1,""src"":""shellyazplug-e4b323337220"",""dst"":""attacker"",""result"":{""was_on"":false}}"
2026-04-22T16:58:01,shellyazplug-node/debug/log,88,"shellyazplug-e4b323337220 7041 35614.351 1|shos_rpc_inst.c:230     Switch.Set via MQTT 
"
2026-04-22T16:58:01,shellyazplug-node/status/switch:0,199,"{""id"":0, ""source"":""MQTT"", ""output"":true, ""apower"":0.0, ""voltage"":232.5, ""freq"":50.0, ""current"":0.000, ""aenergy"":{""total"""
2026-04-22T16:58:01,shellyazplug-node/events/rpc,167,"{""src"":""shellyazplug-e4b323337220"",""dst"":""shellyazplug-node/events"",""method"":""NotifyStatus"",""params"":{""ts"":35614.35,""swi"
2026-04-22T16:58:01,shellyazplug-node/debug/log,133,"shellyazplug-e4b323337220 7042 35614.367 1|shelly_notification:163 Status change of switch:0: {""id"":0,""output"":true,""sou"
2026-04-22T16:58:01,shellyazplug-node/rpc,86,"{""id"": 1, ""src"": ""attacker"", ""method"": ""Switch.Set"", ""params"": {""id"": 0, ""on"": false}}"
2026-04-22T16:58:01,attacker/rpc,84,"{""id"":1,""src"":""shellyazplug-e4b323337220"",""dst"":""attacker"",""result"":{""was_on"":true}}"
2026-04-22T16:58:01,shellyazplug-node/debug/log,88,"shellyazplug-e4b323337220 7043 35614.852 1|shos_rpc_inst.c:230     Switch.Set via MQTT 
"
2026-04-22T16:58:02,shellyazplug-node/status/switch:0,200,"{""id"":0, ""source"":""MQTT"", ""output"":false, ""apower"":0.0, ""voltage"":232.7, ""freq"":50.0, ""current"":0.000, ""aenergy"":{""total"
2026-04-22T16:58:02,shellyazplug-node/events/rpc,191,"{""src"":""shellyazplug-e4b323337220"",""dst"":""shellyazplug-node/events"",""method"":""NotifyStatus"",""params"":{""ts"":35614.85,""swi"
2026-04-22T16:58:02,shellyazplug-node/debug/log,157,"shellyazplug-e4b323337220 7044 35614.871 1|shelly_notification:163 Status change of switch:0: {""id"":0,""apower"":0,""curren"
2026-04-22T16:58:02,shellyazplug-node/rpc,85,"{""id"": 1, ""src"": ""attacker"", ""method"": ""Switch.Set"", ""params"": {""id"": 0, ""on"": true}}"
2026-04-22T16:58:02,attacker/rpc,85,"{""id"":1,""src"":""shellyazplug-e4b323337220"",""dst"":""attacker"",""result"":{""was_on"":false}}"
2026-04-22T16:58:02,shellyazplug-node/debug/log,88,"shellyazplug-e4b323337220 7045 35615.353 1|shos_rpc_inst.c:230     Switch.Set via MQTT 
"
2026-04-22T16:58:02,shellyazplug-node/status/switch:0,199,"{""id"":0, ""source"":""MQTT"", ""output"":true, ""apower"":0.0, ""voltage"":232.7, ""freq"":50.0, ""current"":0.000, ""aenergy"":{""total"""
2026-04-22T16:58:02,shellyazplug-node/events/rpc,167,"{""src"":""shellyazplug-e4b323337220"",""dst"":""shellyazplug-node/events"",""method"":""NotifyStatus"",""params"":{""ts"":35615.35,""swi"
2026-04-22T16:58:02,shellyazplug-node/debug/log,133,"shellyazplug-e4b323337220 7046 35615.369 1|shelly_notification:163 Status change of switch:0: {""id"":0,""output"":true,""sou"
2026-04-22T16:58:02,shellyazplug-node/rpc,86,"{""id"": 1, ""src"": ""attacker"", ""method"": ""Switch.Set"", ""params"": {""id"": 0, ""on"": false}}"
2026-04-22T16:58:02,attacker/rpc,84,"{""id"":1,""src"":""shellyazplug-e4b323337220"",""dst"":""attacker"",""result"":{""was_on"":true}}"
2026-04-22T16:58:03,shellyazplug-node/debug/log,88,"shellyazplug-e4b323337220 7047 35615.852 1|shos_rpc_inst.c:230     Switch.Set via MQTT 
"
2026-04-22T16:58:03,shellyazplug-node/status/switch:0,200,"{""id"":0, ""source"":""MQTT"", ""output"":false, ""apower"":0.0, ""voltage"":232.7, ""freq"":50.0, ""current"":0.000, ""aenergy"":{""total"
2026-04-22T16:58:03,shellyazplug-node/events/rpc,191,"{""src"":""shellyazplug-e4b323337220"",""dst"":""shellyazplug-node/events"",""method"":""NotifyStatus"",""params"":{""ts"":35615.85,""swi"
2026-04-22T16:58:03,shellyazplug-node/debug/log,157,"shellyazplug-e4b323337220 7048 35615.871 1|shelly_notification:163 Status change of switch:0: {""id"":0,""apower"":0,""curren"
2026-04-22T16:58:03,shellyazplug-node/rpc,85,"{""id"": 1, ""src"": ""attacker"", ""method"": ""Switch.Set"", ""params"": {""id"": 0, ""on"": true}}"
2026-04-22T16:58:03,attacker/rpc,85,"{""id"":1,""src"":""shellyazplug-e4b323337220"",""dst"":""attacker"",""result"":{""was_on"":false}}"
2026-04-22T16:58:03,shellyazplug-node/debug/log,88,"shellyazplug-e4b323337220 7049 35616.353 1|shos_rpc_inst.c:230     Switch.Set via MQTT 
"
2026-04-22T16:58:03,shellyazplug-node/status/switch:0,199,"{""id"":0, ""source"":""MQTT"", ""output"":true, ""apower"":0.0, ""voltage"":232.7, ""freq"":50.0, ""current"":0.000, ""aenergy"":{""total"""
2026-04-22T16:58:03,shellyazplug-node/events/rpc,167,"{""src"":""shellyazplug-e4b323337220"",""dst"":""shellyazplug-node/events"",""method"":""NotifyStatus"",""params"":{""ts"":35616.35,""swi"
2026-04-22T16:58:03,shellyazplug-node/debug/log,133,"shellyazplug-e4b323337220 7050 35616.369 1|shelly_notification:163 Status change of switch:0: {""id"":0,""output"":true,""sou"
2026-04-22T16:58:03,shellyazplug-node/rpc,86,"{""id"": 1, ""src"": ""attacker"", ""method"": ""Switch.Set"", ""params"": {""id"": 0, ""on"": false}}"
2026-04-22T16:58:03,attacker/rpc,84,"{""id"":1,""src"":""shellyazplug-e4b323337220"",""dst"":""attacker"",""result"":{""was_on"":true}}"
2026-04-22T16:58:04,shellyazplug-node/debug/log,88,"shellyazplug-e4b323337220 7051 35616.854 1|shos_rpc_inst.c:230     Switch.Set via MQTT 
"
2026-04-22T16:58:04,shellyazplug-node/status/switch:0,200,"{""id"":0, ""source"":""MQTT"", ""output"":false, ""apower"":0.0, ""voltage"":232.6, ""freq"":50.0, ""current"":0.000, ""aenergy"":{""total"
2026-04-22T16:58:04,shellyazplug-node/events/rpc,191,"{""src"":""shellyazplug-e4b323337220"",""dst"":""shellyazplug-node/events"",""method"":""NotifyStatus"",""params"":{""ts"":35616.85,""swi"
2026-04-22T16:58:04,shellyazplug-node/debug/log,157,"shellyazplug-e4b323337220 7052 35616.872 1|shelly_notification:163 Status change of switch:0: {""id"":0,""apower"":0,""curren"
2026-04-22T16:58:04,shellyazplug-node/rpc,85,"{""id"": 1, ""src"": ""attacker"", ""method"": ""Switch.Set"", ""params"": {""id"": 0, ""on"": true}}"
2026-04-22T16:58:04,attacker/rpc,85,"{""id"":1,""src"":""shellyazplug-e4b323337220"",""dst"":""attacker"",""result"":{""was_on"":false}}"
2026-04-22T16:58:04,shellyazplug-node/debug/log,88,"shellyazplug-e4b323337220 7053 35617.354 1|shos_rpc_inst.c:230     Switch.Set via MQTT 
"
2026-04-22T16:58:04,shellyazplug-node/status/switch:0,199,"{""id"":0, ""source"":""MQTT"", ""output"":true, ""apower"":0.0, ""voltage"":232.6, ""freq"":50.0, ""current"":0.000, ""aenergy"":{""total"""
2026-04-22T16:58:04,shellyazplug-node/events/rpc,167,"{""src"":""shellyazplug-e4b323337220"",""dst"":""shellyazplug-node/events"",""method"":""NotifyStatus"",""params"":{""ts"":35617.35,""swi"
2026-04-22T16:58:04,shellyazplug-node/debug/log,133,"shellyazplug-e4b323337220 7054 35617.370 1|shelly_notification:163 Status change of switch:0: {""id"":0,""output"":true,""sou"
2026-04-22T16:58:04,shellyazplug-node/rpc,86,"{""id"": 1, ""src"": ""attacker"", ""method"": ""Switch.Set"", ""params"": {""id"": 0, ""on"": false}}"
2026-04-22T16:58:04,attacker/rpc,84,"{""id"":1,""src"":""shellyazplug-e4b323337220"",""dst"":""attacker"",""result"":{""was_on"":true}}"
2026-04-22T16:58:05,shellyazplug-node/debug/log,88,"shellyazplug-e4b323337220 7055 35617.857 1|shos_rpc_inst.c:230     Switch.Set via MQTT 
"
2026-04-22T16:58:05,shellyazplug-node/status/switch:0,200,"{""id"":0, ""source"":""MQTT"", ""output"":false, ""apower"":0.0, ""voltage"":232.5, ""freq"":50.0, ""current"":0.000, ""aenergy"":{""total"
2026-04-22T16:58:05,shellyazplug-node/events/rpc,191,"{""src"":""shellyazplug-e4b323337220"",""dst"":""shellyazplug-node/events"",""method"":""NotifyStatus"",""params"":{""ts"":35617.85,""swi"
2026-04-22T16:58:05,shellyazplug-node/debug/log,157,"shellyazplug-e4b323337220 7056 35617.875 1|shelly_notification:163 Status change of switch:0: {""id"":0,""apower"":0,""curren"
2026-04-22T16:58:05,shellyazplug-node/rpc,85,"{""id"": 1, ""src"": ""attacker"", ""method"": ""Switch.Set"", ""params"": {""id"": 0, ""on"": true}}"
2026-04-22T16:58:05,attacker/rpc,85,"{""id"":1,""src"":""shellyazplug-e4b323337220"",""dst"":""attacker"",""result"":{""was_on"":false}}"
2026-04-22T16:58:05,shellyazplug-node/debug/log,88,"shellyazplug-e4b323337220 7057 35618.360 1|shos_rpc_inst.c:230     Switch.Set via MQTT 
"
2026-04-22T16:58:05,shellyazplug-node/status/switch:0,199,"{""id"":0, ""source"":""MQTT"", ""output"":true, ""apower"":0.0, ""voltage"":232.5, ""freq"":50.0, ""current"":0.000, ""aenergy"":{""total"""
2026-04-22T16:58:05,shellyazplug-node/events/rpc,167,"{""src"":""shellyazplug-e4b323337220"",""dst"":""shellyazplug-node/events"",""method"":""NotifyStatus"",""params"":{""ts"":35618.36,""swi"
2026-04-22T16:58:05,shellyazplug-node/debug/log,133,"shellyazplug-e4b323337220 7058 35618.376 1|shelly_notification:163 Status change of switch:0: {""id"":0,""output"":true,""sou"
2026-04-22T16:58:05,shellyazplug-node/rpc,86,"{""id"": 1, ""src"": ""attacker"", ""method"": ""Switch.Set"", ""params"": {""id"": 0, ""on"": false}}"
2026-04-22T16:58:05,attacker/rpc,84,"{""id"":1,""src"":""shellyazplug-e4b323337220"",""dst"":""attacker"",""result"":{""was_on"":true}}"
2026-04-22T16:58:06,shellyazplug-node/debug/log,88,"shellyazplug-e4b323337220 7059 35618.862 1|shos_rpc_inst.c:230     Switch.Set via MQTT 
"
2026-04-22T16:58:06,shellyazplug-node/status/switch:0,200,"{""id"":0, ""source"":""MQTT"", ""output"":false, ""apower"":0.0, ""voltage"":232.6, ""freq"":50.0, ""current"":0.000, ""aenergy"":{""total"
2026-04-22T16:58:06,shellyazplug-node/events/rpc,191,"{""src"":""shellyazplug-e4b323337220"",""dst"":""shellyazplug-node/events"",""method"":""NotifyStatus"",""params"":{""ts"":35618.86,""swi"
2026-04-22T16:58:06,shellyazplug-node/debug/log,157,"shellyazplug-e4b323337220 7060 35618.881 1|shelly_notification:163 Status change of switch:0: {""id"":0,""apower"":0,""curren"
2026-04-22T16:58:06,iot/mq/debug,50,[0;36m[D][sensor:124]: 'Gas Sensor' >> 0.50 V[0m
2026-04-22T16:58:06,iot/mq/sensor/gas_sensor/state,4,0.50
2026-04-22T16:58:06,shellyazplug-node/rpc,85,"{""id"": 1, ""src"": ""attacker"", ""method"": ""Switch.Set"", ""params"": {""id"": 0, ""on"": true}}"
2026-04-22T16:58:06,attacker/rpc,85,"{""id"":1,""src"":""shellyazplug-e4b323337220"",""dst"":""attacker"",""result"":{""was_on"":false}}"
2026-04-22T16:58:06,shellyazplug-node/debug/log,88,"shellyazplug-e4b323337220 7061 35619.365 1|shos_rpc_inst.c:230     Switch.Set via MQTT 
"
2026-04-22T16:58:06,shellyazplug-node/status/switch:0,199,"{""id"":0, ""source"":""MQTT"", ""output"":true, ""apower"":0.0, ""voltage"":232.6, ""freq"":50.0, ""current"":0.000, ""aenergy"":{""total"""
2026-04-22T16:58:06,shellyazplug-node/events/rpc,167,"{""src"":""shellyazplug-e4b323337220"",""dst"":""shellyazplug-node/events"",""method"":""NotifyStatus"",""params"":{""ts"":35619.36,""swi"
2026-04-22T16:58:06,shellyazplug-node/debug/log,133,"shellyazplug-e4b323337220 7062 35619.382 1|shelly_notification:163 Status change of switch:0: {""id"":0,""output"":true,""sou"
2026-04-22T16:58:06,shellyazplug-node/rpc,86,"{""id"": 1, ""src"": ""attacker"", ""method"": ""Switch.Set"", ""params"": {""id"": 0, ""on"": false}}"
2026-04-22T16:58:06,attacker/rpc,84,"{""id"":1,""src"":""shellyazplug-e4b323337220"",""dst"":""attacker"",""result"":{""was_on"":true}}"
2026-04-22T16:58:07,shellyazplug-node/debug/log,88,"shellyazplug-e4b323337220 7063 35619.862 1|shos_rpc_inst.c:230     Switch.Set via MQTT 
"
2026-04-22T16:58:07,shellyazplug-node/status/switch:0,200,"{""id"":0, ""source"":""MQTT"", ""output"":false, ""apower"":0.0, ""voltage"":232.5, ""freq"":50.0, ""current"":0.000, ""aenergy"":{""total"
2026-04-22T16:58:07,shellyazplug-node/events/rpc,191,"{""src"":""shellyazplug-e4b323337220"",""dst"":""shellyazplug-node/events"",""method"":""NotifyStatus"",""params"":{""ts"":35619.86,""swi"
2026-04-22T16:58:07,shellyazplug-node/debug/log,157,"shellyazplug-e4b323337220 7064 35619.882 1|shelly_notification:163 Status change of switch:0: {""id"":0,""apower"":0,""curren"
2026-04-22T16:58:07,iot/dht11/debug,59,[0;36m[D][dht:048]: Temperature 23.4°C Humidity 36.0%[0m
2026-04-22T16:58:07,iot/dht11/debug,53,[0;36m[D][sensor:124]: 'Temperature' >> 23.4 °C[0m
2026-04-22T16:58:07,iot/dht11/sensor/temperature/state,4,23.4
2026-04-22T16:58:07,iot/dht11/debug,46,[0;36m[D][sensor:124]: 'Humidity' >> 36 %[0m
2026-04-22T16:58:07,iot/dht11/sensor/humidity/state,2,36
2026-04-22T16:58:07,shellyazplug-node/rpc,85,"{""id"": 1, ""src"": ""attacker"", ""method"": ""Switch.Set"", ""params"": {""id"": 0, ""on"": true}}"
2026-04-22T16:58:07,attacker/rpc,85,"{""id"":1,""src"":""shellyazplug-e4b323337220"",""dst"":""attacker"",""result"":{""was_on"":false}}"
2026-04-22T16:58:07,shellyazplug-node/debug/log,88,"shellyazplug-e4b323337220 7065 35620.363 1|shos_rpc_inst.c:230     Switch.Set via MQTT 
"
2026-04-22T16:58:07,shellyazplug-node/status/switch:0,199,"{""id"":0, ""source"":""MQTT"", ""output"":true, ""apower"":0.0, ""voltage"":232.5, ""freq"":50.0, ""current"":0.000, ""aenergy"":{""total"""
2026-04-22T16:58:07,shellyazplug-node/events/rpc,167,"{""src"":""shellyazplug-e4b323337220"",""dst"":""shellyazplug-node/events"",""method"":""NotifyStatus"",""params"":{""ts"":35620.36,""swi"
2026-04-22T16:58:07,shellyazplug-node/debug/log,133,"shellyazplug-e4b323337220 7066 35620.380 1|shelly_notification:163 Status change of switch:0: {""id"":0,""output"":true,""sou"
2026-04-22T16:58:07,shellyazplug-node/rpc,86,"{""id"": 1, ""src"": ""attacker"", ""method"": ""Switch.Set"", ""params"": {""id"": 0, ""on"": false}}"
2026-04-22T16:58:07,attacker/rpc,84,"{""id"":1,""src"":""shellyazplug-e4b323337220"",""dst"":""attacker"",""result"":{""was_on"":true}}"
2026-04-22T16:58:08,shellyazplug-node/debug/log,88,"shellyazplug-e4b323337220 7067 35620.865 1|shos_rpc_inst.c:230     Switch.Set via MQTT 
"
2026-04-22T16:58:08,shellyazplug-node/status/switch:0,200,"{""id"":0, ""source"":""MQTT"", ""output"":false, ""apower"":0.0, ""voltage"":232.4, ""freq"":50.0, ""current"":0.000, ""aenergy"":{""total"
2026-04-22T16:58:08,shellyazplug-node/events/rpc,191,"{""src"":""shellyazplug-e4b323337220"",""dst"":""shellyazplug-node/events"",""method"":""NotifyStatus"",""params"":{""ts"":35620.86,""swi"
2026-04-22T16:58:08,shellyazplug-node/debug/log,157,"shellyazplug-e4b323337220 7068 35620.883 1|shelly_notification:163 Status change of switch:0: {""id"":0,""apower"":0,""curren"
2026-04-22T16:58:08,shellyazplug-node/rpc,85,"{""id"": 1, ""src"": ""attacker"", ""method"": ""Switch.Set"", ""params"": {""id"": 0, ""on"": true}}"
2026-04-22T16:58:08,attacker/rpc,85,"{""id"":1,""src"":""shellyazplug-e4b323337220"",""dst"":""attacker"",""result"":{""was_on"":false}}"
2026-04-22T16:58:08,shellyazplug-node/debug/log,88,"shellyazplug-e4b323337220 7069 35621.367 1|shos_rpc_inst.c:230     Switch.Set via MQTT 
"
2026-04-22T16:58:08,shellyazplug-node/status/switch:0,199,"{""id"":0, ""source"":""MQTT"", ""output"":true, ""apower"":0.0, ""voltage"":232.4, ""freq"":50.0, ""current"":0.000, ""aenergy"":{""total"""
2026-04-22T16:58:08,shellyazplug-node/events/rpc,167,"{""src"":""shellyazplug-e4b323337220"",""dst"":""shellyazplug-node/events"",""method"":""NotifyStatus"",""params"":{""ts"":35621.36,""swi"
2026-04-22T16:58:08,shellyazplug-node/debug/log,133,"shellyazplug-e4b323337220 7070 35621.383 1|shelly_notification:163 Status change of switch:0: {""id"":0,""output"":true,""sou"
2026-04-22T16:58:08,shellyazplug-node/rpc,86,"{""id"": 1, ""src"": ""attacker"", ""method"": ""Switch.Set"", ""params"": {""id"": 0, ""on"": false}}"
2026-04-22T16:58:08,attacker/rpc,84,"{""id"":1,""src"":""shellyazplug-e4b323337220"",""dst"":""attacker"",""result"":{""was_on"":true}}"
2026-04-22T16:58:09,shellyazplug-node/debug/log,88,"shellyazplug-e4b323337220 7071 35621.864 1|shos_rpc_inst.c:230     Switch.Set via MQTT 
"
2026-04-22T16:58:09,shellyazplug-node/status/switch:0,200,"{""id"":0, ""source"":""MQTT"", ""output"":false, ""apower"":0.0, ""voltage"":232.5, ""freq"":50.0, ""current"":0.000, ""aenergy"":{""total"
2026-04-22T16:58:09,shellyazplug-node/events/rpc,191,"{""src"":""shellyazplug-e4b323337220"",""dst"":""shellyazplug-node/events"",""method"":""NotifyStatus"",""params"":{""ts"":35621.86,""swi"
2026-04-22T16:58:09,shellyazplug-node/debug/log,157,"shellyazplug-e4b323337220 7072 35621.883 1|shelly_notification:163 Status change of switch:0: {""id"":0,""apower"":0,""curren"
2026-04-22T16:58:09,shellyazplug-node/rpc,85,"{""id"": 1, ""src"": ""attacker"", ""method"": ""Switch.Set"", ""params"": {""id"": 0, ""on"": true}}"
2026-04-22T16:58:09,attacker/rpc,85,"{""id"":1,""src"":""shellyazplug-e4b323337220"",""dst"":""attacker"",""result"":{""was_on"":false}}"
2026-04-22T16:58:09,shellyazplug-node/debug/log,88,"shellyazplug-e4b323337220 7073 35622.365 1|shos_rpc_inst.c:230     Switch.Set via MQTT 
"
2026-04-22T16:58:09,shellyazplug-node/status/switch:0,199,"{""id"":0, ""source"":""MQTT"", ""output"":true, ""apower"":0.0, ""voltage"":232.5, ""freq"":50.0, ""current"":0.000, ""aenergy"":{""total"""
2026-04-22T16:58:09,shellyazplug-node/events/rpc,167,"{""src"":""shellyazplug-e4b323337220"",""dst"":""shellyazplug-node/events"",""method"":""NotifyStatus"",""params"":{""ts"":35622.36,""swi"
2026-04-22T16:58:09,shellyazplug-node/debug/log,133,"shellyazplug-e4b323337220 7074 35622.381 1|shelly_notification:163 Status change of switch:0: {""id"":0,""output"":true,""sou"
2026-04-22T16:58:11,iot/mq/debug,50,[0;36m[D][sensor:124]: 'Gas Sensor' >> 0.50 V[0m
2026-04-22T16:58:11,iot/mq/sensor/gas_sensor/state,4,0.50
2026-04-22T16:58:16,iot/mq/debug,50,[0;36m[D][sensor:124]: 'Gas Sensor' >> 0.50 V[0m
2026-04-22T16:58:16,iot/mq/sensor/gas_sensor/state,4,0.50
2026-04-22T16:58:17,iot/dht11/debug,59,[0;36m[D][dht:048]: Temperature 23.4°C Humidity 36.0%[0m
2026-04-22T16:58:17,iot/dht11/debug,53,[0;36m[D][sensor:124]: 'Temperature' >> 23.4 °C[0m
2026-04-22T16:58:17,iot/dht11/sensor/temperature/state,4,23.4
2026-04-22T16:58:17,iot/dht11/debug,46,[0;36m[D][sensor:124]: 'Humidity' >> 36 %[0m
2026-04-22T16:58:17,iot/dht11/sensor/humidity/state,2,36
2026-04-22T16:58:21,iot/mq/debug,50,[0;36m[D][sensor:124]: 'Gas Sensor' >> 0.50 V[0m
2026-04-22T16:58:21,iot/mq/sensor/gas_sensor/state,4,0.50
2026-04-22T16:58:26,iot/mq/debug,50,[0;36m[D][sensor:124]: 'Gas Sensor' >> 0.50 V[0m
2026-04-22T16:58:26,iot/mq/sensor/gas_sensor/state,4,0.50
2026-04-22T16:58:27,iot/dht11/debug,59,[0;36m[D][dht:048]: Temperature 23.3°C Humidity 36.0%[0m
2026-04-22T16:58:27,iot/dht11/debug,53,[0;36m[D][sensor:124]: 'Temperature' >> 23.3 °C[0m
2026-04-22T16:58:27,iot/dht11/sensor/temperature/state,4,23.3
2026-04-22T16:58:27,iot/dht11/debug,46,[0;36m[D][sensor:124]: 'Humidity' >> 36 %[0m
2026-04-22T16:58:27,iot/dht11/sensor/humidity/state,2,36
2026-04-22T16:58:31,iot/mq/debug,50,[0;36m[D][sensor:124]: 'Gas Sensor' >> 0.50 V[0m
2026-04-22T16:58:31,iot/mq/sensor/gas_sensor/state,4,0.50
2026-04-22T16:58:36,iot/mq/debug,50,[0;36m[D][sensor:124]: 'Gas Sensor' >> 0.50 V[0m
2026-04-22T16:58:36,iot/mq/sensor/gas_sensor/state,4,0.50
2026-04-22T16:58:37,iot/dht11/debug,59,[0;36m[D][dht:048]: Temperature 23.3°C Humidity 36.0%[0m
2026-04-22T16:58:37,iot/dht11/debug,53,[0;36m[D][sensor:124]: 'Temperature' >> 23.3 °C[0m
2026-04-22T16:58:37,iot/dht11/sensor/temperature/state,4,23.3
2026-04-22T16:58:37,iot/dht11/debug,46,[0;36m[D][sensor:124]: 'Humidity' >> 36 %[0m
2026-04-22T16:58:37,iot/dht11/sensor/humidity/state,2,36
2026-04-22T16:58:41,iot/mq/debug,50,[0;36m[D][sensor:124]: 'Gas Sensor' >> 0.50 V[0m
2026-04-22T16:58:41,iot/mq/sensor/gas_sensor/state,4,0.50
2026-04-22T16:58:46,iot/mq/debug,50,[0;36m[D][sensor:124]: 'Gas Sensor' >> 0.50 V[0m
2026-04-22T16:58:46,iot/mq/sensor/gas_sensor/state,4,0.50
2026-04-22T16:58:47,iot/dht11/debug,59,[0;36m[D][dht:048]: Temperature 23.2°C Humidity 36.0%[0m
2026-04-22T16:58:47,iot/dht11/debug,53,[0;36m[D][sensor:124]: 'Temperature' >> 23.2 °C[0m
2026-04-22T16:58:47,iot/dht11/sensor/temperature/state,4,23.2
2026-04-22T16:58:47,iot/dht11/debug,46,[0;36m[D][sensor:124]: 'Humidity' >> 36 %[0m
2026-04-22T16:58:47,iot/dht11/sensor/humidity/state,2,36
2026-04-22T16:58:51,iot/mq/debug,50,[0;36m[D][sensor:124]: 'Gas Sensor' >> 0.50 V[0m
2026-04-22T16:58:51,iot/mq/sensor/gas_sensor/state,4,0.50
2026-04-22T16:58:56,iot/mq/debug,50,[0;36m[D][sensor:124]: 'Gas Sensor' >> 0.50 V[0m
2026-04-22T16:58:56,iot/mq/sensor/gas_sensor/state,4,0.50
2026-04-22T16:58:57,iot/dht11/debug,59,[0;36m[D][dht:048]: Temperature 23.2°C Humidity 36.0%[0m
2026-04-22T16:58:57,iot/dht11/debug,53,[0;36m[D][sensor:124]: 'Temperature' >> 23.2 °C[0m
2026-04-22T16:58:57,iot/dht11/sensor/temperature/state,4,23.2
2026-04-22T16:58:57,iot/dht11/debug,46,[0;36m[D][sensor:124]: 'Humidity' >> 36 %[0m
2026-04-22T16:58:57,iot/dht11/sensor/humidity/state,2,36
2026-04-22T16:59:01,iot/mq/debug,50,[0;36m[D][sensor:124]: 'Gas Sensor' >> 0.50 V[0m
2026-04-22T16:59:01,iot/mq/sensor/gas_sensor/state,4,0.50
2026-04-22T16:59:06,iot/mq/debug,50,[0;36m[D][sensor:124]: 'Gas Sensor' >> 0.50 V[0m
2026-04-22T16:59:06,iot/mq/sensor/gas_sensor/state,4,0.50
2026-04-22T16:59:07,iot/dht11/debug,59,[0;36m[D][dht:048]: Temperature 23.1°C Humidity 36.0%[0m
2026-04-22T16:59:07,iot/dht11/debug,53,[0;36m[D][sensor:124]: 'Temperature' >> 23.1 °C[0m
2026-04-22T16:59:07,iot/dht11/sensor/temperature/state,4,23.1
2026-04-22T16:59:07,iot/dht11/debug,46,[0;36m[D][sensor:124]: 'Humidity' >> 36 %[0m
2026-04-22T16:59:07,iot/dht11/sensor/humidity/state,2,36
2026-04-22T16:59:11,iot/mq/debug,50,[0;36m[D][sensor:124]: 'Gas Sensor' >> 0.50 V[0m
2026-04-22T16:59:11,iot/mq/sensor/gas_sensor/state,4,0.50
2026-04-22T16:59:16,iot/mq/debug,50,[0;36m[D][sensor:124]: 'Gas Sensor' >> 0.50 V[0m
2026-04-22T16:59:16,iot/mq/sensor/gas_sensor/state,4,0.50
2026-04-22T16:59:17,iot/dht11/debug,59,[0;36m[D][dht:048]: Temperature 23.0°C Humidity 36.0%[0m
2026-04-22T16:59:17,iot/dht11/debug,53,[0;36m[D][sensor:124]: 'Temperature' >> 23.0 °C[0m
2026-04-22T16:59:17,iot/dht11/sensor/temperature/state,4,23.0
2026-04-22T16:59:17,iot/dht11/debug,46,[0;36m[D][sensor:124]: 'Humidity' >> 36 %[0m
2026-04-22T16:59:17,iot/dht11/sensor/humidity/state,2,36
2026-04-22T16:59:21,iot/mq/debug,50,[0;36m[D][sensor:124]: 'Gas Sensor' >> 0.50 V[0m
2026-04-22T16:59:21,iot/mq/sensor/gas_sensor/state,4,0.50
2026-04-22T16:59:24,iot/pir/binary_sensor/motion/state,3,OFF
2026-04-22T16:59:24,iot/pir/debug,50,[0;36m[D][binary_sensor:048]: 'Motion' >> OFF[0m
2026-04-22T16:59:26,iot/mq/debug,50,[0;36m[D][sensor:124]: 'Gas Sensor' >> 0.49 V[0m
2026-04-22T16:59:26,iot/mq/sensor/gas_sensor/state,4,0.49
2026-04-22T16:59:27,iot/dht11/debug,59,[0;36m[D][dht:048]: Temperature 23.0°C Humidity 36.0%[0m
2026-04-22T16:59:27,iot/dht11/debug,53,[0;36m[D][sensor:124]: 'Temperature' >> 23.0 °C[0m
2026-04-22T16:59:27,iot/dht11/sensor/temperature/state,4,23.0
2026-04-22T16:59:27,iot/dht11/debug,46,[0;36m[D][sensor:124]: 'Humidity' >> 36 %[0m
2026-04-22T16:59:27,iot/dht11/sensor/humidity/state,2,36
2026-04-22T16:59:31,iot/mq/debug,50,[0;36m[D][sensor:124]: 'Gas Sensor' >> 0.49 V[0m
2026-04-22T16:59:31,iot/mq/sensor/gas_sensor/state,4,0.49
2026-04-22T16:59:36,iot/mq/debug,50,[0;36m[D][sensor:124]: 'Gas Sensor' >> 0.49 V[0m
2026-04-22T16:59:36,iot/mq/sensor/gas_sensor/state,4,0.49
2026-04-22T16:59:37,iot/dht11/debug,59,[0;36m[D][dht:048]: Temperature 23.0°C Humidity 36.0%[0m
2026-04-22T16:59:37,iot/dht11/debug,53,[0;36m[D][sensor:124]: 'Temperature' >> 23.0 °C[0m
2026-04-22T16:59:37,iot/dht11/sensor/temperature/state,4,23.0
2026-04-22T16:59:37,iot/dht11/debug,46,[0;36m[D][sensor:124]: 'Humidity' >> 36 %[0m
2026-04-22T16:59:37,iot/dht11/sensor/humidity/state,2,36
2026-04-22T16:59:41,iot/mq/debug,50,[0;36m[D][sensor:124]: 'Gas Sensor' >> 0.49 V[0m
2026-04-22T16:59:41,iot/mq/sensor/gas_sensor/state,4,0.49
2026-04-22T16:59:46,iot/mq/debug,50,[0;36m[D][sensor:124]: 'Gas Sensor' >> 0.49 V[0m
2026-04-22T16:59:46,iot/mq/sensor/gas_sensor/state,4,0.49
2026-04-22T16:59:47,iot/dht11/debug,59,[0;36m[D][dht:048]: Temperature 23.0°C Humidity 36.0%[0m
2026-04-22T16:59:47,iot/dht11/debug,53,[0;36m[D][sensor:124]: 'Temperature' >> 23.0 °C[0m
2026-04-22T16:59:47,iot/dht11/sensor/temperature/state,4,23.0
2026-04-22T16:59:47,iot/dht11/debug,46,[0;36m[D][sensor:124]: 'Humidity' >> 36 %[0m
2026-04-22T16:59:47,iot/dht11/sensor/humidity/state,2,36
2026-04-22T16:59:51,iot/mq/debug,50,[0;36m[D][sensor:124]: 'Gas Sensor' >> 0.49 V[0m
2026-04-22T16:59:51,iot/mq/sensor/gas_sensor/state,4,0.49
2026-04-22T16:59:56,iot/mq/debug,50,[0;36m[D][sensor:124]: 'Gas Sensor' >> 0.49 V[0m
2026-04-22T16:59:56,iot/mq/sensor/gas_sensor/state,4,0.49
2026-04-22T16:59:57,iot/dht11/debug,59,[0;36m[D][dht:048]: Temperature 23.0°C Humidity 36.0%[0m
2026-04-22T16:59:57,iot/dht11/debug,53,[0;36m[D][sensor:124]: 'Temperature' >> 23.0 °C[0m
2026-04-22T16:59:57,iot/dht11/sensor/temperature/state,4,23.0
2026-04-22T16:59:57,iot/dht11/debug,46,[0;36m[D][sensor:124]: 'Humidity' >> 36 %[0m
2026-04-22T16:59:57,iot/dht11/sensor/humidity/state,2,36
2026-04-22T17:00:01,iot/mq/debug,50,[0;36m[D][sensor:124]: 'Gas Sensor' >> 0.49 V[0m
2026-04-22T17:00:01,iot/mq/sensor/gas_sensor/state,4,0.49
2026-04-22T17:00:06,iot/mq/debug,50,[0;36m[D][sensor:124]: 'Gas Sensor' >> 0.49 V[0m
2026-04-22T17:00:06,iot/mq/sensor/gas_sensor/state,4,0.49
2026-04-22T17:00:07,iot/dht11/debug,59,[0;36m[D][dht:048]: Temperature 23.0°C Humidity 36.0%[0m
2026-04-22T17:00:07,iot/dht11/debug,53,[0;36m[D][sensor:124]: 'Temperature' >> 23.0 °C[0m
2026-04-22T17:00:07,iot/dht11/sensor/temperature/state,4,23.0
2026-04-22T17:00:07,iot/dht11/debug,46,[0;36m[D][sensor:124]: 'Humidity' >> 36 %[0m
2026-04-22T17:00:07,iot/dht11/sensor/humidity/state,2,36
2026-04-22T17:00:11,iot/mq/debug,50,[0;36m[D][sensor:124]: 'Gas Sensor' >> 0.49 V[0m
2026-04-22T17:00:11,iot/mq/sensor/gas_sensor/state,4,0.49
2026-04-22T17:00:16,iot/mq/debug,50,[0;36m[D][sensor:124]: 'Gas Sensor' >> 0.49 V[0m
2026-04-22T17:00:16,iot/mq/sensor/gas_sensor/state,4,0.49
2026-04-22T17:00:17,iot/dht11/debug,59,[0;36m[D][dht:048]: Temperature 23.0°C Humidity 36.0%[0m
2026-04-22T17:00:17,iot/dht11/debug,53,[0;36m[D][sensor:124]: 'Temperature' >> 23.0 °C[0m
2026-04-22T17:00:17,iot/dht11/sensor/temperature/state,4,23.0
2026-04-22T17:00:17,iot/dht11/debug,46,[0;36m[D][sensor:124]: 'Humidity' >> 36 %[0m
2026-04-22T17:00:17,iot/dht11/sensor/humidity/state,2,36
2026-04-22T17:00:21,iot/mq/debug,50,[0;36m[D][sensor:124]: 'Gas Sensor' >> 0.49 V[0m
2026-04-22T17:00:21,iot/mq/sensor/gas_sensor/state,4,0.49
