timestamp,src_ip,src_port,dest_ip,dest_port,proto,signature,category,severity
2026-04-09T15:10:46.517150+0000,,,,,,SURICATA Ethertype unknown,Generic Protocol Command Decode,3
2026-04-09T15:10:48.028238+0000,,,,,,SURICATA Ethertype unknown,Generic Protocol Command Decode,3
2026-04-09T15:10:48.516772+0000,,,,,,SURICATA Ethertype unknown,Generic Protocol Command Decode,3
2026-04-09T15:10:50.517350+0000,,,,,,SURICATA Ethertype unknown,Generic Protocol Command Decode,3
2026-04-09T15:10:52.527480+0000,,,,,,SURICATA Ethertype unknown,Generic Protocol Command Decode,3
2026-04-09T15:10:54.517803+0000,,,,,,SURICATA Ethertype unknown,Generic Protocol Command Decode,3
2026-04-09T15:10:56.517857+0000,,,,,,SURICATA Ethertype unknown,Generic Protocol Command Decode,3
2026-04-09T15:10:58.518207+0000,,,,,,SURICATA Ethertype unknown,Generic Protocol Command Decode,3
2026-04-09T15:11:00.518092+0000,,,,,,SURICATA Ethertype unknown,Generic Protocol Command Decode,3
2026-04-09T15:11:02.528362+0000,,,,,,SURICATA Ethertype unknown,Generic Protocol Command Decode,3
2026-04-09T15:11:04.518681+0000,,,,,,SURICATA Ethertype unknown,Generic Protocol Command Decode,3
2026-04-09T15:11:06.518870+0000,,,,,,SURICATA Ethertype unknown,Generic Protocol Command Decode,3
2026-04-09T15:11:08.518739+0000,,,,,,SURICATA Ethertype unknown,Generic Protocol Command Decode,3
2026-04-09T15:11:10.516832+0000,,,,,,SURICATA Ethertype unknown,Generic Protocol Command Decode,3
2026-04-09T15:11:12.529028+0000,,,,,,SURICATA Ethertype unknown,Generic Protocol Command Decode,3
2026-04-09T15:11:14.529212+0000,,,,,,SURICATA Ethertype unknown,Generic Protocol Command Decode,3
2026-04-09T15:11:16.529334+0000,,,,,,SURICATA Ethertype unknown,Generic Protocol Command Decode,3
2026-04-09T15:11:17.091675+0000,,,,,,SURICATA Ethertype unknown,Generic Protocol Command Decode,3
2026-04-09T15:11:18.529496+0000,,,,,,SURICATA Ethertype unknown,Generic Protocol Command Decode,3
2026-04-09T15:11:20.519683+0000,,,,,,SURICATA Ethertype unknown,Generic Protocol Command Decode,3
2026-04-09T15:11:22.519964+0000,,,,,,SURICATA Ethertype unknown,Generic Protocol Command Decode,3
2026-04-09T15:11:24.529962+0000,,,,,,SURICATA Ethertype unknown,Generic Protocol Command Decode,3
2026-04-09T15:11:26.530117+0000,,,,,,SURICATA Ethertype unknown,Generic Protocol Command Decode,3
2026-04-09T15:11:28.530288+0000,,,,,,SURICATA Ethertype unknown,Generic Protocol Command Decode,3
2026-04-09T15:11:30.530442+0000,,,,,,SURICATA Ethertype unknown,Generic Protocol Command Decode,3
2026-04-09T15:11:32.521153+0000,,,,,,SURICATA Ethertype unknown,Generic Protocol Command Decode,3
2026-04-09T15:11:34.530819+0000,,,,,,SURICATA Ethertype unknown,Generic Protocol Command Decode,3
2026-04-09T15:11:36.520918+0000,,,,,,SURICATA Ethertype unknown,Generic Protocol Command Decode,3
2026-04-09T15:11:38.521094+0000,,,,,,SURICATA Ethertype unknown,Generic Protocol Command Decode,3
2026-04-09T15:11:40.521274+0000,,,,,,SURICATA Ethertype unknown,Generic Protocol Command Decode,3
2026-04-09T15:11:42.511623+0000,,,,,,SURICATA Ethertype unknown,Generic Protocol Command Decode,3
2026-04-09T15:11:44.521520+0000,,,,,,SURICATA Ethertype unknown,Generic Protocol Command Decode,3
2026-04-09T15:11:46.521694+0000,,,,,,SURICATA Ethertype unknown,Generic Protocol Command Decode,3
2026-04-09T15:11:47.481047+0000,,,,,,SURICATA Ethertype unknown,Generic Protocol Command Decode,3
2026-04-09T15:11:48.521824+0000,,,,,,SURICATA Ethertype unknown,Generic Protocol Command Decode,3
2026-04-09T15:11:49.522523+0000,,,,,,SURICATA Ethertype unknown,Generic Protocol Command Decode,3
2026-04-09T15:11:50.522038+0000,,,,,,SURICATA Ethertype unknown,Generic Protocol Command Decode,3
2026-04-09T15:11:52.522140+0000,,,,,,SURICATA Ethertype unknown,Generic Protocol Command Decode,3
2026-04-09T15:11:54.522323+0000,,,,,,SURICATA Ethertype unknown,Generic Protocol Command Decode,3
2026-04-09T15:11:56.522450+0000,,,,,,SURICATA Ethertype unknown,Generic Protocol Command Decode,3
2026-04-09T15:11:58.522616+0000,,,,,,SURICATA Ethertype unknown,Generic Protocol Command Decode,3
2026-04-09T15:12:00.522768+0000,,,,,,SURICATA Ethertype unknown,Generic Protocol Command Decode,3
2026-04-09T15:12:02.522916+0000,,,,,,SURICATA Ethertype unknown,Generic Protocol Command Decode,3
2026-04-09T15:12:04.523213+0000,,,,,,SURICATA Ethertype unknown,Generic Protocol Command Decode,3
2026-04-09T15:12:06.523265+0000,,,,,,SURICATA Ethertype unknown,Generic Protocol Command Decode,3
2026-04-09T15:12:08.523363+0000,,,,,,SURICATA Ethertype unknown,Generic Protocol Command Decode,3
2026-04-09T15:12:10.523536+0000,,,,,,SURICATA Ethertype unknown,Generic Protocol Command Decode,3
2026-04-09T15:12:12.523687+0000,,,,,,SURICATA Ethertype unknown,Generic Protocol Command Decode,3
2026-04-09T15:12:14.523841+0000,,,,,,SURICATA Ethertype unknown,Generic Protocol Command Decode,3
2026-04-09T15:12:16.524000+0000,,,,,,SURICATA Ethertype unknown,Generic Protocol Command Decode,3
2026-04-09T15:12:17.848441+0000,,,,,,SURICATA Ethertype unknown,Generic Protocol Command Decode,3
2026-04-09T15:12:18.524174+0000,,,,,,SURICATA Ethertype unknown,Generic Protocol Command Decode,3
2026-04-09T15:12:20.524327+0000,,,,,,SURICATA Ethertype unknown,Generic Protocol Command Decode,3
2026-04-09T15:12:22.524497+0000,,,,,,SURICATA Ethertype unknown,Generic Protocol Command Decode,3
2026-04-09T15:12:24.524624+0000,,,,,,SURICATA Ethertype unknown,Generic Protocol Command Decode,3
2026-04-09T15:12:26.524785+0000,,,,,,SURICATA Ethertype unknown,Generic Protocol Command Decode,3
2026-04-09T15:12:28.524968+0000,,,,,,SURICATA Ethertype unknown,Generic Protocol Command Decode,3
2026-04-09T15:12:30.535072+0000,,,,,,SURICATA Ethertype unknown,Generic Protocol Command Decode,3
2026-04-09T15:12:32.525287+0000,,,,,,SURICATA Ethertype unknown,Generic Protocol Command Decode,3
2026-04-09T15:12:34.525382+0000,,,,,,SURICATA Ethertype unknown,Generic Protocol Command Decode,3
2026-04-09T15:12:36.525587+0000,,,,,,SURICATA Ethertype unknown,Generic Protocol Command Decode,3
2026-04-09T15:12:38.525702+0000,,,,,,SURICATA Ethertype unknown,Generic Protocol Command Decode,3
2026-04-09T15:12:40.525839+0000,,,,,,SURICATA Ethertype unknown,Generic Protocol Command Decode,3
2026-04-09T15:12:42.526003+0000,,,,,,SURICATA Ethertype unknown,Generic Protocol Command Decode,3
2026-04-09T15:12:44.526161+0000,,,,,,SURICATA Ethertype unknown,Generic Protocol Command Decode,3
2026-04-09T15:12:46.526320+0000,,,,,,SURICATA Ethertype unknown,Generic Protocol Command Decode,3
2026-04-09T15:12:47.211840+0000,,,,,,SURICATA Ethertype unknown,Generic Protocol Command Decode,3
2026-04-09T15:12:48.536516+0000,,,,,,SURICATA Ethertype unknown,Generic Protocol Command Decode,3
2026-04-09T15:12:50.526619+0000,,,,,,SURICATA Ethertype unknown,Generic Protocol Command Decode,3
2026-04-09T15:12:52.526778+0000,,,,,,SURICATA Ethertype unknown,Generic Protocol Command Decode,3
2026-04-09T15:12:54.526933+0000,,,,,,SURICATA Ethertype unknown,Generic Protocol Command Decode,3
2026-04-09T15:12:56.527082+0000,,,,,,SURICATA Ethertype unknown,Generic Protocol Command Decode,3
2026-04-09T15:12:58.527250+0000,,,,,,SURICATA Ethertype unknown,Generic Protocol Command Decode,3
2026-04-09T15:13:00.527396+0000,,,,,,SURICATA Ethertype unknown,Generic Protocol Command Decode,3
2026-04-09T15:13:02.527593+0000,,,,,,SURICATA Ethertype unknown,Generic Protocol Command Decode,3
2026-04-09T15:13:04.527748+0000,,,,,,SURICATA Ethertype unknown,Generic Protocol Command Decode,3
2026-04-09T15:13:06.527891+0000,,,,,,SURICATA Ethertype unknown,Generic Protocol Command Decode,3
2026-04-09T15:13:08.528040+0000,,,,,,SURICATA Ethertype unknown,Generic Protocol Command Decode,3
2026-04-09T15:13:10.528167+0000,,,,,,SURICATA Ethertype unknown,Generic Protocol Command Decode,3
2026-04-09T15:13:12.528353+0000,,,,,,SURICATA Ethertype unknown,Generic Protocol Command Decode,3
2026-04-09T15:13:14.528495+0000,,,,,,SURICATA Ethertype unknown,Generic Protocol Command Decode,3
2026-04-09T15:13:16.528661+0000,,,,,,SURICATA Ethertype unknown,Generic Protocol Command Decode,3
2026-04-09T15:13:17.277237+0000,,,,,,SURICATA Ethertype unknown,Generic Protocol Command Decode,3
2026-04-09T15:13:18.529979+0000,,,,,,SURICATA Ethertype unknown,Generic Protocol Command Decode,3
2026-04-09T15:13:20.529013+0000,,,,,,SURICATA Ethertype unknown,Generic Protocol Command Decode,3
2026-04-09T15:13:22.519105+0000,,,,,,SURICATA Ethertype unknown,Generic Protocol Command Decode,3
2026-04-09T15:13:24.519442+0000,,,,,,SURICATA Ethertype unknown,Generic Protocol Command Decode,3
2026-04-09T15:13:26.519503+0000,,,,,,SURICATA Ethertype unknown,Generic Protocol Command Decode,3
2026-04-09T15:13:28.519738+0000,,,,,,SURICATA Ethertype unknown,Generic Protocol Command Decode,3
2026-04-09T15:13:30.519722+0000,,,,,,SURICATA Ethertype unknown,Generic Protocol Command Decode,3
2026-04-09T15:13:32.519913+0000,,,,,,SURICATA Ethertype unknown,Generic Protocol Command Decode,3
2026-04-09T15:13:34.520038+0000,,,,,,SURICATA Ethertype unknown,Generic Protocol Command Decode,3
2026-04-09T15:13:36.520215+0000,,,,,,SURICATA Ethertype unknown,Generic Protocol Command Decode,3
2026-04-09T15:13:38.520543+0000,,,,,,SURICATA Ethertype unknown,Generic Protocol Command Decode,3
2026-04-09T15:13:40.520511+0000,,,,,,SURICATA Ethertype unknown,Generic Protocol Command Decode,3
2026-04-09T15:13:42.520631+0000,,,,,,SURICATA Ethertype unknown,Generic Protocol Command Decode,3
2026-04-09T15:13:44.520825+0000,,,,,,SURICATA Ethertype unknown,Generic Protocol Command Decode,3
2026-04-09T15:13:46.526663+0000,,,,,,SURICATA Ethertype unknown,Generic Protocol Command Decode,3
2026-04-09T15:13:47.647642+0000,,,,,,SURICATA Ethertype unknown,Generic Protocol Command Decode,3
2026-04-09T15:13:48.521107+0000,,,,,,SURICATA Ethertype unknown,Generic Protocol Command Decode,3
2026-04-09T15:13:50.521320+0000,,,,,,SURICATA Ethertype unknown,Generic Protocol Command Decode,3
2026-04-09T15:13:52.521405+0000,,,,,,SURICATA Ethertype unknown,Generic Protocol Command Decode,3
2026-04-09T15:13:54.521606+0000,,,,,,SURICATA Ethertype unknown,Generic Protocol Command Decode,3
2026-04-09T15:13:56.521728+0000,,,,,,SURICATA Ethertype unknown,Generic Protocol Command Decode,3
2026-04-09T15:13:58.521885+0000,,,,,,SURICATA Ethertype unknown,Generic Protocol Command Decode,3
2026-04-09T15:14:00.522123+0000,,,,,,SURICATA Ethertype unknown,Generic Protocol Command Decode,3
2026-04-09T15:14:02.522179+0000,,,,,,SURICATA Ethertype unknown,Generic Protocol Command Decode,3
2026-04-09T15:14:04.522334+0000,,,,,,SURICATA Ethertype unknown,Generic Protocol Command Decode,3
2026-04-09T15:14:06.522638+0000,,,,,,SURICATA Ethertype unknown,Generic Protocol Command Decode,3
2026-04-09T15:14:08.522636+0000,,,,,,SURICATA Ethertype unknown,Generic Protocol Command Decode,3
2026-04-09T15:14:10.522799+0000,,,,,,SURICATA Ethertype unknown,Generic Protocol Command Decode,3
2026-04-09T15:14:12.522958+0000,,,,,,SURICATA Ethertype unknown,Generic Protocol Command Decode,3
2026-04-09T15:14:14.523105+0000,,,,,,SURICATA Ethertype unknown,Generic Protocol Command Decode,3
2026-04-09T15:14:16.523311+0000,,,,,,SURICATA Ethertype unknown,Generic Protocol Command Decode,3
2026-04-09T15:14:17.998055+0000,,,,,,SURICATA Ethertype unknown,Generic Protocol Command Decode,3
2026-04-09T15:14:18.523417+0000,,,,,,SURICATA Ethertype unknown,Generic Protocol Command Decode,3
2026-04-09T15:14:20.523592+0000,,,,,,SURICATA Ethertype unknown,Generic Protocol Command Decode,3
2026-04-09T15:14:22.523746+0000,,,,,,SURICATA Ethertype unknown,Generic Protocol Command Decode,3
2026-04-09T15:14:24.523893+0000,,,,,,SURICATA Ethertype unknown,Generic Protocol Command Decode,3
2026-04-09T15:14:26.524024+0000,,,,,,SURICATA Ethertype unknown,Generic Protocol Command Decode,3
2026-04-09T15:14:28.524216+0000,,,,,,SURICATA Ethertype unknown,Generic Protocol Command Decode,3
2026-04-09T15:14:30.524355+0000,,,,,,SURICATA Ethertype unknown,Generic Protocol Command Decode,3
2026-04-09T15:14:32.524524+0000,,,,,,SURICATA Ethertype unknown,Generic Protocol Command Decode,3
2026-04-09T15:14:34.524675+0000,,,,,,SURICATA Ethertype unknown,Generic Protocol Command Decode,3
2026-04-09T15:14:36.524921+0000,,,,,,SURICATA Ethertype unknown,Generic Protocol Command Decode,3
2026-04-09T15:14:38.524972+0000,,,,,,SURICATA Ethertype unknown,Generic Protocol Command Decode,3
2026-04-09T15:14:40.525119+0000,,,,,,SURICATA Ethertype unknown,Generic Protocol Command Decode,3
2026-04-09T15:14:42.525261+0000,,,,,,SURICATA Ethertype unknown,Generic Protocol Command Decode,3
2026-04-09T15:14:44.525420+0000,,,,,,SURICATA Ethertype unknown,Generic Protocol Command Decode,3
2026-04-09T15:14:46.525604+0000,,,,,,SURICATA Ethertype unknown,Generic Protocol Command Decode,3
2026-04-09T15:14:48.063423+0000,,,,,,SURICATA Ethertype unknown,Generic Protocol Command Decode,3
2026-04-09T15:14:48.530358+0000,,,,,,SURICATA Ethertype unknown,Generic Protocol Command Decode,3
2026-04-09T15:14:50.525875+0000,,,,,,SURICATA Ethertype unknown,Generic Protocol Command Decode,3
2026-04-09T15:14:52.526045+0000,,,,,,SURICATA Ethertype unknown,Generic Protocol Command Decode,3
2026-04-09T15:14:54.526217+0000,,,,,,SURICATA Ethertype unknown,Generic Protocol Command Decode,3
2026-04-09T15:14:56.526352+0000,,,,,,SURICATA Ethertype unknown,Generic Protocol Command Decode,3
2026-04-09T15:14:58.526495+0000,,,,,,SURICATA Ethertype unknown,Generic Protocol Command Decode,3
2026-04-09T15:15:00.526680+0000,,,,,,SURICATA Ethertype unknown,Generic Protocol Command Decode,3
2026-04-09T15:15:02.527223+0000,,,,,,SURICATA Ethertype unknown,Generic Protocol Command Decode,3
2026-04-09T15:15:04.526979+0000,,,,,,SURICATA Ethertype unknown,Generic Protocol Command Decode,3
2026-04-09T15:15:06.527218+0000,,,,,,SURICATA Ethertype unknown,Generic Protocol Command Decode,3
2026-04-09T15:15:08.518577+0000,,,,,,SURICATA Ethertype unknown,Generic Protocol Command Decode,3
2026-04-09T15:15:10.517459+0000,,,,,,SURICATA Ethertype unknown,Generic Protocol Command Decode,3
2026-04-09T15:15:12.517711+0000,,,,,,SURICATA Ethertype unknown,Generic Protocol Command Decode,3
2026-04-09T15:15:14.527737+0000,,,,,,SURICATA Ethertype unknown,Generic Protocol Command Decode,3
2026-04-09T15:15:16.517975+0000,,,,,,SURICATA Ethertype unknown,Generic Protocol Command Decode,3
2026-04-09T15:15:17.431802+0000,,,,,,SURICATA Ethertype unknown,Generic Protocol Command Decode,3
2026-04-09T15:15:18.518153+0000,,,,,,SURICATA Ethertype unknown,Generic Protocol Command Decode,3
2026-04-09T15:15:20.518296+0000,,,,,,SURICATA Ethertype unknown,Generic Protocol Command Decode,3
2026-04-09T15:15:22.518465+0000,,,,,,SURICATA Ethertype unknown,Generic Protocol Command Decode,3
2026-04-09T15:15:24.528708+0000,,,,,,SURICATA Ethertype unknown,Generic Protocol Command Decode,3
2026-04-09T15:15:26.519940+0000,,,,,,SURICATA Ethertype unknown,Generic Protocol Command Decode,3
2026-04-09T15:15:28.518804+0000,,,,,,SURICATA Ethertype unknown,Generic Protocol Command Decode,3
2026-04-09T15:15:30.518998+0000,,,,,,SURICATA Ethertype unknown,Generic Protocol Command Decode,3
2026-04-09T15:15:32.522545+0000,,,,,,SURICATA Ethertype unknown,Generic Protocol Command Decode,3
2026-04-09T15:15:32.851969+0000,,,,,,SURICATA Ethertype unknown,Generic Protocol Command Decode,3
2026-04-09T15:15:34.519310+0000,,,,,,SURICATA Ethertype unknown,Generic Protocol Command Decode,3
2026-04-09T15:15:36.519540+0000,,,,,,SURICATA Ethertype unknown,Generic Protocol Command Decode,3
2026-04-09T15:15:38.519614+0000,,,,,,SURICATA Ethertype unknown,Generic Protocol Command Decode,3
2026-04-09T15:15:40.519838+0000,,,,,,SURICATA Ethertype unknown,Generic Protocol Command Decode,3
2026-04-09T15:15:42.519880+0000,,,,,,SURICATA Ethertype unknown,Generic Protocol Command Decode,3
2026-04-09T15:15:44.520210+0000,,,,,,SURICATA Ethertype unknown,Generic Protocol Command Decode,3
2026-04-09T15:15:46.520237+0000,,,,,,SURICATA Ethertype unknown,Generic Protocol Command Decode,3
2026-04-09T15:15:47.788189+0000,,,,,,SURICATA Ethertype unknown,Generic Protocol Command Decode,3
2026-04-09T15:15:48.520573+0000,,,,,,SURICATA Ethertype unknown,Generic Protocol Command Decode,3
2026-04-09T15:15:50.520517+0000,,,,,,SURICATA Ethertype unknown,Generic Protocol Command Decode,3
2026-04-09T15:15:52.520802+0000,,,,,,SURICATA Ethertype unknown,Generic Protocol Command Decode,3
2026-04-09T15:15:54.520795+0000,,,,,,SURICATA Ethertype unknown,Generic Protocol Command Decode,3
2026-04-09T15:15:56.521039+0000,,,,,,SURICATA Ethertype unknown,Generic Protocol Command Decode,3
2026-04-09T15:15:58.516423+0000,,,,,,SURICATA Ethertype unknown,Generic Protocol Command Decode,3
2026-04-09T15:16:00.521299+0000,,,,,,SURICATA Ethertype unknown,Generic Protocol Command Decode,3
2026-04-09T15:16:02.521431+0000,,,,,,SURICATA Ethertype unknown,Generic Protocol Command Decode,3
2026-04-09T15:16:04.521564+0000,,,,,,SURICATA Ethertype unknown,Generic Protocol Command Decode,3
2026-04-09T15:16:06.521747+0000,,,,,,SURICATA Ethertype unknown,Generic Protocol Command Decode,3
2026-04-09T15:16:08.521972+0000,,,,,,SURICATA Ethertype unknown,Generic Protocol Command Decode,3
2026-04-09T15:16:10.522042+0000,,,,,,SURICATA Ethertype unknown,Generic Protocol Command Decode,3
2026-04-09T15:16:12.522204+0000,,,,,,SURICATA Ethertype unknown,Generic Protocol Command Decode,3
2026-04-09T15:16:14.522386+0000,,,,,,SURICATA Ethertype unknown,Generic Protocol Command Decode,3
2026-04-09T15:16:16.522499+0000,,,,,,SURICATA Ethertype unknown,Generic Protocol Command Decode,3
2026-04-09T15:16:17.856807+0000,,,,,,SURICATA Ethertype unknown,Generic Protocol Command Decode,3
2026-04-09T15:16:18.522641+0000,,,,,,SURICATA Ethertype unknown,Generic Protocol Command Decode,3
2026-04-09T15:16:20.522798+0000,,,,,,SURICATA Ethertype unknown,Generic Protocol Command Decode,3
2026-04-09T15:16:22.522970+0000,,,,,,SURICATA Ethertype unknown,Generic Protocol Command Decode,3
2026-04-09T15:16:24.523098+0000,,,,,,SURICATA Ethertype unknown,Generic Protocol Command Decode,3
2026-04-09T15:16:26.523263+0000,,,,,,SURICATA Ethertype unknown,Generic Protocol Command Decode,3
2026-04-09T15:16:28.523437+0000,,,,,,SURICATA Ethertype unknown,Generic Protocol Command Decode,3
2026-04-09T15:16:30.523588+0000,,,,,,SURICATA Ethertype unknown,Generic Protocol Command Decode,3
2026-04-09T15:16:32.523730+0000,,,,,,SURICATA Ethertype unknown,Generic Protocol Command Decode,3
2026-04-09T15:16:34.523897+0000,,,,,,SURICATA Ethertype unknown,Generic Protocol Command Decode,3
2026-04-09T15:16:36.524122+0000,,,,,,SURICATA Ethertype unknown,Generic Protocol Command Decode,3
2026-04-09T15:16:38.524210+0000,,,,,,SURICATA Ethertype unknown,Generic Protocol Command Decode,3
2026-04-09T15:16:40.525504+0000,,,,,,SURICATA Ethertype unknown,Generic Protocol Command Decode,3
2026-04-09T15:16:42.524488+0000,,,,,,SURICATA Ethertype unknown,Generic Protocol Command Decode,3
2026-04-09T15:16:44.524646+0000,,,,,,SURICATA Ethertype unknown,Generic Protocol Command Decode,3
2026-04-09T15:16:46.524797+0000,,,,,,SURICATA Ethertype unknown,Generic Protocol Command Decode,3
2026-04-09T15:16:47.236282+0000,,,,,,SURICATA Ethertype unknown,Generic Protocol Command Decode,3
2026-04-09T15:16:48.524952+0000,,,,,,SURICATA Ethertype unknown,Generic Protocol Command Decode,3
2026-04-09T15:16:50.525156+0000,,,,,,SURICATA Ethertype unknown,Generic Protocol Command Decode,3
2026-04-09T15:16:52.525243+0000,,,,,,SURICATA Ethertype unknown,Generic Protocol Command Decode,3
2026-04-09T15:16:54.515487+0000,,,,,,SURICATA Ethertype unknown,Generic Protocol Command Decode,3
2026-04-09T15:16:56.515739+0000,,,,,,SURICATA Ethertype unknown,Generic Protocol Command Decode,3
2026-04-09T15:16:58.516818+0000,,,,,,SURICATA Ethertype unknown,Generic Protocol Command Decode,3
2026-04-09T15:17:00.516480+0000,,,,,,SURICATA Ethertype unknown,Generic Protocol Command Decode,3
2026-04-09T15:17:02.516438+0000,,,,,,SURICATA Ethertype unknown,Generic Protocol Command Decode,3
2026-04-09T15:17:04.516346+0000,,,,,,SURICATA Ethertype unknown,Generic Protocol Command Decode,3
2026-04-09T15:17:06.516369+0000,,,,,,SURICATA Ethertype unknown,Generic Protocol Command Decode,3
2026-04-09T15:17:08.517215+0000,,,,,,SURICATA Ethertype unknown,Generic Protocol Command Decode,3
2026-04-09T15:17:10.516627+0000,,,,,,SURICATA Ethertype unknown,Generic Protocol Command Decode,3
2026-04-09T15:17:12.516937+0000,,,,,,SURICATA Ethertype unknown,Generic Protocol Command Decode,3
2026-04-09T15:17:14.516435+0000,,,,,,SURICATA Ethertype unknown,Generic Protocol Command Decode,3
2026-04-09T15:17:16.517123+0000,,,,,,SURICATA Ethertype unknown,Generic Protocol Command Decode,3
2026-04-09T15:17:17.601369+0000,,,,,,SURICATA Ethertype unknown,Generic Protocol Command Decode,3
2026-04-09T15:17:18.517275+0000,,,,,,SURICATA Ethertype unknown,Generic Protocol Command Decode,3
2026-04-09T15:17:20.517545+0000,,,,,,SURICATA Ethertype unknown,Generic Protocol Command Decode,3
2026-04-09T15:17:22.517601+0000,,,,,,SURICATA Ethertype unknown,Generic Protocol Command Decode,3
2026-04-09T15:17:24.527858+0000,,,,,,SURICATA Ethertype unknown,Generic Protocol Command Decode,3
2026-04-09T15:17:26.517984+0000,,,,,,SURICATA Ethertype unknown,Generic Protocol Command Decode,3
2026-04-09T15:17:28.518010+0000,,,,,,SURICATA Ethertype unknown,Generic Protocol Command Decode,3
2026-04-09T15:17:30.518237+0000,,,,,,SURICATA Ethertype unknown,Generic Protocol Command Decode,3
2026-04-09T15:17:32.518440+0000,,,,,,SURICATA Ethertype unknown,Generic Protocol Command Decode,3
2026-04-09T15:17:34.518470+0000,,,,,,SURICATA Ethertype unknown,Generic Protocol Command Decode,3
2026-04-09T15:17:36.518666+0000,,,,,,SURICATA Ethertype unknown,Generic Protocol Command Decode,3
2026-04-09T15:17:38.518869+0000,,,,,,SURICATA Ethertype unknown,Generic Protocol Command Decode,3
2026-04-09T15:17:40.518932+0000,,,,,,SURICATA Ethertype unknown,Generic Protocol Command Decode,3
2026-04-09T15:17:42.519078+0000,,,,,,SURICATA Ethertype unknown,Generic Protocol Command Decode,3
2026-04-09T15:17:44.519274+0000,,,,,,SURICATA Ethertype unknown,Generic Protocol Command Decode,3
2026-04-09T15:17:46.519632+0000,,,,,,SURICATA Ethertype unknown,Generic Protocol Command Decode,3
2026-04-09T15:17:47.957721+0000,,,,,,SURICATA Ethertype unknown,Generic Protocol Command Decode,3
2026-04-09T15:17:48.519557+0000,,,,,,SURICATA Ethertype unknown,Generic Protocol Command Decode,3
2026-04-09T15:17:50.519789+0000,,,,,,SURICATA Ethertype unknown,Generic Protocol Command Decode,3
2026-04-09T15:17:52.519863+0000,,,,,,SURICATA Ethertype unknown,Generic Protocol Command Decode,3
2026-04-09T15:17:54.520122+0000,,,,,,SURICATA Ethertype unknown,Generic Protocol Command Decode,3
2026-04-09T15:17:56.520251+0000,,,,,,SURICATA Ethertype unknown,Generic Protocol Command Decode,3
2026-04-09T15:17:58.520537+0000,,,,,,SURICATA Ethertype unknown,Generic Protocol Command Decode,3
2026-04-09T15:18:00.520567+0000,,,,,,SURICATA Ethertype unknown,Generic Protocol Command Decode,3
2026-04-09T15:18:02.520616+0000,,,,,,SURICATA Ethertype unknown,Generic Protocol Command Decode,3
2026-04-09T15:18:04.520915+0000,,,,,,SURICATA Ethertype unknown,Generic Protocol Command Decode,3
2026-04-09T15:18:06.520932+0000,,,,,,SURICATA Ethertype unknown,Generic Protocol Command Decode,3
2026-04-09T15:18:08.521237+0000,,,,,,SURICATA Ethertype unknown,Generic Protocol Command Decode,3
2026-04-09T15:18:10.525991+0000,,,,,,SURICATA Ethertype unknown,Generic Protocol Command Decode,3
2026-04-09T15:18:12.521385+0000,,,,,,SURICATA Ethertype unknown,Generic Protocol Command Decode,3
2026-04-09T15:18:14.521542+0000,,,,,,SURICATA Ethertype unknown,Generic Protocol Command Decode,3
2026-04-09T15:18:16.521688+0000,,,,,,SURICATA Ethertype unknown,Generic Protocol Command Decode,3
2026-04-09T15:18:18.023175+0000,,,,,,SURICATA Ethertype unknown,Generic Protocol Command Decode,3
2026-04-09T15:18:18.521835+0000,,,,,,SURICATA Ethertype unknown,Generic Protocol Command Decode,3
2026-04-09T15:18:20.521999+0000,,,,,,SURICATA Ethertype unknown,Generic Protocol Command Decode,3
2026-04-09T15:18:22.522166+0000,,,,,,SURICATA Ethertype unknown,Generic Protocol Command Decode,3
2026-04-09T15:18:24.522286+0000,,,,,,SURICATA Ethertype unknown,Generic Protocol Command Decode,3
2026-04-09T15:18:26.522458+0000,,,,,,SURICATA Ethertype unknown,Generic Protocol Command Decode,3
2026-04-09T15:18:28.522609+0000,,,,,,SURICATA Ethertype unknown,Generic Protocol Command Decode,3
2026-04-09T15:18:30.522806+0000,,,,,,SURICATA Ethertype unknown,Generic Protocol Command Decode,3
2026-04-09T15:18:32.523083+0000,,,,,,SURICATA Ethertype unknown,Generic Protocol Command Decode,3
2026-04-09T15:18:34.523139+0000,,,,,,SURICATA Ethertype unknown,Generic Protocol Command Decode,3
2026-04-09T15:18:36.523281+0000,,,,,,SURICATA Ethertype unknown,Generic Protocol Command Decode,3
2026-04-09T15:18:38.523420+0000,,,,,,SURICATA Ethertype unknown,Generic Protocol Command Decode,3
2026-04-09T15:18:40.513864+0000,,,,,,SURICATA Ethertype unknown,Generic Protocol Command Decode,3
2026-04-09T15:18:42.513732+0000,,,,,,SURICATA Ethertype unknown,Generic Protocol Command Decode,3
2026-04-09T15:18:44.514657+0000,,,,,,SURICATA Ethertype unknown,Generic Protocol Command Decode,3
2026-04-09T15:18:46.513976+0000,,,,,,SURICATA Ethertype unknown,Generic Protocol Command Decode,3
2026-04-09T15:18:47.374463+0000,,,,,,SURICATA Ethertype unknown,Generic Protocol Command Decode,3
2026-04-09T15:18:48.514165+0000,,,,,,SURICATA Ethertype unknown,Generic Protocol Command Decode,3
2026-04-09T15:18:50.514285+0000,,,,,,SURICATA Ethertype unknown,Generic Protocol Command Decode,3
2026-04-09T15:18:52.514649+0000,,,,,,SURICATA Ethertype unknown,Generic Protocol Command Decode,3
2026-04-09T15:18:54.514734+0000,,,,,,SURICATA Ethertype unknown,Generic Protocol Command Decode,3
2026-04-09T15:18:56.515185+0000,,,,,,SURICATA Ethertype unknown,Generic Protocol Command Decode,3
2026-04-09T15:18:58.514899+0000,,,,,,SURICATA Ethertype unknown,Generic Protocol Command Decode,3
2026-04-09T15:19:00.515484+0000,,,,,,SURICATA Ethertype unknown,Generic Protocol Command Decode,3
2026-04-09T15:19:02.515385+0000,,,,,,SURICATA Ethertype unknown,Generic Protocol Command Decode,3
2026-04-09T15:19:04.516287+0000,,,,,,SURICATA Ethertype unknown,Generic Protocol Command Decode,3
2026-04-09T15:19:06.517191+0000,,,,,,SURICATA Ethertype unknown,Generic Protocol Command Decode,3
2026-04-09T15:19:08.515696+0000,,,,,,SURICATA Ethertype unknown,Generic Protocol Command Decode,3
2026-04-09T15:19:10.515964+0000,,,,,,SURICATA Ethertype unknown,Generic Protocol Command Decode,3
2026-04-09T15:19:12.515970+0000,,,,,,SURICATA Ethertype unknown,Generic Protocol Command Decode,3
2026-04-09T15:19:14.516359+0000,,,,,,SURICATA Ethertype unknown,Generic Protocol Command Decode,3
2026-04-09T15:19:16.516295+0000,,,,,,SURICATA Ethertype unknown,Generic Protocol Command Decode,3
2026-04-09T15:19:17.655831+0000,,,,,,SURICATA Ethertype unknown,Generic Protocol Command Decode,3
2026-04-09T15:19:18.523040+0000,,,,,,SURICATA Ethertype unknown,Generic Protocol Command Decode,3
2026-04-09T15:19:20.516755+0000,,,,,,SURICATA Ethertype unknown,Generic Protocol Command Decode,3
2026-04-09T15:19:22.516957+0000,,,,,,SURICATA Ethertype unknown,Generic Protocol Command Decode,3
2026-04-09T15:19:24.516891+0000,,,,,,SURICATA Ethertype unknown,Generic Protocol Command Decode,3
2026-04-09T15:19:26.517252+0000,,,,,,SURICATA Ethertype unknown,Generic Protocol Command Decode,3
2026-04-09T15:19:28.517252+0000,,,,,,SURICATA Ethertype unknown,Generic Protocol Command Decode,3
2026-04-09T15:19:30.517404+0000,,,,,,SURICATA Ethertype unknown,Generic Protocol Command Decode,3
2026-04-09T15:19:32.517588+0000,,,,,,SURICATA Ethertype unknown,Generic Protocol Command Decode,3
2026-04-09T15:19:34.519423+0000,,,,,,SURICATA Ethertype unknown,Generic Protocol Command Decode,3
2026-04-09T15:19:36.517816+0000,,,,,,SURICATA Ethertype unknown,Generic Protocol Command Decode,3
2026-04-09T15:19:38.518083+0000,,,,,,SURICATA Ethertype unknown,Generic Protocol Command Decode,3
2026-04-09T15:19:40.518135+0000,,,,,,SURICATA Ethertype unknown,Generic Protocol Command Decode,3
2026-04-09T15:19:42.518333+0000,,,,,,SURICATA Ethertype unknown,Generic Protocol Command Decode,3
2026-04-09T15:19:44.518616+0000,,,,,,SURICATA Ethertype unknown,Generic Protocol Command Decode,3
2026-04-09T15:19:46.518725+0000,,,,,,SURICATA Ethertype unknown,Generic Protocol Command Decode,3
2026-04-09T15:19:47.721215+0000,,,,,,SURICATA Ethertype unknown,Generic Protocol Command Decode,3
2026-04-09T15:19:48.518804+0000,,,,,,SURICATA Ethertype unknown,Generic Protocol Command Decode,3
2026-04-09T15:19:50.518896+0000,,,,,,SURICATA Ethertype unknown,Generic Protocol Command Decode,3
2026-04-09T15:19:52.519031+0000,,,,,,SURICATA Ethertype unknown,Generic Protocol Command Decode,3
2026-04-09T15:19:54.519321+0000,,,,,,SURICATA Ethertype unknown,Generic Protocol Command Decode,3
2026-04-09T15:19:56.519564+0000,,,,,,SURICATA Ethertype unknown,Generic Protocol Command Decode,3
2026-04-09T15:19:58.519472+0000,,,,,,SURICATA Ethertype unknown,Generic Protocol Command Decode,3
2026-04-09T15:20:00.520675+0000,,,,,,SURICATA Ethertype unknown,Generic Protocol Command Decode,3
2026-04-09T15:20:02.519812+0000,,,,,,SURICATA Ethertype unknown,Generic Protocol Command Decode,3
2026-04-09T15:20:17.089577+0000,,,,,,SURICATA Ethertype unknown,Generic Protocol Command Decode,3
2026-04-09T15:20:18.521111+0000,,,,,,SURICATA Ethertype unknown,Generic Protocol Command Decode,3
2026-04-09T15:20:20.521190+0000,,,,,,SURICATA Ethertype unknown,Generic Protocol Command Decode,3
2026-04-09T15:20:22.521502+0000,,,,,,SURICATA Ethertype unknown,Generic Protocol Command Decode,3
2026-04-09T15:20:24.511638+0000,,,,,,SURICATA Ethertype unknown,Generic Protocol Command Decode,3
2026-04-09T15:20:26.511804+0000,,,,,,SURICATA Ethertype unknown,Generic Protocol Command Decode,3
2026-04-09T15:20:28.511867+0000,,,,,,SURICATA Ethertype unknown,Generic Protocol Command Decode,3
2026-04-09T15:20:30.511919+0000,,,,,,SURICATA Ethertype unknown,Generic Protocol Command Decode,3
2026-04-09T15:20:32.512113+0000,,,,,,SURICATA Ethertype unknown,Generic Protocol Command Decode,3
2026-04-09T15:20:34.516094+0000,,,,,,SURICATA Ethertype unknown,Generic Protocol Command Decode,3
2026-04-09T15:20:36.512518+0000,,,,,,SURICATA Ethertype unknown,Generic Protocol Command Decode,3
2026-04-09T15:20:38.513844+0000,,,,,,SURICATA Ethertype unknown,Generic Protocol Command Decode,3
2026-04-09T15:20:40.512909+0000,,,,,,SURICATA Ethertype unknown,Generic Protocol Command Decode,3
2026-04-09T15:20:42.513016+0000,,,,,,SURICATA Ethertype unknown,Generic Protocol Command Decode,3
2026-04-09T15:20:44.513135+0000,,,,,,SURICATA Ethertype unknown,Generic Protocol Command Decode,3
2026-04-09T15:20:46.513355+0000,,,,,,SURICATA Ethertype unknown,Generic Protocol Command Decode,3
2026-04-09T15:20:47.433947+0000,,,,,,SURICATA Ethertype unknown,Generic Protocol Command Decode,3
2026-04-09T15:20:48.513704+0000,,,,,,SURICATA Ethertype unknown,Generic Protocol Command Decode,3
2026-04-09T15:20:50.513620+0000,,,,,,SURICATA Ethertype unknown,Generic Protocol Command Decode,3
2026-04-09T15:20:52.514045+0000,,,,,,SURICATA Ethertype unknown,Generic Protocol Command Decode,3
2026-04-09T15:20:54.513957+0000,,,,,,SURICATA Ethertype unknown,Generic Protocol Command Decode,3
2026-04-09T15:20:56.514182+0000,,,,,,SURICATA Ethertype unknown,Generic Protocol Command Decode,3
2026-04-09T15:20:58.514108+0000,,,,,,SURICATA Ethertype unknown,Generic Protocol Command Decode,3
2026-04-09T15:21:00.524237+0000,,,,,,SURICATA Ethertype unknown,Generic Protocol Command Decode,3
2026-04-09T15:21:02.514537+0000,,,,,,SURICATA Ethertype unknown,Generic Protocol Command Decode,3
2026-04-09T15:21:04.524548+0000,,,,,,SURICATA Ethertype unknown,Generic Protocol Command Decode,3
2026-04-09T15:21:06.524735+0000,,,,,,SURICATA Ethertype unknown,Generic Protocol Command Decode,3
2026-04-09T15:21:08.514875+0000,,,,,,SURICATA Ethertype unknown,Generic Protocol Command Decode,3
2026-04-09T15:21:10.515557+0000,,,,,,SURICATA Ethertype unknown,Generic Protocol Command Decode,3
2026-04-09T15:21:12.515290+0000,,,,,,SURICATA Ethertype unknown,Generic Protocol Command Decode,3
2026-04-09T15:21:14.515686+0000,,,,,,SURICATA Ethertype unknown,Generic Protocol Command Decode,3
2026-04-09T15:21:16.535458+0000,,,,,,SURICATA Ethertype unknown,Generic Protocol Command Decode,3
2026-04-09T15:21:17.798323+0000,,,,,,SURICATA Ethertype unknown,Generic Protocol Command Decode,3
2026-04-09T15:21:18.516061+0000,,,,,,SURICATA Ethertype unknown,Generic Protocol Command Decode,3
2026-04-09T15:21:20.535759+0000,,,,,,SURICATA Ethertype unknown,Generic Protocol Command Decode,3
2026-04-09T15:21:22.515918+0000,,,,,,SURICATA Ethertype unknown,Generic Protocol Command Decode,3
2026-04-09T15:21:24.516114+0000,,,,,,SURICATA Ethertype unknown,Generic Protocol Command Decode,3
2026-04-09T15:21:26.526269+0000,,,,,,SURICATA Ethertype unknown,Generic Protocol Command Decode,3
2026-04-09T15:21:28.526363+0000,,,,,,SURICATA Ethertype unknown,Generic Protocol Command Decode,3
2026-04-09T15:21:30.526517+0000,,,,,,SURICATA Ethertype unknown,Generic Protocol Command Decode,3
2026-04-09T15:21:32.526656+0000,,,,,,SURICATA Ethertype unknown,Generic Protocol Command Decode,3
2026-04-09T15:21:34.516817+0000,,,,,,SURICATA Ethertype unknown,Generic Protocol Command Decode,3
2026-04-09T15:21:36.517194+0000,,,,,,SURICATA Ethertype unknown,Generic Protocol Command Decode,3
2026-04-09T15:21:38.527119+0000,,,,,,SURICATA Ethertype unknown,Generic Protocol Command Decode,3
2026-04-09T15:21:40.527413+0000,,,,,,SURICATA Ethertype unknown,Generic Protocol Command Decode,3
2026-04-09T15:21:42.527476+0000,,,,,,SURICATA Ethertype unknown,Generic Protocol Command Decode,3
2026-04-09T15:21:44.527589+0000,,,,,,SURICATA Ethertype unknown,Generic Protocol Command Decode,3
2026-04-09T15:21:46.527762+0000,,,,,,SURICATA Ethertype unknown,Generic Protocol Command Decode,3
2026-04-09T15:21:47.863689+0000,,,,,,SURICATA Ethertype unknown,Generic Protocol Command Decode,3
2026-04-09T15:21:48.527920+0000,,,,,,SURICATA Ethertype unknown,Generic Protocol Command Decode,3
2026-04-09T15:21:50.528051+0000,,,,,,SURICATA Ethertype unknown,Generic Protocol Command Decode,3
2026-04-09T15:21:52.528269+0000,,,,,,SURICATA Ethertype unknown,Generic Protocol Command Decode,3
2026-04-09T15:21:54.528326+0000,,,,,,SURICATA Ethertype unknown,Generic Protocol Command Decode,3
2026-04-09T15:21:56.528553+0000,,,,,,SURICATA Ethertype unknown,Generic Protocol Command Decode,3
2026-04-09T15:21:58.528662+0000,,,,,,SURICATA Ethertype unknown,Generic Protocol Command Decode,3
2026-04-09T15:22:00.528796+0000,,,,,,SURICATA Ethertype unknown,Generic Protocol Command Decode,3
2026-04-09T15:22:02.528955+0000,,,,,,SURICATA Ethertype unknown,Generic Protocol Command Decode,3
2026-04-09T15:22:04.529149+0000,,,,,,SURICATA Ethertype unknown,Generic Protocol Command Decode,3
2026-04-09T15:22:06.529299+0000,,,,,,SURICATA Ethertype unknown,Generic Protocol Command Decode,3
2026-04-09T15:22:08.529407+0000,,,,,,SURICATA Ethertype unknown,Generic Protocol Command Decode,3
2026-04-09T15:22:10.519602+0000,,,,,,SURICATA Ethertype unknown,Generic Protocol Command Decode,3
2026-04-09T15:22:12.519788+0000,,,,,,SURICATA Ethertype unknown,Generic Protocol Command Decode,3
2026-04-09T15:22:14.519859+0000,,,,,,SURICATA Ethertype unknown,Generic Protocol Command Decode,3
2026-04-09T15:22:16.520183+0000,,,,,,SURICATA Ethertype unknown,Generic Protocol Command Decode,3
2026-04-09T15:22:17.224045+0000,,,,,,SURICATA Ethertype unknown,Generic Protocol Command Decode,3
2026-04-09T15:22:18.520351+0000,,,,,,SURICATA Ethertype unknown,Generic Protocol Command Decode,3
2026-04-09T15:22:20.520383+0000,,,,,,SURICATA Ethertype unknown,Generic Protocol Command Decode,3
2026-04-09T15:22:22.530488+0000,,,,,,SURICATA Ethertype unknown,Generic Protocol Command Decode,3
2026-04-09T15:22:24.520679+0000,,,,,,SURICATA Ethertype unknown,Generic Protocol Command Decode,3
2026-04-09T15:22:26.520890+0000,,,,,,SURICATA Ethertype unknown,Generic Protocol Command Decode,3
2026-04-09T15:22:28.520975+0000,,,,,,SURICATA Ethertype unknown,Generic Protocol Command Decode,3
2026-04-09T15:22:30.521081+0000,,,,,,SURICATA Ethertype unknown,Generic Protocol Command Decode,3
2026-04-09T15:22:32.521248+0000,,,,,,SURICATA Ethertype unknown,Generic Protocol Command Decode,3
2026-04-09T15:22:34.531390+0000,,,,,,SURICATA Ethertype unknown,Generic Protocol Command Decode,3
2026-04-09T15:22:36.521550+0000,,,,,,SURICATA Ethertype unknown,Generic Protocol Command Decode,3
2026-04-09T15:22:38.521767+0000,,,,,,SURICATA Ethertype unknown,Generic Protocol Command Decode,3
2026-04-09T15:22:40.521864+0000,,,,,,SURICATA Ethertype unknown,Generic Protocol Command Decode,3
2026-04-09T15:22:42.522019+0000,,,,,,SURICATA Ethertype unknown,Generic Protocol Command Decode,3
2026-04-09T15:22:44.522166+0000,,,,,,SURICATA Ethertype unknown,Generic Protocol Command Decode,3
2026-04-09T15:22:46.522318+0000,,,,,,SURICATA Ethertype unknown,Generic Protocol Command Decode,3
2026-04-09T15:22:47.593416+0000,,,,,,SURICATA Ethertype unknown,Generic Protocol Command Decode,3
2026-04-09T15:22:48.522459+0000,,,,,,SURICATA Ethertype unknown,Generic Protocol Command Decode,3
2026-04-09T15:22:50.522670+0000,,,,,,SURICATA Ethertype unknown,Generic Protocol Command Decode,3
2026-04-09T15:22:52.522783+0000,,,,,,SURICATA Ethertype unknown,Generic Protocol Command Decode,3
2026-04-09T15:22:54.522943+0000,,,,,,SURICATA Ethertype unknown,Generic Protocol Command Decode,3
2026-04-09T15:22:56.523080+0000,,,,,,SURICATA Ethertype unknown,Generic Protocol Command Decode,3
2026-04-09T15:22:58.523259+0000,,,,,,SURICATA Ethertype unknown,Generic Protocol Command Decode,3
2026-04-09T15:23:00.523385+0000,,,,,,SURICATA Ethertype unknown,Generic Protocol Command Decode,3
2026-04-09T15:23:02.523576+0000,,,,,,SURICATA Ethertype unknown,Generic Protocol Command Decode,3
2026-04-09T15:23:04.523718+0000,,,,,,SURICATA Ethertype unknown,Generic Protocol Command Decode,3
2026-04-09T15:23:06.523942+0000,,,,,,SURICATA Ethertype unknown,Generic Protocol Command Decode,3
2026-04-09T15:23:08.523992+0000,,,,,,SURICATA Ethertype unknown,Generic Protocol Command Decode,3
2026-04-09T15:23:10.524149+0000,,,,,,SURICATA Ethertype unknown,Generic Protocol Command Decode,3
2026-04-09T15:23:12.524320+0000,,,,,,SURICATA Ethertype unknown,Generic Protocol Command Decode,3
2026-04-09T15:23:14.524444+0000,,,,,,SURICATA Ethertype unknown,Generic Protocol Command Decode,3
2026-04-09T15:23:16.524606+0000,,,,,,SURICATA Ethertype unknown,Generic Protocol Command Decode,3
2026-04-09T15:23:17.658809+0000,,,,,,SURICATA Ethertype unknown,Generic Protocol Command Decode,3
2026-04-09T15:23:18.524754+0000,,,,,,SURICATA Ethertype unknown,Generic Protocol Command Decode,3
2026-04-09T15:23:20.524903+0000,,,,,,SURICATA Ethertype unknown,Generic Protocol Command Decode,3
2026-04-09T15:23:22.525097+0000,,,,,,SURICATA Ethertype unknown,Generic Protocol Command Decode,3
2026-04-09T15:23:24.525217+0000,,,,,,SURICATA Ethertype unknown,Generic Protocol Command Decode,3
2026-04-09T15:23:26.525365+0000,,,,,,SURICATA Ethertype unknown,Generic Protocol Command Decode,3
2026-04-09T15:23:28.535553+0000,,,,,,SURICATA Ethertype unknown,Generic Protocol Command Decode,3
2026-04-09T15:23:30.525689+0000,,,,,,SURICATA Ethertype unknown,Generic Protocol Command Decode,3
2026-04-09T15:23:32.525822+0000,,,,,,SURICATA Ethertype unknown,Generic Protocol Command Decode,3
2026-04-09T15:23:34.525959+0000,,,,,,SURICATA Ethertype unknown,Generic Protocol Command Decode,3
2026-04-09T15:23:36.526124+0000,,,,,,SURICATA Ethertype unknown,Generic Protocol Command Decode,3
2026-04-09T15:23:38.526280+0000,,,,,,SURICATA Ethertype unknown,Generic Protocol Command Decode,3
2026-04-09T15:23:40.526427+0000,,,,,,SURICATA Ethertype unknown,Generic Protocol Command Decode,3
2026-04-09T15:23:42.526593+0000,,,,,,SURICATA Ethertype unknown,Generic Protocol Command Decode,3
2026-04-09T15:23:44.526908+0000,,,,,,SURICATA Ethertype unknown,Generic Protocol Command Decode,3
2026-04-09T15:23:46.526926+0000,,,,,,SURICATA Ethertype unknown,Generic Protocol Command Decode,3
2026-04-09T15:23:48.031240+0000,,,,,,SURICATA Ethertype unknown,Generic Protocol Command Decode,3
2026-04-09T15:23:48.527025+0000,,,,,,SURICATA Ethertype unknown,Generic Protocol Command Decode,3
2026-04-09T15:23:50.527175+0000,,,,,,SURICATA Ethertype unknown,Generic Protocol Command Decode,3
2026-04-09T15:23:52.527376+0000,,,,,,SURICATA Ethertype unknown,Generic Protocol Command Decode,3
2026-04-09T15:23:54.527481+0000,,,,,,SURICATA Ethertype unknown,Generic Protocol Command Decode,3
2026-04-09T15:23:56.517718+0000,,,,,,SURICATA Ethertype unknown,Generic Protocol Command Decode,3
2026-04-09T15:23:58.517907+0000,,,,,,SURICATA Ethertype unknown,Generic Protocol Command Decode,3
2026-04-09T15:24:00.517969+0000,,,,,,SURICATA Ethertype unknown,Generic Protocol Command Decode,3
2026-04-09T15:24:02.518091+0000,,,,,,SURICATA Ethertype unknown,Generic Protocol Command Decode,3
2026-04-09T15:24:04.518287+0000,,,,,,SURICATA Ethertype unknown,Generic Protocol Command Decode,3
2026-04-09T15:24:06.518419+0000,,,,,,SURICATA Ethertype unknown,Generic Protocol Command Decode,3
2026-04-09T15:24:08.518692+0000,,,,,,SURICATA Ethertype unknown,Generic Protocol Command Decode,3
2026-04-09T15:24:10.518777+0000,,,,,,SURICATA Ethertype unknown,Generic Protocol Command Decode,3
2026-04-09T15:24:12.525687+0000,,,,,,SURICATA Ethertype unknown,Generic Protocol Command Decode,3
2026-04-09T15:24:14.519075+0000,,,,,,SURICATA Ethertype unknown,Generic Protocol Command Decode,3
2026-04-09T15:24:16.519218+0000,,,,,,SURICATA Ethertype unknown,Generic Protocol Command Decode,3
2026-04-09T15:24:17.482510+0000,,,,,,SURICATA Ethertype unknown,Generic Protocol Command Decode,3
2026-04-09T15:24:18.519350+0000,,,,,,SURICATA Ethertype unknown,Generic Protocol Command Decode,3
2026-04-09T15:24:20.529463+0000,,,,,,SURICATA Ethertype unknown,Generic Protocol Command Decode,3
2026-04-09T15:24:22.519651+0000,,,,,,SURICATA Ethertype unknown,Generic Protocol Command Decode,3
2026-04-09T15:24:24.519817+0000,,,,,,SURICATA Ethertype unknown,Generic Protocol Command Decode,3
2026-04-09T15:24:26.519993+0000,,,,,,SURICATA Ethertype unknown,Generic Protocol Command Decode,3
2026-04-09T15:24:28.520131+0000,,,,,,SURICATA Ethertype unknown,Generic Protocol Command Decode,3
2026-04-09T15:24:30.520272+0000,,,,,,SURICATA Ethertype unknown,Generic Protocol Command Decode,3
2026-04-09T15:24:32.530378+0000,,,,,,SURICATA Ethertype unknown,Generic Protocol Command Decode,3
2026-04-09T15:24:34.520539+0000,,,,,,SURICATA Ethertype unknown,Generic Protocol Command Decode,3
2026-04-09T15:24:36.520692+0000,,,,,,SURICATA Ethertype unknown,Generic Protocol Command Decode,3
2026-04-09T15:24:38.520867+0000,,,,,,SURICATA Ethertype unknown,Generic Protocol Command Decode,3
2026-04-09T15:24:40.521025+0000,,,,,,SURICATA Ethertype unknown,Generic Protocol Command Decode,3
2026-04-09T15:24:42.521154+0000,,,,,,SURICATA Ethertype unknown,Generic Protocol Command Decode,3
2026-04-09T15:24:44.521313+0000,,,,,,SURICATA Ethertype unknown,Generic Protocol Command Decode,3
2026-04-09T15:24:46.521445+0000,,,,,,SURICATA Ethertype unknown,Generic Protocol Command Decode,3
2026-04-09T15:24:47.547877+0000,,,,,,SURICATA Ethertype unknown,Generic Protocol Command Decode,3
2026-04-09T15:24:48.521623+0000,,,,,,SURICATA Ethertype unknown,Generic Protocol Command Decode,3
2026-04-09T15:24:50.531757+0000,,,,,,SURICATA Ethertype unknown,Generic Protocol Command Decode,3
2026-04-09T15:24:52.521973+0000,,,,,,SURICATA Ethertype unknown,Generic Protocol Command Decode,3
2026-04-09T15:24:54.522084+0000,,,,,,SURICATA Ethertype unknown,Generic Protocol Command Decode,3
2026-04-09T15:24:56.522225+0000,,,,,,SURICATA Ethertype unknown,Generic Protocol Command Decode,3
2026-04-09T15:24:58.522406+0000,,,,,,SURICATA Ethertype unknown,Generic Protocol Command Decode,3
2026-04-09T15:25:00.522521+0000,,,,,,SURICATA Ethertype unknown,Generic Protocol Command Decode,3
2026-04-09T15:25:02.522659+0000,,,,,,SURICATA Ethertype unknown,Generic Protocol Command Decode,3
2026-04-09T15:25:04.522827+0000,,,,,,SURICATA Ethertype unknown,Generic Protocol Command Decode,3
2026-04-09T15:25:06.522997+0000,,,,,,SURICATA Ethertype unknown,Generic Protocol Command Decode,3
2026-04-09T15:25:08.523136+0000,,,,,,SURICATA Ethertype unknown,Generic Protocol Command Decode,3
2026-04-09T15:25:10.523391+0000,,,,,,SURICATA Ethertype unknown,Generic Protocol Command Decode,3
2026-04-09T15:25:26.524494+0000,,,,,,SURICATA Ethertype unknown,Generic Protocol Command Decode,3
2026-04-09T15:25:28.524750+0000,,,,,,SURICATA Ethertype unknown,Generic Protocol Command Decode,3
2026-04-09T15:25:30.524797+0000,,,,,,SURICATA Ethertype unknown,Generic Protocol Command Decode,3
2026-04-09T15:25:32.526145+0000,,,,,,SURICATA Ethertype unknown,Generic Protocol Command Decode,3
2026-04-09T15:25:34.525096+0000,,,,,,SURICATA Ethertype unknown,Generic Protocol Command Decode,3
2026-04-09T15:25:36.525253+0000,,,,,,SURICATA Ethertype unknown,Generic Protocol Command Decode,3
2026-04-09T15:25:38.525828+0000,,,,,,SURICATA Ethertype unknown,Generic Protocol Command Decode,3
2026-04-09T15:25:40.525543+0000,,,,,,SURICATA Ethertype unknown,Generic Protocol Command Decode,3
2026-04-09T15:25:42.516985+0000,,,,,,SURICATA Ethertype unknown,Generic Protocol Command Decode,3
2026-04-09T15:25:44.525511+0000,,,,,,SURICATA Ethertype unknown,Generic Protocol Command Decode,3
2026-04-09T15:25:46.516370+0000,,,,,,SURICATA Ethertype unknown,Generic Protocol Command Decode,3
2026-04-09T15:25:47.252582+0000,,,,,,SURICATA Ethertype unknown,Generic Protocol Command Decode,3
2026-04-09T15:25:48.527089+0000,,,,,,SURICATA Ethertype unknown,Generic Protocol Command Decode,3
2026-04-09T15:25:50.516447+0000,,,,,,SURICATA Ethertype unknown,Generic Protocol Command Decode,3
2026-04-09T15:25:52.516588+0000,,,,,,SURICATA Ethertype unknown,Generic Protocol Command Decode,3
2026-04-09T15:25:54.516796+0000,,,,,,SURICATA Ethertype unknown,Generic Protocol Command Decode,3
2026-04-09T15:25:56.516758+0000,,,,,,SURICATA Ethertype unknown,Generic Protocol Command Decode,3
2026-04-09T15:25:58.517051+0000,,,,,,SURICATA Ethertype unknown,Generic Protocol Command Decode,3
2026-04-09T15:26:00.517254+0000,,,,,,SURICATA Ethertype unknown,Generic Protocol Command Decode,3
2026-04-09T15:26:02.517220+0000,,,,,,SURICATA Ethertype unknown,Generic Protocol Command Decode,3
2026-04-09T15:26:04.517383+0000,,,,,,SURICATA Ethertype unknown,Generic Protocol Command Decode,3
2026-04-09T15:26:06.517732+0000,,,,,,SURICATA Ethertype unknown,Generic Protocol Command Decode,3
2026-04-09T15:26:08.517679+0000,,,,,,SURICATA Ethertype unknown,Generic Protocol Command Decode,3
2026-04-09T15:26:10.517930+0000,,,,,,SURICATA Ethertype unknown,Generic Protocol Command Decode,3
2026-04-09T15:26:12.518121+0000,,,,,,SURICATA Ethertype unknown,Generic Protocol Command Decode,3
2026-04-09T15:26:14.518215+0000,,,,,,SURICATA Ethertype unknown,Generic Protocol Command Decode,3
2026-04-09T15:26:16.518366+0000,,,,,,SURICATA Ethertype unknown,Generic Protocol Command Decode,3
2026-04-09T15:26:17.617957+0000,,,,,,SURICATA Ethertype unknown,Generic Protocol Command Decode,3
2026-04-09T15:26:18.518598+0000,,,,,,SURICATA Ethertype unknown,Generic Protocol Command Decode,3
2026-04-09T15:26:20.518647+0000,,,,,,SURICATA Ethertype unknown,Generic Protocol Command Decode,3
2026-04-09T15:26:22.518767+0000,,,,,,SURICATA Ethertype unknown,Generic Protocol Command Decode,3
2026-04-09T15:26:24.518918+0000,,,,,,SURICATA Ethertype unknown,Generic Protocol Command Decode,3
2026-04-09T15:26:26.519324+0000,,,,,,SURICATA Ethertype unknown,Generic Protocol Command Decode,3
2026-04-09T15:26:28.519253+0000,,,,,,SURICATA Ethertype unknown,Generic Protocol Command Decode,3
2026-04-09T15:26:30.519359+0000,,,,,,SURICATA Ethertype unknown,Generic Protocol Command Decode,3
2026-04-09T15:26:32.519702+0000,,,,,,SURICATA Ethertype unknown,Generic Protocol Command Decode,3
2026-04-09T15:26:34.520482+0000,,,,,,SURICATA Ethertype unknown,Generic Protocol Command Decode,3
2026-04-09T15:26:36.519848+0000,,,,,,SURICATA Ethertype unknown,Generic Protocol Command Decode,3
2026-04-09T15:26:38.519994+0000,,,,,,SURICATA Ethertype unknown,Generic Protocol Command Decode,3
2026-04-09T15:26:40.520119+0000,,,,,,SURICATA Ethertype unknown,Generic Protocol Command Decode,3
2026-04-09T15:26:42.520294+0000,,,,,,SURICATA Ethertype unknown,Generic Protocol Command Decode,3
2026-04-09T15:26:44.520413+0000,,,,,,SURICATA Ethertype unknown,Generic Protocol Command Decode,3
2026-04-09T15:26:46.520647+0000,,,,,,SURICATA Ethertype unknown,Generic Protocol Command Decode,3
2026-04-09T15:26:47.683318+0000,,,,,,SURICATA Ethertype unknown,Generic Protocol Command Decode,3
2026-04-09T15:26:48.525415+0000,,,,,,SURICATA Ethertype unknown,Generic Protocol Command Decode,3
2026-04-09T15:26:50.520879+0000,,,,,,SURICATA Ethertype unknown,Generic Protocol Command Decode,3
2026-04-09T15:26:52.521039+0000,,,,,,SURICATA Ethertype unknown,Generic Protocol Command Decode,3
2026-04-09T15:26:54.521177+0000,,,,,,SURICATA Ethertype unknown,Generic Protocol Command Decode,3
2026-04-09T15:26:56.521360+0000,,,,,,SURICATA Ethertype unknown,Generic Protocol Command Decode,3
2026-04-09T15:26:58.521596+0000,,,,,,SURICATA Ethertype unknown,Generic Protocol Command Decode,3
2026-04-09T15:27:00.521675+0000,,,,,,SURICATA Ethertype unknown,Generic Protocol Command Decode,3
2026-04-09T15:27:02.523011+0000,,,,,,SURICATA Ethertype unknown,Generic Protocol Command Decode,3
2026-04-09T15:27:04.522067+0000,,,,,,SURICATA Ethertype unknown,Generic Protocol Command Decode,3
2026-04-09T15:27:06.522506+0000,,,,,,SURICATA Ethertype unknown,Generic Protocol Command Decode,3
2026-04-09T15:27:08.522240+0000,,,,,,SURICATA Ethertype unknown,Generic Protocol Command Decode,3
2026-04-09T15:27:10.522406+0000,,,,,,SURICATA Ethertype unknown,Generic Protocol Command Decode,3
2026-04-09T15:27:12.522543+0000,,,,,,SURICATA Ethertype unknown,Generic Protocol Command Decode,3
2026-04-09T15:27:14.522701+0000,,,,,,SURICATA Ethertype unknown,Generic Protocol Command Decode,3
2026-04-09T15:27:16.522868+0000,,,,,,SURICATA Ethertype unknown,Generic Protocol Command Decode,3
2026-04-09T15:27:17.101688+0000,,,,,,SURICATA Ethertype unknown,Generic Protocol Command Decode,3
2026-04-09T15:27:18.523058+0000,,,,,,SURICATA Ethertype unknown,Generic Protocol Command Decode,3
2026-04-09T15:27:20.523184+0000,,,,,,SURICATA Ethertype unknown,Generic Protocol Command Decode,3
2026-04-09T15:27:22.523301+0000,,,,,,SURICATA Ethertype unknown,Generic Protocol Command Decode,3
2026-04-09T15:27:24.523513+0000,,,,,,SURICATA Ethertype unknown,Generic Protocol Command Decode,3
2026-04-09T15:27:26.523619+0000,,,,,,SURICATA Ethertype unknown,Generic Protocol Command Decode,3
2026-04-09T15:27:28.515314+0000,,,,,,SURICATA Ethertype unknown,Generic Protocol Command Decode,3
2026-04-09T15:27:30.523990+0000,,,,,,SURICATA Ethertype unknown,Generic Protocol Command Decode,3
2026-04-09T15:27:32.514325+0000,,,,,,SURICATA Ethertype unknown,Generic Protocol Command Decode,3
2026-04-09T15:27:34.514358+0000,,,,,,SURICATA Ethertype unknown,Generic Protocol Command Decode,3
2026-04-09T15:27:36.514489+0000,,,,,,SURICATA Ethertype unknown,Generic Protocol Command Decode,3
2026-04-09T15:27:38.514658+0000,,,,,,SURICATA Ethertype unknown,Generic Protocol Command Decode,3
2026-04-09T15:27:40.524675+0000,,,,,,SURICATA Ethertype unknown,Generic Protocol Command Decode,3
2026-04-09T15:27:42.514866+0000,,,,,,SURICATA Ethertype unknown,Generic Protocol Command Decode,3
2026-04-09T15:27:44.515084+0000,,,,,,SURICATA Ethertype unknown,Generic Protocol Command Decode,3
2026-04-09T15:27:46.515174+0000,,,,,,SURICATA Ethertype unknown,Generic Protocol Command Decode,3
2026-04-09T15:27:47.486036+0000,,,,,,SURICATA Ethertype unknown,Generic Protocol Command Decode,3
2026-04-09T15:27:48.515441+0000,,,,,,SURICATA Ethertype unknown,Generic Protocol Command Decode,3
2026-04-09T15:27:50.515639+0000,,,,,,SURICATA Ethertype unknown,Generic Protocol Command Decode,3
2026-04-09T15:27:52.515643+0000,,,,,,SURICATA Ethertype unknown,Generic Protocol Command Decode,3
2026-04-09T15:27:54.515953+0000,,,,,,SURICATA Ethertype unknown,Generic Protocol Command Decode,3
2026-04-09T15:27:56.515906+0000,,,,,,SURICATA Ethertype unknown,Generic Protocol Command Decode,3
2026-04-09T15:27:58.516121+0000,,,,,,SURICATA Ethertype unknown,Generic Protocol Command Decode,3
2026-04-09T15:28:00.516532+0000,,,,,,SURICATA Ethertype unknown,Generic Protocol Command Decode,3
2026-04-09T15:28:02.517553+0000,,,,,,SURICATA Ethertype unknown,Generic Protocol Command Decode,3
2026-04-09T15:28:04.516530+0000,,,,,,SURICATA Ethertype unknown,Generic Protocol Command Decode,3
2026-04-09T15:28:06.516877+0000,,,,,,SURICATA Ethertype unknown,Generic Protocol Command Decode,3
2026-04-09T15:28:08.516792+0000,,,,,,SURICATA Ethertype unknown,Generic Protocol Command Decode,3
2026-04-09T15:28:10.517040+0000,,,,,,SURICATA Ethertype unknown,Generic Protocol Command Decode,3
2026-04-09T15:28:12.517118+0000,,,,,,SURICATA Ethertype unknown,Generic Protocol Command Decode,3
2026-04-09T15:28:14.517348+0000,,,,,,SURICATA Ethertype unknown,Generic Protocol Command Decode,3
2026-04-09T15:28:16.517419+0000,,,,,,SURICATA Ethertype unknown,Generic Protocol Command Decode,3
2026-04-09T15:28:17.551397+0000,,,,,,SURICATA Ethertype unknown,Generic Protocol Command Decode,3
2026-04-09T15:28:18.518051+0000,,,,,,SURICATA Ethertype unknown,Generic Protocol Command Decode,3
2026-04-09T15:28:20.517878+0000,,,,,,SURICATA Ethertype unknown,Generic Protocol Command Decode,3
2026-04-09T15:28:22.517887+0000,,,,,,SURICATA Ethertype unknown,Generic Protocol Command Decode,3
2026-04-09T15:28:24.518262+0000,,,,,,SURICATA Ethertype unknown,Generic Protocol Command Decode,3
2026-04-09T15:28:26.518157+0000,,,,,,SURICATA Ethertype unknown,Generic Protocol Command Decode,3
2026-04-09T15:28:28.518428+0000,,,,,,SURICATA Ethertype unknown,Generic Protocol Command Decode,3
2026-04-09T15:28:30.518770+0000,,,,,,SURICATA Ethertype unknown,Generic Protocol Command Decode,3
2026-04-09T15:28:32.518621+0000,,,,,,SURICATA Ethertype unknown,Generic Protocol Command Decode,3
2026-04-09T15:28:34.515186+0000,,,,,,SURICATA Ethertype unknown,Generic Protocol Command Decode,3
2026-04-09T15:28:36.518934+0000,,,,,,SURICATA Ethertype unknown,Generic Protocol Command Decode,3
2026-04-09T15:28:38.519075+0000,,,,,,SURICATA Ethertype unknown,Generic Protocol Command Decode,3
2026-04-09T15:28:40.519389+0000,,,,,,SURICATA Ethertype unknown,Generic Protocol Command Decode,3
2026-04-09T15:28:42.519450+0000,,,,,,SURICATA Ethertype unknown,Generic Protocol Command Decode,3
2026-04-09T15:28:44.519554+0000,,,,,,SURICATA Ethertype unknown,Generic Protocol Command Decode,3
2026-04-09T15:28:46.519728+0000,,,,,,SURICATA Ethertype unknown,Generic Protocol Command Decode,3
2026-04-09T15:28:47.922841+0000,,,,,,SURICATA Ethertype unknown,Generic Protocol Command Decode,3
2026-04-09T15:28:48.519897+0000,,,,,,SURICATA Ethertype unknown,Generic Protocol Command Decode,3
2026-04-09T15:28:50.519983+0000,,,,,,SURICATA Ethertype unknown,Generic Protocol Command Decode,3
2026-04-09T15:28:52.520194+0000,,,,,,SURICATA Ethertype unknown,Generic Protocol Command Decode,3
2026-04-09T15:28:54.520291+0000,,,,,,SURICATA Ethertype unknown,Generic Protocol Command Decode,3
2026-04-09T15:28:56.520526+0000,,,,,,SURICATA Ethertype unknown,Generic Protocol Command Decode,3
2026-04-09T15:28:58.520596+0000,,,,,,SURICATA Ethertype unknown,Generic Protocol Command Decode,3
2026-04-09T15:29:00.520755+0000,,,,,,SURICATA Ethertype unknown,Generic Protocol Command Decode,3
2026-04-09T15:29:02.520906+0000,,,,,,SURICATA Ethertype unknown,Generic Protocol Command Decode,3
2026-04-09T15:29:04.521243+0000,,,,,,SURICATA Ethertype unknown,Generic Protocol Command Decode,3
2026-04-09T15:29:06.522947+0000,,,,,,SURICATA Ethertype unknown,Generic Protocol Command Decode,3
2026-04-09T15:29:08.521348+0000,,,,,,SURICATA Ethertype unknown,Generic Protocol Command Decode,3
2026-04-09T15:29:10.521627+0000,,,,,,SURICATA Ethertype unknown,Generic Protocol Command Decode,3
2026-04-09T15:29:12.521753+0000,,,,,,SURICATA Ethertype unknown,Generic Protocol Command Decode,3
2026-04-09T15:29:14.511836+0000,,,,,,SURICATA Ethertype unknown,Generic Protocol Command Decode,3
2026-04-09T15:29:16.512082+0000,,,,,,SURICATA Ethertype unknown,Generic Protocol Command Decode,3
2026-04-09T15:29:17.271113+0000,,,,,,SURICATA Ethertype unknown,Generic Protocol Command Decode,3
2026-04-09T15:29:18.512150+0000,,,,,,SURICATA Ethertype unknown,Generic Protocol Command Decode,3
2026-04-09T15:29:20.512328+0000,,,,,,SURICATA Ethertype unknown,Generic Protocol Command Decode,3
2026-04-09T15:29:22.515028+0000,,,,,,SURICATA Ethertype unknown,Generic Protocol Command Decode,3
2026-04-09T15:29:24.512754+0000,,,,,,SURICATA Ethertype unknown,Generic Protocol Command Decode,3
2026-04-09T15:29:26.522961+0000,,,,,,SURICATA Ethertype unknown,Generic Protocol Command Decode,3
2026-04-09T15:29:28.512918+0000,,,,,,SURICATA Ethertype unknown,Generic Protocol Command Decode,3
2026-04-09T15:29:30.513086+0000,,,,,,SURICATA Ethertype unknown,Generic Protocol Command Decode,3
2026-04-09T15:29:32.513583+0000,,,,,,SURICATA Ethertype unknown,Generic Protocol Command Decode,3
2026-04-09T15:29:34.513635+0000,,,,,,SURICATA Ethertype unknown,Generic Protocol Command Decode,3
2026-04-09T15:29:36.513904+0000,,,,,,SURICATA Ethertype unknown,Generic Protocol Command Decode,3
2026-04-09T15:29:38.513935+0000,,,,,,SURICATA Ethertype unknown,Generic Protocol Command Decode,3
2026-04-09T15:29:40.513879+0000,,,,,,SURICATA Ethertype unknown,Generic Protocol Command Decode,3
2026-04-09T15:29:42.514069+0000,,,,,,SURICATA Ethertype unknown,Generic Protocol Command Decode,3
2026-04-09T15:29:44.515066+0000,,,,,,SURICATA Ethertype unknown,Generic Protocol Command Decode,3
2026-04-09T15:29:46.514275+0000,,,,,,SURICATA Ethertype unknown,Generic Protocol Command Decode,3
2026-04-09T15:29:47.619474+0000,,,,,,SURICATA Ethertype unknown,Generic Protocol Command Decode,3
2026-04-09T15:29:48.514416+0000,,,,,,SURICATA Ethertype unknown,Generic Protocol Command Decode,3
2026-04-09T15:29:50.514677+0000,,,,,,SURICATA Ethertype unknown,Generic Protocol Command Decode,3
2026-04-09T15:29:52.514859+0000,,,,,,SURICATA Ethertype unknown,Generic Protocol Command Decode,3
2026-04-09T15:29:54.515113+0000,,,,,,SURICATA Ethertype unknown,Generic Protocol Command Decode,3
2026-04-09T15:29:56.515011+0000,,,,,,SURICATA Ethertype unknown,Generic Protocol Command Decode,3
2026-04-09T15:29:58.515192+0000,,,,,,SURICATA Ethertype unknown,Generic Protocol Command Decode,3
2026-04-09T15:30:00.516572+0000,,,,,,SURICATA Ethertype unknown,Generic Protocol Command Decode,3
2026-04-09T15:30:02.515488+0000,,,,,,SURICATA Ethertype unknown,Generic Protocol Command Decode,3
2026-04-09T15:30:04.515768+0000,,,,,,SURICATA Ethertype unknown,Generic Protocol Command Decode,3
2026-04-09T15:30:06.515912+0000,,,,,,SURICATA Ethertype unknown,Generic Protocol Command Decode,3
2026-04-09T15:30:08.515903+0000,,,,,,SURICATA Ethertype unknown,Generic Protocol Command Decode,3
2026-04-09T15:30:10.516102+0000,,,,,,SURICATA Ethertype unknown,Generic Protocol Command Decode,3
2026-04-09T15:30:12.516311+0000,,,,,,SURICATA Ethertype unknown,Generic Protocol Command Decode,3
2026-04-09T15:30:14.516815+0000,,,,,,SURICATA Ethertype unknown,Generic Protocol Command Decode,3
2026-04-09T15:30:16.516603+0000,,,,,,SURICATA Ethertype unknown,Generic Protocol Command Decode,3
2026-04-09T15:30:17.684836+0000,,,,,,SURICATA Ethertype unknown,Generic Protocol Command Decode,3
2026-04-09T15:30:18.516894+0000,,,,,,SURICATA Ethertype unknown,Generic Protocol Command Decode,3
2026-04-09T15:30:20.516970+0000,,,,,,SURICATA Ethertype unknown,Generic Protocol Command Decode,3
2026-04-09T15:30:22.517011+0000,,,,,,SURICATA Ethertype unknown,Generic Protocol Command Decode,3
2026-04-09T15:30:24.517342+0000,,,,,,SURICATA Ethertype unknown,Generic Protocol Command Decode,3
2026-04-09T15:30:26.518792+0000,,,,,,SURICATA Ethertype unknown,Generic Protocol Command Decode,3
2026-04-09T15:30:28.514911+0000,,,,,,SURICATA Ethertype unknown,Generic Protocol Command Decode,3
2026-04-09T15:30:30.517605+0000,,,,,,SURICATA Ethertype unknown,Generic Protocol Command Decode,3
2026-04-09T15:30:32.517775+0000,,,,,,SURICATA Ethertype unknown,Generic Protocol Command Decode,3
2026-04-09T15:30:34.518023+0000,,,,,,SURICATA Ethertype unknown,Generic Protocol Command Decode,3
2026-04-09T15:30:36.518104+0000,,,,,,SURICATA Ethertype unknown,Generic Protocol Command Decode,3
2026-04-09T15:30:38.518368+0000,,,,,,SURICATA Ethertype unknown,Generic Protocol Command Decode,3
2026-04-09T15:30:40.518392+0000,,,,,,SURICATA Ethertype unknown,Generic Protocol Command Decode,3
2026-04-09T15:30:42.518529+0000,,,,,,SURICATA Ethertype unknown,Generic Protocol Command Decode,3
2026-04-09T15:30:44.518676+0000,,,,,,SURICATA Ethertype unknown,Generic Protocol Command Decode,3
2026-04-09T15:30:46.518823+0000,,,,,,SURICATA Ethertype unknown,Generic Protocol Command Decode,3
2026-04-09T15:30:47.086193+0000,,,,,,SURICATA Ethertype unknown,Generic Protocol Command Decode,3
2026-04-09T15:30:48.519002+0000,,,,,,SURICATA Ethertype unknown,Generic Protocol Command Decode,3
2026-04-09T15:30:50.519099+0000,,,,,,SURICATA Ethertype unknown,Generic Protocol Command Decode,3
2026-04-09T15:30:52.520489+0000,,,,,,SURICATA Ethertype unknown,Generic Protocol Command Decode,3
2026-04-09T15:30:54.519597+0000,,,,,,SURICATA Ethertype unknown,Generic Protocol Command Decode,3
2026-04-09T15:30:56.519971+0000,,,,,,SURICATA Ethertype unknown,Generic Protocol Command Decode,3
2026-04-09T15:30:58.519733+0000,,,,,,SURICATA Ethertype unknown,Generic Protocol Command Decode,3
2026-04-09T15:31:00.509927+0000,,,,,,SURICATA Ethertype unknown,Generic Protocol Command Decode,3
2026-04-09T15:31:02.520013+0000,,,,,,SURICATA Ethertype unknown,Generic Protocol Command Decode,3
2026-04-09T15:31:04.510230+0000,,,,,,SURICATA Ethertype unknown,Generic Protocol Command Decode,3
2026-04-09T15:31:06.530330+0000,,,,,,SURICATA Ethertype unknown,Generic Protocol Command Decode,3
2026-04-09T15:31:08.520599+0000,,,,,,SURICATA Ethertype unknown,Generic Protocol Command Decode,3
2026-04-09T15:31:10.510659+0000,,,,,,SURICATA Ethertype unknown,Generic Protocol Command Decode,3
2026-04-09T15:31:12.512144+0000,,,,,,SURICATA Ethertype unknown,Generic Protocol Command Decode,3
2026-04-09T15:31:14.510954+0000,,,,,,SURICATA Ethertype unknown,Generic Protocol Command Decode,3
2026-04-09T15:31:16.521153+0000,,,,,,SURICATA Ethertype unknown,Generic Protocol Command Decode,3
2026-04-09T15:31:17.463552+0000,,,,,,SURICATA Ethertype unknown,Generic Protocol Command Decode,3
2026-04-09T15:31:18.521249+0000,,,,,,SURICATA Ethertype unknown,Generic Protocol Command Decode,3
2026-04-09T15:31:20.511537+0000,,,,,,SURICATA Ethertype unknown,Generic Protocol Command Decode,3
2026-04-09T15:31:22.511585+0000,,,,,,SURICATA Ethertype unknown,Generic Protocol Command Decode,3
2026-04-09T15:31:24.512397+0000,,,,,,SURICATA Ethertype unknown,Generic Protocol Command Decode,3
2026-04-09T15:31:26.511855+0000,,,,,,SURICATA Ethertype unknown,Generic Protocol Command Decode,3
2026-04-09T15:31:28.522033+0000,,,,,,SURICATA Ethertype unknown,Generic Protocol Command Decode,3
2026-04-09T15:31:30.522147+0000,,,,,,SURICATA Ethertype unknown,Generic Protocol Command Decode,3
2026-04-09T15:31:32.512418+0000,,,,,,SURICATA Ethertype unknown,Generic Protocol Command Decode,3
2026-04-09T15:31:34.512509+0000,,,,,,SURICATA Ethertype unknown,Generic Protocol Command Decode,3
2026-04-09T15:31:36.522792+0000,,,,,,SURICATA Ethertype unknown,Generic Protocol Command Decode,3
2026-04-09T15:31:38.522768+0000,,,,,,SURICATA Ethertype unknown,Generic Protocol Command Decode,3
2026-04-09T15:31:40.522898+0000,,,,,,SURICATA Ethertype unknown,Generic Protocol Command Decode,3
2026-04-09T15:31:42.523050+0000,,,,,,SURICATA Ethertype unknown,Generic Protocol Command Decode,3
2026-04-09T15:31:44.523223+0000,,,,,,SURICATA Ethertype unknown,Generic Protocol Command Decode,3
2026-04-09T15:31:46.523464+0000,,,,,,SURICATA Ethertype unknown,Generic Protocol Command Decode,3
2026-04-09T15:31:47.528911+0000,,,,,,SURICATA Ethertype unknown,Generic Protocol Command Decode,3
2026-04-09T15:31:48.513640+0000,,,,,,SURICATA Ethertype unknown,Generic Protocol Command Decode,3
2026-04-09T15:31:50.523700+0000,,,,,,SURICATA Ethertype unknown,Generic Protocol Command Decode,3
2026-04-09T15:31:52.523823+0000,,,,,,SURICATA Ethertype unknown,Generic Protocol Command Decode,3
2026-04-09T15:31:54.524049+0000,,,,,,SURICATA Ethertype unknown,Generic Protocol Command Decode,3
2026-04-09T15:31:56.524123+0000,,,,,,SURICATA Ethertype unknown,Generic Protocol Command Decode,3
2026-04-09T15:31:58.524265+0000,,,,,,SURICATA Ethertype unknown,Generic Protocol Command Decode,3
2026-04-09T15:32:00.524435+0000,,,,,,SURICATA Ethertype unknown,Generic Protocol Command Decode,3
2026-04-09T15:32:02.524552+0000,,,,,,SURICATA Ethertype unknown,Generic Protocol Command Decode,3
2026-04-09T15:32:04.524734+0000,,,,,,SURICATA Ethertype unknown,Generic Protocol Command Decode,3
2026-04-09T15:32:06.524898+0000,,,,,,SURICATA Ethertype unknown,Generic Protocol Command Decode,3
2026-04-09T15:32:08.525149+0000,,,,,,SURICATA Ethertype unknown,Generic Protocol Command Decode,3
2026-04-09T15:32:10.525178+0000,,,,,,SURICATA Ethertype unknown,Generic Protocol Command Decode,3
2026-04-09T15:32:12.525381+0000,,,,,,SURICATA Ethertype unknown,Generic Protocol Command Decode,3
2026-04-09T15:32:14.525519+0000,,,,,,SURICATA Ethertype unknown,Generic Protocol Command Decode,3
2026-04-09T15:32:16.525633+0000,,,,,,SURICATA Ethertype unknown,Generic Protocol Command Decode,3
2026-04-09T15:32:17.909298+0000,,,,,,SURICATA Ethertype unknown,Generic Protocol Command Decode,3
2026-04-09T15:32:18.525784+0000,,,,,,SURICATA Ethertype unknown,Generic Protocol Command Decode,3
2026-04-09T15:32:20.525933+0000,,,,,,SURICATA Ethertype unknown,Generic Protocol Command Decode,3
2026-04-09T15:32:22.526115+0000,,,,,,SURICATA Ethertype unknown,Generic Protocol Command Decode,3
2026-04-09T15:32:24.526238+0000,,,,,,SURICATA Ethertype unknown,Generic Protocol Command Decode,3
2026-04-09T15:32:26.526397+0000,,,,,,SURICATA Ethertype unknown,Generic Protocol Command Decode,3
2026-04-09T15:32:28.526546+0000,,,,,,SURICATA Ethertype unknown,Generic Protocol Command Decode,3
2026-04-09T15:32:30.526712+0000,,,,,,SURICATA Ethertype unknown,Generic Protocol Command Decode,3
2026-04-09T15:32:32.526840+0000,,,,,,SURICATA Ethertype unknown,Generic Protocol Command Decode,3
2026-04-09T15:32:34.527035+0000,,,,,,SURICATA Ethertype unknown,Generic Protocol Command Decode,3
2026-04-09T15:32:36.527149+0000,,,,,,SURICATA Ethertype unknown,Generic Protocol Command Decode,3
2026-04-09T15:32:38.527340+0000,,,,,,SURICATA Ethertype unknown,Generic Protocol Command Decode,3
2026-04-09T15:32:40.527459+0000,,,,,,SURICATA Ethertype unknown,Generic Protocol Command Decode,3
2026-04-09T15:32:42.527608+0000,,,,,,SURICATA Ethertype unknown,Generic Protocol Command Decode,3
2026-04-09T15:32:44.517775+0000,,,,,,SURICATA Ethertype unknown,Generic Protocol Command Decode,3
2026-04-09T15:32:46.518001+0000,,,,,,SURICATA Ethertype unknown,Generic Protocol Command Decode,3
2026-04-09T15:32:47.323627+0000,,,,,,SURICATA Ethertype unknown,Generic Protocol Command Decode,3
2026-04-09T15:32:48.518218+0000,,,,,,SURICATA Ethertype unknown,Generic Protocol Command Decode,3
2026-04-09T15:32:50.518450+0000,,,,,,SURICATA Ethertype unknown,Generic Protocol Command Decode,3
2026-04-09T15:32:52.518478+0000,,,,,,SURICATA Ethertype unknown,Generic Protocol Command Decode,3
2026-04-09T15:32:54.518606+0000,,,,,,SURICATA Ethertype unknown,Generic Protocol Command Decode,3
2026-04-09T15:32:56.518666+0000,,,,,,SURICATA Ethertype unknown,Generic Protocol Command Decode,3
2026-04-09T15:32:58.518941+0000,,,,,,SURICATA Ethertype unknown,Generic Protocol Command Decode,3
2026-04-09T15:33:00.519047+0000,,,,,,SURICATA Ethertype unknown,Generic Protocol Command Decode,3
2026-04-09T15:33:02.519211+0000,,,,,,SURICATA Ethertype unknown,Generic Protocol Command Decode,3
2026-04-09T15:33:04.519275+0000,,,,,,SURICATA Ethertype unknown,Generic Protocol Command Decode,3
2026-04-09T15:33:06.529422+0000,,,,,,SURICATA Ethertype unknown,Generic Protocol Command Decode,3
2026-04-09T15:33:08.519591+0000,,,,,,SURICATA Ethertype unknown,Generic Protocol Command Decode,3
2026-04-09T15:33:10.529739+0000,,,,,,SURICATA Ethertype unknown,Generic Protocol Command Decode,3
2026-04-09T15:33:12.519898+0000,,,,,,SURICATA Ethertype unknown,Generic Protocol Command Decode,3
2026-04-09T15:33:14.520045+0000,,,,,,SURICATA Ethertype unknown,Generic Protocol Command Decode,3
2026-04-09T15:33:16.520182+0000,,,,,,SURICATA Ethertype unknown,Generic Protocol Command Decode,3
2026-04-09T15:33:17.388974+0000,,,,,,SURICATA Ethertype unknown,Generic Protocol Command Decode,3
2026-04-09T15:33:18.520535+0000,,,,,,SURICATA Ethertype unknown,Generic Protocol Command Decode,3
2026-04-09T15:33:20.520486+0000,,,,,,SURICATA Ethertype unknown,Generic Protocol Command Decode,3
2026-04-09T15:33:22.520665+0000,,,,,,SURICATA Ethertype unknown,Generic Protocol Command Decode,3
2026-04-09T15:33:24.520811+0000,,,,,,SURICATA Ethertype unknown,Generic Protocol Command Decode,3
2026-04-09T15:33:26.521004+0000,,,,,,SURICATA Ethertype unknown,Generic Protocol Command Decode,3
2026-04-09T15:33:28.521107+0000,,,,,,SURICATA Ethertype unknown,Generic Protocol Command Decode,3
2026-04-09T15:33:30.521296+0000,,,,,,SURICATA Ethertype unknown,Generic Protocol Command Decode,3
2026-04-09T15:33:32.524494+0000,,,,,,SURICATA Ethertype unknown,Generic Protocol Command Decode,3
2026-04-09T15:33:34.521567+0000,,,,,,SURICATA Ethertype unknown,Generic Protocol Command Decode,3
2026-04-09T15:33:36.521713+0000,,,,,,SURICATA Ethertype unknown,Generic Protocol Command Decode,3
2026-04-09T15:33:38.521882+0000,,,,,,SURICATA Ethertype unknown,Generic Protocol Command Decode,3
2026-04-09T15:33:40.522001+0000,,,,,,SURICATA Ethertype unknown,Generic Protocol Command Decode,3
2026-04-09T15:33:42.522169+0000,,,,,,SURICATA Ethertype unknown,Generic Protocol Command Decode,3
2026-04-09T15:33:44.522318+0000,,,,,,SURICATA Ethertype unknown,Generic Protocol Command Decode,3
2026-04-09T15:33:46.522672+0000,,,,,,SURICATA Ethertype unknown,Generic Protocol Command Decode,3
2026-04-09T15:33:47.884349+0000,,,,,,SURICATA Ethertype unknown,Generic Protocol Command Decode,3
2026-04-09T15:33:48.522852+0000,,,,,,SURICATA Ethertype unknown,Generic Protocol Command Decode,3
2026-04-09T15:33:50.522783+0000,,,,,,SURICATA Ethertype unknown,Generic Protocol Command Decode,3
2026-04-09T15:33:52.522934+0000,,,,,,SURICATA Ethertype unknown,Generic Protocol Command Decode,3
2026-04-09T15:33:54.523072+0000,,,,,,SURICATA Ethertype unknown,Generic Protocol Command Decode,3
2026-04-09T15:33:56.523220+0000,,,,,,SURICATA Ethertype unknown,Generic Protocol Command Decode,3
2026-04-09T15:33:58.523385+0000,,,,,,SURICATA Ethertype unknown,Generic Protocol Command Decode,3
2026-04-09T15:34:00.533531+0000,,,,,,SURICATA Ethertype unknown,Generic Protocol Command Decode,3
2026-04-09T15:34:02.523731+0000,,,,,,SURICATA Ethertype unknown,Generic Protocol Command Decode,3
2026-04-09T15:34:04.523843+0000,,,,,,SURICATA Ethertype unknown,Generic Protocol Command Decode,3
2026-04-09T15:34:06.523989+0000,,,,,,SURICATA Ethertype unknown,Generic Protocol Command Decode,3
2026-04-09T15:34:08.524156+0000,,,,,,SURICATA Ethertype unknown,Generic Protocol Command Decode,3
2026-04-09T15:34:10.524281+0000,,,,,,SURICATA Ethertype unknown,Generic Protocol Command Decode,3
2026-04-09T15:34:12.524456+0000,,,,,,SURICATA Ethertype unknown,Generic Protocol Command Decode,3
2026-04-09T15:34:14.524608+0000,,,,,,SURICATA Ethertype unknown,Generic Protocol Command Decode,3
2026-04-09T15:34:16.524926+0000,,,,,,SURICATA Ethertype unknown,Generic Protocol Command Decode,3
2026-04-09T15:34:17.239700+0000,,,,,,SURICATA Ethertype unknown,Generic Protocol Command Decode,3
2026-04-09T15:34:18.524912+0000,,,,,,SURICATA Ethertype unknown,Generic Protocol Command Decode,3
2026-04-09T15:34:20.525033+0000,,,,,,SURICATA Ethertype unknown,Generic Protocol Command Decode,3
2026-04-09T15:34:22.525226+0000,,,,,,SURICATA Ethertype unknown,Generic Protocol Command Decode,3
2026-04-09T15:34:24.525353+0000,,,,,,SURICATA Ethertype unknown,Generic Protocol Command Decode,3
2026-04-09T15:34:26.525607+0000,,,,,,SURICATA Ethertype unknown,Generic Protocol Command Decode,3
2026-04-09T15:34:28.525654+0000,,,,,,SURICATA Ethertype unknown,Generic Protocol Command Decode,3
2026-04-09T15:34:30.516090+0000,,,,,,SURICATA Ethertype unknown,Generic Protocol Command Decode,3
2026-04-09T15:34:32.525975+0000,,,,,,SURICATA Ethertype unknown,Generic Protocol Command Decode,3
2026-04-09T15:34:34.516219+0000,,,,,,SURICATA Ethertype unknown,Generic Protocol Command Decode,3
2026-04-09T15:34:36.516254+0000,,,,,,SURICATA Ethertype unknown,Generic Protocol Command Decode,3
2026-04-09T15:34:38.516534+0000,,,,,,SURICATA Ethertype unknown,Generic Protocol Command Decode,3
2026-04-09T15:34:40.516652+0000,,,,,,SURICATA Ethertype unknown,Generic Protocol Command Decode,3
2026-04-09T15:34:42.526772+0000,,,,,,SURICATA Ethertype unknown,Generic Protocol Command Decode,3
2026-04-09T15:34:44.516952+0000,,,,,,SURICATA Ethertype unknown,Generic Protocol Command Decode,3
2026-04-09T15:34:46.518221+0000,,,,,,SURICATA Ethertype unknown,Generic Protocol Command Decode,3
2026-04-09T15:34:47.639051+0000,,,,,,SURICATA Ethertype unknown,Generic Protocol Command Decode,3
2026-04-09T15:34:48.517192+0000,,,,,,SURICATA Ethertype unknown,Generic Protocol Command Decode,3
2026-04-09T15:34:50.517372+0000,,,,,,SURICATA Ethertype unknown,Generic Protocol Command Decode,3
2026-04-09T15:34:52.517567+0000,,,,,,SURICATA Ethertype unknown,Generic Protocol Command Decode,3
2026-04-09T15:34:54.517969+0000,,,,,,SURICATA Ethertype unknown,Generic Protocol Command Decode,3
2026-04-09T15:34:56.517772+0000,,,,,,SURICATA Ethertype unknown,Generic Protocol Command Decode,3
2026-04-09T15:34:58.518125+0000,,,,,,SURICATA Ethertype unknown,Generic Protocol Command Decode,3
2026-04-09T15:35:00.518111+0000,,,,,,SURICATA Ethertype unknown,Generic Protocol Command Decode,3
2026-04-09T15:35:02.518295+0000,,,,,,SURICATA Ethertype unknown,Generic Protocol Command Decode,3
2026-04-09T15:35:04.518431+0000,,,,,,SURICATA Ethertype unknown,Generic Protocol Command Decode,3
2026-04-09T15:35:06.518615+0000,,,,,,SURICATA Ethertype unknown,Generic Protocol Command Decode,3
2026-04-09T15:35:08.518717+0000,,,,,,SURICATA Ethertype unknown,Generic Protocol Command Decode,3
2026-04-09T15:35:10.518984+0000,,,,,,SURICATA Ethertype unknown,Generic Protocol Command Decode,3
2026-04-09T15:35:12.518998+0000,,,,,,SURICATA Ethertype unknown,Generic Protocol Command Decode,3
2026-04-09T15:35:14.519148+0000,,,,,,SURICATA Ethertype unknown,Generic Protocol Command Decode,3
2026-04-09T15:35:16.519360+0000,,,,,,SURICATA Ethertype unknown,Generic Protocol Command Decode,3
2026-04-09T15:35:17.704465+0000,,,,,,SURICATA Ethertype unknown,Generic Protocol Command Decode,3
2026-04-09T15:35:18.519469+0000,,,,,,SURICATA Ethertype unknown,Generic Protocol Command Decode,3
2026-04-09T15:35:20.519592+0000,,,,,,SURICATA Ethertype unknown,Generic Protocol Command Decode,3
2026-04-09T15:35:22.519842+0000,,,,,,SURICATA Ethertype unknown,Generic Protocol Command Decode,3
2026-04-09T15:35:24.519928+0000,,,,,,SURICATA Ethertype unknown,Generic Protocol Command Decode,3
2026-04-09T15:35:26.520157+0000,,,,,,SURICATA Ethertype unknown,Generic Protocol Command Decode,3
2026-04-09T15:35:28.520269+0000,,,,,,SURICATA Ethertype unknown,Generic Protocol Command Decode,3
2026-04-09T15:35:30.520349+0000,,,,,,SURICATA Ethertype unknown,Generic Protocol Command Decode,3
2026-04-09T15:35:32.520495+0000,,,,,,SURICATA Ethertype unknown,Generic Protocol Command Decode,3
2026-04-09T15:35:34.520663+0000,,,,,,SURICATA Ethertype unknown,Generic Protocol Command Decode,3
2026-04-09T15:35:36.520808+0000,,,,,,SURICATA Ethertype unknown,Generic Protocol Command Decode,3
2026-04-09T15:35:38.521068+0000,,,,,,SURICATA Ethertype unknown,Generic Protocol Command Decode,3
2026-04-09T15:35:40.521209+0000,,,,,,SURICATA Ethertype unknown,Generic Protocol Command Decode,3
2026-04-09T15:35:42.521321+0000,,,,,,SURICATA Ethertype unknown,Generic Protocol Command Decode,3
2026-04-09T15:35:44.531415+0000,,,,,,SURICATA Ethertype unknown,Generic Protocol Command Decode,3
2026-04-09T15:35:46.521580+0000,,,,,,SURICATA Ethertype unknown,Generic Protocol Command Decode,3
2026-04-09T15:35:48.061783+0000,,,,,,SURICATA Ethertype unknown,Generic Protocol Command Decode,3
2026-04-09T15:35:48.521746+0000,,,,,,SURICATA Ethertype unknown,Generic Protocol Command Decode,3
2026-04-09T15:35:50.521869+0000,,,,,,SURICATA Ethertype unknown,Generic Protocol Command Decode,3
2026-04-09T15:35:52.522033+0000,,,,,,SURICATA Ethertype unknown,Generic Protocol Command Decode,3
2026-04-09T15:35:54.522190+0000,,,,,,SURICATA Ethertype unknown,Generic Protocol Command Decode,3
2026-04-09T15:35:56.522384+0000,,,,,,SURICATA Ethertype unknown,Generic Protocol Command Decode,3
2026-04-09T15:35:58.522550+0000,,,,,,SURICATA Ethertype unknown,Generic Protocol Command Decode,3
2026-04-09T15:36:00.522767+0000,,,,,,SURICATA Ethertype unknown,Generic Protocol Command Decode,3
2026-04-09T15:36:02.522888+0000,,,,,,SURICATA Ethertype unknown,Generic Protocol Command Decode,3
2026-04-09T15:36:04.523104+0000,,,,,,SURICATA Ethertype unknown,Generic Protocol Command Decode,3
2026-04-09T15:36:06.523240+0000,,,,,,SURICATA Ethertype unknown,Generic Protocol Command Decode,3
2026-04-09T15:36:08.523402+0000,,,,,,SURICATA Ethertype unknown,Generic Protocol Command Decode,3
2026-04-09T15:36:10.524758+0000,,,,,,SURICATA Ethertype unknown,Generic Protocol Command Decode,3
2026-04-09T15:36:12.523817+0000,,,,,,SURICATA Ethertype unknown,Generic Protocol Command Decode,3
2026-04-09T15:36:14.523921+0000,,,,,,SURICATA Ethertype unknown,Generic Protocol Command Decode,3
2026-04-09T15:36:16.514150+0000,,,,,,SURICATA Ethertype unknown,Generic Protocol Command Decode,3
2026-04-09T15:36:17.452375+0000,,,,,,SURICATA Ethertype unknown,Generic Protocol Command Decode,3
2026-04-09T15:36:18.514266+0000,,,,,,SURICATA Ethertype unknown,Generic Protocol Command Decode,3
2026-04-09T15:36:20.514801+0000,,,,,,SURICATA Ethertype unknown,Generic Protocol Command Decode,3
2026-04-09T15:36:22.514630+0000,,,,,,SURICATA Ethertype unknown,Generic Protocol Command Decode,3
2026-04-09T15:36:24.514781+0000,,,,,,SURICATA Ethertype unknown,Generic Protocol Command Decode,3
2026-04-09T15:36:26.515043+0000,,,,,,SURICATA Ethertype unknown,Generic Protocol Command Decode,3
2026-04-09T15:36:28.515116+0000,,,,,,SURICATA Ethertype unknown,Generic Protocol Command Decode,3
2026-04-09T15:36:30.515317+0000,,,,,,SURICATA Ethertype unknown,Generic Protocol Command Decode,3
2026-04-09T15:36:32.515458+0000,,,,,,SURICATA Ethertype unknown,Generic Protocol Command Decode,3
2026-04-09T15:36:34.515679+0000,,,,,,SURICATA Ethertype unknown,Generic Protocol Command Decode,3
2026-04-09T15:36:36.515912+0000,,,,,,SURICATA Ethertype unknown,Generic Protocol Command Decode,3
2026-04-09T15:36:37.973216+0000,,,,,,SURICATA Ethertype unknown,Generic Protocol Command Decode,3
2026-04-09T15:36:38.516235+0000,,,,,,SURICATA Ethertype unknown,Generic Protocol Command Decode,3
2026-04-09T15:36:40.516193+0000,,,,,,SURICATA Ethertype unknown,Generic Protocol Command Decode,3
2026-04-09T15:36:42.516359+0000,,,,,,SURICATA Ethertype unknown,Generic Protocol Command Decode,3
2026-04-09T15:36:44.514644+0000,,,,,,SURICATA Ethertype unknown,Generic Protocol Command Decode,3
2026-04-09T15:36:46.516706+0000,,,,,,SURICATA Ethertype unknown,Generic Protocol Command Decode,3
2026-04-09T15:36:47.518081+0000,,,,,,SURICATA Ethertype unknown,Generic Protocol Command Decode,3
2026-04-09T15:36:48.516975+0000,,,,,,SURICATA Ethertype unknown,Generic Protocol Command Decode,3
2026-04-09T15:36:50.517018+0000,,,,,,SURICATA Ethertype unknown,Generic Protocol Command Decode,3
2026-04-09T15:36:52.517281+0000,,,,,,SURICATA Ethertype unknown,Generic Protocol Command Decode,3
2026-04-09T15:36:53.582255+0000,,,,,,SURICATA Ethertype unknown,Generic Protocol Command Decode,3
2026-04-09T15:36:54.517345+0000,,,,,,SURICATA Ethertype unknown,Generic Protocol Command Decode,3
2026-04-09T15:36:56.517644+0000,,,,,,SURICATA Ethertype unknown,Generic Protocol Command Decode,3
2026-04-09T15:36:58.517750+0000,,,,,,SURICATA Ethertype unknown,Generic Protocol Command Decode,3
2026-04-09T15:37:00.518025+0000,,,,,,SURICATA Ethertype unknown,Generic Protocol Command Decode,3
2026-04-09T15:37:02.518028+0000,,,,,,SURICATA Ethertype unknown,Generic Protocol Command Decode,3
2026-04-09T15:37:04.518244+0000,,,,,,SURICATA Ethertype unknown,Generic Protocol Command Decode,3
2026-04-09T15:37:06.518418+0000,,,,,,SURICATA Ethertype unknown,Generic Protocol Command Decode,3
2026-04-09T15:37:08.518579+0000,,,,,,SURICATA Ethertype unknown,Generic Protocol Command Decode,3
2026-04-09T15:37:10.518745+0000,,,,,,SURICATA Ethertype unknown,Generic Protocol Command Decode,3
2026-04-09T15:37:12.518974+0000,,,,,,SURICATA Ethertype unknown,Generic Protocol Command Decode,3
2026-04-09T15:37:14.519072+0000,,,,,,SURICATA Ethertype unknown,Generic Protocol Command Decode,3
2026-04-09T15:37:16.514936+0000,,,,,,SURICATA Ethertype unknown,Generic Protocol Command Decode,3
2026-04-09T15:37:17.897700+0000,,,,,,SURICATA Ethertype unknown,Generic Protocol Command Decode,3
2026-04-09T15:37:18.519409+0000,,,,,,SURICATA Ethertype unknown,Generic Protocol Command Decode,3
2026-04-09T15:37:20.519652+0000,,,,,,SURICATA Ethertype unknown,Generic Protocol Command Decode,3
2026-04-09T15:37:22.519879+0000,,,,,,SURICATA Ethertype unknown,Generic Protocol Command Decode,3
2026-04-09T15:37:24.519922+0000,,,,,,SURICATA Ethertype unknown,Generic Protocol Command Decode,3
2026-04-09T15:37:26.520208+0000,,,,,,SURICATA Ethertype unknown,Generic Protocol Command Decode,3
2026-04-09T15:37:28.520265+0000,,,,,,SURICATA Ethertype unknown,Generic Protocol Command Decode,3
2026-04-09T15:37:30.520527+0000,,,,,,SURICATA Ethertype unknown,Generic Protocol Command Decode,3
2026-04-09T15:37:32.520684+0000,,,,,,SURICATA Ethertype unknown,Generic Protocol Command Decode,3
2026-04-09T15:37:34.520937+0000,,,,,,SURICATA Ethertype unknown,Generic Protocol Command Decode,3
2026-04-09T15:37:36.520942+0000,,,,,,SURICATA Ethertype unknown,Generic Protocol Command Decode,3
2026-04-09T15:37:38.521187+0000,,,,,,SURICATA Ethertype unknown,Generic Protocol Command Decode,3
2026-04-09T15:37:40.521258+0000,,,,,,SURICATA Ethertype unknown,Generic Protocol Command Decode,3
2026-04-09T15:37:42.521473+0000,,,,,,SURICATA Ethertype unknown,Generic Protocol Command Decode,3
2026-04-09T15:37:44.521618+0000,,,,,,SURICATA Ethertype unknown,Generic Protocol Command Decode,3
2026-04-09T15:37:46.521772+0000,,,,,,SURICATA Ethertype unknown,Generic Protocol Command Decode,3
2026-04-09T15:37:47.253323+0000,,,,,,SURICATA Ethertype unknown,Generic Protocol Command Decode,3
2026-04-09T15:37:48.522183+0000,,,,,,SURICATA Ethertype unknown,Generic Protocol Command Decode,3
2026-04-09T15:37:50.522128+0000,,,,,,SURICATA Ethertype unknown,Generic Protocol Command Decode,3
2026-04-09T15:37:52.522347+0000,,,,,,SURICATA Ethertype unknown,Generic Protocol Command Decode,3
2026-04-09T15:37:54.532567+0000,,,,,,SURICATA Ethertype unknown,Generic Protocol Command Decode,3
2026-04-09T15:37:56.522645+0000,,,,,,SURICATA Ethertype unknown,Generic Protocol Command Decode,3
2026-04-09T15:37:58.522884+0000,,,,,,SURICATA Ethertype unknown,Generic Protocol Command Decode,3
2026-04-09T15:38:00.523405+0000,,,,,,SURICATA Ethertype unknown,Generic Protocol Command Decode,3
2026-04-09T15:38:02.513283+0000,,,,,,SURICATA Ethertype unknown,Generic Protocol Command Decode,3
2026-04-09T15:38:04.513328+0000,,,,,,SURICATA Ethertype unknown,Generic Protocol Command Decode,3
2026-04-09T15:38:06.513480+0000,,,,,,SURICATA Ethertype unknown,Generic Protocol Command Decode,3
2026-04-09T15:38:08.513726+0000,,,,,,SURICATA Ethertype unknown,Generic Protocol Command Decode,3
2026-04-09T15:38:10.514003+0000,,,,,,SURICATA Ethertype unknown,Generic Protocol Command Decode,3
2026-04-09T15:38:12.513986+0000,,,,,,SURICATA Ethertype unknown,Generic Protocol Command Decode,3
2026-04-09T15:38:14.514328+0000,,,,,,SURICATA Ethertype unknown,Generic Protocol Command Decode,3
2026-04-09T15:38:16.514391+0000,,,,,,SURICATA Ethertype unknown,Generic Protocol Command Decode,3
2026-04-09T15:38:17.610936+0000,,,,,,SURICATA Ethertype unknown,Generic Protocol Command Decode,3
2026-04-09T15:38:18.514534+0000,,,,,,SURICATA Ethertype unknown,Generic Protocol Command Decode,3
2026-04-09T15:38:20.514839+0000,,,,,,SURICATA Ethertype unknown,Generic Protocol Command Decode,3
2026-04-09T15:38:22.514888+0000,,,,,,SURICATA Ethertype unknown,Generic Protocol Command Decode,3
2026-04-09T15:38:24.515031+0000,,,,,,SURICATA Ethertype unknown,Generic Protocol Command Decode,3
2026-04-09T15:38:26.515165+0000,,,,,,SURICATA Ethertype unknown,Generic Protocol Command Decode,3
2026-04-09T15:38:28.515504+0000,,,,,,SURICATA Ethertype unknown,Generic Protocol Command Decode,3
2026-04-09T15:38:30.515495+0000,,,,,,SURICATA Ethertype unknown,Generic Protocol Command Decode,3
2026-04-09T15:38:32.515848+0000,,,,,,SURICATA Ethertype unknown,Generic Protocol Command Decode,3
2026-04-09T15:38:34.515923+0000,,,,,,SURICATA Ethertype unknown,Generic Protocol Command Decode,3
2026-04-09T15:38:36.516001+0000,,,,,,SURICATA Ethertype unknown,Generic Protocol Command Decode,3
2026-04-09T15:38:38.516176+0000,,,,,,SURICATA Ethertype unknown,Generic Protocol Command Decode,3
2026-04-09T15:38:40.515400+0000,,,,,,SURICATA Ethertype unknown,Generic Protocol Command Decode,3
2026-04-09T15:38:42.516536+0000,,,,,,SURICATA Ethertype unknown,Generic Protocol Command Decode,3
2026-04-09T15:38:44.516713+0000,,,,,,SURICATA Ethertype unknown,Generic Protocol Command Decode,3
2026-04-09T15:38:46.517027+0000,,,,,,SURICATA Ethertype unknown,Generic Protocol Command Decode,3
2026-04-09T15:38:47.676562+0000,,,,,,SURICATA Ethertype unknown,Generic Protocol Command Decode,3
2026-04-09T15:38:48.517008+0000,,,,,,SURICATA Ethertype unknown,Generic Protocol Command Decode,3
2026-04-09T15:38:50.517176+0000,,,,,,SURICATA Ethertype unknown,Generic Protocol Command Decode,3
2026-04-09T15:38:52.517403+0000,,,,,,SURICATA Ethertype unknown,Generic Protocol Command Decode,3
2026-04-09T15:38:54.517523+0000,,,,,,SURICATA Ethertype unknown,Generic Protocol Command Decode,3
2026-04-09T15:38:56.517793+0000,,,,,,SURICATA Ethertype unknown,Generic Protocol Command Decode,3
2026-04-09T15:38:58.518028+0000,,,,,,SURICATA Ethertype unknown,Generic Protocol Command Decode,3
2026-04-09T15:39:00.518037+0000,,,,,,SURICATA Ethertype unknown,Generic Protocol Command Decode,3
2026-04-09T15:39:02.518205+0000,,,,,,SURICATA Ethertype unknown,Generic Protocol Command Decode,3
2026-04-09T15:39:04.523220+0000,,,,,,SURICATA Ethertype unknown,Generic Protocol Command Decode,3
2026-04-09T15:39:06.518524+0000,,,,,,SURICATA Ethertype unknown,Generic Protocol Command Decode,3
2026-04-09T15:39:08.518846+0000,,,,,,SURICATA Ethertype unknown,Generic Protocol Command Decode,3
2026-04-09T15:39:10.518920+0000,,,,,,SURICATA Ethertype unknown,Generic Protocol Command Decode,3
2026-04-09T15:39:12.519140+0000,,,,,,SURICATA Ethertype unknown,Generic Protocol Command Decode,3
2026-04-09T15:39:14.519547+0000,,,,,,SURICATA Ethertype unknown,Generic Protocol Command Decode,3
2026-04-09T15:39:16.519442+0000,,,,,,SURICATA Ethertype unknown,Generic Protocol Command Decode,3
2026-04-09T15:39:17.095142+0000,,,,,,SURICATA Ethertype unknown,Generic Protocol Command Decode,3
2026-04-09T15:39:18.519539+0000,,,,,,SURICATA Ethertype unknown,Generic Protocol Command Decode,3
2026-04-09T15:39:20.519800+0000,,,,,,SURICATA Ethertype unknown,Generic Protocol Command Decode,3
2026-04-09T15:39:22.520625+0000,,,,,,SURICATA Ethertype unknown,Generic Protocol Command Decode,3
2026-04-09T15:39:24.520043+0000,,,,,,SURICATA Ethertype unknown,Generic Protocol Command Decode,3
2026-04-09T15:39:26.520221+0000,,,,,,SURICATA Ethertype unknown,Generic Protocol Command Decode,3
2026-04-09T15:39:28.520458+0000,,,,,,SURICATA Ethertype unknown,Generic Protocol Command Decode,3
2026-04-09T15:39:30.520528+0000,,,,,,SURICATA Ethertype unknown,Generic Protocol Command Decode,3
2026-04-09T15:39:32.520697+0000,,,,,,SURICATA Ethertype unknown,Generic Protocol Command Decode,3
2026-04-09T15:39:34.520934+0000,,,,,,SURICATA Ethertype unknown,Generic Protocol Command Decode,3
2026-04-09T15:39:36.521149+0000,,,,,,SURICATA Ethertype unknown,Generic Protocol Command Decode,3
2026-04-09T15:39:38.521236+0000,,,,,,SURICATA Ethertype unknown,Generic Protocol Command Decode,3
2026-04-09T15:39:40.521527+0000,,,,,,SURICATA Ethertype unknown,Generic Protocol Command Decode,3
2026-04-09T15:39:42.521530+0000,,,,,,SURICATA Ethertype unknown,Generic Protocol Command Decode,3
2026-04-09T15:39:44.521698+0000,,,,,,SURICATA Ethertype unknown,Generic Protocol Command Decode,3
2026-04-09T15:39:46.521847+0000,,,,,,SURICATA Ethertype unknown,Generic Protocol Command Decode,3
2026-04-09T15:39:47.471731+0000,,,,,,SURICATA Ethertype unknown,Generic Protocol Command Decode,3
2026-04-09T15:39:48.512020+0000,,,,,,SURICATA Ethertype unknown,Generic Protocol Command Decode,3
2026-04-09T15:39:50.512493+0000,,,,,,SURICATA Ethertype unknown,Generic Protocol Command Decode,3
2026-04-09T15:39:52.512362+0000,,,,,,SURICATA Ethertype unknown,Generic Protocol Command Decode,3
2026-04-09T15:39:54.512529+0000,,,,,,SURICATA Ethertype unknown,Generic Protocol Command Decode,3
2026-04-09T15:39:56.512756+0000,,,,,,SURICATA Ethertype unknown,Generic Protocol Command Decode,3
2026-04-09T15:39:58.512883+0000,,,,,,SURICATA Ethertype unknown,Generic Protocol Command Decode,3
2026-04-09T15:40:00.513201+0000,,,,,,SURICATA Ethertype unknown,Generic Protocol Command Decode,3
2026-04-09T15:40:02.513281+0000,,,,,,SURICATA Ethertype unknown,Generic Protocol Command Decode,3
2026-04-09T15:40:04.513814+0000,,,,,,SURICATA Ethertype unknown,Generic Protocol Command Decode,3
2026-04-09T15:40:06.513577+0000,,,,,,SURICATA Ethertype unknown,Generic Protocol Command Decode,3
2026-04-09T15:40:08.513689+0000,,,,,,SURICATA Ethertype unknown,Generic Protocol Command Decode,3
2026-04-09T15:40:10.514241+0000,,,,,,SURICATA Ethertype unknown,Generic Protocol Command Decode,3
2026-04-09T15:40:12.524035+0000,,,,,,SURICATA Ethertype unknown,Generic Protocol Command Decode,3
2026-04-09T15:40:14.514592+0000,,,,,,SURICATA Ethertype unknown,Generic Protocol Command Decode,3
2026-04-09T15:40:16.514350+0000,,,,,,SURICATA Ethertype unknown,Generic Protocol Command Decode,3
2026-04-09T15:40:17.537306+0000,,,,,,SURICATA Ethertype unknown,Generic Protocol Command Decode,3
2026-04-09T15:40:18.514621+0000,,,,,,SURICATA Ethertype unknown,Generic Protocol Command Decode,3
2026-04-09T15:40:20.514738+0000,,,,,,SURICATA Ethertype unknown,Generic Protocol Command Decode,3
2026-04-09T15:40:22.516501+0000,,,,,,SURICATA Ethertype unknown,Generic Protocol Command Decode,3
2026-04-09T15:40:24.525103+0000,,,,,,SURICATA Ethertype unknown,Generic Protocol Command Decode,3
2026-04-09T15:40:26.515183+0000,,,,,,SURICATA Ethertype unknown,Generic Protocol Command Decode,3
2026-04-09T15:40:28.515378+0000,,,,,,SURICATA Ethertype unknown,Generic Protocol Command Decode,3
2026-04-09T15:40:30.515983+0000,,,,,,SURICATA Ethertype unknown,Generic Protocol Command Decode,3
2026-04-09T15:40:32.515710+0000,,,,,,SURICATA Ethertype unknown,Generic Protocol Command Decode,3
2026-04-09T15:40:34.515854+0000,,,,,,SURICATA Ethertype unknown,Generic Protocol Command Decode,3
2026-04-09T15:40:36.516044+0000,,,,,,SURICATA Ethertype unknown,Generic Protocol Command Decode,3
2026-04-09T15:40:38.516075+0000,,,,,,SURICATA Ethertype unknown,Generic Protocol Command Decode,3
2026-04-09T15:40:40.516417+0000,,,,,,SURICATA Ethertype unknown,Generic Protocol Command Decode,3
2026-04-09T15:40:42.515953+0000,,,,,,SURICATA Ethertype unknown,Generic Protocol Command Decode,3
2026-04-09T15:40:44.521515+0000,,,,,,SURICATA Ethertype unknown,Generic Protocol Command Decode,3
2026-04-09T15:40:46.517016+0000,,,,,,SURICATA Ethertype unknown,Generic Protocol Command Decode,3
2026-04-09T15:40:47.893874+0000,,,,,,SURICATA Ethertype unknown,Generic Protocol Command Decode,3
2026-04-09T15:40:48.517127+0000,,,,,,SURICATA Ethertype unknown,Generic Protocol Command Decode,3
2026-04-09T15:40:50.517256+0000,,,,,,SURICATA Ethertype unknown,Generic Protocol Command Decode,3
2026-04-09T15:40:52.518099+0000,,,,,,SURICATA Ethertype unknown,Generic Protocol Command Decode,3
2026-04-09T15:40:54.517663+0000,,,,,,SURICATA Ethertype unknown,Generic Protocol Command Decode,3
2026-04-09T15:40:56.517725+0000,,,,,,SURICATA Ethertype unknown,Generic Protocol Command Decode,3
2026-04-09T15:40:58.518002+0000,,,,,,SURICATA Ethertype unknown,Generic Protocol Command Decode,3
2026-04-09T15:41:00.518161+0000,,,,,,SURICATA Ethertype unknown,Generic Protocol Command Decode,3
2026-04-09T15:41:02.518299+0000,,,,,,SURICATA Ethertype unknown,Generic Protocol Command Decode,3
2026-04-09T15:41:04.518379+0000,,,,,,SURICATA Ethertype unknown,Generic Protocol Command Decode,3
2026-04-09T15:41:06.518562+0000,,,,,,SURICATA Ethertype unknown,Generic Protocol Command Decode,3
2026-04-09T15:41:08.518776+0000,,,,,,SURICATA Ethertype unknown,Generic Protocol Command Decode,3
2026-04-09T15:41:10.528847+0000,,,,,,SURICATA Ethertype unknown,Generic Protocol Command Decode,3
2026-04-09T15:41:12.518996+0000,,,,,,SURICATA Ethertype unknown,Generic Protocol Command Decode,3
2026-04-09T15:41:14.519314+0000,,,,,,SURICATA Ethertype unknown,Generic Protocol Command Decode,3
2026-04-09T15:41:16.519361+0000,,,,,,SURICATA Ethertype unknown,Generic Protocol Command Decode,3
2026-04-09T15:41:17.254409+0000,,,,,,SURICATA Ethertype unknown,Generic Protocol Command Decode,3
2026-04-09T15:41:18.519484+0000,,,,,,SURICATA Ethertype unknown,Generic Protocol Command Decode,3
2026-04-09T15:41:20.529712+0000,,,,,,SURICATA Ethertype unknown,Generic Protocol Command Decode,3
2026-04-09T15:41:22.529810+0000,,,,,,SURICATA Ethertype unknown,Generic Protocol Command Decode,3
2026-04-09T15:41:24.520047+0000,,,,,,SURICATA Ethertype unknown,Generic Protocol Command Decode,3
2026-04-09T15:41:26.520132+0000,,,,,,SURICATA Ethertype unknown,Generic Protocol Command Decode,3
2026-04-09T15:41:28.520447+0000,,,,,,SURICATA Ethertype unknown,Generic Protocol Command Decode,3
2026-04-09T15:41:30.530499+0000,,,,,,SURICATA Ethertype unknown,Generic Protocol Command Decode,3
2026-04-09T15:41:32.530695+0000,,,,,,SURICATA Ethertype unknown,Generic Protocol Command Decode,3
2026-04-09T15:41:34.520820+0000,,,,,,SURICATA Ethertype unknown,Generic Protocol Command Decode,3
2026-04-09T15:41:36.511124+0000,,,,,,SURICATA Ethertype unknown,Generic Protocol Command Decode,3
2026-04-09T15:41:38.511340+0000,,,,,,SURICATA Ethertype unknown,Generic Protocol Command Decode,3
2026-04-09T15:41:40.511354+0000,,,,,,SURICATA Ethertype unknown,Generic Protocol Command Decode,3
2026-04-09T15:41:42.521623+0000,,,,,,SURICATA Ethertype unknown,Generic Protocol Command Decode,3
2026-04-09T15:41:44.521615+0000,,,,,,SURICATA Ethertype unknown,Generic Protocol Command Decode,3
2026-04-09T15:41:46.531806+0000,,,,,,SURICATA Ethertype unknown,Generic Protocol Command Decode,3
2026-04-09T15:41:47.609964+0000,,,,,,SURICATA Ethertype unknown,Generic Protocol Command Decode,3
2026-04-09T15:41:48.521947+0000,,,,,,SURICATA Ethertype unknown,Generic Protocol Command Decode,3
2026-04-09T15:41:50.522154+0000,,,,,,SURICATA Ethertype unknown,Generic Protocol Command Decode,3
2026-04-09T15:41:52.522288+0000,,,,,,SURICATA Ethertype unknown,Generic Protocol Command Decode,3
2026-04-09T15:41:54.522422+0000,,,,,,SURICATA Ethertype unknown,Generic Protocol Command Decode,3
2026-04-09T15:41:56.522583+0000,,,,,,SURICATA Ethertype unknown,Generic Protocol Command Decode,3
2026-04-09T15:41:58.522741+0000,,,,,,SURICATA Ethertype unknown,Generic Protocol Command Decode,3
2026-04-09T15:42:00.523066+0000,,,,,,SURICATA Ethertype unknown,Generic Protocol Command Decode,3
2026-04-09T15:42:02.523085+0000,,,,,,SURICATA Ethertype unknown,Generic Protocol Command Decode,3
2026-04-09T15:42:04.523248+0000,,,,,,SURICATA Ethertype unknown,Generic Protocol Command Decode,3
2026-04-09T15:42:06.523412+0000,,,,,,SURICATA Ethertype unknown,Generic Protocol Command Decode,3
2026-04-09T15:42:08.523580+0000,,,,,,SURICATA Ethertype unknown,Generic Protocol Command Decode,3
2026-04-09T15:42:10.523732+0000,,,,,,SURICATA Ethertype unknown,Generic Protocol Command Decode,3
2026-04-09T15:42:12.523928+0000,,,,,,SURICATA Ethertype unknown,Generic Protocol Command Decode,3
2026-04-09T15:42:14.524074+0000,,,,,,SURICATA Ethertype unknown,Generic Protocol Command Decode,3
2026-04-09T15:42:16.524284+0000,,,,,,SURICATA Ethertype unknown,Generic Protocol Command Decode,3
2026-04-09T15:42:17.675502+0000,,,,,,SURICATA Ethertype unknown,Generic Protocol Command Decode,3
2026-04-09T15:42:18.524400+0000,,,,,,SURICATA Ethertype unknown,Generic Protocol Command Decode,3
2026-04-09T15:42:20.524585+0000,,,,,,SURICATA Ethertype unknown,Generic Protocol Command Decode,3
2026-04-09T15:42:22.524952+0000,,,,,,SURICATA Ethertype unknown,Generic Protocol Command Decode,3
2026-04-09T15:42:24.525082+0000,,,,,,SURICATA Ethertype unknown,Generic Protocol Command Decode,3
2026-04-09T15:42:26.525072+0000,,,,,,SURICATA Ethertype unknown,Generic Protocol Command Decode,3
2026-04-09T15:42:28.525241+0000,,,,,,SURICATA Ethertype unknown,Generic Protocol Command Decode,3
2026-04-09T15:42:30.525506+0000,,,,,,SURICATA Ethertype unknown,Generic Protocol Command Decode,3
2026-04-09T15:42:32.525526+0000,,,,,,SURICATA Ethertype unknown,Generic Protocol Command Decode,3
2026-04-09T15:42:34.525729+0000,,,,,,SURICATA Ethertype unknown,Generic Protocol Command Decode,3
2026-04-09T15:42:36.525879+0000,,,,,,SURICATA Ethertype unknown,Generic Protocol Command Decode,3
2026-04-09T15:42:38.526016+0000,,,,,,SURICATA Ethertype unknown,Generic Protocol Command Decode,3
2026-04-09T15:42:40.526289+0000,,,,,,SURICATA Ethertype unknown,Generic Protocol Command Decode,3
2026-04-09T15:42:42.526344+0000,,,,,,SURICATA Ethertype unknown,Generic Protocol Command Decode,3
2026-04-09T15:42:44.526633+0000,,,,,,SURICATA Ethertype unknown,Generic Protocol Command Decode,3
2026-04-09T15:42:46.526669+0000,,,,,,SURICATA Ethertype unknown,Generic Protocol Command Decode,3
2026-04-09T15:42:48.086023+0000,,,,,,SURICATA Ethertype unknown,Generic Protocol Command Decode,3
2026-04-09T15:42:48.526832+0000,,,,,,SURICATA Ethertype unknown,Generic Protocol Command Decode,3
2026-04-09T15:42:50.527000+0000,,,,,,SURICATA Ethertype unknown,Generic Protocol Command Decode,3
2026-04-09T15:42:52.527185+0000,,,,,,SURICATA Ethertype unknown,Generic Protocol Command Decode,3
2026-04-09T15:42:54.527338+0000,,,,,,SURICATA Ethertype unknown,Generic Protocol Command Decode,3
2026-04-09T15:42:56.527514+0000,,,,,,SURICATA Ethertype unknown,Generic Protocol Command Decode,3
2026-04-09T15:42:58.527639+0000,,,,,,SURICATA Ethertype unknown,Generic Protocol Command Decode,3
2026-04-09T15:43:00.527854+0000,,,,,,SURICATA Ethertype unknown,Generic Protocol Command Decode,3
2026-04-09T15:43:02.527960+0000,,,,,,SURICATA Ethertype unknown,Generic Protocol Command Decode,3
2026-04-09T15:43:04.528190+0000,,,,,,SURICATA Ethertype unknown,Generic Protocol Command Decode,3
2026-04-09T15:43:06.528297+0000,,,,,,SURICATA Ethertype unknown,Generic Protocol Command Decode,3
2026-04-09T15:43:08.528454+0000,,,,,,SURICATA Ethertype unknown,Generic Protocol Command Decode,3
2026-04-09T15:43:10.528626+0000,,,,,,SURICATA Ethertype unknown,Generic Protocol Command Decode,3
2026-04-09T15:43:12.528790+0000,,,,,,SURICATA Ethertype unknown,Generic Protocol Command Decode,3
2026-04-09T15:43:14.528965+0000,,,,,,SURICATA Ethertype unknown,Generic Protocol Command Decode,3
2026-04-09T15:43:16.529104+0000,,,,,,SURICATA Ethertype unknown,Generic Protocol Command Decode,3
2026-04-09T15:43:17.411541+0000,,,,,,SURICATA Ethertype unknown,Generic Protocol Command Decode,3
2026-04-09T15:43:18.520565+0000,,,,,,SURICATA Ethertype unknown,Generic Protocol Command Decode,3
2026-04-09T15:43:20.519495+0000,,,,,,SURICATA Ethertype unknown,Generic Protocol Command Decode,3
2026-04-09T15:43:22.529617+0000,,,,,,SURICATA Ethertype unknown,Generic Protocol Command Decode,3
2026-04-09T15:43:24.519771+0000,,,,,,SURICATA Ethertype unknown,Generic Protocol Command Decode,3
2026-04-09T15:43:26.520226+0000,,,,,,SURICATA Ethertype unknown,Generic Protocol Command Decode,3
2026-04-09T15:43:28.520102+0000,,,,,,SURICATA Ethertype unknown,Generic Protocol Command Decode,3
2026-04-09T15:43:30.520394+0000,,,,,,SURICATA Ethertype unknown,Generic Protocol Command Decode,3
2026-04-09T15:43:32.520547+0000,,,,,,SURICATA Ethertype unknown,Generic Protocol Command Decode,3
2026-04-09T15:43:34.520708+0000,,,,,,SURICATA Ethertype unknown,Generic Protocol Command Decode,3
2026-04-09T15:43:36.520796+0000,,,,,,SURICATA Ethertype unknown,Generic Protocol Command Decode,3
2026-04-09T15:43:38.526656+0000,,,,,,SURICATA Ethertype unknown,Generic Protocol Command Decode,3
2026-04-09T15:43:40.521231+0000,,,,,,SURICATA Ethertype unknown,Generic Protocol Command Decode,3
2026-04-09T15:43:42.521388+0000,,,,,,SURICATA Ethertype unknown,Generic Protocol Command Decode,3
2026-04-09T15:43:44.521449+0000,,,,,,SURICATA Ethertype unknown,Generic Protocol Command Decode,3
2026-04-09T15:43:46.521674+0000,,,,,,SURICATA Ethertype unknown,Generic Protocol Command Decode,3
2026-04-09T15:43:47.477056+0000,,,,,,SURICATA Ethertype unknown,Generic Protocol Command Decode,3
2026-04-09T15:43:48.521703+0000,,,,,,SURICATA Ethertype unknown,Generic Protocol Command Decode,3
2026-04-09T15:43:50.531875+0000,,,,,,SURICATA Ethertype unknown,Generic Protocol Command Decode,3
2026-04-09T15:43:52.522015+0000,,,,,,SURICATA Ethertype unknown,Generic Protocol Command Decode,3
2026-04-09T15:43:54.522255+0000,,,,,,SURICATA Ethertype unknown,Generic Protocol Command Decode,3
2026-04-09T15:43:56.523533+0000,,,,,,SURICATA Ethertype unknown,Generic Protocol Command Decode,3
2026-04-09T15:43:58.522536+0000,,,,,,SURICATA Ethertype unknown,Generic Protocol Command Decode,3
2026-04-09T15:44:00.522670+0000,,,,,,SURICATA Ethertype unknown,Generic Protocol Command Decode,3
2026-04-09T15:44:02.523043+0000,,,,,,SURICATA Ethertype unknown,Generic Protocol Command Decode,3
2026-04-09T15:44:04.523013+0000,,,,,,SURICATA Ethertype unknown,Generic Protocol Command Decode,3
2026-04-09T15:44:06.523220+0000,,,,,,SURICATA Ethertype unknown,Generic Protocol Command Decode,3
2026-04-09T15:44:08.523310+0000,,,,,,SURICATA Ethertype unknown,Generic Protocol Command Decode,3
2026-04-09T15:44:10.523493+0000,,,,,,SURICATA Ethertype unknown,Generic Protocol Command Decode,3
2026-04-09T15:44:12.523614+0000,,,,,,SURICATA Ethertype unknown,Generic Protocol Command Decode,3
2026-04-09T15:44:14.523802+0000,,,,,,SURICATA Ethertype unknown,Generic Protocol Command Decode,3
2026-04-09T15:44:16.523967+0000,,,,,,SURICATA Ethertype unknown,Generic Protocol Command Decode,3
2026-04-09T15:44:17.838552+0000,,,,,,SURICATA Ethertype unknown,Generic Protocol Command Decode,3
2026-04-09T15:44:18.524171+0000,,,,,,SURICATA Ethertype unknown,Generic Protocol Command Decode,3
2026-04-09T15:44:20.524261+0000,,,,,,SURICATA Ethertype unknown,Generic Protocol Command Decode,3
2026-04-09T15:44:22.524430+0000,,,,,,SURICATA Ethertype unknown,Generic Protocol Command Decode,3
2026-04-09T15:44:24.524610+0000,,,,,,SURICATA Ethertype unknown,Generic Protocol Command Decode,3
2026-04-09T15:44:26.524758+0000,,,,,,SURICATA Ethertype unknown,Generic Protocol Command Decode,3
2026-04-09T15:44:28.524919+0000,,,,,,SURICATA Ethertype unknown,Generic Protocol Command Decode,3
2026-04-09T15:44:30.525111+0000,,,,,,SURICATA Ethertype unknown,Generic Protocol Command Decode,3
2026-04-09T15:44:32.535244+0000,,,,,,SURICATA Ethertype unknown,Generic Protocol Command Decode,3
2026-04-09T15:44:34.525525+0000,,,,,,SURICATA Ethertype unknown,Generic Protocol Command Decode,3
2026-04-09T15:44:36.525575+0000,,,,,,SURICATA Ethertype unknown,Generic Protocol Command Decode,3
2026-04-09T15:44:38.525739+0000,,,,,,SURICATA Ethertype unknown,Generic Protocol Command Decode,3
2026-04-09T15:44:40.525895+0000,,,,,,SURICATA Ethertype unknown,Generic Protocol Command Decode,3
2026-04-09T15:44:42.536066+0000,,,,,,SURICATA Ethertype unknown,Generic Protocol Command Decode,3
2026-04-09T15:44:44.536234+0000,,,,,,SURICATA Ethertype unknown,Generic Protocol Command Decode,3
2026-04-09T15:44:46.526388+0000,,,,,,SURICATA Ethertype unknown,Generic Protocol Command Decode,3
2026-04-09T15:44:47.328045+0000,,,,,,SURICATA Ethertype unknown,Generic Protocol Command Decode,3
2026-04-09T15:44:48.526580+0000,,,,,,SURICATA Ethertype unknown,Generic Protocol Command Decode,3
2026-04-09T15:44:50.528038+0000,,,,,,SURICATA Ethertype unknown,Generic Protocol Command Decode,3
2026-04-09T15:44:52.526873+0000,,,,,,SURICATA Ethertype unknown,Generic Protocol Command Decode,3
2026-04-09T15:44:54.527042+0000,,,,,,SURICATA Ethertype unknown,Generic Protocol Command Decode,3
2026-04-09T15:44:56.527170+0000,,,,,,SURICATA Ethertype unknown,Generic Protocol Command Decode,3
2026-04-09T15:44:58.527332+0000,,,,,,SURICATA Ethertype unknown,Generic Protocol Command Decode,3
2026-04-09T15:45:00.527502+0000,,,,,,SURICATA Ethertype unknown,Generic Protocol Command Decode,3
2026-04-09T15:45:02.527662+0000,,,,,,SURICATA Ethertype unknown,Generic Protocol Command Decode,3
2026-04-09T15:45:04.517984+0000,,,,,,SURICATA Ethertype unknown,Generic Protocol Command Decode,3
2026-04-09T15:45:06.517971+0000,,,,,,SURICATA Ethertype unknown,Generic Protocol Command Decode,3
2026-04-09T15:45:08.528167+0000,,,,,,SURICATA Ethertype unknown,Generic Protocol Command Decode,3
2026-04-09T15:45:10.518430+0000,,,,,,SURICATA Ethertype unknown,Generic Protocol Command Decode,3
2026-04-09T15:45:12.518500+0000,,,,,,SURICATA Ethertype unknown,Generic Protocol Command Decode,3
2026-04-09T15:45:14.518778+0000,,,,,,SURICATA Ethertype unknown,Generic Protocol Command Decode,3
2026-04-09T15:45:16.518859+0000,,,,,,SURICATA Ethertype unknown,Generic Protocol Command Decode,3
2026-04-09T15:45:17.733543+0000,,,,,,SURICATA Ethertype unknown,Generic Protocol Command Decode,3
2026-04-09T15:45:18.528937+0000,,,,,,SURICATA Ethertype unknown,Generic Protocol Command Decode,3
2026-04-09T15:45:20.519098+0000,,,,,,SURICATA Ethertype unknown,Generic Protocol Command Decode,3
2026-04-09T15:45:22.520434+0000,,,,,,SURICATA Ethertype unknown,Generic Protocol Command Decode,3
2026-04-09T15:45:24.519564+0000,,,,,,SURICATA Ethertype unknown,Generic Protocol Command Decode,3
2026-04-09T15:45:26.519982+0000,,,,,,SURICATA Ethertype unknown,Generic Protocol Command Decode,3
2026-04-09T15:45:28.519838+0000,,,,,,SURICATA Ethertype unknown,Generic Protocol Command Decode,3
2026-04-09T15:45:30.520169+0000,,,,,,SURICATA Ethertype unknown,Generic Protocol Command Decode,3
2026-04-09T15:45:32.530045+0000,,,,,,SURICATA Ethertype unknown,Generic Protocol Command Decode,3
2026-04-09T15:45:34.520422+0000,,,,,,SURICATA Ethertype unknown,Generic Protocol Command Decode,3
2026-04-09T15:45:36.520506+0000,,,,,,SURICATA Ethertype unknown,Generic Protocol Command Decode,3
2026-04-09T15:45:38.520593+0000,,,,,,SURICATA Ethertype unknown,Generic Protocol Command Decode,3
2026-04-09T15:45:40.521281+0000,,,,,,SURICATA Ethertype unknown,Generic Protocol Command Decode,3
2026-04-09T15:45:42.520905+0000,,,,,,SURICATA Ethertype unknown,Generic Protocol Command Decode,3
2026-04-09T15:45:44.521264+0000,,,,,,SURICATA Ethertype unknown,Generic Protocol Command Decode,3
2026-04-09T15:45:46.521243+0000,,,,,,SURICATA Ethertype unknown,Generic Protocol Command Decode,3
2026-04-09T15:45:47.799042+0000,,,,,,SURICATA Ethertype unknown,Generic Protocol Command Decode,3
2026-04-09T15:45:48.521330+0000,,,,,,SURICATA Ethertype unknown,Generic Protocol Command Decode,3
2026-04-09T15:46:04.522609+0000,,,,,,SURICATA Ethertype unknown,Generic Protocol Command Decode,3
2026-04-09T15:46:06.522796+0000,,,,,,SURICATA Ethertype unknown,Generic Protocol Command Decode,3
2026-04-09T15:46:08.522926+0000,,,,,,SURICATA Ethertype unknown,Generic Protocol Command Decode,3
2026-04-09T15:46:10.523119+0000,,,,,,SURICATA Ethertype unknown,Generic Protocol Command Decode,3
2026-04-09T15:46:12.523300+0000,,,,,,SURICATA Ethertype unknown,Generic Protocol Command Decode,3
2026-04-09T15:46:14.523558+0000,,,,,,SURICATA Ethertype unknown,Generic Protocol Command Decode,3
2026-04-09T15:46:16.523616+0000,,,,,,SURICATA Ethertype unknown,Generic Protocol Command Decode,3
2026-04-09T15:46:17.255513+0000,,,,,,SURICATA Ethertype unknown,Generic Protocol Command Decode,3
2026-04-09T15:46:18.523789+0000,,,,,,SURICATA Ethertype unknown,Generic Protocol Command Decode,3
2026-04-09T15:46:20.523890+0000,,,,,,SURICATA Ethertype unknown,Generic Protocol Command Decode,3
2026-04-09T15:46:22.524075+0000,,,,,,SURICATA Ethertype unknown,Generic Protocol Command Decode,3
2026-04-09T15:46:24.524230+0000,,,,,,SURICATA Ethertype unknown,Generic Protocol Command Decode,3
2026-04-09T15:46:26.524395+0000,,,,,,SURICATA Ethertype unknown,Generic Protocol Command Decode,3
2026-04-09T15:46:28.524566+0000,,,,,,SURICATA Ethertype unknown,Generic Protocol Command Decode,3
2026-04-09T15:46:30.524714+0000,,,,,,SURICATA Ethertype unknown,Generic Protocol Command Decode,3
2026-04-09T15:46:32.524852+0000,,,,,,SURICATA Ethertype unknown,Generic Protocol Command Decode,3
2026-04-09T15:46:34.525172+0000,,,,,,SURICATA Ethertype unknown,Generic Protocol Command Decode,3
2026-04-09T15:46:36.525199+0000,,,,,,SURICATA Ethertype unknown,Generic Protocol Command Decode,3
2026-04-09T15:46:38.525337+0000,,,,,,SURICATA Ethertype unknown,Generic Protocol Command Decode,3
2026-04-09T15:46:40.525509+0000,,,,,,SURICATA Ethertype unknown,Generic Protocol Command Decode,3
2026-04-09T15:46:42.525654+0000,,,,,,SURICATA Ethertype unknown,Generic Protocol Command Decode,3
2026-04-09T15:46:44.525818+0000,,,,,,SURICATA Ethertype unknown,Generic Protocol Command Decode,3
2026-04-09T15:46:46.527164+0000,,,,,,SURICATA Ethertype unknown,Generic Protocol Command Decode,3
2026-04-09T15:46:47.612988+0000,,,,,,SURICATA Ethertype unknown,Generic Protocol Command Decode,3
2026-04-09T15:46:48.526381+0000,,,,,,SURICATA Ethertype unknown,Generic Protocol Command Decode,3
2026-04-09T15:46:50.516347+0000,,,,,,SURICATA Ethertype unknown,Generic Protocol Command Decode,3
2026-04-09T15:46:52.516727+0000,,,,,,SURICATA Ethertype unknown,Generic Protocol Command Decode,3
2026-04-09T15:46:54.516639+0000,,,,,,SURICATA Ethertype unknown,Generic Protocol Command Decode,3
2026-04-09T15:46:56.518050+0000,,,,,,SURICATA Ethertype unknown,Generic Protocol Command Decode,3
2026-04-09T15:46:58.516927+0000,,,,,,SURICATA Ethertype unknown,Generic Protocol Command Decode,3
2026-04-09T15:47:00.517330+0000,,,,,,SURICATA Ethertype unknown,Generic Protocol Command Decode,3
2026-04-09T15:47:02.517334+0000,,,,,,SURICATA Ethertype unknown,Generic Protocol Command Decode,3
2026-04-09T15:47:04.517515+0000,,,,,,SURICATA Ethertype unknown,Generic Protocol Command Decode,3
2026-04-09T15:47:06.517661+0000,,,,,,SURICATA Ethertype unknown,Generic Protocol Command Decode,3
2026-04-09T15:47:08.517726+0000,,,,,,SURICATA Ethertype unknown,Generic Protocol Command Decode,3
2026-04-09T15:47:10.517989+0000,,,,,,SURICATA Ethertype unknown,Generic Protocol Command Decode,3
2026-04-09T15:47:12.518049+0000,,,,,,SURICATA Ethertype unknown,Generic Protocol Command Decode,3
2026-04-09T15:47:14.518269+0000,,,,,,SURICATA Ethertype unknown,Generic Protocol Command Decode,3
2026-04-09T15:47:16.518537+0000,,,,,,SURICATA Ethertype unknown,Generic Protocol Command Decode,3
2026-04-09T15:47:17.678457+0000,,,,,,SURICATA Ethertype unknown,Generic Protocol Command Decode,3
2026-04-09T15:47:18.518531+0000,,,,,,SURICATA Ethertype unknown,Generic Protocol Command Decode,3
2026-04-09T15:47:20.517113+0000,,,,,,SURICATA Ethertype unknown,Generic Protocol Command Decode,3
2026-04-09T15:47:22.518877+0000,,,,,,SURICATA Ethertype unknown,Generic Protocol Command Decode,3
2026-04-09T15:47:24.519063+0000,,,,,,SURICATA Ethertype unknown,Generic Protocol Command Decode,3
2026-04-09T15:47:26.517145+0000,,,,,,SURICATA Ethertype unknown,Generic Protocol Command Decode,3
2026-04-09T15:47:28.519318+0000,,,,,,SURICATA Ethertype unknown,Generic Protocol Command Decode,3
2026-04-09T15:47:30.519491+0000,,,,,,SURICATA Ethertype unknown,Generic Protocol Command Decode,3
2026-04-09T15:47:32.519799+0000,,,,,,SURICATA Ethertype unknown,Generic Protocol Command Decode,3
