timestamp,topic,payload_size_bytes,payload_preview
2026-04-22T15:32:39,shellyazplug-e4b323337220/online,5,false
2026-04-22T15:32:39,iot/dht11/debug,46,[0;36m[D][sensor:124]: 'Humidity' >> 39 %[0m
2026-04-22T15:32:39,iot/dht11/status,6,online
2026-04-22T15:32:39,iot/dht11/sensor/temperature/state,4,24.8
2026-04-22T15:32:39,iot/dht11/sensor/humidity/state,2,39
2026-04-22T15:32:39,iot/mq/debug,50,[0;36m[D][sensor:124]: 'Gas Sensor' >> 0.55 V[0m
2026-04-22T15:32:39,iot/mq/status,6,online
2026-04-22T15:32:39,iot/mq/sensor/gas_sensor/state,4,0.55
2026-04-22T15:32:39,iot/pir/debug,49,[0;36m[D][binary_sensor:048]: 'Motion' >> ON[0m
2026-04-22T15:32:39,iot/pir/status,6,online
2026-04-22T15:32:39,iot/pir/binary_sensor/motion/state,2,ON
2026-04-22T15:32:39,homeassistant/sensor/dht11_node/temperature/config,380,"{""sug_dsp_prc"":1,""unit_of_meas"":""°C"",""stat_cla"":""measurement"",""name"":""Temperature"",""dev_cla"":""temperature"",""stat_t"":""iot"
2026-04-22T15:32:39,homeassistant/sensor/dht11_node/humidity/config,366,"{""sug_dsp_prc"":0,""unit_of_meas"":""%"",""stat_cla"":""measurement"",""name"":""Humidity"",""dev_cla"":""humidity"",""stat_t"":""iot/dht11/"
2026-04-22T15:32:39,homeassistant/sensor/mq_node/gas_sensor/config,362,"{""sug_dsp_prc"":2,""unit_of_meas"":""V"",""stat_cla"":""measurement"",""name"":""Gas Sensor"",""dev_cla"":""voltage"",""stat_t"":""iot/mq/se"
2026-04-22T15:32:39,homeassistant/binary_sensor/pir_node/motion/config,306,"{""name"":""Motion"",""dev_cla"":""motion"",""stat_t"":""iot/pir/binary_sensor/motion/state"",""avty_t"":""iot/pir/status"",""uniq_id"":""E"
2026-04-22T15:32:39,esphome/discover/dht11_node,149,"{""ip"":""192.168.8.167"",""name"":""dht11_node"",""version"":""2026.3.2"",""mac"":""348518b90f38"",""platform"":""ESP32"",""board"":""esp32-s3"
2026-04-22T15:32:39,esphome/discover/mq_node,146,"{""ip"":""192.168.8.203"",""name"":""mq_node"",""version"":""2026.3.2"",""mac"":""348518b91934"",""platform"":""ESP32"",""board"":""esp32-s3-de"
2026-04-22T15:32:39,esphome/discover/pir_node,147,"{""ip"":""192.168.8.215"",""name"":""pir_node"",""version"":""2026.3.2"",""mac"":""348518b90f68"",""platform"":""ESP32"",""board"":""esp32-s3-d"
2026-04-22T15:32:39,shellyazplug-node/online,4,true
2026-04-22T15:32:42,iot/mq/debug,50,[0;36m[D][sensor:124]: 'Gas Sensor' >> 0.55 V[0m
2026-04-22T15:32:42,iot/mq/sensor/gas_sensor/state,4,0.55
2026-04-22T15:32:44,iot/dht11/debug,59,[0;36m[D][dht:048]: Temperature 24.8°C Humidity 39.0%[0m
2026-04-22T15:32:45,iot/dht11/debug,53,[0;36m[D][sensor:124]: 'Temperature' >> 24.8 °C[0m
2026-04-22T15:32:45,iot/dht11/sensor/temperature/state,4,24.8
2026-04-22T15:32:45,iot/dht11/debug,46,[0;36m[D][sensor:124]: 'Humidity' >> 39 %[0m
2026-04-22T15:32:45,iot/dht11/sensor/humidity/state,2,39
2026-04-22T15:32:45,iot/pir/binary_sensor/motion/state,3,OFF
2026-04-22T15:32:45,iot/pir/debug,50,[0;36m[D][binary_sensor:048]: 'Motion' >> OFF[0m
2026-04-22T15:32:47,iot/mq/debug,50,[0;36m[D][sensor:124]: 'Gas Sensor' >> 0.55 V[0m
2026-04-22T15:32:47,iot/mq/sensor/gas_sensor/state,4,0.55
2026-04-22T15:32:52,iot/mq/debug,50,[0;36m[D][sensor:124]: 'Gas Sensor' >> 0.55 V[0m
2026-04-22T15:32:52,iot/mq/sensor/gas_sensor/state,4,0.55
2026-04-22T15:32:54,iot/dht11/debug,59,[0;36m[D][dht:048]: Temperature 24.8°C Humidity 39.0%[0m
2026-04-22T15:32:55,iot/dht11/debug,53,[0;36m[D][sensor:124]: 'Temperature' >> 24.8 °C[0m
2026-04-22T15:32:55,iot/dht11/sensor/temperature/state,4,24.8
2026-04-22T15:32:55,iot/dht11/debug,46,[0;36m[D][sensor:124]: 'Humidity' >> 39 %[0m
2026-04-22T15:32:55,iot/dht11/sensor/humidity/state,2,39
2026-04-22T15:32:57,iot/mq/debug,50,[0;36m[D][sensor:124]: 'Gas Sensor' >> 0.55 V[0m
2026-04-22T15:32:57,iot/mq/sensor/gas_sensor/state,4,0.55
2026-04-22T15:33:02,iot/mq/debug,50,[0;36m[D][sensor:124]: 'Gas Sensor' >> 0.55 V[0m
2026-04-22T15:33:02,iot/mq/sensor/gas_sensor/state,4,0.55
2026-04-22T15:33:04,iot/dht11/debug,59,[0;36m[D][dht:048]: Temperature 24.8°C Humidity 39.0%[0m
2026-04-22T15:33:05,iot/dht11/debug,53,[0;36m[D][sensor:124]: 'Temperature' >> 24.8 °C[0m
2026-04-22T15:33:05,iot/dht11/sensor/temperature/state,4,24.8
2026-04-22T15:33:05,iot/dht11/debug,46,[0;36m[D][sensor:124]: 'Humidity' >> 39 %[0m
2026-04-22T15:33:05,iot/dht11/sensor/humidity/state,2,39
2026-04-22T15:33:07,iot/mq/debug,50,[0;36m[D][sensor:124]: 'Gas Sensor' >> 0.55 V[0m
2026-04-22T15:33:07,iot/mq/sensor/gas_sensor/state,4,0.55
2026-04-22T15:33:12,iot/mq/debug,50,[0;36m[D][sensor:124]: 'Gas Sensor' >> 0.55 V[0m
2026-04-22T15:33:12,iot/mq/sensor/gas_sensor/state,4,0.55
2026-04-22T15:33:15,iot/dht11/debug,59,[0;36m[D][dht:048]: Temperature 24.8°C Humidity 39.0%[0m
2026-04-22T15:33:15,iot/dht11/debug,53,[0;36m[D][sensor:124]: 'Temperature' >> 24.8 °C[0m
2026-04-22T15:33:15,iot/dht11/sensor/temperature/state,4,24.8
2026-04-22T15:33:15,iot/dht11/debug,46,[0;36m[D][sensor:124]: 'Humidity' >> 39 %[0m
2026-04-22T15:33:15,iot/dht11/sensor/humidity/state,2,39
2026-04-22T15:33:17,iot/mq/debug,50,[0;36m[D][sensor:124]: 'Gas Sensor' >> 0.55 V[0m
2026-04-22T15:33:17,iot/mq/sensor/gas_sensor/state,4,0.55
2026-04-22T15:33:22,iot/mq/debug,50,[0;36m[D][sensor:124]: 'Gas Sensor' >> 0.55 V[0m
2026-04-22T15:33:23,iot/mq/sensor/gas_sensor/state,4,0.55
2026-04-22T15:33:25,iot/dht11/debug,59,[0;36m[D][dht:048]: Temperature 24.8°C Humidity 39.0%[0m
2026-04-22T15:33:25,iot/dht11/debug,53,[0;36m[D][sensor:124]: 'Temperature' >> 24.8 °C[0m
2026-04-22T15:33:25,iot/dht11/sensor/temperature/state,4,24.8
2026-04-22T15:33:25,iot/dht11/debug,46,[0;36m[D][sensor:124]: 'Humidity' >> 39 %[0m
2026-04-22T15:33:25,iot/dht11/sensor/humidity/state,2,39
2026-04-22T15:33:27,iot/mq/debug,50,[0;36m[D][sensor:124]: 'Gas Sensor' >> 0.55 V[0m
2026-04-22T15:33:27,iot/mq/sensor/gas_sensor/state,4,0.55
2026-04-22T15:33:32,iot/mq/debug,50,[0;36m[D][sensor:124]: 'Gas Sensor' >> 0.55 V[0m
2026-04-22T15:33:32,iot/mq/sensor/gas_sensor/state,4,0.55
2026-04-22T15:33:35,iot/dht11/debug,59,[0;36m[D][dht:048]: Temperature 24.8°C Humidity 39.0%[0m
2026-04-22T15:33:35,iot/dht11/debug,53,[0;36m[D][sensor:124]: 'Temperature' >> 24.8 °C[0m
2026-04-22T15:33:35,iot/dht11/sensor/temperature/state,4,24.8
2026-04-22T15:33:35,iot/dht11/debug,46,[0;36m[D][sensor:124]: 'Humidity' >> 39 %[0m
2026-04-22T15:33:35,iot/dht11/sensor/humidity/state,2,39
2026-04-22T15:33:37,iot/mq/debug,50,[0;36m[D][sensor:124]: 'Gas Sensor' >> 0.55 V[0m
2026-04-22T15:33:38,iot/mq/sensor/gas_sensor/state,4,0.55
2026-04-22T15:33:42,iot/mq/debug,50,[0;36m[D][sensor:124]: 'Gas Sensor' >> 0.55 V[0m
2026-04-22T15:33:42,iot/mq/sensor/gas_sensor/state,4,0.55
2026-04-22T15:33:45,iot/dht11/debug,59,[0;36m[D][dht:048]: Temperature 24.8°C Humidity 39.0%[0m
2026-04-22T15:33:45,iot/dht11/debug,53,[0;36m[D][sensor:124]: 'Temperature' >> 24.8 °C[0m
2026-04-22T15:33:45,iot/dht11/sensor/temperature/state,4,24.8
2026-04-22T15:33:45,iot/dht11/debug,46,[0;36m[D][sensor:124]: 'Humidity' >> 39 %[0m
2026-04-22T15:33:45,iot/dht11/sensor/humidity/state,2,39
2026-04-22T15:33:47,iot/mq/debug,50,[0;36m[D][sensor:124]: 'Gas Sensor' >> 0.55 V[0m
2026-04-22T15:33:48,iot/mq/sensor/gas_sensor/state,4,0.55
2026-04-22T15:33:52,iot/mq/debug,50,[0;36m[D][sensor:124]: 'Gas Sensor' >> 0.55 V[0m
2026-04-22T15:33:53,iot/mq/sensor/gas_sensor/state,4,0.55
2026-04-22T15:33:55,iot/dht11/debug,59,[0;36m[D][dht:048]: Temperature 24.8°C Humidity 39.0%[0m
2026-04-22T15:33:55,iot/dht11/debug,53,[0;36m[D][sensor:124]: 'Temperature' >> 24.8 °C[0m
2026-04-22T15:33:55,iot/dht11/sensor/temperature/state,4,24.8
2026-04-22T15:33:55,iot/dht11/debug,46,[0;36m[D][sensor:124]: 'Humidity' >> 39 %[0m
2026-04-22T15:33:55,iot/dht11/sensor/humidity/state,2,39
2026-04-22T15:33:57,iot/mq/debug,50,[0;36m[D][sensor:124]: 'Gas Sensor' >> 0.55 V[0m
2026-04-22T15:33:57,iot/mq/sensor/gas_sensor/state,4,0.55
2026-04-22T15:34:02,iot/mq/debug,50,[0;36m[D][sensor:124]: 'Gas Sensor' >> 0.55 V[0m
2026-04-22T15:34:03,iot/mq/sensor/gas_sensor/state,4,0.55
2026-04-22T15:34:05,iot/dht11/debug,59,[0;36m[D][dht:048]: Temperature 24.8°C Humidity 39.0%[0m
2026-04-22T15:34:05,iot/dht11/debug,53,[0;36m[D][sensor:124]: 'Temperature' >> 24.8 °C[0m
2026-04-22T15:34:05,iot/dht11/sensor/temperature/state,4,24.8
2026-04-22T15:34:05,iot/dht11/debug,46,[0;36m[D][sensor:124]: 'Humidity' >> 39 %[0m
2026-04-22T15:34:05,iot/dht11/sensor/humidity/state,2,39
2026-04-22T15:34:07,iot/mq/debug,50,[0;36m[D][sensor:124]: 'Gas Sensor' >> 0.55 V[0m
2026-04-22T15:34:08,iot/mq/sensor/gas_sensor/state,4,0.55
2026-04-22T15:34:12,iot/mq/debug,50,[0;36m[D][sensor:124]: 'Gas Sensor' >> 0.55 V[0m
2026-04-22T15:34:13,iot/mq/sensor/gas_sensor/state,4,0.55
2026-04-22T15:34:15,iot/dht11/debug,59,[0;36m[D][dht:048]: Temperature 24.8°C Humidity 39.0%[0m
2026-04-22T15:34:15,iot/dht11/debug,53,[0;36m[D][sensor:124]: 'Temperature' >> 24.8 °C[0m
2026-04-22T15:34:15,iot/dht11/sensor/temperature/state,4,24.8
2026-04-22T15:34:15,iot/dht11/debug,46,[0;36m[D][sensor:124]: 'Humidity' >> 39 %[0m
2026-04-22T15:34:15,iot/dht11/sensor/humidity/state,2,39
2026-04-22T15:34:17,iot/mq/debug,50,[0;36m[D][sensor:124]: 'Gas Sensor' >> 0.55 V[0m
2026-04-22T15:34:18,iot/mq/sensor/gas_sensor/state,4,0.55
2026-04-22T15:34:22,iot/mq/debug,50,[0;36m[D][sensor:124]: 'Gas Sensor' >> 0.55 V[0m
2026-04-22T15:34:23,iot/mq/sensor/gas_sensor/state,4,0.55
2026-04-22T15:34:25,iot/dht11/debug,59,[0;36m[D][dht:048]: Temperature 24.8°C Humidity 39.0%[0m
2026-04-22T15:34:25,iot/dht11/debug,53,[0;36m[D][sensor:124]: 'Temperature' >> 24.8 °C[0m
2026-04-22T15:34:25,iot/dht11/sensor/temperature/state,4,24.8
2026-04-22T15:34:25,iot/dht11/debug,46,[0;36m[D][sensor:124]: 'Humidity' >> 39 %[0m
2026-04-22T15:34:25,iot/dht11/sensor/humidity/state,2,39
2026-04-22T15:34:28,iot/mq/debug,50,[0;36m[D][sensor:124]: 'Gas Sensor' >> 0.55 V[0m
2026-04-22T15:34:28,iot/mq/sensor/gas_sensor/state,4,0.55
2026-04-22T15:34:33,iot/mq/debug,50,[0;36m[D][sensor:124]: 'Gas Sensor' >> 0.55 V[0m
2026-04-22T15:34:33,iot/mq/sensor/gas_sensor/state,4,0.55
2026-04-22T15:34:35,iot/dht11/debug,59,[0;36m[D][dht:048]: Temperature 24.8°C Humidity 39.0%[0m
2026-04-22T15:34:35,iot/dht11/debug,53,[0;36m[D][sensor:124]: 'Temperature' >> 24.8 °C[0m
2026-04-22T15:34:35,iot/dht11/sensor/temperature/state,4,24.8
2026-04-22T15:34:35,iot/dht11/debug,46,[0;36m[D][sensor:124]: 'Humidity' >> 39 %[0m
2026-04-22T15:34:35,iot/dht11/sensor/humidity/state,2,39
2026-04-22T15:34:38,iot/mq/debug,50,[0;36m[D][sensor:124]: 'Gas Sensor' >> 0.55 V[0m
2026-04-22T15:34:38,iot/mq/sensor/gas_sensor/state,4,0.55
2026-04-22T15:34:43,iot/mq/debug,50,[0;36m[D][sensor:124]: 'Gas Sensor' >> 0.55 V[0m
2026-04-22T15:34:43,iot/mq/sensor/gas_sensor/state,4,0.55
2026-04-22T15:34:45,iot/dht11/debug,59,[0;36m[D][dht:048]: Temperature 24.8°C Humidity 39.0%[0m
2026-04-22T15:34:45,iot/dht11/debug,53,[0;36m[D][sensor:124]: 'Temperature' >> 24.8 °C[0m
2026-04-22T15:34:45,iot/dht11/sensor/temperature/state,4,24.8
2026-04-22T15:34:45,iot/dht11/debug,46,[0;36m[D][sensor:124]: 'Humidity' >> 39 %[0m
2026-04-22T15:34:45,iot/dht11/sensor/humidity/state,2,39
2026-04-22T15:34:48,iot/mq/debug,50,[0;36m[D][sensor:124]: 'Gas Sensor' >> 0.55 V[0m
2026-04-22T15:34:48,iot/mq/sensor/gas_sensor/state,4,0.55
2026-04-22T15:34:53,iot/mq/debug,50,[0;36m[D][sensor:124]: 'Gas Sensor' >> 0.55 V[0m
2026-04-22T15:34:53,iot/mq/sensor/gas_sensor/state,4,0.55
2026-04-22T15:34:53,shellyazplug-node/rpc,85,"{""id"": 1, ""src"": ""attacker"", ""method"": ""Switch.Set"", ""params"": {""id"": 0, ""on"": true}}"
2026-04-22T15:34:53,attacker/rpc,85,"{""id"":1,""src"":""shellyazplug-e4b323337220"",""dst"":""attacker"",""result"":{""was_on"":false}}"
2026-04-22T15:34:53,shellyazplug-node/debug/log,87,"shellyazplug-e4b323337220 283 30626.017 1|shos_rpc_inst.c:230     Switch.Set via MQTT 
"
2026-04-22T15:34:53,shellyazplug-node/status/switch:0,199,"{""id"":0, ""source"":""MQTT"", ""output"":true, ""apower"":0.0, ""voltage"":230.5, ""freq"":50.0, ""current"":0.000, ""aenergy"":{""total"""
2026-04-22T15:34:53,shellyazplug-node/events/rpc,167,"{""src"":""shellyazplug-e4b323337220"",""dst"":""shellyazplug-node/events"",""method"":""NotifyStatus"",""params"":{""ts"":30626.01,""swi"
2026-04-22T15:34:53,shellyazplug-node/debug/log,132,"shellyazplug-e4b323337220 284 30626.034 1|shelly_notification:163 Status change of switch:0: {""id"":0,""output"":true,""sour"
2026-04-22T15:34:53,shellyazplug-node/rpc,86,"{""id"": 1, ""src"": ""attacker"", ""method"": ""Switch.Set"", ""params"": {""id"": 0, ""on"": false}}"
2026-04-22T15:34:53,attacker/rpc,84,"{""id"":1,""src"":""shellyazplug-e4b323337220"",""dst"":""attacker"",""result"":{""was_on"":true}}"
2026-04-22T15:34:53,shellyazplug-node/debug/log,87,"shellyazplug-e4b323337220 285 30626.511 1|shos_rpc_inst.c:230     Switch.Set via MQTT 
"
2026-04-22T15:34:53,shellyazplug-node/status/switch:0,200,"{""id"":0, ""source"":""MQTT"", ""output"":false, ""apower"":0.0, ""voltage"":230.5, ""freq"":50.0, ""current"":0.000, ""aenergy"":{""total"
2026-04-22T15:34:53,shellyazplug-node/events/rpc,191,"{""src"":""shellyazplug-e4b323337220"",""dst"":""shellyazplug-node/events"",""method"":""NotifyStatus"",""params"":{""ts"":30626.51,""swi"
2026-04-22T15:34:53,shellyazplug-node/debug/log,156,"shellyazplug-e4b323337220 286 30626.529 1|shelly_notification:163 Status change of switch:0: {""id"":0,""apower"":0,""current"
2026-04-22T15:34:54,shellyazplug-node/rpc,85,"{""id"": 1, ""src"": ""attacker"", ""method"": ""Switch.Set"", ""params"": {""id"": 0, ""on"": true}}"
2026-04-22T15:34:54,attacker/rpc,85,"{""id"":1,""src"":""shellyazplug-e4b323337220"",""dst"":""attacker"",""result"":{""was_on"":false}}"
2026-04-22T15:34:54,shellyazplug-node/debug/log,87,"shellyazplug-e4b323337220 287 30627.011 1|shos_rpc_inst.c:230     Switch.Set via MQTT 
"
2026-04-22T15:34:54,shellyazplug-node/status/switch:0,199,"{""id"":0, ""source"":""MQTT"", ""output"":true, ""apower"":0.0, ""voltage"":230.6, ""freq"":50.0, ""current"":0.000, ""aenergy"":{""total"""
2026-04-22T15:34:54,shellyazplug-node/events/rpc,167,"{""src"":""shellyazplug-e4b323337220"",""dst"":""shellyazplug-node/events"",""method"":""NotifyStatus"",""params"":{""ts"":30627.01,""swi"
2026-04-22T15:34:54,shellyazplug-node/debug/log,132,"shellyazplug-e4b323337220 288 30627.027 1|shelly_notification:163 Status change of switch:0: {""id"":0,""output"":true,""sour"
2026-04-22T15:34:54,shellyazplug-node/rpc,86,"{""id"": 1, ""src"": ""attacker"", ""method"": ""Switch.Set"", ""params"": {""id"": 0, ""on"": false}}"
2026-04-22T15:34:54,attacker/rpc,84,"{""id"":1,""src"":""shellyazplug-e4b323337220"",""dst"":""attacker"",""result"":{""was_on"":true}}"
2026-04-22T15:34:54,shellyazplug-node/debug/log,87,"shellyazplug-e4b323337220 289 30627.515 1|shos_rpc_inst.c:230     Switch.Set via MQTT 
"
2026-04-22T15:34:54,shellyazplug-node/status/switch:0,200,"{""id"":0, ""source"":""MQTT"", ""output"":false, ""apower"":0.0, ""voltage"":230.6, ""freq"":50.0, ""current"":0.000, ""aenergy"":{""total"
2026-04-22T15:34:54,shellyazplug-node/events/rpc,191,"{""src"":""shellyazplug-e4b323337220"",""dst"":""shellyazplug-node/events"",""method"":""NotifyStatus"",""params"":{""ts"":30627.51,""swi"
2026-04-22T15:34:54,shellyazplug-node/debug/log,156,"shellyazplug-e4b323337220 290 30627.534 1|shelly_notification:163 Status change of switch:0: {""id"":0,""apower"":0,""current"
2026-04-22T15:34:55,iot/dht11/debug,59,[0;36m[D][dht:048]: Temperature 24.8°C Humidity 39.0%[0m
2026-04-22T15:34:55,iot/dht11/debug,53,[0;36m[D][sensor:124]: 'Temperature' >> 24.8 °C[0m
2026-04-22T15:34:55,iot/dht11/sensor/temperature/state,4,24.8
2026-04-22T15:34:55,iot/dht11/debug,46,[0;36m[D][sensor:124]: 'Humidity' >> 39 %[0m
2026-04-22T15:34:55,iot/dht11/sensor/humidity/state,2,39
2026-04-22T15:34:55,shellyazplug-node/rpc,85,"{""id"": 1, ""src"": ""attacker"", ""method"": ""Switch.Set"", ""params"": {""id"": 0, ""on"": true}}"
2026-04-22T15:34:55,attacker/rpc,85,"{""id"":1,""src"":""shellyazplug-e4b323337220"",""dst"":""attacker"",""result"":{""was_on"":false}}"
2026-04-22T15:34:55,shellyazplug-node/debug/log,87,"shellyazplug-e4b323337220 291 30628.013 1|shos_rpc_inst.c:230     Switch.Set via MQTT 
"
2026-04-22T15:34:55,shellyazplug-node/status/switch:0,199,"{""id"":0, ""source"":""MQTT"", ""output"":true, ""apower"":0.0, ""voltage"":230.5, ""freq"":50.0, ""current"":0.000, ""aenergy"":{""total"""
2026-04-22T15:34:55,shellyazplug-node/events/rpc,167,"{""src"":""shellyazplug-e4b323337220"",""dst"":""shellyazplug-node/events"",""method"":""NotifyStatus"",""params"":{""ts"":30628.01,""swi"
2026-04-22T15:34:55,shellyazplug-node/debug/log,132,"shellyazplug-e4b323337220 292 30628.029 1|shelly_notification:163 Status change of switch:0: {""id"":0,""output"":true,""sour"
2026-04-22T15:34:55,shellyazplug-node/rpc,86,"{""id"": 1, ""src"": ""attacker"", ""method"": ""Switch.Set"", ""params"": {""id"": 0, ""on"": false}}"
2026-04-22T15:34:55,attacker/rpc,84,"{""id"":1,""src"":""shellyazplug-e4b323337220"",""dst"":""attacker"",""result"":{""was_on"":true}}"
2026-04-22T15:34:55,shellyazplug-node/debug/log,87,"shellyazplug-e4b323337220 293 30628.517 1|shos_rpc_inst.c:230     Switch.Set via MQTT 
"
2026-04-22T15:34:55,shellyazplug-node/status/switch:0,200,"{""id"":0, ""source"":""MQTT"", ""output"":false, ""apower"":0.0, ""voltage"":230.5, ""freq"":50.0, ""current"":0.000, ""aenergy"":{""total"
2026-04-22T15:34:55,shellyazplug-node/events/rpc,191,"{""src"":""shellyazplug-e4b323337220"",""dst"":""shellyazplug-node/events"",""method"":""NotifyStatus"",""params"":{""ts"":30628.51,""swi"
2026-04-22T15:34:55,shellyazplug-node/debug/log,156,"shellyazplug-e4b323337220 294 30628.535 1|shelly_notification:163 Status change of switch:0: {""id"":0,""apower"":0,""current"
2026-04-22T15:34:56,shellyazplug-node/rpc,85,"{""id"": 1, ""src"": ""attacker"", ""method"": ""Switch.Set"", ""params"": {""id"": 0, ""on"": true}}"
2026-04-22T15:34:56,attacker/rpc,85,"{""id"":1,""src"":""shellyazplug-e4b323337220"",""dst"":""attacker"",""result"":{""was_on"":false}}"
2026-04-22T15:34:56,shellyazplug-node/debug/log,87,"shellyazplug-e4b323337220 295 30629.012 1|shos_rpc_inst.c:230     Switch.Set via MQTT 
"
2026-04-22T15:34:56,shellyazplug-node/status/switch:0,199,"{""id"":0, ""source"":""MQTT"", ""output"":true, ""apower"":0.0, ""voltage"":230.4, ""freq"":50.0, ""current"":0.000, ""aenergy"":{""total"""
2026-04-22T15:34:56,shellyazplug-node/events/rpc,167,"{""src"":""shellyazplug-e4b323337220"",""dst"":""shellyazplug-node/events"",""method"":""NotifyStatus"",""params"":{""ts"":30629.01,""swi"
2026-04-22T15:34:56,shellyazplug-node/debug/log,132,"shellyazplug-e4b323337220 296 30629.029 1|shelly_notification:163 Status change of switch:0: {""id"":0,""output"":true,""sour"
2026-04-22T15:34:56,shellyazplug-node/rpc,86,"{""id"": 1, ""src"": ""attacker"", ""method"": ""Switch.Set"", ""params"": {""id"": 0, ""on"": false}}"
2026-04-22T15:34:56,attacker/rpc,84,"{""id"":1,""src"":""shellyazplug-e4b323337220"",""dst"":""attacker"",""result"":{""was_on"":true}}"
2026-04-22T15:34:56,shellyazplug-node/debug/log,87,"shellyazplug-e4b323337220 297 30629.513 1|shos_rpc_inst.c:230     Switch.Set via MQTT 
"
2026-04-22T15:34:56,shellyazplug-node/status/switch:0,200,"{""id"":0, ""source"":""MQTT"", ""output"":false, ""apower"":0.0, ""voltage"":230.4, ""freq"":50.0, ""current"":0.000, ""aenergy"":{""total"
2026-04-22T15:34:56,shellyazplug-node/events/rpc,191,"{""src"":""shellyazplug-e4b323337220"",""dst"":""shellyazplug-node/events"",""method"":""NotifyStatus"",""params"":{""ts"":30629.51,""swi"
2026-04-22T15:34:56,shellyazplug-node/debug/log,156,"shellyazplug-e4b323337220 298 30629.532 1|shelly_notification:163 Status change of switch:0: {""id"":0,""apower"":0,""current"
2026-04-22T15:34:57,shellyazplug-node/rpc,85,"{""id"": 1, ""src"": ""attacker"", ""method"": ""Switch.Set"", ""params"": {""id"": 0, ""on"": true}}"
2026-04-22T15:34:57,attacker/rpc,85,"{""id"":1,""src"":""shellyazplug-e4b323337220"",""dst"":""attacker"",""result"":{""was_on"":false}}"
2026-04-22T15:34:57,shellyazplug-node/debug/log,87,"shellyazplug-e4b323337220 299 30630.020 1|shos_rpc_inst.c:230     Switch.Set via MQTT 
"
2026-04-22T15:34:57,shellyazplug-node/status/switch:0,199,"{""id"":0, ""source"":""MQTT"", ""output"":true, ""apower"":0.0, ""voltage"":230.5, ""freq"":50.0, ""current"":0.000, ""aenergy"":{""total"""
2026-04-22T15:34:57,shellyazplug-node/events/rpc,167,"{""src"":""shellyazplug-e4b323337220"",""dst"":""shellyazplug-node/events"",""method"":""NotifyStatus"",""params"":{""ts"":30630.02,""swi"
2026-04-22T15:34:57,shellyazplug-node/debug/log,132,"shellyazplug-e4b323337220 300 30630.036 1|shelly_notification:163 Status change of switch:0: {""id"":0,""output"":true,""sour"
2026-04-22T15:34:57,shellyazplug-node/rpc,86,"{""id"": 1, ""src"": ""attacker"", ""method"": ""Switch.Set"", ""params"": {""id"": 0, ""on"": false}}"
2026-04-22T15:34:57,attacker/rpc,84,"{""id"":1,""src"":""shellyazplug-e4b323337220"",""dst"":""attacker"",""result"":{""was_on"":true}}"
2026-04-22T15:34:57,shellyazplug-node/debug/log,87,"shellyazplug-e4b323337220 301 30630.514 1|shos_rpc_inst.c:230     Switch.Set via MQTT 
"
2026-04-22T15:34:57,shellyazplug-node/status/switch:0,200,"{""id"":0, ""source"":""MQTT"", ""output"":false, ""apower"":0.0, ""voltage"":230.5, ""freq"":50.0, ""current"":0.000, ""aenergy"":{""total"
2026-04-22T15:34:57,shellyazplug-node/events/rpc,191,"{""src"":""shellyazplug-e4b323337220"",""dst"":""shellyazplug-node/events"",""method"":""NotifyStatus"",""params"":{""ts"":30630.51,""swi"
2026-04-22T15:34:57,shellyazplug-node/debug/log,156,"shellyazplug-e4b323337220 302 30630.533 1|shelly_notification:163 Status change of switch:0: {""id"":0,""apower"":0,""current"
2026-04-22T15:34:58,iot/mq/debug,50,[0;36m[D][sensor:124]: 'Gas Sensor' >> 0.55 V[0m
2026-04-22T15:34:58,iot/mq/sensor/gas_sensor/state,4,0.55
2026-04-22T15:34:58,shellyazplug-node/rpc,85,"{""id"": 1, ""src"": ""attacker"", ""method"": ""Switch.Set"", ""params"": {""id"": 0, ""on"": true}}"
2026-04-22T15:34:58,attacker/rpc,85,"{""id"":1,""src"":""shellyazplug-e4b323337220"",""dst"":""attacker"",""result"":{""was_on"":false}}"
2026-04-22T15:34:58,shellyazplug-node/debug/log,87,"shellyazplug-e4b323337220 303 30631.014 1|shos_rpc_inst.c:230     Switch.Set via MQTT 
"
2026-04-22T15:34:58,shellyazplug-node/status/switch:0,199,"{""id"":0, ""source"":""MQTT"", ""output"":true, ""apower"":0.0, ""voltage"":230.6, ""freq"":50.0, ""current"":0.000, ""aenergy"":{""total"""
2026-04-22T15:34:58,shellyazplug-node/events/rpc,167,"{""src"":""shellyazplug-e4b323337220"",""dst"":""shellyazplug-node/events"",""method"":""NotifyStatus"",""params"":{""ts"":30631.01,""swi"
2026-04-22T15:34:58,shellyazplug-node/debug/log,132,"shellyazplug-e4b323337220 304 30631.030 1|shelly_notification:163 Status change of switch:0: {""id"":0,""output"":true,""sour"
2026-04-22T15:34:58,shellyazplug-node/rpc,86,"{""id"": 1, ""src"": ""attacker"", ""method"": ""Switch.Set"", ""params"": {""id"": 0, ""on"": false}}"
2026-04-22T15:34:58,attacker/rpc,84,"{""id"":1,""src"":""shellyazplug-e4b323337220"",""dst"":""attacker"",""result"":{""was_on"":true}}"
2026-04-22T15:34:58,shellyazplug-node/debug/log,87,"shellyazplug-e4b323337220 305 30631.515 1|shos_rpc_inst.c:230     Switch.Set via MQTT 
"
2026-04-22T15:34:58,shellyazplug-node/status/switch:0,200,"{""id"":0, ""source"":""MQTT"", ""output"":false, ""apower"":0.0, ""voltage"":230.6, ""freq"":50.0, ""current"":0.000, ""aenergy"":{""total"
2026-04-22T15:34:58,shellyazplug-node/events/rpc,191,"{""src"":""shellyazplug-e4b323337220"",""dst"":""shellyazplug-node/events"",""method"":""NotifyStatus"",""params"":{""ts"":30631.51,""swi"
2026-04-22T15:34:58,shellyazplug-node/debug/log,156,"shellyazplug-e4b323337220 306 30631.534 1|shelly_notification:163 Status change of switch:0: {""id"":0,""apower"":0,""current"
2026-04-22T15:34:59,shellyazplug-node/rpc,85,"{""id"": 1, ""src"": ""attacker"", ""method"": ""Switch.Set"", ""params"": {""id"": 0, ""on"": true}}"
2026-04-22T15:34:59,attacker/rpc,85,"{""id"":1,""src"":""shellyazplug-e4b323337220"",""dst"":""attacker"",""result"":{""was_on"":false}}"
2026-04-22T15:34:59,shellyazplug-node/debug/log,87,"shellyazplug-e4b323337220 307 30632.023 1|shos_rpc_inst.c:230     Switch.Set via MQTT 
"
2026-04-22T15:34:59,shellyazplug-node/status/switch:0,199,"{""id"":0, ""source"":""MQTT"", ""output"":true, ""apower"":0.0, ""voltage"":230.6, ""freq"":50.0, ""current"":0.000, ""aenergy"":{""total"""
2026-04-22T15:34:59,shellyazplug-node/events/rpc,167,"{""src"":""shellyazplug-e4b323337220"",""dst"":""shellyazplug-node/events"",""method"":""NotifyStatus"",""params"":{""ts"":30632.02,""swi"
2026-04-22T15:34:59,shellyazplug-node/debug/log,132,"shellyazplug-e4b323337220 308 30632.039 1|shelly_notification:163 Status change of switch:0: {""id"":0,""output"":true,""sour"
2026-04-22T15:34:59,shellyazplug-node/rpc,86,"{""id"": 1, ""src"": ""attacker"", ""method"": ""Switch.Set"", ""params"": {""id"": 0, ""on"": false}}"
2026-04-22T15:34:59,attacker/rpc,84,"{""id"":1,""src"":""shellyazplug-e4b323337220"",""dst"":""attacker"",""result"":{""was_on"":true}}"
2026-04-22T15:34:59,shellyazplug-node/debug/log,87,"shellyazplug-e4b323337220 309 30632.527 1|shos_rpc_inst.c:230     Switch.Set via MQTT 
"
2026-04-22T15:34:59,shellyazplug-node/status/switch:0,200,"{""id"":0, ""source"":""MQTT"", ""output"":false, ""apower"":0.0, ""voltage"":230.6, ""freq"":50.0, ""current"":0.000, ""aenergy"":{""total"
2026-04-22T15:34:59,shellyazplug-node/events/rpc,191,"{""src"":""shellyazplug-e4b323337220"",""dst"":""shellyazplug-node/events"",""method"":""NotifyStatus"",""params"":{""ts"":30632.52,""swi"
2026-04-22T15:34:59,shellyazplug-node/debug/log,156,"shellyazplug-e4b323337220 310 30632.545 1|shelly_notification:163 Status change of switch:0: {""id"":0,""apower"":0,""current"
2026-04-22T15:35:00,shellyazplug-node/rpc,85,"{""id"": 1, ""src"": ""attacker"", ""method"": ""Switch.Set"", ""params"": {""id"": 0, ""on"": true}}"
2026-04-22T15:35:00,attacker/rpc,85,"{""id"":1,""src"":""shellyazplug-e4b323337220"",""dst"":""attacker"",""result"":{""was_on"":false}}"
2026-04-22T15:35:00,shellyazplug-node/debug/log,87,"shellyazplug-e4b323337220 311 30633.033 1|shos_rpc_inst.c:230     Switch.Set via MQTT 
"
2026-04-22T15:35:00,shellyazplug-node/status/switch:0,199,"{""id"":0, ""source"":""MQTT"", ""output"":true, ""apower"":0.0, ""voltage"":230.6, ""freq"":50.0, ""current"":0.000, ""aenergy"":{""total"""
2026-04-22T15:35:00,shellyazplug-node/events/rpc,167,"{""src"":""shellyazplug-e4b323337220"",""dst"":""shellyazplug-node/events"",""method"":""NotifyStatus"",""params"":{""ts"":30633.03,""swi"
2026-04-22T15:35:00,shellyazplug-node/debug/log,132,"shellyazplug-e4b323337220 312 30633.050 1|shelly_notification:163 Status change of switch:0: {""id"":0,""output"":true,""sour"
2026-04-22T15:35:00,shellyazplug-node/rpc,86,"{""id"": 1, ""src"": ""attacker"", ""method"": ""Switch.Set"", ""params"": {""id"": 0, ""on"": false}}"
2026-04-22T15:35:00,attacker/rpc,84,"{""id"":1,""src"":""shellyazplug-e4b323337220"",""dst"":""attacker"",""result"":{""was_on"":true}}"
2026-04-22T15:35:00,shellyazplug-node/debug/log,87,"shellyazplug-e4b323337220 313 30633.528 1|shos_rpc_inst.c:230     Switch.Set via MQTT 
"
2026-04-22T15:35:00,shellyazplug-node/status/switch:0,200,"{""id"":0, ""source"":""MQTT"", ""output"":false, ""apower"":0.0, ""voltage"":230.6, ""freq"":50.0, ""current"":0.000, ""aenergy"":{""total"
2026-04-22T15:35:00,shellyazplug-node/events/rpc,191,"{""src"":""shellyazplug-e4b323337220"",""dst"":""shellyazplug-node/events"",""method"":""NotifyStatus"",""params"":{""ts"":30633.52,""swi"
2026-04-22T15:35:00,shellyazplug-node/debug/log,156,"shellyazplug-e4b323337220 314 30633.546 1|shelly_notification:163 Status change of switch:0: {""id"":0,""apower"":0,""current"
2026-04-22T15:35:01,shellyazplug-node/rpc,85,"{""id"": 1, ""src"": ""attacker"", ""method"": ""Switch.Set"", ""params"": {""id"": 0, ""on"": true}}"
2026-04-22T15:35:01,attacker/rpc,85,"{""id"":1,""src"":""shellyazplug-e4b323337220"",""dst"":""attacker"",""result"":{""was_on"":false}}"
2026-04-22T15:35:01,shellyazplug-node/debug/log,87,"shellyazplug-e4b323337220 315 30634.028 1|shos_rpc_inst.c:230     Switch.Set via MQTT 
"
2026-04-22T15:35:01,shellyazplug-node/status/switch:0,199,"{""id"":0, ""source"":""MQTT"", ""output"":true, ""apower"":0.0, ""voltage"":230.6, ""freq"":50.0, ""current"":0.000, ""aenergy"":{""total"""
2026-04-22T15:35:01,shellyazplug-node/events/rpc,167,"{""src"":""shellyazplug-e4b323337220"",""dst"":""shellyazplug-node/events"",""method"":""NotifyStatus"",""params"":{""ts"":30634.03,""swi"
2026-04-22T15:35:01,shellyazplug-node/debug/log,132,"shellyazplug-e4b323337220 316 30634.045 1|shelly_notification:163 Status change of switch:0: {""id"":0,""output"":true,""sour"
2026-04-22T15:35:01,shellyazplug-node/rpc,86,"{""id"": 1, ""src"": ""attacker"", ""method"": ""Switch.Set"", ""params"": {""id"": 0, ""on"": false}}"
2026-04-22T15:35:01,attacker/rpc,84,"{""id"":1,""src"":""shellyazplug-e4b323337220"",""dst"":""attacker"",""result"":{""was_on"":true}}"
2026-04-22T15:35:01,shellyazplug-node/debug/log,87,"shellyazplug-e4b323337220 317 30634.529 1|shos_rpc_inst.c:230     Switch.Set via MQTT 
"
2026-04-22T15:35:01,shellyazplug-node/status/switch:0,200,"{""id"":0, ""source"":""MQTT"", ""output"":false, ""apower"":0.0, ""voltage"":230.6, ""freq"":50.0, ""current"":0.000, ""aenergy"":{""total"
2026-04-22T15:35:01,shellyazplug-node/events/rpc,191,"{""src"":""shellyazplug-e4b323337220"",""dst"":""shellyazplug-node/events"",""method"":""NotifyStatus"",""params"":{""ts"":30634.53,""swi"
2026-04-22T15:35:01,shellyazplug-node/debug/log,156,"shellyazplug-e4b323337220 318 30634.548 1|shelly_notification:163 Status change of switch:0: {""id"":0,""apower"":0,""current"
2026-04-22T15:35:02,shellyazplug-node/rpc,85,"{""id"": 1, ""src"": ""attacker"", ""method"": ""Switch.Set"", ""params"": {""id"": 0, ""on"": true}}"
2026-04-22T15:35:02,attacker/rpc,85,"{""id"":1,""src"":""shellyazplug-e4b323337220"",""dst"":""attacker"",""result"":{""was_on"":false}}"
2026-04-22T15:35:02,shellyazplug-node/debug/log,87,"shellyazplug-e4b323337220 319 30635.030 1|shos_rpc_inst.c:230     Switch.Set via MQTT 
"
2026-04-22T15:35:02,shellyazplug-node/status/switch:0,199,"{""id"":0, ""source"":""MQTT"", ""output"":true, ""apower"":0.0, ""voltage"":230.7, ""freq"":50.0, ""current"":0.000, ""aenergy"":{""total"""
2026-04-22T15:35:02,shellyazplug-node/events/rpc,167,"{""src"":""shellyazplug-e4b323337220"",""dst"":""shellyazplug-node/events"",""method"":""NotifyStatus"",""params"":{""ts"":30635.03,""swi"
2026-04-22T15:35:02,shellyazplug-node/debug/log,132,"shellyazplug-e4b323337220 320 30635.046 1|shelly_notification:163 Status change of switch:0: {""id"":0,""output"":true,""sour"
2026-04-22T15:35:02,shellyazplug-node/rpc,86,"{""id"": 1, ""src"": ""attacker"", ""method"": ""Switch.Set"", ""params"": {""id"": 0, ""on"": false}}"
2026-04-22T15:35:02,attacker/rpc,84,"{""id"":1,""src"":""shellyazplug-e4b323337220"",""dst"":""attacker"",""result"":{""was_on"":true}}"
2026-04-22T15:35:02,shellyazplug-node/debug/log,87,"shellyazplug-e4b323337220 321 30635.530 1|shos_rpc_inst.c:230     Switch.Set via MQTT 
"
2026-04-22T15:35:02,shellyazplug-node/status/switch:0,200,"{""id"":0, ""source"":""MQTT"", ""output"":false, ""apower"":0.0, ""voltage"":230.7, ""freq"":50.0, ""current"":0.000, ""aenergy"":{""total"
2026-04-22T15:35:02,shellyazplug-node/events/rpc,191,"{""src"":""shellyazplug-e4b323337220"",""dst"":""shellyazplug-node/events"",""method"":""NotifyStatus"",""params"":{""ts"":30635.53,""swi"
2026-04-22T15:35:02,shellyazplug-node/debug/log,156,"shellyazplug-e4b323337220 322 30635.549 1|shelly_notification:163 Status change of switch:0: {""id"":0,""apower"":0,""current"
2026-04-22T15:35:03,iot/mq/debug,50,[0;36m[D][sensor:124]: 'Gas Sensor' >> 0.55 V[0m
2026-04-22T15:35:03,iot/mq/sensor/gas_sensor/state,4,0.55
2026-04-22T15:35:03,shellyazplug-node/rpc,85,"{""id"": 1, ""src"": ""attacker"", ""method"": ""Switch.Set"", ""params"": {""id"": 0, ""on"": true}}"
2026-04-22T15:35:03,attacker/rpc,85,"{""id"":1,""src"":""shellyazplug-e4b323337220"",""dst"":""attacker"",""result"":{""was_on"":false}}"
2026-04-22T15:35:03,shellyazplug-node/debug/log,87,"shellyazplug-e4b323337220 323 30636.030 1|shos_rpc_inst.c:230     Switch.Set via MQTT 
"
2026-04-22T15:35:03,shellyazplug-node/status/switch:0,199,"{""id"":0, ""source"":""MQTT"", ""output"":true, ""apower"":0.0, ""voltage"":230.5, ""freq"":50.0, ""current"":0.000, ""aenergy"":{""total"""
2026-04-22T15:35:03,shellyazplug-node/events/rpc,167,"{""src"":""shellyazplug-e4b323337220"",""dst"":""shellyazplug-node/events"",""method"":""NotifyStatus"",""params"":{""ts"":30636.03,""swi"
2026-04-22T15:35:03,shellyazplug-node/debug/log,132,"shellyazplug-e4b323337220 324 30636.047 1|shelly_notification:163 Status change of switch:0: {""id"":0,""output"":true,""sour"
2026-04-22T15:35:03,shellyazplug-node/rpc,86,"{""id"": 1, ""src"": ""attacker"", ""method"": ""Switch.Set"", ""params"": {""id"": 0, ""on"": false}}"
2026-04-22T15:35:03,attacker/rpc,84,"{""id"":1,""src"":""shellyazplug-e4b323337220"",""dst"":""attacker"",""result"":{""was_on"":true}}"
2026-04-22T15:35:03,shellyazplug-node/debug/log,87,"shellyazplug-e4b323337220 325 30636.531 1|shos_rpc_inst.c:230     Switch.Set via MQTT 
"
2026-04-22T15:35:03,shellyazplug-node/status/switch:0,200,"{""id"":0, ""source"":""MQTT"", ""output"":false, ""apower"":0.0, ""voltage"":230.5, ""freq"":50.0, ""current"":0.000, ""aenergy"":{""total"
2026-04-22T15:35:03,shellyazplug-node/events/rpc,191,"{""src"":""shellyazplug-e4b323337220"",""dst"":""shellyazplug-node/events"",""method"":""NotifyStatus"",""params"":{""ts"":30636.53,""swi"
2026-04-22T15:35:03,shellyazplug-node/debug/log,156,"shellyazplug-e4b323337220 326 30636.549 1|shelly_notification:163 Status change of switch:0: {""id"":0,""apower"":0,""current"
2026-04-22T15:35:04,shellyazplug-node/rpc,85,"{""id"": 1, ""src"": ""attacker"", ""method"": ""Switch.Set"", ""params"": {""id"": 0, ""on"": true}}"
2026-04-22T15:35:04,attacker/rpc,85,"{""id"":1,""src"":""shellyazplug-e4b323337220"",""dst"":""attacker"",""result"":{""was_on"":false}}"
2026-04-22T15:35:04,shellyazplug-node/debug/log,87,"shellyazplug-e4b323337220 327 30637.033 1|shos_rpc_inst.c:230     Switch.Set via MQTT 
"
2026-04-22T15:35:04,shellyazplug-node/status/switch:0,199,"{""id"":0, ""source"":""MQTT"", ""output"":true, ""apower"":0.0, ""voltage"":230.5, ""freq"":50.0, ""current"":0.000, ""aenergy"":{""total"""
2026-04-22T15:35:04,shellyazplug-node/events/rpc,167,"{""src"":""shellyazplug-e4b323337220"",""dst"":""shellyazplug-node/events"",""method"":""NotifyStatus"",""params"":{""ts"":30637.03,""swi"
2026-04-22T15:35:04,shellyazplug-node/debug/log,132,"shellyazplug-e4b323337220 328 30637.050 1|shelly_notification:163 Status change of switch:0: {""id"":0,""output"":true,""sour"
2026-04-22T15:35:04,shellyazplug-node/rpc,86,"{""id"": 1, ""src"": ""attacker"", ""method"": ""Switch.Set"", ""params"": {""id"": 0, ""on"": false}}"
2026-04-22T15:35:04,attacker/rpc,84,"{""id"":1,""src"":""shellyazplug-e4b323337220"",""dst"":""attacker"",""result"":{""was_on"":true}}"
2026-04-22T15:35:04,shellyazplug-node/debug/log,87,"shellyazplug-e4b323337220 329 30637.536 1|shos_rpc_inst.c:230     Switch.Set via MQTT 
"
2026-04-22T15:35:04,shellyazplug-node/status/switch:0,200,"{""id"":0, ""source"":""MQTT"", ""output"":false, ""apower"":0.0, ""voltage"":230.5, ""freq"":50.0, ""current"":0.000, ""aenergy"":{""total"
2026-04-22T15:35:04,shellyazplug-node/events/rpc,191,"{""src"":""shellyazplug-e4b323337220"",""dst"":""shellyazplug-node/events"",""method"":""NotifyStatus"",""params"":{""ts"":30637.53,""swi"
2026-04-22T15:35:04,shellyazplug-node/debug/log,156,"shellyazplug-e4b323337220 330 30637.555 1|shelly_notification:163 Status change of switch:0: {""id"":0,""apower"":0,""current"
2026-04-22T15:35:05,iot/dht11/debug,59,[0;36m[D][dht:048]: Temperature 24.8°C Humidity 39.0%[0m
2026-04-22T15:35:05,iot/dht11/debug,53,[0;36m[D][sensor:124]: 'Temperature' >> 24.8 °C[0m
2026-04-22T15:35:05,iot/dht11/sensor/temperature/state,4,24.8
2026-04-22T15:35:05,iot/dht11/debug,46,[0;36m[D][sensor:124]: 'Humidity' >> 39 %[0m
2026-04-22T15:35:05,iot/dht11/sensor/humidity/state,2,39
2026-04-22T15:35:05,shellyazplug-node/rpc,85,"{""id"": 1, ""src"": ""attacker"", ""method"": ""Switch.Set"", ""params"": {""id"": 0, ""on"": true}}"
2026-04-22T15:35:05,attacker/rpc,85,"{""id"":1,""src"":""shellyazplug-e4b323337220"",""dst"":""attacker"",""result"":{""was_on"":false}}"
2026-04-22T15:35:05,shellyazplug-node/debug/log,87,"shellyazplug-e4b323337220 331 30638.033 1|shos_rpc_inst.c:230     Switch.Set via MQTT 
"
2026-04-22T15:35:05,shellyazplug-node/status/switch:0,199,"{""id"":0, ""source"":""MQTT"", ""output"":true, ""apower"":0.0, ""voltage"":230.5, ""freq"":50.0, ""current"":0.000, ""aenergy"":{""total"""
2026-04-22T15:35:05,shellyazplug-node/events/rpc,167,"{""src"":""shellyazplug-e4b323337220"",""dst"":""shellyazplug-node/events"",""method"":""NotifyStatus"",""params"":{""ts"":30638.03,""swi"
2026-04-22T15:35:05,shellyazplug-node/debug/log,132,"shellyazplug-e4b323337220 332 30638.050 1|shelly_notification:163 Status change of switch:0: {""id"":0,""output"":true,""sour"
2026-04-22T15:35:05,shellyazplug-node/rpc,86,"{""id"": 1, ""src"": ""attacker"", ""method"": ""Switch.Set"", ""params"": {""id"": 0, ""on"": false}}"
2026-04-22T15:35:05,attacker/rpc,84,"{""id"":1,""src"":""shellyazplug-e4b323337220"",""dst"":""attacker"",""result"":{""was_on"":true}}"
2026-04-22T15:35:05,shellyazplug-node/debug/log,87,"shellyazplug-e4b323337220 333 30638.534 1|shos_rpc_inst.c:230     Switch.Set via MQTT 
"
2026-04-22T15:35:05,shellyazplug-node/status/switch:0,200,"{""id"":0, ""source"":""MQTT"", ""output"":false, ""apower"":0.0, ""voltage"":230.5, ""freq"":50.0, ""current"":0.000, ""aenergy"":{""total"
2026-04-22T15:35:05,shellyazplug-node/events/rpc,191,"{""src"":""shellyazplug-e4b323337220"",""dst"":""shellyazplug-node/events"",""method"":""NotifyStatus"",""params"":{""ts"":30638.53,""swi"
2026-04-22T15:35:05,shellyazplug-node/debug/log,156,"shellyazplug-e4b323337220 334 30638.553 1|shelly_notification:163 Status change of switch:0: {""id"":0,""apower"":0,""current"
2026-04-22T15:35:06,shellyazplug-node/rpc,85,"{""id"": 1, ""src"": ""attacker"", ""method"": ""Switch.Set"", ""params"": {""id"": 0, ""on"": true}}"
2026-04-22T15:35:06,attacker/rpc,85,"{""id"":1,""src"":""shellyazplug-e4b323337220"",""dst"":""attacker"",""result"":{""was_on"":false}}"
2026-04-22T15:35:06,shellyazplug-node/debug/log,87,"shellyazplug-e4b323337220 335 30639.035 1|shos_rpc_inst.c:230     Switch.Set via MQTT 
"
2026-04-22T15:35:06,shellyazplug-node/status/switch:0,199,"{""id"":0, ""source"":""MQTT"", ""output"":true, ""apower"":0.0, ""voltage"":230.5, ""freq"":50.0, ""current"":0.000, ""aenergy"":{""total"""
2026-04-22T15:35:06,shellyazplug-node/events/rpc,167,"{""src"":""shellyazplug-e4b323337220"",""dst"":""shellyazplug-node/events"",""method"":""NotifyStatus"",""params"":{""ts"":30639.03,""swi"
2026-04-22T15:35:06,shellyazplug-node/debug/log,132,"shellyazplug-e4b323337220 336 30639.052 1|shelly_notification:163 Status change of switch:0: {""id"":0,""output"":true,""sour"
2026-04-22T15:35:06,shellyazplug-node/rpc,86,"{""id"": 1, ""src"": ""attacker"", ""method"": ""Switch.Set"", ""params"": {""id"": 0, ""on"": false}}"
2026-04-22T15:35:06,attacker/rpc,84,"{""id"":1,""src"":""shellyazplug-e4b323337220"",""dst"":""attacker"",""result"":{""was_on"":true}}"
2026-04-22T15:35:06,shellyazplug-node/debug/log,87,"shellyazplug-e4b323337220 337 30639.541 1|shos_rpc_inst.c:230     Switch.Set via MQTT 
"
2026-04-22T15:35:06,shellyazplug-node/status/switch:0,200,"{""id"":0, ""source"":""MQTT"", ""output"":false, ""apower"":0.0, ""voltage"":230.5, ""freq"":50.0, ""current"":0.000, ""aenergy"":{""total"
2026-04-22T15:35:06,shellyazplug-node/events/rpc,191,"{""src"":""shellyazplug-e4b323337220"",""dst"":""shellyazplug-node/events"",""method"":""NotifyStatus"",""params"":{""ts"":30639.54,""swi"
2026-04-22T15:35:06,shellyazplug-node/debug/log,156,"shellyazplug-e4b323337220 338 30639.560 1|shelly_notification:163 Status change of switch:0: {""id"":0,""apower"":0,""current"
2026-04-22T15:35:07,shellyazplug-node/rpc,85,"{""id"": 1, ""src"": ""attacker"", ""method"": ""Switch.Set"", ""params"": {""id"": 0, ""on"": true}}"
2026-04-22T15:35:07,attacker/rpc,85,"{""id"":1,""src"":""shellyazplug-e4b323337220"",""dst"":""attacker"",""result"":{""was_on"":false}}"
2026-04-22T15:35:07,shellyazplug-node/debug/log,87,"shellyazplug-e4b323337220 339 30640.036 1|shos_rpc_inst.c:230     Switch.Set via MQTT 
"
2026-04-22T15:35:07,shellyazplug-node/status/switch:0,199,"{""id"":0, ""source"":""MQTT"", ""output"":true, ""apower"":0.0, ""voltage"":230.5, ""freq"":50.0, ""current"":0.000, ""aenergy"":{""total"""
2026-04-22T15:35:07,shellyazplug-node/events/rpc,167,"{""src"":""shellyazplug-e4b323337220"",""dst"":""shellyazplug-node/events"",""method"":""NotifyStatus"",""params"":{""ts"":30640.03,""swi"
2026-04-22T15:35:07,shellyazplug-node/debug/log,132,"shellyazplug-e4b323337220 340 30640.052 1|shelly_notification:163 Status change of switch:0: {""id"":0,""output"":true,""sour"
2026-04-22T15:35:07,shellyazplug-node/rpc,86,"{""id"": 1, ""src"": ""attacker"", ""method"": ""Switch.Set"", ""params"": {""id"": 0, ""on"": false}}"
2026-04-22T15:35:07,attacker/rpc,84,"{""id"":1,""src"":""shellyazplug-e4b323337220"",""dst"":""attacker"",""result"":{""was_on"":true}}"
2026-04-22T15:35:07,shellyazplug-node/debug/log,87,"shellyazplug-e4b323337220 341 30640.537 1|shos_rpc_inst.c:230     Switch.Set via MQTT 
"
2026-04-22T15:35:07,shellyazplug-node/status/switch:0,200,"{""id"":0, ""source"":""MQTT"", ""output"":false, ""apower"":0.0, ""voltage"":230.5, ""freq"":50.0, ""current"":0.000, ""aenergy"":{""total"
2026-04-22T15:35:07,shellyazplug-node/events/rpc,191,"{""src"":""shellyazplug-e4b323337220"",""dst"":""shellyazplug-node/events"",""method"":""NotifyStatus"",""params"":{""ts"":30640.53,""swi"
2026-04-22T15:35:07,shellyazplug-node/debug/log,156,"shellyazplug-e4b323337220 342 30640.555 1|shelly_notification:163 Status change of switch:0: {""id"":0,""apower"":0,""current"
2026-04-22T15:35:08,iot/mq/debug,50,[0;36m[D][sensor:124]: 'Gas Sensor' >> 0.55 V[0m
2026-04-22T15:35:08,iot/mq/sensor/gas_sensor/state,4,0.55
2026-04-22T15:35:08,shellyazplug-node/rpc,85,"{""id"": 1, ""src"": ""attacker"", ""method"": ""Switch.Set"", ""params"": {""id"": 0, ""on"": true}}"
2026-04-22T15:35:08,attacker/rpc,85,"{""id"":1,""src"":""shellyazplug-e4b323337220"",""dst"":""attacker"",""result"":{""was_on"":false}}"
2026-04-22T15:35:08,shellyazplug-node/debug/log,87,"shellyazplug-e4b323337220 343 30641.038 1|shos_rpc_inst.c:230     Switch.Set via MQTT 
"
2026-04-22T15:35:08,shellyazplug-node/status/switch:0,199,"{""id"":0, ""source"":""MQTT"", ""output"":true, ""apower"":0.0, ""voltage"":230.6, ""freq"":50.0, ""current"":0.000, ""aenergy"":{""total"""
2026-04-22T15:35:08,shellyazplug-node/events/rpc,167,"{""src"":""shellyazplug-e4b323337220"",""dst"":""shellyazplug-node/events"",""method"":""NotifyStatus"",""params"":{""ts"":30641.03,""swi"
2026-04-22T15:35:08,shellyazplug-node/debug/log,132,"shellyazplug-e4b323337220 344 30641.054 1|shelly_notification:163 Status change of switch:0: {""id"":0,""output"":true,""sour"
2026-04-22T15:35:08,shellyazplug-node/rpc,86,"{""id"": 1, ""src"": ""attacker"", ""method"": ""Switch.Set"", ""params"": {""id"": 0, ""on"": false}}"
2026-04-22T15:35:08,attacker/rpc,84,"{""id"":1,""src"":""shellyazplug-e4b323337220"",""dst"":""attacker"",""result"":{""was_on"":true}}"
2026-04-22T15:35:08,shellyazplug-node/debug/log,87,"shellyazplug-e4b323337220 345 30641.539 1|shos_rpc_inst.c:230     Switch.Set via MQTT 
"
2026-04-22T15:35:08,shellyazplug-node/status/switch:0,200,"{""id"":0, ""source"":""MQTT"", ""output"":false, ""apower"":0.0, ""voltage"":230.6, ""freq"":50.0, ""current"":0.000, ""aenergy"":{""total"
2026-04-22T15:35:08,shellyazplug-node/events/rpc,191,"{""src"":""shellyazplug-e4b323337220"",""dst"":""shellyazplug-node/events"",""method"":""NotifyStatus"",""params"":{""ts"":30641.54,""swi"
2026-04-22T15:35:08,shellyazplug-node/debug/log,156,"shellyazplug-e4b323337220 346 30641.557 1|shelly_notification:163 Status change of switch:0: {""id"":0,""apower"":0,""current"
2026-04-22T15:35:09,shellyazplug-node/rpc,85,"{""id"": 1, ""src"": ""attacker"", ""method"": ""Switch.Set"", ""params"": {""id"": 0, ""on"": true}}"
2026-04-22T15:35:09,attacker/rpc,85,"{""id"":1,""src"":""shellyazplug-e4b323337220"",""dst"":""attacker"",""result"":{""was_on"":false}}"
2026-04-22T15:35:09,shellyazplug-node/debug/log,87,"shellyazplug-e4b323337220 347 30642.042 1|shos_rpc_inst.c:230     Switch.Set via MQTT 
"
2026-04-22T15:35:09,shellyazplug-node/status/switch:0,199,"{""id"":0, ""source"":""MQTT"", ""output"":true, ""apower"":0.0, ""voltage"":230.5, ""freq"":50.0, ""current"":0.000, ""aenergy"":{""total"""
2026-04-22T15:35:09,shellyazplug-node/events/rpc,167,"{""src"":""shellyazplug-e4b323337220"",""dst"":""shellyazplug-node/events"",""method"":""NotifyStatus"",""params"":{""ts"":30642.04,""swi"
2026-04-22T15:35:09,shellyazplug-node/debug/log,132,"shellyazplug-e4b323337220 348 30642.058 1|shelly_notification:163 Status change of switch:0: {""id"":0,""output"":true,""sour"
2026-04-22T15:35:09,shellyazplug-node/rpc,86,"{""id"": 1, ""src"": ""attacker"", ""method"": ""Switch.Set"", ""params"": {""id"": 0, ""on"": false}}"
2026-04-22T15:35:09,attacker/rpc,84,"{""id"":1,""src"":""shellyazplug-e4b323337220"",""dst"":""attacker"",""result"":{""was_on"":true}}"
2026-04-22T15:35:09,shellyazplug-node/debug/log,87,"shellyazplug-e4b323337220 349 30642.540 1|shos_rpc_inst.c:230     Switch.Set via MQTT 
"
2026-04-22T15:35:09,shellyazplug-node/status/switch:0,200,"{""id"":0, ""source"":""MQTT"", ""output"":false, ""apower"":0.0, ""voltage"":230.5, ""freq"":50.0, ""current"":0.000, ""aenergy"":{""total"
2026-04-22T15:35:09,shellyazplug-node/events/rpc,191,"{""src"":""shellyazplug-e4b323337220"",""dst"":""shellyazplug-node/events"",""method"":""NotifyStatus"",""params"":{""ts"":30642.54,""swi"
2026-04-22T15:35:09,shellyazplug-node/debug/log,156,"shellyazplug-e4b323337220 350 30642.558 1|shelly_notification:163 Status change of switch:0: {""id"":0,""apower"":0,""current"
2026-04-22T15:35:10,shellyazplug-node/rpc,85,"{""id"": 1, ""src"": ""attacker"", ""method"": ""Switch.Set"", ""params"": {""id"": 0, ""on"": true}}"
2026-04-22T15:35:10,attacker/rpc,85,"{""id"":1,""src"":""shellyazplug-e4b323337220"",""dst"":""attacker"",""result"":{""was_on"":false}}"
2026-04-22T15:35:10,shellyazplug-node/debug/log,87,"shellyazplug-e4b323337220 351 30643.040 1|shos_rpc_inst.c:230     Switch.Set via MQTT 
"
2026-04-22T15:35:10,shellyazplug-node/status/switch:0,199,"{""id"":0, ""source"":""MQTT"", ""output"":true, ""apower"":0.0, ""voltage"":230.3, ""freq"":50.0, ""current"":0.000, ""aenergy"":{""total"""
2026-04-22T15:35:10,shellyazplug-node/events/rpc,167,"{""src"":""shellyazplug-e4b323337220"",""dst"":""shellyazplug-node/events"",""method"":""NotifyStatus"",""params"":{""ts"":30643.04,""swi"
2026-04-22T15:35:10,shellyazplug-node/debug/log,132,"shellyazplug-e4b323337220 352 30643.056 1|shelly_notification:163 Status change of switch:0: {""id"":0,""output"":true,""sour"
2026-04-22T15:35:10,shellyazplug-node/rpc,86,"{""id"": 1, ""src"": ""attacker"", ""method"": ""Switch.Set"", ""params"": {""id"": 0, ""on"": false}}"
2026-04-22T15:35:10,attacker/rpc,84,"{""id"":1,""src"":""shellyazplug-e4b323337220"",""dst"":""attacker"",""result"":{""was_on"":true}}"
2026-04-22T15:35:10,shellyazplug-node/debug/log,87,"shellyazplug-e4b323337220 353 30643.541 1|shos_rpc_inst.c:230     Switch.Set via MQTT 
"
2026-04-22T15:35:10,shellyazplug-node/status/switch:0,200,"{""id"":0, ""source"":""MQTT"", ""output"":false, ""apower"":0.0, ""voltage"":230.3, ""freq"":50.0, ""current"":0.000, ""aenergy"":{""total"
2026-04-22T15:35:10,shellyazplug-node/events/rpc,191,"{""src"":""shellyazplug-e4b323337220"",""dst"":""shellyazplug-node/events"",""method"":""NotifyStatus"",""params"":{""ts"":30643.54,""swi"
2026-04-22T15:35:10,shellyazplug-node/debug/log,156,"shellyazplug-e4b323337220 354 30643.560 1|shelly_notification:163 Status change of switch:0: {""id"":0,""apower"":0,""current"
2026-04-22T15:35:11,shellyazplug-node/rpc,85,"{""id"": 1, ""src"": ""attacker"", ""method"": ""Switch.Set"", ""params"": {""id"": 0, ""on"": true}}"
2026-04-22T15:35:11,attacker/rpc,85,"{""id"":1,""src"":""shellyazplug-e4b323337220"",""dst"":""attacker"",""result"":{""was_on"":false}}"
2026-04-22T15:35:11,shellyazplug-node/debug/log,87,"shellyazplug-e4b323337220 355 30644.041 1|shos_rpc_inst.c:230     Switch.Set via MQTT 
"
2026-04-22T15:35:11,shellyazplug-node/status/switch:0,199,"{""id"":0, ""source"":""MQTT"", ""output"":true, ""apower"":0.0, ""voltage"":230.0, ""freq"":50.0, ""current"":0.000, ""aenergy"":{""total"""
2026-04-22T15:35:11,shellyazplug-node/events/rpc,167,"{""src"":""shellyazplug-e4b323337220"",""dst"":""shellyazplug-node/events"",""method"":""NotifyStatus"",""params"":{""ts"":30644.04,""swi"
2026-04-22T15:35:11,shellyazplug-node/debug/log,132,"shellyazplug-e4b323337220 356 30644.058 1|shelly_notification:163 Status change of switch:0: {""id"":0,""output"":true,""sour"
2026-04-22T15:35:11,shellyazplug-node/rpc,86,"{""id"": 1, ""src"": ""attacker"", ""method"": ""Switch.Set"", ""params"": {""id"": 0, ""on"": false}}"
2026-04-22T15:35:11,attacker/rpc,84,"{""id"":1,""src"":""shellyazplug-e4b323337220"",""dst"":""attacker"",""result"":{""was_on"":true}}"
2026-04-22T15:35:11,shellyazplug-node/debug/log,87,"shellyazplug-e4b323337220 357 30644.542 1|shos_rpc_inst.c:230     Switch.Set via MQTT 
"
2026-04-22T15:35:11,shellyazplug-node/status/switch:0,200,"{""id"":0, ""source"":""MQTT"", ""output"":false, ""apower"":0.0, ""voltage"":230.0, ""freq"":50.0, ""current"":0.000, ""aenergy"":{""total"
2026-04-22T15:35:11,shellyazplug-node/events/rpc,191,"{""src"":""shellyazplug-e4b323337220"",""dst"":""shellyazplug-node/events"",""method"":""NotifyStatus"",""params"":{""ts"":30644.54,""swi"
2026-04-22T15:35:11,shellyazplug-node/debug/log,156,"shellyazplug-e4b323337220 358 30644.561 1|shelly_notification:163 Status change of switch:0: {""id"":0,""apower"":0,""current"
2026-04-22T15:35:12,shellyazplug-node/rpc,85,"{""id"": 1, ""src"": ""attacker"", ""method"": ""Switch.Set"", ""params"": {""id"": 0, ""on"": true}}"
2026-04-22T15:35:12,attacker/rpc,85,"{""id"":1,""src"":""shellyazplug-e4b323337220"",""dst"":""attacker"",""result"":{""was_on"":false}}"
2026-04-22T15:35:12,shellyazplug-node/debug/log,87,"shellyazplug-e4b323337220 359 30645.043 1|shos_rpc_inst.c:230     Switch.Set via MQTT 
"
2026-04-22T15:35:12,shellyazplug-node/status/switch:0,199,"{""id"":0, ""source"":""MQTT"", ""output"":true, ""apower"":0.0, ""voltage"":230.1, ""freq"":50.0, ""current"":0.000, ""aenergy"":{""total"""
2026-04-22T15:35:12,shellyazplug-node/events/rpc,167,"{""src"":""shellyazplug-e4b323337220"",""dst"":""shellyazplug-node/events"",""method"":""NotifyStatus"",""params"":{""ts"":30645.04,""swi"
2026-04-22T15:35:12,shellyazplug-node/debug/log,132,"shellyazplug-e4b323337220 360 30645.059 1|shelly_notification:163 Status change of switch:0: {""id"":0,""output"":true,""sour"
2026-04-22T15:35:12,shellyazplug-node/rpc,86,"{""id"": 1, ""src"": ""attacker"", ""method"": ""Switch.Set"", ""params"": {""id"": 0, ""on"": false}}"
2026-04-22T15:35:12,attacker/rpc,84,"{""id"":1,""src"":""shellyazplug-e4b323337220"",""dst"":""attacker"",""result"":{""was_on"":true}}"
2026-04-22T15:35:12,shellyazplug-node/debug/log,87,"shellyazplug-e4b323337220 361 30645.544 1|shos_rpc_inst.c:230     Switch.Set via MQTT 
"
2026-04-22T15:35:12,shellyazplug-node/status/switch:0,200,"{""id"":0, ""source"":""MQTT"", ""output"":false, ""apower"":0.0, ""voltage"":230.1, ""freq"":50.0, ""current"":0.000, ""aenergy"":{""total"
2026-04-22T15:35:12,shellyazplug-node/events/rpc,191,"{""src"":""shellyazplug-e4b323337220"",""dst"":""shellyazplug-node/events"",""method"":""NotifyStatus"",""params"":{""ts"":30645.54,""swi"
2026-04-22T15:35:12,shellyazplug-node/debug/log,156,"shellyazplug-e4b323337220 362 30645.562 1|shelly_notification:163 Status change of switch:0: {""id"":0,""apower"":0,""current"
2026-04-22T15:35:13,iot/mq/debug,50,[0;36m[D][sensor:124]: 'Gas Sensor' >> 0.55 V[0m
2026-04-22T15:35:13,iot/mq/sensor/gas_sensor/state,4,0.55
2026-04-22T15:35:13,shellyazplug-node/rpc,85,"{""id"": 1, ""src"": ""attacker"", ""method"": ""Switch.Set"", ""params"": {""id"": 0, ""on"": true}}"
2026-04-22T15:35:13,attacker/rpc,85,"{""id"":1,""src"":""shellyazplug-e4b323337220"",""dst"":""attacker"",""result"":{""was_on"":false}}"
2026-04-22T15:35:13,shellyazplug-node/debug/log,87,"shellyazplug-e4b323337220 363 30646.044 1|shos_rpc_inst.c:230     Switch.Set via MQTT 
"
2026-04-22T15:35:13,shellyazplug-node/status/switch:0,199,"{""id"":0, ""source"":""MQTT"", ""output"":true, ""apower"":0.0, ""voltage"":230.1, ""freq"":50.0, ""current"":0.000, ""aenergy"":{""total"""
2026-04-22T15:35:13,shellyazplug-node/events/rpc,167,"{""src"":""shellyazplug-e4b323337220"",""dst"":""shellyazplug-node/events"",""method"":""NotifyStatus"",""params"":{""ts"":30646.04,""swi"
2026-04-22T15:35:13,shellyazplug-node/debug/log,132,"shellyazplug-e4b323337220 364 30646.061 1|shelly_notification:163 Status change of switch:0: {""id"":0,""output"":true,""sour"
2026-04-22T15:35:13,shellyazplug-node/rpc,86,"{""id"": 1, ""src"": ""attacker"", ""method"": ""Switch.Set"", ""params"": {""id"": 0, ""on"": false}}"
2026-04-22T15:35:13,attacker/rpc,84,"{""id"":1,""src"":""shellyazplug-e4b323337220"",""dst"":""attacker"",""result"":{""was_on"":true}}"
2026-04-22T15:35:13,shellyazplug-node/debug/log,87,"shellyazplug-e4b323337220 365 30646.548 1|shos_rpc_inst.c:230     Switch.Set via MQTT 
"
2026-04-22T15:35:13,shellyazplug-node/status/switch:0,200,"{""id"":0, ""source"":""MQTT"", ""output"":false, ""apower"":0.0, ""voltage"":230.1, ""freq"":50.0, ""current"":0.000, ""aenergy"":{""total"
2026-04-22T15:35:13,shellyazplug-node/events/rpc,191,"{""src"":""shellyazplug-e4b323337220"",""dst"":""shellyazplug-node/events"",""method"":""NotifyStatus"",""params"":{""ts"":30646.54,""swi"
2026-04-22T15:35:13,shellyazplug-node/debug/log,156,"shellyazplug-e4b323337220 366 30646.566 1|shelly_notification:163 Status change of switch:0: {""id"":0,""apower"":0,""current"
2026-04-22T15:35:14,shellyazplug-node/rpc,85,"{""id"": 1, ""src"": ""attacker"", ""method"": ""Switch.Set"", ""params"": {""id"": 0, ""on"": true}}"
2026-04-22T15:35:14,attacker/rpc,85,"{""id"":1,""src"":""shellyazplug-e4b323337220"",""dst"":""attacker"",""result"":{""was_on"":false}}"
2026-04-22T15:35:14,shellyazplug-node/debug/log,87,"shellyazplug-e4b323337220 367 30647.046 1|shos_rpc_inst.c:230     Switch.Set via MQTT 
"
2026-04-22T15:35:14,shellyazplug-node/status/switch:0,199,"{""id"":0, ""source"":""MQTT"", ""output"":true, ""apower"":0.0, ""voltage"":230.7, ""freq"":50.0, ""current"":0.000, ""aenergy"":{""total"""
2026-04-22T15:35:14,shellyazplug-node/events/rpc,167,"{""src"":""shellyazplug-e4b323337220"",""dst"":""shellyazplug-node/events"",""method"":""NotifyStatus"",""params"":{""ts"":30647.04,""swi"
2026-04-22T15:35:14,shellyazplug-node/debug/log,132,"shellyazplug-e4b323337220 368 30647.063 1|shelly_notification:163 Status change of switch:0: {""id"":0,""output"":true,""sour"
2026-04-22T15:35:14,shellyazplug-node/rpc,86,"{""id"": 1, ""src"": ""attacker"", ""method"": ""Switch.Set"", ""params"": {""id"": 0, ""on"": false}}"
2026-04-22T15:35:14,attacker/rpc,84,"{""id"":1,""src"":""shellyazplug-e4b323337220"",""dst"":""attacker"",""result"":{""was_on"":true}}"
2026-04-22T15:35:14,shellyazplug-node/debug/log,87,"shellyazplug-e4b323337220 369 30647.547 1|shos_rpc_inst.c:230     Switch.Set via MQTT 
"
2026-04-22T15:35:14,shellyazplug-node/status/switch:0,200,"{""id"":0, ""source"":""MQTT"", ""output"":false, ""apower"":0.0, ""voltage"":230.7, ""freq"":50.0, ""current"":0.000, ""aenergy"":{""total"
2026-04-22T15:35:14,shellyazplug-node/events/rpc,191,"{""src"":""shellyazplug-e4b323337220"",""dst"":""shellyazplug-node/events"",""method"":""NotifyStatus"",""params"":{""ts"":30647.54,""swi"
2026-04-22T15:35:14,shellyazplug-node/debug/log,156,"shellyazplug-e4b323337220 370 30647.565 1|shelly_notification:163 Status change of switch:0: {""id"":0,""apower"":0,""current"
2026-04-22T15:35:15,iot/dht11/debug,59,[0;36m[D][dht:048]: Temperature 24.8°C Humidity 39.0%[0m
2026-04-22T15:35:15,iot/dht11/debug,53,[0;36m[D][sensor:124]: 'Temperature' >> 24.8 °C[0m
2026-04-22T15:35:15,iot/dht11/sensor/temperature/state,4,24.8
2026-04-22T15:35:15,iot/dht11/debug,46,[0;36m[D][sensor:124]: 'Humidity' >> 39 %[0m
2026-04-22T15:35:15,iot/dht11/sensor/humidity/state,2,39
2026-04-22T15:35:15,shellyazplug-node/rpc,85,"{""id"": 1, ""src"": ""attacker"", ""method"": ""Switch.Set"", ""params"": {""id"": 0, ""on"": true}}"
2026-04-22T15:35:15,attacker/rpc,85,"{""id"":1,""src"":""shellyazplug-e4b323337220"",""dst"":""attacker"",""result"":{""was_on"":false}}"
2026-04-22T15:35:15,shellyazplug-node/debug/log,87,"shellyazplug-e4b323337220 371 30648.048 1|shos_rpc_inst.c:230     Switch.Set via MQTT 
"
2026-04-22T15:35:15,shellyazplug-node/status/switch:0,199,"{""id"":0, ""source"":""MQTT"", ""output"":true, ""apower"":0.0, ""voltage"":230.6, ""freq"":50.0, ""current"":0.000, ""aenergy"":{""total"""
2026-04-22T15:35:15,shellyazplug-node/events/rpc,167,"{""src"":""shellyazplug-e4b323337220"",""dst"":""shellyazplug-node/events"",""method"":""NotifyStatus"",""params"":{""ts"":30648.04,""swi"
2026-04-22T15:35:15,shellyazplug-node/debug/log,132,"shellyazplug-e4b323337220 372 30648.064 1|shelly_notification:163 Status change of switch:0: {""id"":0,""output"":true,""sour"
2026-04-22T15:35:15,shellyazplug-node/rpc,86,"{""id"": 1, ""src"": ""attacker"", ""method"": ""Switch.Set"", ""params"": {""id"": 0, ""on"": false}}"
2026-04-22T15:35:15,attacker/rpc,84,"{""id"":1,""src"":""shellyazplug-e4b323337220"",""dst"":""attacker"",""result"":{""was_on"":true}}"
2026-04-22T15:35:15,shellyazplug-node/debug/log,87,"shellyazplug-e4b323337220 373 30648.548 1|shos_rpc_inst.c:230     Switch.Set via MQTT 
"
2026-04-22T15:35:15,shellyazplug-node/status/switch:0,200,"{""id"":0, ""source"":""MQTT"", ""output"":false, ""apower"":0.0, ""voltage"":230.6, ""freq"":50.0, ""current"":0.000, ""aenergy"":{""total"
2026-04-22T15:35:15,shellyazplug-node/events/rpc,191,"{""src"":""shellyazplug-e4b323337220"",""dst"":""shellyazplug-node/events"",""method"":""NotifyStatus"",""params"":{""ts"":30648.54,""swi"
2026-04-22T15:35:15,shellyazplug-node/debug/log,156,"shellyazplug-e4b323337220 374 30648.566 1|shelly_notification:163 Status change of switch:0: {""id"":0,""apower"":0,""current"
2026-04-22T15:35:16,shellyazplug-node/rpc,85,"{""id"": 1, ""src"": ""attacker"", ""method"": ""Switch.Set"", ""params"": {""id"": 0, ""on"": true}}"
2026-04-22T15:35:16,attacker/rpc,85,"{""id"":1,""src"":""shellyazplug-e4b323337220"",""dst"":""attacker"",""result"":{""was_on"":false}}"
2026-04-22T15:35:16,shellyazplug-node/debug/log,87,"shellyazplug-e4b323337220 375 30649.048 1|shos_rpc_inst.c:230     Switch.Set via MQTT 
"
2026-04-22T15:35:16,shellyazplug-node/status/switch:0,199,"{""id"":0, ""source"":""MQTT"", ""output"":true, ""apower"":0.0, ""voltage"":230.5, ""freq"":50.0, ""current"":0.000, ""aenergy"":{""total"""
2026-04-22T15:35:16,shellyazplug-node/events/rpc,167,"{""src"":""shellyazplug-e4b323337220"",""dst"":""shellyazplug-node/events"",""method"":""NotifyStatus"",""params"":{""ts"":30649.05,""swi"
2026-04-22T15:35:16,shellyazplug-node/debug/log,132,"shellyazplug-e4b323337220 376 30649.065 1|shelly_notification:163 Status change of switch:0: {""id"":0,""output"":true,""sour"
2026-04-22T15:35:16,shellyazplug-node/rpc,86,"{""id"": 1, ""src"": ""attacker"", ""method"": ""Switch.Set"", ""params"": {""id"": 0, ""on"": false}}"
2026-04-22T15:35:16,attacker/rpc,84,"{""id"":1,""src"":""shellyazplug-e4b323337220"",""dst"":""attacker"",""result"":{""was_on"":true}}"
2026-04-22T15:35:16,shellyazplug-node/debug/log,87,"shellyazplug-e4b323337220 377 30649.549 1|shos_rpc_inst.c:230     Switch.Set via MQTT 
"
2026-04-22T15:35:16,shellyazplug-node/status/switch:0,200,"{""id"":0, ""source"":""MQTT"", ""output"":false, ""apower"":0.0, ""voltage"":230.5, ""freq"":50.0, ""current"":0.000, ""aenergy"":{""total"
2026-04-22T15:35:16,shellyazplug-node/events/rpc,191,"{""src"":""shellyazplug-e4b323337220"",""dst"":""shellyazplug-node/events"",""method"":""NotifyStatus"",""params"":{""ts"":30649.55,""swi"
2026-04-22T15:35:16,shellyazplug-node/debug/log,156,"shellyazplug-e4b323337220 378 30649.568 1|shelly_notification:163 Status change of switch:0: {""id"":0,""apower"":0,""current"
2026-04-22T15:35:17,shellyazplug-node/rpc,85,"{""id"": 1, ""src"": ""attacker"", ""method"": ""Switch.Set"", ""params"": {""id"": 0, ""on"": true}}"
2026-04-22T15:35:17,attacker/rpc,85,"{""id"":1,""src"":""shellyazplug-e4b323337220"",""dst"":""attacker"",""result"":{""was_on"":false}}"
2026-04-22T15:35:17,shellyazplug-node/debug/log,87,"shellyazplug-e4b323337220 379 30650.050 1|shos_rpc_inst.c:230     Switch.Set via MQTT 
"
2026-04-22T15:35:17,shellyazplug-node/status/switch:0,199,"{""id"":0, ""source"":""MQTT"", ""output"":true, ""apower"":0.0, ""voltage"":230.5, ""freq"":50.0, ""current"":0.000, ""aenergy"":{""total"""
2026-04-22T15:35:17,shellyazplug-node/events/rpc,167,"{""src"":""shellyazplug-e4b323337220"",""dst"":""shellyazplug-node/events"",""method"":""NotifyStatus"",""params"":{""ts"":30650.05,""swi"
2026-04-22T15:35:17,shellyazplug-node/debug/log,132,"shellyazplug-e4b323337220 380 30650.066 1|shelly_notification:163 Status change of switch:0: {""id"":0,""output"":true,""sour"
2026-04-22T15:35:17,shellyazplug-node/rpc,86,"{""id"": 1, ""src"": ""attacker"", ""method"": ""Switch.Set"", ""params"": {""id"": 0, ""on"": false}}"
2026-04-22T15:35:17,attacker/rpc,84,"{""id"":1,""src"":""shellyazplug-e4b323337220"",""dst"":""attacker"",""result"":{""was_on"":true}}"
2026-04-22T15:35:17,shellyazplug-node/debug/log,87,"shellyazplug-e4b323337220 381 30650.555 1|shos_rpc_inst.c:230     Switch.Set via MQTT 
"
2026-04-22T15:35:17,shellyazplug-node/status/switch:0,200,"{""id"":0, ""source"":""MQTT"", ""output"":false, ""apower"":0.0, ""voltage"":230.5, ""freq"":50.0, ""current"":0.000, ""aenergy"":{""total"
2026-04-22T15:35:17,shellyazplug-node/events/rpc,191,"{""src"":""shellyazplug-e4b323337220"",""dst"":""shellyazplug-node/events"",""method"":""NotifyStatus"",""params"":{""ts"":30650.55,""swi"
2026-04-22T15:35:17,shellyazplug-node/debug/log,156,"shellyazplug-e4b323337220 382 30650.573 1|shelly_notification:163 Status change of switch:0: {""id"":0,""apower"":0,""current"
2026-04-22T15:35:18,iot/mq/debug,50,[0;36m[D][sensor:124]: 'Gas Sensor' >> 0.55 V[0m
2026-04-22T15:35:18,iot/mq/sensor/gas_sensor/state,4,0.55
2026-04-22T15:35:18,shellyazplug-node/rpc,85,"{""id"": 1, ""src"": ""attacker"", ""method"": ""Switch.Set"", ""params"": {""id"": 0, ""on"": true}}"
2026-04-22T15:35:18,attacker/rpc,85,"{""id"":1,""src"":""shellyazplug-e4b323337220"",""dst"":""attacker"",""result"":{""was_on"":false}}"
2026-04-22T15:35:18,shellyazplug-node/debug/log,87,"shellyazplug-e4b323337220 383 30651.053 1|shos_rpc_inst.c:230     Switch.Set via MQTT 
"
2026-04-22T15:35:18,shellyazplug-node/status/switch:0,199,"{""id"":0, ""source"":""MQTT"", ""output"":true, ""apower"":0.0, ""voltage"":230.4, ""freq"":50.0, ""current"":0.000, ""aenergy"":{""total"""
2026-04-22T15:35:18,shellyazplug-node/events/rpc,167,"{""src"":""shellyazplug-e4b323337220"",""dst"":""shellyazplug-node/events"",""method"":""NotifyStatus"",""params"":{""ts"":30651.05,""swi"
2026-04-22T15:35:18,shellyazplug-node/debug/log,132,"shellyazplug-e4b323337220 384 30651.070 1|shelly_notification:163 Status change of switch:0: {""id"":0,""output"":true,""sour"
2026-04-22T15:35:18,shellyazplug-node/rpc,86,"{""id"": 1, ""src"": ""attacker"", ""method"": ""Switch.Set"", ""params"": {""id"": 0, ""on"": false}}"
2026-04-22T15:35:18,attacker/rpc,84,"{""id"":1,""src"":""shellyazplug-e4b323337220"",""dst"":""attacker"",""result"":{""was_on"":true}}"
2026-04-22T15:35:18,shellyazplug-node/debug/log,87,"shellyazplug-e4b323337220 385 30651.552 1|shos_rpc_inst.c:230     Switch.Set via MQTT 
"
2026-04-22T15:35:18,shellyazplug-node/status/switch:0,200,"{""id"":0, ""source"":""MQTT"", ""output"":false, ""apower"":0.0, ""voltage"":230.4, ""freq"":50.0, ""current"":0.000, ""aenergy"":{""total"
2026-04-22T15:35:18,shellyazplug-node/events/rpc,191,"{""src"":""shellyazplug-e4b323337220"",""dst"":""shellyazplug-node/events"",""method"":""NotifyStatus"",""params"":{""ts"":30651.55,""swi"
2026-04-22T15:35:18,shellyazplug-node/debug/log,156,"shellyazplug-e4b323337220 386 30651.570 1|shelly_notification:163 Status change of switch:0: {""id"":0,""apower"":0,""current"
2026-04-22T15:35:19,shellyazplug-node/rpc,85,"{""id"": 1, ""src"": ""attacker"", ""method"": ""Switch.Set"", ""params"": {""id"": 0, ""on"": true}}"
2026-04-22T15:35:19,attacker/rpc,85,"{""id"":1,""src"":""shellyazplug-e4b323337220"",""dst"":""attacker"",""result"":{""was_on"":false}}"
2026-04-22T15:35:19,shellyazplug-node/debug/log,87,"shellyazplug-e4b323337220 387 30652.052 1|shos_rpc_inst.c:230     Switch.Set via MQTT 
"
2026-04-22T15:35:19,shellyazplug-node/status/switch:0,199,"{""id"":0, ""source"":""MQTT"", ""output"":true, ""apower"":0.0, ""voltage"":230.4, ""freq"":50.0, ""current"":0.000, ""aenergy"":{""total"""
2026-04-22T15:35:19,shellyazplug-node/events/rpc,167,"{""src"":""shellyazplug-e4b323337220"",""dst"":""shellyazplug-node/events"",""method"":""NotifyStatus"",""params"":{""ts"":30652.05,""swi"
2026-04-22T15:35:19,shellyazplug-node/debug/log,132,"shellyazplug-e4b323337220 388 30652.069 1|shelly_notification:163 Status change of switch:0: {""id"":0,""output"":true,""sour"
2026-04-22T15:35:19,shellyazplug-node/rpc,86,"{""id"": 1, ""src"": ""attacker"", ""method"": ""Switch.Set"", ""params"": {""id"": 0, ""on"": false}}"
2026-04-22T15:35:19,attacker/rpc,84,"{""id"":1,""src"":""shellyazplug-e4b323337220"",""dst"":""attacker"",""result"":{""was_on"":true}}"
2026-04-22T15:35:19,shellyazplug-node/debug/log,87,"shellyazplug-e4b323337220 389 30652.553 1|shos_rpc_inst.c:230     Switch.Set via MQTT 
"
2026-04-22T15:35:19,shellyazplug-node/status/switch:0,200,"{""id"":0, ""source"":""MQTT"", ""output"":false, ""apower"":0.0, ""voltage"":230.4, ""freq"":50.0, ""current"":0.000, ""aenergy"":{""total"
2026-04-22T15:35:19,shellyazplug-node/events/rpc,191,"{""src"":""shellyazplug-e4b323337220"",""dst"":""shellyazplug-node/events"",""method"":""NotifyStatus"",""params"":{""ts"":30652.55,""swi"
2026-04-22T15:35:19,shellyazplug-node/debug/log,156,"shellyazplug-e4b323337220 390 30652.572 1|shelly_notification:163 Status change of switch:0: {""id"":0,""apower"":0,""current"
2026-04-22T15:35:20,shellyazplug-node/rpc,85,"{""id"": 1, ""src"": ""attacker"", ""method"": ""Switch.Set"", ""params"": {""id"": 0, ""on"": true}}"
2026-04-22T15:35:20,attacker/rpc,85,"{""id"":1,""src"":""shellyazplug-e4b323337220"",""dst"":""attacker"",""result"":{""was_on"":false}}"
2026-04-22T15:35:20,shellyazplug-node/debug/log,87,"shellyazplug-e4b323337220 391 30653.054 1|shos_rpc_inst.c:230     Switch.Set via MQTT 
"
2026-04-22T15:35:20,shellyazplug-node/status/switch:0,199,"{""id"":0, ""source"":""MQTT"", ""output"":true, ""apower"":0.0, ""voltage"":230.5, ""freq"":50.0, ""current"":0.000, ""aenergy"":{""total"""
2026-04-22T15:35:20,shellyazplug-node/events/rpc,167,"{""src"":""shellyazplug-e4b323337220"",""dst"":""shellyazplug-node/events"",""method"":""NotifyStatus"",""params"":{""ts"":30653.05,""swi"
2026-04-22T15:35:20,shellyazplug-node/debug/log,132,"shellyazplug-e4b323337220 392 30653.070 1|shelly_notification:163 Status change of switch:0: {""id"":0,""output"":true,""sour"
2026-04-22T15:35:20,shellyazplug-node/rpc,86,"{""id"": 1, ""src"": ""attacker"", ""method"": ""Switch.Set"", ""params"": {""id"": 0, ""on"": false}}"
2026-04-22T15:35:20,attacker/rpc,84,"{""id"":1,""src"":""shellyazplug-e4b323337220"",""dst"":""attacker"",""result"":{""was_on"":true}}"
2026-04-22T15:35:20,shellyazplug-node/debug/log,87,"shellyazplug-e4b323337220 393 30653.554 1|shos_rpc_inst.c:230     Switch.Set via MQTT 
"
2026-04-22T15:35:20,shellyazplug-node/status/switch:0,200,"{""id"":0, ""source"":""MQTT"", ""output"":false, ""apower"":0.0, ""voltage"":230.5, ""freq"":50.0, ""current"":0.000, ""aenergy"":{""total"
2026-04-22T15:35:20,shellyazplug-node/events/rpc,191,"{""src"":""shellyazplug-e4b323337220"",""dst"":""shellyazplug-node/events"",""method"":""NotifyStatus"",""params"":{""ts"":30653.55,""swi"
2026-04-22T15:35:20,shellyazplug-node/debug/log,156,"shellyazplug-e4b323337220 394 30653.573 1|shelly_notification:163 Status change of switch:0: {""id"":0,""apower"":0,""current"
2026-04-22T15:35:21,shellyazplug-node/rpc,85,"{""id"": 1, ""src"": ""attacker"", ""method"": ""Switch.Set"", ""params"": {""id"": 0, ""on"": true}}"
2026-04-22T15:35:21,attacker/rpc,85,"{""id"":1,""src"":""shellyazplug-e4b323337220"",""dst"":""attacker"",""result"":{""was_on"":false}}"
2026-04-22T15:35:21,shellyazplug-node/debug/log,87,"shellyazplug-e4b323337220 395 30654.055 1|shos_rpc_inst.c:230     Switch.Set via MQTT 
"
2026-04-22T15:35:21,shellyazplug-node/status/switch:0,199,"{""id"":0, ""source"":""MQTT"", ""output"":true, ""apower"":0.0, ""voltage"":230.6, ""freq"":50.0, ""current"":0.000, ""aenergy"":{""total"""
2026-04-22T15:35:21,shellyazplug-node/events/rpc,167,"{""src"":""shellyazplug-e4b323337220"",""dst"":""shellyazplug-node/events"",""method"":""NotifyStatus"",""params"":{""ts"":30654.05,""swi"
2026-04-22T15:35:21,shellyazplug-node/debug/log,132,"shellyazplug-e4b323337220 396 30654.071 1|shelly_notification:163 Status change of switch:0: {""id"":0,""output"":true,""sour"
2026-04-22T15:35:21,shellyazplug-node/rpc,86,"{""id"": 1, ""src"": ""attacker"", ""method"": ""Switch.Set"", ""params"": {""id"": 0, ""on"": false}}"
2026-04-22T15:35:21,attacker/rpc,84,"{""id"":1,""src"":""shellyazplug-e4b323337220"",""dst"":""attacker"",""result"":{""was_on"":true}}"
2026-04-22T15:35:21,shellyazplug-node/debug/log,87,"shellyazplug-e4b323337220 397 30654.555 1|shos_rpc_inst.c:230     Switch.Set via MQTT 
"
2026-04-22T15:35:21,shellyazplug-node/status/switch:0,200,"{""id"":0, ""source"":""MQTT"", ""output"":false, ""apower"":0.0, ""voltage"":230.6, ""freq"":50.0, ""current"":0.000, ""aenergy"":{""total"
2026-04-22T15:35:21,shellyazplug-node/events/rpc,191,"{""src"":""shellyazplug-e4b323337220"",""dst"":""shellyazplug-node/events"",""method"":""NotifyStatus"",""params"":{""ts"":30654.55,""swi"
2026-04-22T15:35:21,shellyazplug-node/debug/log,156,"shellyazplug-e4b323337220 398 30654.574 1|shelly_notification:163 Status change of switch:0: {""id"":0,""apower"":0,""current"
2026-04-22T15:35:22,shellyazplug-node/rpc,85,"{""id"": 1, ""src"": ""attacker"", ""method"": ""Switch.Set"", ""params"": {""id"": 0, ""on"": true}}"
2026-04-22T15:35:22,attacker/rpc,85,"{""id"":1,""src"":""shellyazplug-e4b323337220"",""dst"":""attacker"",""result"":{""was_on"":false}}"
2026-04-22T15:35:22,shellyazplug-node/debug/log,87,"shellyazplug-e4b323337220 399 30655.056 1|shos_rpc_inst.c:230     Switch.Set via MQTT 
"
2026-04-22T15:35:22,shellyazplug-node/status/switch:0,199,"{""id"":0, ""source"":""MQTT"", ""output"":true, ""apower"":0.0, ""voltage"":230.6, ""freq"":50.0, ""current"":0.000, ""aenergy"":{""total"""
2026-04-22T15:35:22,shellyazplug-node/events/rpc,167,"{""src"":""shellyazplug-e4b323337220"",""dst"":""shellyazplug-node/events"",""method"":""NotifyStatus"",""params"":{""ts"":30655.05,""swi"
2026-04-22T15:35:22,shellyazplug-node/debug/log,132,"shellyazplug-e4b323337220 400 30655.073 1|shelly_notification:163 Status change of switch:0: {""id"":0,""output"":true,""sour"
2026-04-22T15:35:22,shellyazplug-node/rpc,86,"{""id"": 1, ""src"": ""attacker"", ""method"": ""Switch.Set"", ""params"": {""id"": 0, ""on"": false}}"
2026-04-22T15:35:22,attacker/rpc,84,"{""id"":1,""src"":""shellyazplug-e4b323337220"",""dst"":""attacker"",""result"":{""was_on"":true}}"
2026-04-22T15:35:22,shellyazplug-node/debug/log,87,"shellyazplug-e4b323337220 401 30655.559 1|shos_rpc_inst.c:230     Switch.Set via MQTT 
"
2026-04-22T15:35:22,shellyazplug-node/status/switch:0,200,"{""id"":0, ""source"":""MQTT"", ""output"":false, ""apower"":0.0, ""voltage"":230.6, ""freq"":50.0, ""current"":0.000, ""aenergy"":{""total"
2026-04-22T15:35:22,shellyazplug-node/events/rpc,191,"{""src"":""shellyazplug-e4b323337220"",""dst"":""shellyazplug-node/events"",""method"":""NotifyStatus"",""params"":{""ts"":30655.56,""swi"
2026-04-22T15:35:22,shellyazplug-node/debug/log,156,"shellyazplug-e4b323337220 402 30655.578 1|shelly_notification:163 Status change of switch:0: {""id"":0,""apower"":0,""current"
2026-04-22T15:35:23,iot/mq/debug,50,[0;36m[D][sensor:124]: 'Gas Sensor' >> 0.55 V[0m
2026-04-22T15:35:23,iot/mq/sensor/gas_sensor/state,4,0.55
2026-04-22T15:35:23,shellyazplug-node/rpc,85,"{""id"": 1, ""src"": ""attacker"", ""method"": ""Switch.Set"", ""params"": {""id"": 0, ""on"": true}}"
2026-04-22T15:35:23,attacker/rpc,85,"{""id"":1,""src"":""shellyazplug-e4b323337220"",""dst"":""attacker"",""result"":{""was_on"":false}}"
2026-04-22T15:35:23,shellyazplug-node/debug/log,87,"shellyazplug-e4b323337220 403 30656.058 1|shos_rpc_inst.c:230     Switch.Set via MQTT 
"
2026-04-22T15:35:23,shellyazplug-node/status/switch:0,199,"{""id"":0, ""source"":""MQTT"", ""output"":true, ""apower"":0.0, ""voltage"":230.5, ""freq"":50.0, ""current"":0.000, ""aenergy"":{""total"""
2026-04-22T15:35:23,shellyazplug-node/events/rpc,167,"{""src"":""shellyazplug-e4b323337220"",""dst"":""shellyazplug-node/events"",""method"":""NotifyStatus"",""params"":{""ts"":30656.05,""swi"
2026-04-22T15:35:23,shellyazplug-node/debug/log,132,"shellyazplug-e4b323337220 404 30656.074 1|shelly_notification:163 Status change of switch:0: {""id"":0,""output"":true,""sour"
2026-04-22T15:35:23,shellyazplug-node/rpc,86,"{""id"": 1, ""src"": ""attacker"", ""method"": ""Switch.Set"", ""params"": {""id"": 0, ""on"": false}}"
2026-04-22T15:35:23,attacker/rpc,84,"{""id"":1,""src"":""shellyazplug-e4b323337220"",""dst"":""attacker"",""result"":{""was_on"":true}}"
2026-04-22T15:35:23,shellyazplug-node/debug/log,87,"shellyazplug-e4b323337220 405 30656.558 1|shos_rpc_inst.c:230     Switch.Set via MQTT 
"
2026-04-22T15:35:23,shellyazplug-node/status/switch:0,200,"{""id"":0, ""source"":""MQTT"", ""output"":false, ""apower"":0.0, ""voltage"":230.5, ""freq"":50.0, ""current"":0.000, ""aenergy"":{""total"
2026-04-22T15:35:23,shellyazplug-node/events/rpc,191,"{""src"":""shellyazplug-e4b323337220"",""dst"":""shellyazplug-node/events"",""method"":""NotifyStatus"",""params"":{""ts"":30656.55,""swi"
2026-04-22T15:35:23,shellyazplug-node/debug/log,156,"shellyazplug-e4b323337220 406 30656.577 1|shelly_notification:163 Status change of switch:0: {""id"":0,""apower"":0,""current"
2026-04-22T15:35:24,shellyazplug-node/rpc,85,"{""id"": 1, ""src"": ""attacker"", ""method"": ""Switch.Set"", ""params"": {""id"": 0, ""on"": true}}"
2026-04-22T15:35:24,attacker/rpc,85,"{""id"":1,""src"":""shellyazplug-e4b323337220"",""dst"":""attacker"",""result"":{""was_on"":false}}"
2026-04-22T15:35:24,shellyazplug-node/debug/log,87,"shellyazplug-e4b323337220 407 30657.059 1|shos_rpc_inst.c:230     Switch.Set via MQTT 
"
2026-04-22T15:35:24,shellyazplug-node/status/switch:0,199,"{""id"":0, ""source"":""MQTT"", ""output"":true, ""apower"":0.0, ""voltage"":230.5, ""freq"":50.0, ""current"":0.000, ""aenergy"":{""total"""
2026-04-22T15:35:24,shellyazplug-node/events/rpc,167,"{""src"":""shellyazplug-e4b323337220"",""dst"":""shellyazplug-node/events"",""method"":""NotifyStatus"",""params"":{""ts"":30657.06,""swi"
2026-04-22T15:35:24,shellyazplug-node/debug/log,132,"shellyazplug-e4b323337220 408 30657.075 1|shelly_notification:163 Status change of switch:0: {""id"":0,""output"":true,""sour"
2026-04-22T15:35:24,shellyazplug-node/rpc,86,"{""id"": 1, ""src"": ""attacker"", ""method"": ""Switch.Set"", ""params"": {""id"": 0, ""on"": false}}"
2026-04-22T15:35:24,attacker/rpc,84,"{""id"":1,""src"":""shellyazplug-e4b323337220"",""dst"":""attacker"",""result"":{""was_on"":true}}"
2026-04-22T15:35:24,shellyazplug-node/debug/log,87,"shellyazplug-e4b323337220 409 30657.559 1|shos_rpc_inst.c:230     Switch.Set via MQTT 
"
2026-04-22T15:35:24,shellyazplug-node/status/switch:0,200,"{""id"":0, ""source"":""MQTT"", ""output"":false, ""apower"":0.0, ""voltage"":230.5, ""freq"":50.0, ""current"":0.000, ""aenergy"":{""total"
2026-04-22T15:35:24,shellyazplug-node/events/rpc,191,"{""src"":""shellyazplug-e4b323337220"",""dst"":""shellyazplug-node/events"",""method"":""NotifyStatus"",""params"":{""ts"":30657.56,""swi"
2026-04-22T15:35:24,shellyazplug-node/debug/log,156,"shellyazplug-e4b323337220 410 30657.578 1|shelly_notification:163 Status change of switch:0: {""id"":0,""apower"":0,""current"
2026-04-22T15:35:25,iot/dht11/debug,59,[0;36m[D][dht:048]: Temperature 24.8°C Humidity 39.0%[0m
2026-04-22T15:35:25,iot/dht11/debug,53,[0;36m[D][sensor:124]: 'Temperature' >> 24.8 °C[0m
2026-04-22T15:35:25,iot/dht11/sensor/temperature/state,4,24.8
2026-04-22T15:35:25,iot/dht11/debug,46,[0;36m[D][sensor:124]: 'Humidity' >> 39 %[0m
2026-04-22T15:35:25,iot/dht11/sensor/humidity/state,2,39
2026-04-22T15:35:25,shellyazplug-node/rpc,85,"{""id"": 1, ""src"": ""attacker"", ""method"": ""Switch.Set"", ""params"": {""id"": 0, ""on"": true}}"
2026-04-22T15:35:25,attacker/rpc,85,"{""id"":1,""src"":""shellyazplug-e4b323337220"",""dst"":""attacker"",""result"":{""was_on"":false}}"
2026-04-22T15:35:25,shellyazplug-node/debug/log,87,"shellyazplug-e4b323337220 411 30658.060 1|shos_rpc_inst.c:230     Switch.Set via MQTT 
"
2026-04-22T15:35:25,shellyazplug-node/status/switch:0,199,"{""id"":0, ""source"":""MQTT"", ""output"":true, ""apower"":0.0, ""voltage"":230.5, ""freq"":50.0, ""current"":0.000, ""aenergy"":{""total"""
2026-04-22T15:35:25,shellyazplug-node/events/rpc,167,"{""src"":""shellyazplug-e4b323337220"",""dst"":""shellyazplug-node/events"",""method"":""NotifyStatus"",""params"":{""ts"":30658.06,""swi"
2026-04-22T15:35:25,shellyazplug-node/debug/log,132,"shellyazplug-e4b323337220 412 30658.076 1|shelly_notification:163 Status change of switch:0: {""id"":0,""output"":true,""sour"
2026-04-22T15:35:25,shellyazplug-node/rpc,86,"{""id"": 1, ""src"": ""attacker"", ""method"": ""Switch.Set"", ""params"": {""id"": 0, ""on"": false}}"
2026-04-22T15:35:25,attacker/rpc,84,"{""id"":1,""src"":""shellyazplug-e4b323337220"",""dst"":""attacker"",""result"":{""was_on"":true}}"
2026-04-22T15:35:25,shellyazplug-node/debug/log,87,"shellyazplug-e4b323337220 413 30658.560 1|shos_rpc_inst.c:230     Switch.Set via MQTT 
"
2026-04-22T15:35:25,shellyazplug-node/status/switch:0,200,"{""id"":0, ""source"":""MQTT"", ""output"":false, ""apower"":0.0, ""voltage"":230.5, ""freq"":50.0, ""current"":0.000, ""aenergy"":{""total"
2026-04-22T15:35:25,shellyazplug-node/events/rpc,191,"{""src"":""shellyazplug-e4b323337220"",""dst"":""shellyazplug-node/events"",""method"":""NotifyStatus"",""params"":{""ts"":30658.56,""swi"
2026-04-22T15:35:25,shellyazplug-node/debug/log,156,"shellyazplug-e4b323337220 414 30658.579 1|shelly_notification:163 Status change of switch:0: {""id"":0,""apower"":0,""current"
2026-04-22T15:35:26,shellyazplug-node/rpc,85,"{""id"": 1, ""src"": ""attacker"", ""method"": ""Switch.Set"", ""params"": {""id"": 0, ""on"": true}}"
2026-04-22T15:35:26,attacker/rpc,85,"{""id"":1,""src"":""shellyazplug-e4b323337220"",""dst"":""attacker"",""result"":{""was_on"":false}}"
2026-04-22T15:35:26,shellyazplug-node/debug/log,87,"shellyazplug-e4b323337220 415 30659.062 1|shos_rpc_inst.c:230     Switch.Set via MQTT 
"
2026-04-22T15:35:26,shellyazplug-node/status/switch:0,199,"{""id"":0, ""source"":""MQTT"", ""output"":true, ""apower"":0.0, ""voltage"":230.5, ""freq"":50.0, ""current"":0.000, ""aenergy"":{""total"""
2026-04-22T15:35:26,shellyazplug-node/events/rpc,167,"{""src"":""shellyazplug-e4b323337220"",""dst"":""shellyazplug-node/events"",""method"":""NotifyStatus"",""params"":{""ts"":30659.06,""swi"
2026-04-22T15:35:26,shellyazplug-node/debug/log,132,"shellyazplug-e4b323337220 416 30659.078 1|shelly_notification:163 Status change of switch:0: {""id"":0,""output"":true,""sour"
2026-04-22T15:35:26,shellyazplug-node/rpc,86,"{""id"": 1, ""src"": ""attacker"", ""method"": ""Switch.Set"", ""params"": {""id"": 0, ""on"": false}}"
2026-04-22T15:35:26,attacker/rpc,84,"{""id"":1,""src"":""shellyazplug-e4b323337220"",""dst"":""attacker"",""result"":{""was_on"":true}}"
2026-04-22T15:35:26,shellyazplug-node/debug/log,87,"shellyazplug-e4b323337220 417 30659.561 1|shos_rpc_inst.c:230     Switch.Set via MQTT 
"
2026-04-22T15:35:26,shellyazplug-node/status/switch:0,200,"{""id"":0, ""source"":""MQTT"", ""output"":false, ""apower"":0.0, ""voltage"":230.5, ""freq"":50.0, ""current"":0.000, ""aenergy"":{""total"
2026-04-22T15:35:26,shellyazplug-node/events/rpc,191,"{""src"":""shellyazplug-e4b323337220"",""dst"":""shellyazplug-node/events"",""method"":""NotifyStatus"",""params"":{""ts"":30659.56,""swi"
2026-04-22T15:35:26,shellyazplug-node/debug/log,156,"shellyazplug-e4b323337220 418 30659.580 1|shelly_notification:163 Status change of switch:0: {""id"":0,""apower"":0,""current"
2026-04-22T15:35:27,shellyazplug-node/rpc,85,"{""id"": 1, ""src"": ""attacker"", ""method"": ""Switch.Set"", ""params"": {""id"": 0, ""on"": true}}"
2026-04-22T15:35:27,attacker/rpc,85,"{""id"":1,""src"":""shellyazplug-e4b323337220"",""dst"":""attacker"",""result"":{""was_on"":false}}"
2026-04-22T15:35:27,shellyazplug-node/debug/log,87,"shellyazplug-e4b323337220 419 30660.065 1|shos_rpc_inst.c:230     Switch.Set via MQTT 
"
2026-04-22T15:35:27,shellyazplug-node/status/switch:0,199,"{""id"":0, ""source"":""MQTT"", ""output"":true, ""apower"":0.0, ""voltage"":230.5, ""freq"":50.0, ""current"":0.000, ""aenergy"":{""total"""
2026-04-22T15:35:27,shellyazplug-node/events/rpc,167,"{""src"":""shellyazplug-e4b323337220"",""dst"":""shellyazplug-node/events"",""method"":""NotifyStatus"",""params"":{""ts"":30660.06,""swi"
2026-04-22T15:35:27,shellyazplug-node/debug/log,132,"shellyazplug-e4b323337220 420 30660.081 1|shelly_notification:163 Status change of switch:0: {""id"":0,""output"":true,""sour"
2026-04-22T15:35:27,shellyazplug-node/rpc,86,"{""id"": 1, ""src"": ""attacker"", ""method"": ""Switch.Set"", ""params"": {""id"": 0, ""on"": false}}"
2026-04-22T15:35:27,attacker/rpc,84,"{""id"":1,""src"":""shellyazplug-e4b323337220"",""dst"":""attacker"",""result"":{""was_on"":true}}"
2026-04-22T15:35:27,shellyazplug-node/debug/log,87,"shellyazplug-e4b323337220 421 30660.563 1|shos_rpc_inst.c:230     Switch.Set via MQTT 
"
2026-04-22T15:35:27,shellyazplug-node/status/switch:0,200,"{""id"":0, ""source"":""MQTT"", ""output"":false, ""apower"":0.0, ""voltage"":230.5, ""freq"":50.0, ""current"":0.000, ""aenergy"":{""total"
2026-04-22T15:35:27,shellyazplug-node/events/rpc,191,"{""src"":""shellyazplug-e4b323337220"",""dst"":""shellyazplug-node/events"",""method"":""NotifyStatus"",""params"":{""ts"":30660.56,""swi"
2026-04-22T15:35:27,shellyazplug-node/debug/log,156,"shellyazplug-e4b323337220 422 30660.581 1|shelly_notification:163 Status change of switch:0: {""id"":0,""apower"":0,""current"
2026-04-22T15:35:28,iot/mq/debug,50,[0;36m[D][sensor:124]: 'Gas Sensor' >> 0.55 V[0m
2026-04-22T15:35:28,iot/mq/sensor/gas_sensor/state,4,0.55
2026-04-22T15:35:28,shellyazplug-node/rpc,85,"{""id"": 1, ""src"": ""attacker"", ""method"": ""Switch.Set"", ""params"": {""id"": 0, ""on"": true}}"
2026-04-22T15:35:28,attacker/rpc,85,"{""id"":1,""src"":""shellyazplug-e4b323337220"",""dst"":""attacker"",""result"":{""was_on"":false}}"
2026-04-22T15:35:28,shellyazplug-node/debug/log,87,"shellyazplug-e4b323337220 423 30661.063 1|shos_rpc_inst.c:230     Switch.Set via MQTT 
"
2026-04-22T15:35:28,shellyazplug-node/status/switch:0,199,"{""id"":0, ""source"":""MQTT"", ""output"":true, ""apower"":0.0, ""voltage"":230.6, ""freq"":50.0, ""current"":0.000, ""aenergy"":{""total"""
2026-04-22T15:35:28,shellyazplug-node/events/rpc,167,"{""src"":""shellyazplug-e4b323337220"",""dst"":""shellyazplug-node/events"",""method"":""NotifyStatus"",""params"":{""ts"":30661.06,""swi"
2026-04-22T15:35:28,shellyazplug-node/debug/log,132,"shellyazplug-e4b323337220 424 30661.079 1|shelly_notification:163 Status change of switch:0: {""id"":0,""output"":true,""sour"
2026-04-22T15:35:28,shellyazplug-node/rpc,86,"{""id"": 1, ""src"": ""attacker"", ""method"": ""Switch.Set"", ""params"": {""id"": 0, ""on"": false}}"
2026-04-22T15:35:28,attacker/rpc,84,"{""id"":1,""src"":""shellyazplug-e4b323337220"",""dst"":""attacker"",""result"":{""was_on"":true}}"
2026-04-22T15:35:28,shellyazplug-node/debug/log,87,"shellyazplug-e4b323337220 425 30661.564 1|shos_rpc_inst.c:230     Switch.Set via MQTT 
"
2026-04-22T15:35:28,shellyazplug-node/status/switch:0,200,"{""id"":0, ""source"":""MQTT"", ""output"":false, ""apower"":0.0, ""voltage"":230.6, ""freq"":50.0, ""current"":0.000, ""aenergy"":{""total"
2026-04-22T15:35:28,shellyazplug-node/events/rpc,191,"{""src"":""shellyazplug-e4b323337220"",""dst"":""shellyazplug-node/events"",""method"":""NotifyStatus"",""params"":{""ts"":30661.56,""swi"
2026-04-22T15:35:28,shellyazplug-node/debug/log,156,"shellyazplug-e4b323337220 426 30661.583 1|shelly_notification:163 Status change of switch:0: {""id"":0,""apower"":0,""current"
2026-04-22T15:35:29,shellyazplug-node/rpc,85,"{""id"": 1, ""src"": ""attacker"", ""method"": ""Switch.Set"", ""params"": {""id"": 0, ""on"": true}}"
2026-04-22T15:35:29,attacker/rpc,85,"{""id"":1,""src"":""shellyazplug-e4b323337220"",""dst"":""attacker"",""result"":{""was_on"":false}}"
2026-04-22T15:35:29,shellyazplug-node/debug/log,87,"shellyazplug-e4b323337220 427 30662.068 1|shos_rpc_inst.c:230     Switch.Set via MQTT 
"
2026-04-22T15:35:29,shellyazplug-node/status/switch:0,199,"{""id"":0, ""source"":""MQTT"", ""output"":true, ""apower"":0.0, ""voltage"":232.8, ""freq"":50.0, ""current"":0.000, ""aenergy"":{""total"""
2026-04-22T15:35:29,shellyazplug-node/events/rpc,167,"{""src"":""shellyazplug-e4b323337220"",""dst"":""shellyazplug-node/events"",""method"":""NotifyStatus"",""params"":{""ts"":30662.06,""swi"
2026-04-22T15:35:29,shellyazplug-node/debug/log,132,"shellyazplug-e4b323337220 428 30662.085 1|shelly_notification:163 Status change of switch:0: {""id"":0,""output"":true,""sour"
2026-04-22T15:35:29,shellyazplug-node/rpc,86,"{""id"": 1, ""src"": ""attacker"", ""method"": ""Switch.Set"", ""params"": {""id"": 0, ""on"": false}}"
2026-04-22T15:35:29,attacker/rpc,84,"{""id"":1,""src"":""shellyazplug-e4b323337220"",""dst"":""attacker"",""result"":{""was_on"":true}}"
2026-04-22T15:35:29,shellyazplug-node/debug/log,87,"shellyazplug-e4b323337220 429 30662.572 1|shos_rpc_inst.c:230     Switch.Set via MQTT 
"
2026-04-22T15:35:29,shellyazplug-node/status/switch:0,200,"{""id"":0, ""source"":""MQTT"", ""output"":false, ""apower"":0.0, ""voltage"":232.8, ""freq"":50.0, ""current"":0.000, ""aenergy"":{""total"
2026-04-22T15:35:29,shellyazplug-node/events/rpc,191,"{""src"":""shellyazplug-e4b323337220"",""dst"":""shellyazplug-node/events"",""method"":""NotifyStatus"",""params"":{""ts"":30662.57,""swi"
2026-04-22T15:35:29,shellyazplug-node/debug/log,156,"shellyazplug-e4b323337220 430 30662.590 1|shelly_notification:163 Status change of switch:0: {""id"":0,""apower"":0,""current"
2026-04-22T15:35:30,shellyazplug-node/rpc,85,"{""id"": 1, ""src"": ""attacker"", ""method"": ""Switch.Set"", ""params"": {""id"": 0, ""on"": true}}"
2026-04-22T15:35:30,attacker/rpc,85,"{""id"":1,""src"":""shellyazplug-e4b323337220"",""dst"":""attacker"",""result"":{""was_on"":false}}"
2026-04-22T15:35:30,shellyazplug-node/debug/log,87,"shellyazplug-e4b323337220 431 30663.074 1|shos_rpc_inst.c:230     Switch.Set via MQTT 
"
2026-04-22T15:35:30,shellyazplug-node/status/switch:0,199,"{""id"":0, ""source"":""MQTT"", ""output"":true, ""apower"":0.0, ""voltage"":233.3, ""freq"":50.0, ""current"":0.000, ""aenergy"":{""total"""
2026-04-22T15:35:30,shellyazplug-node/events/rpc,167,"{""src"":""shellyazplug-e4b323337220"",""dst"":""shellyazplug-node/events"",""method"":""NotifyStatus"",""params"":{""ts"":30663.07,""swi"
2026-04-22T15:35:30,shellyazplug-node/debug/log,132,"shellyazplug-e4b323337220 432 30663.091 1|shelly_notification:163 Status change of switch:0: {""id"":0,""output"":true,""sour"
2026-04-22T15:35:30,shellyazplug-node/rpc,86,"{""id"": 1, ""src"": ""attacker"", ""method"": ""Switch.Set"", ""params"": {""id"": 0, ""on"": false}}"
2026-04-22T15:35:30,attacker/rpc,84,"{""id"":1,""src"":""shellyazplug-e4b323337220"",""dst"":""attacker"",""result"":{""was_on"":true}}"
2026-04-22T15:35:30,shellyazplug-node/debug/log,87,"shellyazplug-e4b323337220 433 30663.573 1|shos_rpc_inst.c:230     Switch.Set via MQTT 
"
2026-04-22T15:35:30,shellyazplug-node/status/switch:0,200,"{""id"":0, ""source"":""MQTT"", ""output"":false, ""apower"":0.0, ""voltage"":233.3, ""freq"":50.0, ""current"":0.000, ""aenergy"":{""total"
2026-04-22T15:35:30,shellyazplug-node/events/rpc,191,"{""src"":""shellyazplug-e4b323337220"",""dst"":""shellyazplug-node/events"",""method"":""NotifyStatus"",""params"":{""ts"":30663.57,""swi"
2026-04-22T15:35:30,shellyazplug-node/debug/log,156,"shellyazplug-e4b323337220 434 30663.591 1|shelly_notification:163 Status change of switch:0: {""id"":0,""apower"":0,""current"
2026-04-22T15:35:31,shellyazplug-node/rpc,85,"{""id"": 1, ""src"": ""attacker"", ""method"": ""Switch.Set"", ""params"": {""id"": 0, ""on"": true}}"
2026-04-22T15:35:31,attacker/rpc,85,"{""id"":1,""src"":""shellyazplug-e4b323337220"",""dst"":""attacker"",""result"":{""was_on"":false}}"
2026-04-22T15:35:31,shellyazplug-node/debug/log,87,"shellyazplug-e4b323337220 435 30664.077 1|shos_rpc_inst.c:230     Switch.Set via MQTT 
"
2026-04-22T15:35:31,shellyazplug-node/status/switch:0,199,"{""id"":0, ""source"":""MQTT"", ""output"":true, ""apower"":0.0, ""voltage"":233.3, ""freq"":50.0, ""current"":0.000, ""aenergy"":{""total"""
2026-04-22T15:35:31,shellyazplug-node/events/rpc,167,"{""src"":""shellyazplug-e4b323337220"",""dst"":""shellyazplug-node/events"",""method"":""NotifyStatus"",""params"":{""ts"":30664.07,""swi"
2026-04-22T15:35:31,shellyazplug-node/debug/log,132,"shellyazplug-e4b323337220 436 30664.093 1|shelly_notification:163 Status change of switch:0: {""id"":0,""output"":true,""sour"
2026-04-22T15:35:31,shellyazplug-node/rpc,86,"{""id"": 1, ""src"": ""attacker"", ""method"": ""Switch.Set"", ""params"": {""id"": 0, ""on"": false}}"
2026-04-22T15:35:31,attacker/rpc,84,"{""id"":1,""src"":""shellyazplug-e4b323337220"",""dst"":""attacker"",""result"":{""was_on"":true}}"
2026-04-22T15:35:31,shellyazplug-node/debug/log,87,"shellyazplug-e4b323337220 437 30664.575 1|shos_rpc_inst.c:230     Switch.Set via MQTT 
"
2026-04-22T15:35:31,shellyazplug-node/status/switch:0,200,"{""id"":0, ""source"":""MQTT"", ""output"":false, ""apower"":0.0, ""voltage"":233.3, ""freq"":50.0, ""current"":0.000, ""aenergy"":{""total"
2026-04-22T15:35:31,shellyazplug-node/events/rpc,191,"{""src"":""shellyazplug-e4b323337220"",""dst"":""shellyazplug-node/events"",""method"":""NotifyStatus"",""params"":{""ts"":30664.57,""swi"
2026-04-22T15:35:31,shellyazplug-node/debug/log,156,"shellyazplug-e4b323337220 438 30664.593 1|shelly_notification:163 Status change of switch:0: {""id"":0,""apower"":0,""current"
2026-04-22T15:35:32,shellyazplug-node/rpc,85,"{""id"": 1, ""src"": ""attacker"", ""method"": ""Switch.Set"", ""params"": {""id"": 0, ""on"": true}}"
2026-04-22T15:35:32,attacker/rpc,85,"{""id"":1,""src"":""shellyazplug-e4b323337220"",""dst"":""attacker"",""result"":{""was_on"":false}}"
2026-04-22T15:35:32,shellyazplug-node/debug/log,87,"shellyazplug-e4b323337220 439 30665.076 1|shos_rpc_inst.c:230     Switch.Set via MQTT 
"
2026-04-22T15:35:32,shellyazplug-node/status/switch:0,199,"{""id"":0, ""source"":""MQTT"", ""output"":true, ""apower"":0.0, ""voltage"":233.3, ""freq"":50.0, ""current"":0.000, ""aenergy"":{""total"""
2026-04-22T15:35:32,shellyazplug-node/events/rpc,167,"{""src"":""shellyazplug-e4b323337220"",""dst"":""shellyazplug-node/events"",""method"":""NotifyStatus"",""params"":{""ts"":30665.07,""swi"
2026-04-22T15:35:32,shellyazplug-node/debug/log,132,"shellyazplug-e4b323337220 440 30665.092 1|shelly_notification:163 Status change of switch:0: {""id"":0,""output"":true,""sour"
2026-04-22T15:35:32,shellyazplug-node/rpc,86,"{""id"": 1, ""src"": ""attacker"", ""method"": ""Switch.Set"", ""params"": {""id"": 0, ""on"": false}}"
2026-04-22T15:35:32,attacker/rpc,84,"{""id"":1,""src"":""shellyazplug-e4b323337220"",""dst"":""attacker"",""result"":{""was_on"":true}}"
2026-04-22T15:35:32,shellyazplug-node/debug/log,87,"shellyazplug-e4b323337220 441 30665.576 1|shos_rpc_inst.c:230     Switch.Set via MQTT 
"
2026-04-22T15:35:32,shellyazplug-node/status/switch:0,200,"{""id"":0, ""source"":""MQTT"", ""output"":false, ""apower"":0.0, ""voltage"":233.3, ""freq"":50.0, ""current"":0.000, ""aenergy"":{""total"
2026-04-22T15:35:32,shellyazplug-node/events/rpc,191,"{""src"":""shellyazplug-e4b323337220"",""dst"":""shellyazplug-node/events"",""method"":""NotifyStatus"",""params"":{""ts"":30665.57,""swi"
2026-04-22T15:35:32,shellyazplug-node/debug/log,156,"shellyazplug-e4b323337220 442 30665.594 1|shelly_notification:163 Status change of switch:0: {""id"":0,""apower"":0,""current"
2026-04-22T15:35:33,iot/mq/debug,50,[0;36m[D][sensor:124]: 'Gas Sensor' >> 0.55 V[0m
2026-04-22T15:35:33,iot/mq/sensor/gas_sensor/state,4,0.55
2026-04-22T15:35:33,shellyazplug-node/rpc,85,"{""id"": 1, ""src"": ""attacker"", ""method"": ""Switch.Set"", ""params"": {""id"": 0, ""on"": true}}"
2026-04-22T15:35:33,attacker/rpc,85,"{""id"":1,""src"":""shellyazplug-e4b323337220"",""dst"":""attacker"",""result"":{""was_on"":false}}"
2026-04-22T15:35:33,shellyazplug-node/debug/log,87,"shellyazplug-e4b323337220 443 30666.077 1|shos_rpc_inst.c:230     Switch.Set via MQTT 
"
2026-04-22T15:35:33,shellyazplug-node/status/switch:0,199,"{""id"":0, ""source"":""MQTT"", ""output"":true, ""apower"":0.0, ""voltage"":233.3, ""freq"":50.0, ""current"":0.000, ""aenergy"":{""total"""
2026-04-22T15:35:33,shellyazplug-node/events/rpc,167,"{""src"":""shellyazplug-e4b323337220"",""dst"":""shellyazplug-node/events"",""method"":""NotifyStatus"",""params"":{""ts"":30666.07,""swi"
2026-04-22T15:35:33,shellyazplug-node/debug/log,132,"shellyazplug-e4b323337220 444 30666.093 1|shelly_notification:163 Status change of switch:0: {""id"":0,""output"":true,""sour"
2026-04-22T15:35:33,shellyazplug-node/rpc,86,"{""id"": 1, ""src"": ""attacker"", ""method"": ""Switch.Set"", ""params"": {""id"": 0, ""on"": false}}"
2026-04-22T15:35:33,attacker/rpc,84,"{""id"":1,""src"":""shellyazplug-e4b323337220"",""dst"":""attacker"",""result"":{""was_on"":true}}"
2026-04-22T15:35:33,shellyazplug-node/debug/log,87,"shellyazplug-e4b323337220 445 30666.579 1|shos_rpc_inst.c:230     Switch.Set via MQTT 
"
2026-04-22T15:35:33,shellyazplug-node/status/switch:0,200,"{""id"":0, ""source"":""MQTT"", ""output"":false, ""apower"":0.0, ""voltage"":233.3, ""freq"":50.0, ""current"":0.000, ""aenergy"":{""total"
2026-04-22T15:35:33,shellyazplug-node/events/rpc,191,"{""src"":""shellyazplug-e4b323337220"",""dst"":""shellyazplug-node/events"",""method"":""NotifyStatus"",""params"":{""ts"":30666.58,""swi"
2026-04-22T15:35:33,shellyazplug-node/debug/log,156,"shellyazplug-e4b323337220 446 30666.597 1|shelly_notification:163 Status change of switch:0: {""id"":0,""apower"":0,""current"
2026-04-22T15:35:34,shellyazplug-node/rpc,85,"{""id"": 1, ""src"": ""attacker"", ""method"": ""Switch.Set"", ""params"": {""id"": 0, ""on"": true}}"
2026-04-22T15:35:34,attacker/rpc,85,"{""id"":1,""src"":""shellyazplug-e4b323337220"",""dst"":""attacker"",""result"":{""was_on"":false}}"
2026-04-22T15:35:34,shellyazplug-node/debug/log,87,"shellyazplug-e4b323337220 447 30667.077 1|shos_rpc_inst.c:230     Switch.Set via MQTT 
"
2026-04-22T15:35:34,shellyazplug-node/status/switch:0,199,"{""id"":0, ""source"":""MQTT"", ""output"":true, ""apower"":0.0, ""voltage"":233.1, ""freq"":50.0, ""current"":0.000, ""aenergy"":{""total"""
2026-04-22T15:35:34,shellyazplug-node/events/rpc,167,"{""src"":""shellyazplug-e4b323337220"",""dst"":""shellyazplug-node/events"",""method"":""NotifyStatus"",""params"":{""ts"":30667.07,""swi"
2026-04-22T15:35:34,shellyazplug-node/debug/log,132,"shellyazplug-e4b323337220 448 30667.093 1|shelly_notification:163 Status change of switch:0: {""id"":0,""output"":true,""sour"
2026-04-22T15:35:34,shellyazplug-node/rpc,86,"{""id"": 1, ""src"": ""attacker"", ""method"": ""Switch.Set"", ""params"": {""id"": 0, ""on"": false}}"
2026-04-22T15:35:34,attacker/rpc,84,"{""id"":1,""src"":""shellyazplug-e4b323337220"",""dst"":""attacker"",""result"":{""was_on"":true}}"
2026-04-22T15:35:34,shellyazplug-node/debug/log,87,"shellyazplug-e4b323337220 449 30667.580 1|shos_rpc_inst.c:230     Switch.Set via MQTT 
"
2026-04-22T15:35:34,shellyazplug-node/status/switch:0,200,"{""id"":0, ""source"":""MQTT"", ""output"":false, ""apower"":0.0, ""voltage"":233.1, ""freq"":50.0, ""current"":0.000, ""aenergy"":{""total"
2026-04-22T15:35:34,shellyazplug-node/events/rpc,191,"{""src"":""shellyazplug-e4b323337220"",""dst"":""shellyazplug-node/events"",""method"":""NotifyStatus"",""params"":{""ts"":30667.58,""swi"
2026-04-22T15:35:34,shellyazplug-node/debug/log,156,"shellyazplug-e4b323337220 450 30667.599 1|shelly_notification:163 Status change of switch:0: {""id"":0,""apower"":0,""current"
2026-04-22T15:35:35,iot/dht11/debug,59,[0;36m[D][dht:048]: Temperature 24.8°C Humidity 39.0%[0m
2026-04-22T15:35:35,iot/dht11/debug,53,[0;36m[D][sensor:124]: 'Temperature' >> 24.8 °C[0m
2026-04-22T15:35:35,iot/dht11/sensor/temperature/state,4,24.8
2026-04-22T15:35:35,iot/dht11/debug,46,[0;36m[D][sensor:124]: 'Humidity' >> 39 %[0m
2026-04-22T15:35:35,iot/dht11/sensor/humidity/state,2,39
2026-04-22T15:35:35,shellyazplug-node/rpc,85,"{""id"": 1, ""src"": ""attacker"", ""method"": ""Switch.Set"", ""params"": {""id"": 0, ""on"": true}}"
2026-04-22T15:35:35,attacker/rpc,85,"{""id"":1,""src"":""shellyazplug-e4b323337220"",""dst"":""attacker"",""result"":{""was_on"":false}}"
2026-04-22T15:35:35,shellyazplug-node/debug/log,87,"shellyazplug-e4b323337220 451 30668.078 1|shos_rpc_inst.c:230     Switch.Set via MQTT 
"
2026-04-22T15:35:35,shellyazplug-node/status/switch:0,199,"{""id"":0, ""source"":""MQTT"", ""output"":true, ""apower"":0.0, ""voltage"":233.1, ""freq"":50.0, ""current"":0.000, ""aenergy"":{""total"""
2026-04-22T15:35:35,shellyazplug-node/events/rpc,167,"{""src"":""shellyazplug-e4b323337220"",""dst"":""shellyazplug-node/events"",""method"":""NotifyStatus"",""params"":{""ts"":30668.07,""swi"
2026-04-22T15:35:35,shellyazplug-node/debug/log,132,"shellyazplug-e4b323337220 452 30668.094 1|shelly_notification:163 Status change of switch:0: {""id"":0,""output"":true,""sour"
2026-04-22T15:35:35,shellyazplug-node/rpc,86,"{""id"": 1, ""src"": ""attacker"", ""method"": ""Switch.Set"", ""params"": {""id"": 0, ""on"": false}}"
2026-04-22T15:35:35,attacker/rpc,84,"{""id"":1,""src"":""shellyazplug-e4b323337220"",""dst"":""attacker"",""result"":{""was_on"":true}}"
2026-04-22T15:35:35,shellyazplug-node/debug/log,87,"shellyazplug-e4b323337220 453 30668.578 1|shos_rpc_inst.c:230     Switch.Set via MQTT 
"
2026-04-22T15:35:35,shellyazplug-node/status/switch:0,200,"{""id"":0, ""source"":""MQTT"", ""output"":false, ""apower"":0.0, ""voltage"":233.1, ""freq"":50.0, ""current"":0.000, ""aenergy"":{""total"
2026-04-22T15:35:35,shellyazplug-node/events/rpc,191,"{""src"":""shellyazplug-e4b323337220"",""dst"":""shellyazplug-node/events"",""method"":""NotifyStatus"",""params"":{""ts"":30668.57,""swi"
2026-04-22T15:35:35,shellyazplug-node/debug/log,156,"shellyazplug-e4b323337220 454 30668.596 1|shelly_notification:163 Status change of switch:0: {""id"":0,""apower"":0,""current"
2026-04-22T15:35:36,shellyazplug-node/rpc,85,"{""id"": 1, ""src"": ""attacker"", ""method"": ""Switch.Set"", ""params"": {""id"": 0, ""on"": true}}"
2026-04-22T15:35:36,attacker/rpc,85,"{""id"":1,""src"":""shellyazplug-e4b323337220"",""dst"":""attacker"",""result"":{""was_on"":false}}"
2026-04-22T15:35:36,shellyazplug-node/debug/log,87,"shellyazplug-e4b323337220 455 30669.080 1|shos_rpc_inst.c:230     Switch.Set via MQTT 
"
2026-04-22T15:35:36,shellyazplug-node/status/switch:0,199,"{""id"":0, ""source"":""MQTT"", ""output"":true, ""apower"":0.0, ""voltage"":233.2, ""freq"":50.0, ""current"":0.000, ""aenergy"":{""total"""
2026-04-22T15:35:36,shellyazplug-node/events/rpc,167,"{""src"":""shellyazplug-e4b323337220"",""dst"":""shellyazplug-node/events"",""method"":""NotifyStatus"",""params"":{""ts"":30669.08,""swi"
2026-04-22T15:35:36,shellyazplug-node/debug/log,132,"shellyazplug-e4b323337220 456 30669.096 1|shelly_notification:163 Status change of switch:0: {""id"":0,""output"":true,""sour"
2026-04-22T15:35:36,shellyazplug-node/rpc,86,"{""id"": 1, ""src"": ""attacker"", ""method"": ""Switch.Set"", ""params"": {""id"": 0, ""on"": false}}"
2026-04-22T15:35:36,attacker/rpc,84,"{""id"":1,""src"":""shellyazplug-e4b323337220"",""dst"":""attacker"",""result"":{""was_on"":true}}"
2026-04-22T15:35:36,shellyazplug-node/debug/log,87,"shellyazplug-e4b323337220 457 30669.580 1|shos_rpc_inst.c:230     Switch.Set via MQTT 
"
2026-04-22T15:35:36,shellyazplug-node/status/switch:0,200,"{""id"":0, ""source"":""MQTT"", ""output"":false, ""apower"":0.0, ""voltage"":233.2, ""freq"":50.0, ""current"":0.000, ""aenergy"":{""total"
2026-04-22T15:35:36,shellyazplug-node/events/rpc,191,"{""src"":""shellyazplug-e4b323337220"",""dst"":""shellyazplug-node/events"",""method"":""NotifyStatus"",""params"":{""ts"":30669.58,""swi"
2026-04-22T15:35:36,shellyazplug-node/debug/log,156,"shellyazplug-e4b323337220 458 30669.598 1|shelly_notification:163 Status change of switch:0: {""id"":0,""apower"":0,""current"
2026-04-22T15:35:37,shellyazplug-node/rpc,85,"{""id"": 1, ""src"": ""attacker"", ""method"": ""Switch.Set"", ""params"": {""id"": 0, ""on"": true}}"
2026-04-22T15:35:37,attacker/rpc,85,"{""id"":1,""src"":""shellyazplug-e4b323337220"",""dst"":""attacker"",""result"":{""was_on"":false}}"
2026-04-22T15:35:37,shellyazplug-node/debug/log,87,"shellyazplug-e4b323337220 459 30670.084 1|shos_rpc_inst.c:230     Switch.Set via MQTT 
"
2026-04-22T15:35:37,shellyazplug-node/status/switch:0,199,"{""id"":0, ""source"":""MQTT"", ""output"":true, ""apower"":0.0, ""voltage"":233.1, ""freq"":50.0, ""current"":0.000, ""aenergy"":{""total"""
2026-04-22T15:35:37,shellyazplug-node/events/rpc,167,"{""src"":""shellyazplug-e4b323337220"",""dst"":""shellyazplug-node/events"",""method"":""NotifyStatus"",""params"":{""ts"":30670.08,""swi"
2026-04-22T15:35:37,shellyazplug-node/debug/log,132,"shellyazplug-e4b323337220 460 30670.101 1|shelly_notification:163 Status change of switch:0: {""id"":0,""output"":true,""sour"
2026-04-22T15:35:37,shellyazplug-node/rpc,86,"{""id"": 1, ""src"": ""attacker"", ""method"": ""Switch.Set"", ""params"": {""id"": 0, ""on"": false}}"
2026-04-22T15:35:37,attacker/rpc,84,"{""id"":1,""src"":""shellyazplug-e4b323337220"",""dst"":""attacker"",""result"":{""was_on"":true}}"
2026-04-22T15:35:37,shellyazplug-node/debug/log,87,"shellyazplug-e4b323337220 461 30670.581 1|shos_rpc_inst.c:230     Switch.Set via MQTT 
"
2026-04-22T15:35:37,shellyazplug-node/status/switch:0,200,"{""id"":0, ""source"":""MQTT"", ""output"":false, ""apower"":0.0, ""voltage"":233.1, ""freq"":50.0, ""current"":0.000, ""aenergy"":{""total"
2026-04-22T15:35:37,shellyazplug-node/events/rpc,191,"{""src"":""shellyazplug-e4b323337220"",""dst"":""shellyazplug-node/events"",""method"":""NotifyStatus"",""params"":{""ts"":30670.58,""swi"
2026-04-22T15:35:37,shellyazplug-node/debug/log,156,"shellyazplug-e4b323337220 462 30670.599 1|shelly_notification:163 Status change of switch:0: {""id"":0,""apower"":0,""current"
2026-04-22T15:35:38,iot/mq/debug,50,[0;36m[D][sensor:124]: 'Gas Sensor' >> 0.55 V[0m
2026-04-22T15:35:38,iot/mq/sensor/gas_sensor/state,4,0.55
2026-04-22T15:35:38,shellyazplug-node/rpc,85,"{""id"": 1, ""src"": ""attacker"", ""method"": ""Switch.Set"", ""params"": {""id"": 0, ""on"": true}}"
2026-04-22T15:35:38,attacker/rpc,85,"{""id"":1,""src"":""shellyazplug-e4b323337220"",""dst"":""attacker"",""result"":{""was_on"":false}}"
2026-04-22T15:35:38,shellyazplug-node/debug/log,87,"shellyazplug-e4b323337220 463 30671.081 1|shos_rpc_inst.c:230     Switch.Set via MQTT 
"
2026-04-22T15:35:38,shellyazplug-node/status/switch:0,199,"{""id"":0, ""source"":""MQTT"", ""output"":true, ""apower"":0.0, ""voltage"":233.0, ""freq"":50.0, ""current"":0.000, ""aenergy"":{""total"""
2026-04-22T15:35:38,shellyazplug-node/events/rpc,167,"{""src"":""shellyazplug-e4b323337220"",""dst"":""shellyazplug-node/events"",""method"":""NotifyStatus"",""params"":{""ts"":30671.08,""swi"
2026-04-22T15:35:38,shellyazplug-node/debug/log,132,"shellyazplug-e4b323337220 464 30671.097 1|shelly_notification:163 Status change of switch:0: {""id"":0,""output"":true,""sour"
2026-04-22T15:35:38,shellyazplug-node/rpc,86,"{""id"": 1, ""src"": ""attacker"", ""method"": ""Switch.Set"", ""params"": {""id"": 0, ""on"": false}}"
2026-04-22T15:35:38,attacker/rpc,84,"{""id"":1,""src"":""shellyazplug-e4b323337220"",""dst"":""attacker"",""result"":{""was_on"":true}}"
2026-04-22T15:35:38,shellyazplug-node/debug/log,87,"shellyazplug-e4b323337220 465 30671.581 1|shos_rpc_inst.c:230     Switch.Set via MQTT 
"
2026-04-22T15:35:38,shellyazplug-node/status/switch:0,200,"{""id"":0, ""source"":""MQTT"", ""output"":false, ""apower"":0.0, ""voltage"":233.0, ""freq"":50.0, ""current"":0.000, ""aenergy"":{""total"
2026-04-22T15:35:38,shellyazplug-node/events/rpc,191,"{""src"":""shellyazplug-e4b323337220"",""dst"":""shellyazplug-node/events"",""method"":""NotifyStatus"",""params"":{""ts"":30671.58,""swi"
2026-04-22T15:35:38,shellyazplug-node/debug/log,156,"shellyazplug-e4b323337220 466 30671.601 1|shelly_notification:163 Status change of switch:0: {""id"":0,""apower"":0,""current"
2026-04-22T15:35:39,shellyazplug-node/rpc,85,"{""id"": 1, ""src"": ""attacker"", ""method"": ""Switch.Set"", ""params"": {""id"": 0, ""on"": true}}"
2026-04-22T15:35:39,attacker/rpc,85,"{""id"":1,""src"":""shellyazplug-e4b323337220"",""dst"":""attacker"",""result"":{""was_on"":false}}"
2026-04-22T15:35:39,shellyazplug-node/debug/log,87,"shellyazplug-e4b323337220 467 30672.082 1|shos_rpc_inst.c:230     Switch.Set via MQTT 
"
2026-04-22T15:35:39,shellyazplug-node/status/switch:0,199,"{""id"":0, ""source"":""MQTT"", ""output"":true, ""apower"":0.0, ""voltage"":232.9, ""freq"":50.0, ""current"":0.000, ""aenergy"":{""total"""
2026-04-22T15:35:39,shellyazplug-node/events/rpc,167,"{""src"":""shellyazplug-e4b323337220"",""dst"":""shellyazplug-node/events"",""method"":""NotifyStatus"",""params"":{""ts"":30672.08,""swi"
2026-04-22T15:35:39,shellyazplug-node/debug/log,132,"shellyazplug-e4b323337220 468 30672.099 1|shelly_notification:163 Status change of switch:0: {""id"":0,""output"":true,""sour"
2026-04-22T15:35:39,shellyazplug-node/rpc,86,"{""id"": 1, ""src"": ""attacker"", ""method"": ""Switch.Set"", ""params"": {""id"": 0, ""on"": false}}"
2026-04-22T15:35:39,attacker/rpc,84,"{""id"":1,""src"":""shellyazplug-e4b323337220"",""dst"":""attacker"",""result"":{""was_on"":true}}"
2026-04-22T15:35:39,shellyazplug-node/debug/log,87,"shellyazplug-e4b323337220 469 30672.582 1|shos_rpc_inst.c:230     Switch.Set via MQTT 
"
2026-04-22T15:35:39,shellyazplug-node/status/switch:0,200,"{""id"":0, ""source"":""MQTT"", ""output"":false, ""apower"":0.0, ""voltage"":232.9, ""freq"":50.0, ""current"":0.000, ""aenergy"":{""total"
2026-04-22T15:35:39,shellyazplug-node/events/rpc,191,"{""src"":""shellyazplug-e4b323337220"",""dst"":""shellyazplug-node/events"",""method"":""NotifyStatus"",""params"":{""ts"":30672.58,""swi"
2026-04-22T15:35:39,shellyazplug-node/debug/log,156,"shellyazplug-e4b323337220 470 30672.601 1|shelly_notification:163 Status change of switch:0: {""id"":0,""apower"":0,""current"
2026-04-22T15:35:40,shellyazplug-node/rpc,85,"{""id"": 1, ""src"": ""attacker"", ""method"": ""Switch.Set"", ""params"": {""id"": 0, ""on"": true}}"
2026-04-22T15:35:40,attacker/rpc,85,"{""id"":1,""src"":""shellyazplug-e4b323337220"",""dst"":""attacker"",""result"":{""was_on"":false}}"
2026-04-22T15:35:40,shellyazplug-node/debug/log,87,"shellyazplug-e4b323337220 471 30673.083 1|shos_rpc_inst.c:230     Switch.Set via MQTT 
"
2026-04-22T15:35:40,shellyazplug-node/status/switch:0,199,"{""id"":0, ""source"":""MQTT"", ""output"":true, ""apower"":0.0, ""voltage"":232.9, ""freq"":50.0, ""current"":0.000, ""aenergy"":{""total"""
2026-04-22T15:35:40,shellyazplug-node/events/rpc,167,"{""src"":""shellyazplug-e4b323337220"",""dst"":""shellyazplug-node/events"",""method"":""NotifyStatus"",""params"":{""ts"":30673.08,""swi"
2026-04-22T15:35:40,shellyazplug-node/debug/log,132,"shellyazplug-e4b323337220 472 30673.099 1|shelly_notification:163 Status change of switch:0: {""id"":0,""output"":true,""sour"
2026-04-22T15:35:40,shellyazplug-node/rpc,86,"{""id"": 1, ""src"": ""attacker"", ""method"": ""Switch.Set"", ""params"": {""id"": 0, ""on"": false}}"
2026-04-22T15:35:40,attacker/rpc,84,"{""id"":1,""src"":""shellyazplug-e4b323337220"",""dst"":""attacker"",""result"":{""was_on"":true}}"
2026-04-22T15:35:40,shellyazplug-node/debug/log,87,"shellyazplug-e4b323337220 473 30673.583 1|shos_rpc_inst.c:230     Switch.Set via MQTT 
"
2026-04-22T15:35:40,shellyazplug-node/status/switch:0,200,"{""id"":0, ""source"":""MQTT"", ""output"":false, ""apower"":0.0, ""voltage"":232.9, ""freq"":50.0, ""current"":0.000, ""aenergy"":{""total"
2026-04-22T15:35:40,shellyazplug-node/events/rpc,191,"{""src"":""shellyazplug-e4b323337220"",""dst"":""shellyazplug-node/events"",""method"":""NotifyStatus"",""params"":{""ts"":30673.58,""swi"
2026-04-22T15:35:40,shellyazplug-node/debug/log,156,"shellyazplug-e4b323337220 474 30673.603 1|shelly_notification:163 Status change of switch:0: {""id"":0,""apower"":0,""current"
2026-04-22T15:35:41,shellyazplug-node/rpc,85,"{""id"": 1, ""src"": ""attacker"", ""method"": ""Switch.Set"", ""params"": {""id"": 0, ""on"": true}}"
2026-04-22T15:35:41,attacker/rpc,85,"{""id"":1,""src"":""shellyazplug-e4b323337220"",""dst"":""attacker"",""result"":{""was_on"":false}}"
2026-04-22T15:35:41,shellyazplug-node/debug/log,87,"shellyazplug-e4b323337220 475 30674.084 1|shos_rpc_inst.c:230     Switch.Set via MQTT 
"
2026-04-22T15:35:41,shellyazplug-node/status/switch:0,199,"{""id"":0, ""source"":""MQTT"", ""output"":true, ""apower"":0.0, ""voltage"":232.9, ""freq"":50.0, ""current"":0.000, ""aenergy"":{""total"""
2026-04-22T15:35:41,shellyazplug-node/events/rpc,167,"{""src"":""shellyazplug-e4b323337220"",""dst"":""shellyazplug-node/events"",""method"":""NotifyStatus"",""params"":{""ts"":30674.08,""swi"
2026-04-22T15:35:41,shellyazplug-node/debug/log,132,"shellyazplug-e4b323337220 476 30674.100 1|shelly_notification:163 Status change of switch:0: {""id"":0,""output"":true,""sour"
2026-04-22T15:35:41,shellyazplug-node/rpc,86,"{""id"": 1, ""src"": ""attacker"", ""method"": ""Switch.Set"", ""params"": {""id"": 0, ""on"": false}}"
2026-04-22T15:35:41,attacker/rpc,84,"{""id"":1,""src"":""shellyazplug-e4b323337220"",""dst"":""attacker"",""result"":{""was_on"":true}}"
2026-04-22T15:35:41,shellyazplug-node/debug/log,87,"shellyazplug-e4b323337220 477 30674.584 1|shos_rpc_inst.c:230     Switch.Set via MQTT 
"
2026-04-22T15:35:41,shellyazplug-node/status/switch:0,200,"{""id"":0, ""source"":""MQTT"", ""output"":false, ""apower"":0.0, ""voltage"":232.9, ""freq"":50.0, ""current"":0.000, ""aenergy"":{""total"
2026-04-22T15:35:41,shellyazplug-node/events/rpc,191,"{""src"":""shellyazplug-e4b323337220"",""dst"":""shellyazplug-node/events"",""method"":""NotifyStatus"",""params"":{""ts"":30674.58,""swi"
2026-04-22T15:35:41,shellyazplug-node/debug/log,156,"shellyazplug-e4b323337220 478 30674.603 1|shelly_notification:163 Status change of switch:0: {""id"":0,""apower"":0,""current"
2026-04-22T15:35:42,shellyazplug-node/rpc,85,"{""id"": 1, ""src"": ""attacker"", ""method"": ""Switch.Set"", ""params"": {""id"": 0, ""on"": true}}"
2026-04-22T15:35:42,attacker/rpc,85,"{""id"":1,""src"":""shellyazplug-e4b323337220"",""dst"":""attacker"",""result"":{""was_on"":false}}"
2026-04-22T15:35:42,shellyazplug-node/debug/log,87,"shellyazplug-e4b323337220 479 30675.085 1|shos_rpc_inst.c:230     Switch.Set via MQTT 
"
2026-04-22T15:35:42,shellyazplug-node/status/switch:0,199,"{""id"":0, ""source"":""MQTT"", ""output"":true, ""apower"":0.0, ""voltage"":233.0, ""freq"":50.0, ""current"":0.000, ""aenergy"":{""total"""
2026-04-22T15:35:42,shellyazplug-node/events/rpc,167,"{""src"":""shellyazplug-e4b323337220"",""dst"":""shellyazplug-node/events"",""method"":""NotifyStatus"",""params"":{""ts"":30675.08,""swi"
2026-04-22T15:35:42,shellyazplug-node/debug/log,132,"shellyazplug-e4b323337220 480 30675.102 1|shelly_notification:163 Status change of switch:0: {""id"":0,""output"":true,""sour"
2026-04-22T15:35:42,shellyazplug-node/rpc,86,"{""id"": 1, ""src"": ""attacker"", ""method"": ""Switch.Set"", ""params"": {""id"": 0, ""on"": false}}"
2026-04-22T15:35:42,attacker/rpc,84,"{""id"":1,""src"":""shellyazplug-e4b323337220"",""dst"":""attacker"",""result"":{""was_on"":true}}"
2026-04-22T15:35:42,shellyazplug-node/debug/log,87,"shellyazplug-e4b323337220 481 30675.585 1|shos_rpc_inst.c:230     Switch.Set via MQTT 
"
2026-04-22T15:35:42,shellyazplug-node/status/switch:0,200,"{""id"":0, ""source"":""MQTT"", ""output"":false, ""apower"":0.0, ""voltage"":233.0, ""freq"":50.0, ""current"":0.000, ""aenergy"":{""total"
2026-04-22T15:35:42,shellyazplug-node/events/rpc,191,"{""src"":""shellyazplug-e4b323337220"",""dst"":""shellyazplug-node/events"",""method"":""NotifyStatus"",""params"":{""ts"":30675.58,""swi"
2026-04-22T15:35:42,shellyazplug-node/debug/log,156,"shellyazplug-e4b323337220 482 30675.604 1|shelly_notification:163 Status change of switch:0: {""id"":0,""apower"":0,""current"
2026-04-22T15:35:43,iot/mq/debug,50,[0;36m[D][sensor:124]: 'Gas Sensor' >> 0.55 V[0m
2026-04-22T15:35:43,iot/mq/sensor/gas_sensor/state,4,0.55
2026-04-22T15:35:43,shellyazplug-node/rpc,85,"{""id"": 1, ""src"": ""attacker"", ""method"": ""Switch.Set"", ""params"": {""id"": 0, ""on"": true}}"
2026-04-22T15:35:43,attacker/rpc,85,"{""id"":1,""src"":""shellyazplug-e4b323337220"",""dst"":""attacker"",""result"":{""was_on"":false}}"
2026-04-22T15:35:43,shellyazplug-node/debug/log,87,"shellyazplug-e4b323337220 483 30676.086 1|shos_rpc_inst.c:230     Switch.Set via MQTT 
"
2026-04-22T15:35:43,shellyazplug-node/status/switch:0,199,"{""id"":0, ""source"":""MQTT"", ""output"":true, ""apower"":0.0, ""voltage"":232.9, ""freq"":50.0, ""current"":0.000, ""aenergy"":{""total"""
2026-04-22T15:35:43,shellyazplug-node/events/rpc,167,"{""src"":""shellyazplug-e4b323337220"",""dst"":""shellyazplug-node/events"",""method"":""NotifyStatus"",""params"":{""ts"":30676.08,""swi"
2026-04-22T15:35:43,shellyazplug-node/debug/log,132,"shellyazplug-e4b323337220 484 30676.102 1|shelly_notification:163 Status change of switch:0: {""id"":0,""output"":true,""sour"
2026-04-22T15:35:43,shellyazplug-node/rpc,86,"{""id"": 1, ""src"": ""attacker"", ""method"": ""Switch.Set"", ""params"": {""id"": 0, ""on"": false}}"
2026-04-22T15:35:43,attacker/rpc,84,"{""id"":1,""src"":""shellyazplug-e4b323337220"",""dst"":""attacker"",""result"":{""was_on"":true}}"
2026-04-22T15:35:43,shellyazplug-node/debug/log,87,"shellyazplug-e4b323337220 485 30676.586 1|shos_rpc_inst.c:230     Switch.Set via MQTT 
"
2026-04-22T15:35:43,shellyazplug-node/status/switch:0,200,"{""id"":0, ""source"":""MQTT"", ""output"":false, ""apower"":0.0, ""voltage"":232.9, ""freq"":50.0, ""current"":0.000, ""aenergy"":{""total"
2026-04-22T15:35:43,shellyazplug-node/events/rpc,191,"{""src"":""shellyazplug-e4b323337220"",""dst"":""shellyazplug-node/events"",""method"":""NotifyStatus"",""params"":{""ts"":30676.58,""swi"
2026-04-22T15:35:43,shellyazplug-node/debug/log,156,"shellyazplug-e4b323337220 486 30676.605 1|shelly_notification:163 Status change of switch:0: {""id"":0,""apower"":0,""current"
2026-04-22T15:35:44,shellyazplug-node/rpc,85,"{""id"": 1, ""src"": ""attacker"", ""method"": ""Switch.Set"", ""params"": {""id"": 0, ""on"": true}}"
2026-04-22T15:35:44,attacker/rpc,85,"{""id"":1,""src"":""shellyazplug-e4b323337220"",""dst"":""attacker"",""result"":{""was_on"":false}}"
2026-04-22T15:35:44,shellyazplug-node/debug/log,87,"shellyazplug-e4b323337220 487 30677.087 1|shos_rpc_inst.c:230     Switch.Set via MQTT 
"
2026-04-22T15:35:44,shellyazplug-node/status/switch:0,199,"{""id"":0, ""source"":""MQTT"", ""output"":true, ""apower"":0.0, ""voltage"":232.7, ""freq"":50.0, ""current"":0.000, ""aenergy"":{""total"""
2026-04-22T15:35:44,shellyazplug-node/events/rpc,167,"{""src"":""shellyazplug-e4b323337220"",""dst"":""shellyazplug-node/events"",""method"":""NotifyStatus"",""params"":{""ts"":30677.08,""swi"
2026-04-22T15:35:44,shellyazplug-node/debug/log,132,"shellyazplug-e4b323337220 488 30677.103 1|shelly_notification:163 Status change of switch:0: {""id"":0,""output"":true,""sour"
2026-04-22T15:35:44,shellyazplug-node/rpc,86,"{""id"": 1, ""src"": ""attacker"", ""method"": ""Switch.Set"", ""params"": {""id"": 0, ""on"": false}}"
2026-04-22T15:35:44,attacker/rpc,84,"{""id"":1,""src"":""shellyazplug-e4b323337220"",""dst"":""attacker"",""result"":{""was_on"":true}}"
2026-04-22T15:35:44,shellyazplug-node/debug/log,87,"shellyazplug-e4b323337220 489 30677.587 1|shos_rpc_inst.c:230     Switch.Set via MQTT 
"
2026-04-22T15:35:44,shellyazplug-node/status/switch:0,200,"{""id"":0, ""source"":""MQTT"", ""output"":false, ""apower"":0.0, ""voltage"":232.7, ""freq"":50.0, ""current"":0.000, ""aenergy"":{""total"
2026-04-22T15:35:44,shellyazplug-node/events/rpc,191,"{""src"":""shellyazplug-e4b323337220"",""dst"":""shellyazplug-node/events"",""method"":""NotifyStatus"",""params"":{""ts"":30677.58,""swi"
2026-04-22T15:35:44,shellyazplug-node/debug/log,156,"shellyazplug-e4b323337220 490 30677.606 1|shelly_notification:163 Status change of switch:0: {""id"":0,""apower"":0,""current"
2026-04-22T15:35:45,iot/dht11/debug,59,[0;36m[D][dht:048]: Temperature 24.8°C Humidity 39.0%[0m
2026-04-22T15:35:45,iot/dht11/debug,53,[0;36m[D][sensor:124]: 'Temperature' >> 24.8 °C[0m
2026-04-22T15:35:45,iot/dht11/sensor/temperature/state,4,24.8
2026-04-22T15:35:45,iot/dht11/debug,46,[0;36m[D][sensor:124]: 'Humidity' >> 39 %[0m
2026-04-22T15:35:45,iot/dht11/sensor/humidity/state,2,39
2026-04-22T15:35:45,shellyazplug-node/rpc,85,"{""id"": 1, ""src"": ""attacker"", ""method"": ""Switch.Set"", ""params"": {""id"": 0, ""on"": true}}"
2026-04-22T15:35:45,attacker/rpc,85,"{""id"":1,""src"":""shellyazplug-e4b323337220"",""dst"":""attacker"",""result"":{""was_on"":false}}"
2026-04-22T15:35:45,shellyazplug-node/debug/log,87,"shellyazplug-e4b323337220 491 30678.088 1|shos_rpc_inst.c:230     Switch.Set via MQTT 
"
2026-04-22T15:35:45,shellyazplug-node/status/switch:0,199,"{""id"":0, ""source"":""MQTT"", ""output"":true, ""apower"":0.0, ""voltage"":232.8, ""freq"":50.0, ""current"":0.000, ""aenergy"":{""total"""
2026-04-22T15:35:45,shellyazplug-node/events/rpc,167,"{""src"":""shellyazplug-e4b323337220"",""dst"":""shellyazplug-node/events"",""method"":""NotifyStatus"",""params"":{""ts"":30678.08,""swi"
2026-04-22T15:35:45,shellyazplug-node/debug/log,132,"shellyazplug-e4b323337220 492 30678.105 1|shelly_notification:163 Status change of switch:0: {""id"":0,""output"":true,""sour"
2026-04-22T15:35:45,shellyazplug-node/rpc,86,"{""id"": 1, ""src"": ""attacker"", ""method"": ""Switch.Set"", ""params"": {""id"": 0, ""on"": false}}"
2026-04-22T15:35:45,attacker/rpc,84,"{""id"":1,""src"":""shellyazplug-e4b323337220"",""dst"":""attacker"",""result"":{""was_on"":true}}"
2026-04-22T15:35:45,shellyazplug-node/debug/log,87,"shellyazplug-e4b323337220 493 30678.594 1|shos_rpc_inst.c:230     Switch.Set via MQTT 
"
2026-04-22T15:35:45,shellyazplug-node/status/switch:0,200,"{""id"":0, ""source"":""MQTT"", ""output"":false, ""apower"":0.0, ""voltage"":233.0, ""freq"":50.0, ""current"":0.000, ""aenergy"":{""total"
2026-04-22T15:35:45,shellyazplug-node/events/rpc,191,"{""src"":""shellyazplug-e4b323337220"",""dst"":""shellyazplug-node/events"",""method"":""NotifyStatus"",""params"":{""ts"":30678.59,""swi"
2026-04-22T15:35:45,shellyazplug-node/debug/log,156,"shellyazplug-e4b323337220 494 30678.613 1|shelly_notification:163 Status change of switch:0: {""id"":0,""apower"":0,""current"
2026-04-22T15:35:46,shellyazplug-node/rpc,85,"{""id"": 1, ""src"": ""attacker"", ""method"": ""Switch.Set"", ""params"": {""id"": 0, ""on"": true}}"
2026-04-22T15:35:46,attacker/rpc,85,"{""id"":1,""src"":""shellyazplug-e4b323337220"",""dst"":""attacker"",""result"":{""was_on"":false}}"
2026-04-22T15:35:46,shellyazplug-node/debug/log,87,"shellyazplug-e4b323337220 495 30679.089 1|shos_rpc_inst.c:230     Switch.Set via MQTT 
"
2026-04-22T15:35:46,shellyazplug-node/status/switch:0,199,"{""id"":0, ""source"":""MQTT"", ""output"":true, ""apower"":0.0, ""voltage"":233.0, ""freq"":50.0, ""current"":0.000, ""aenergy"":{""total"""
2026-04-22T15:35:46,shellyazplug-node/events/rpc,167,"{""src"":""shellyazplug-e4b323337220"",""dst"":""shellyazplug-node/events"",""method"":""NotifyStatus"",""params"":{""ts"":30679.09,""swi"
2026-04-22T15:35:46,shellyazplug-node/debug/log,132,"shellyazplug-e4b323337220 496 30679.105 1|shelly_notification:163 Status change of switch:0: {""id"":0,""output"":true,""sour"
2026-04-22T15:35:46,shellyazplug-node/rpc,86,"{""id"": 1, ""src"": ""attacker"", ""method"": ""Switch.Set"", ""params"": {""id"": 0, ""on"": false}}"
2026-04-22T15:35:46,attacker/rpc,84,"{""id"":1,""src"":""shellyazplug-e4b323337220"",""dst"":""attacker"",""result"":{""was_on"":true}}"
2026-04-22T15:35:46,shellyazplug-node/debug/log,87,"shellyazplug-e4b323337220 497 30679.589 1|shos_rpc_inst.c:230     Switch.Set via MQTT 
"
2026-04-22T15:35:46,shellyazplug-node/status/switch:0,200,"{""id"":0, ""source"":""MQTT"", ""output"":false, ""apower"":0.0, ""voltage"":233.0, ""freq"":50.0, ""current"":0.000, ""aenergy"":{""total"
2026-04-22T15:35:46,shellyazplug-node/events/rpc,191,"{""src"":""shellyazplug-e4b323337220"",""dst"":""shellyazplug-node/events"",""method"":""NotifyStatus"",""params"":{""ts"":30679.59,""swi"
2026-04-22T15:35:46,shellyazplug-node/debug/log,156,"shellyazplug-e4b323337220 498 30679.609 1|shelly_notification:163 Status change of switch:0: {""id"":0,""apower"":0,""current"
2026-04-22T15:35:47,shellyazplug-node/rpc,85,"{""id"": 1, ""src"": ""attacker"", ""method"": ""Switch.Set"", ""params"": {""id"": 0, ""on"": true}}"
2026-04-22T15:35:47,attacker/rpc,85,"{""id"":1,""src"":""shellyazplug-e4b323337220"",""dst"":""attacker"",""result"":{""was_on"":false}}"
2026-04-22T15:35:47,shellyazplug-node/debug/log,87,"shellyazplug-e4b323337220 499 30680.091 1|shos_rpc_inst.c:230     Switch.Set via MQTT 
"
2026-04-22T15:35:47,shellyazplug-node/status/switch:0,199,"{""id"":0, ""source"":""MQTT"", ""output"":true, ""apower"":0.0, ""voltage"":233.0, ""freq"":50.0, ""current"":0.000, ""aenergy"":{""total"""
2026-04-22T15:35:47,shellyazplug-node/events/rpc,167,"{""src"":""shellyazplug-e4b323337220"",""dst"":""shellyazplug-node/events"",""method"":""NotifyStatus"",""params"":{""ts"":30680.09,""swi"
2026-04-22T15:35:47,shellyazplug-node/debug/log,132,"shellyazplug-e4b323337220 500 30680.107 1|shelly_notification:163 Status change of switch:0: {""id"":0,""output"":true,""sour"
2026-04-22T15:35:47,shellyazplug-node/rpc,86,"{""id"": 1, ""src"": ""attacker"", ""method"": ""Switch.Set"", ""params"": {""id"": 0, ""on"": false}}"
2026-04-22T15:35:47,attacker/rpc,84,"{""id"":1,""src"":""shellyazplug-e4b323337220"",""dst"":""attacker"",""result"":{""was_on"":true}}"
2026-04-22T15:35:47,shellyazplug-node/debug/log,87,"shellyazplug-e4b323337220 501 30680.590 1|shos_rpc_inst.c:230     Switch.Set via MQTT 
"
2026-04-22T15:35:47,shellyazplug-node/status/switch:0,200,"{""id"":0, ""source"":""MQTT"", ""output"":false, ""apower"":0.0, ""voltage"":233.0, ""freq"":50.0, ""current"":0.000, ""aenergy"":{""total"
2026-04-22T15:35:47,shellyazplug-node/events/rpc,191,"{""src"":""shellyazplug-e4b323337220"",""dst"":""shellyazplug-node/events"",""method"":""NotifyStatus"",""params"":{""ts"":30680.59,""swi"
2026-04-22T15:35:47,shellyazplug-node/debug/log,156,"shellyazplug-e4b323337220 502 30680.610 1|shelly_notification:163 Status change of switch:0: {""id"":0,""apower"":0,""current"
2026-04-22T15:35:48,iot/mq/debug,50,[0;36m[D][sensor:124]: 'Gas Sensor' >> 0.55 V[0m
2026-04-22T15:35:48,iot/mq/sensor/gas_sensor/state,4,0.55
2026-04-22T15:35:48,shellyazplug-node/rpc,85,"{""id"": 1, ""src"": ""attacker"", ""method"": ""Switch.Set"", ""params"": {""id"": 0, ""on"": true}}"
2026-04-22T15:35:48,attacker/rpc,85,"{""id"":1,""src"":""shellyazplug-e4b323337220"",""dst"":""attacker"",""result"":{""was_on"":false}}"
2026-04-22T15:35:48,shellyazplug-node/debug/log,87,"shellyazplug-e4b323337220 503 30681.090 1|shos_rpc_inst.c:230     Switch.Set via MQTT 
"
2026-04-22T15:35:48,shellyazplug-node/status/switch:0,199,"{""id"":0, ""source"":""MQTT"", ""output"":true, ""apower"":0.0, ""voltage"":233.0, ""freq"":50.0, ""current"":0.000, ""aenergy"":{""total"""
2026-04-22T15:35:48,shellyazplug-node/events/rpc,167,"{""src"":""shellyazplug-e4b323337220"",""dst"":""shellyazplug-node/events"",""method"":""NotifyStatus"",""params"":{""ts"":30681.09,""swi"
2026-04-22T15:35:48,shellyazplug-node/debug/log,132,"shellyazplug-e4b323337220 504 30681.107 1|shelly_notification:163 Status change of switch:0: {""id"":0,""output"":true,""sour"
2026-04-22T15:35:48,shellyazplug-node/rpc,86,"{""id"": 1, ""src"": ""attacker"", ""method"": ""Switch.Set"", ""params"": {""id"": 0, ""on"": false}}"
2026-04-22T15:35:48,attacker/rpc,84,"{""id"":1,""src"":""shellyazplug-e4b323337220"",""dst"":""attacker"",""result"":{""was_on"":true}}"
2026-04-22T15:35:48,shellyazplug-node/debug/log,87,"shellyazplug-e4b323337220 505 30681.591 1|shos_rpc_inst.c:230     Switch.Set via MQTT 
"
2026-04-22T15:35:48,shellyazplug-node/status/switch:0,200,"{""id"":0, ""source"":""MQTT"", ""output"":false, ""apower"":0.0, ""voltage"":233.0, ""freq"":50.0, ""current"":0.000, ""aenergy"":{""total"
2026-04-22T15:35:48,shellyazplug-node/events/rpc,191,"{""src"":""shellyazplug-e4b323337220"",""dst"":""shellyazplug-node/events"",""method"":""NotifyStatus"",""params"":{""ts"":30681.59,""swi"
2026-04-22T15:35:48,shellyazplug-node/debug/log,156,"shellyazplug-e4b323337220 506 30681.610 1|shelly_notification:163 Status change of switch:0: {""id"":0,""apower"":0,""current"
2026-04-22T15:35:49,shellyazplug-node/rpc,85,"{""id"": 1, ""src"": ""attacker"", ""method"": ""Switch.Set"", ""params"": {""id"": 0, ""on"": true}}"
2026-04-22T15:35:49,attacker/rpc,85,"{""id"":1,""src"":""shellyazplug-e4b323337220"",""dst"":""attacker"",""result"":{""was_on"":false}}"
2026-04-22T15:35:49,shellyazplug-node/debug/log,87,"shellyazplug-e4b323337220 507 30682.092 1|shos_rpc_inst.c:230     Switch.Set via MQTT 
"
2026-04-22T15:35:49,shellyazplug-node/status/switch:0,199,"{""id"":0, ""source"":""MQTT"", ""output"":true, ""apower"":0.0, ""voltage"":232.9, ""freq"":50.0, ""current"":0.000, ""aenergy"":{""total"""
2026-04-22T15:35:49,shellyazplug-node/events/rpc,167,"{""src"":""shellyazplug-e4b323337220"",""dst"":""shellyazplug-node/events"",""method"":""NotifyStatus"",""params"":{""ts"":30682.09,""swi"
2026-04-22T15:35:49,shellyazplug-node/debug/log,132,"shellyazplug-e4b323337220 508 30682.108 1|shelly_notification:163 Status change of switch:0: {""id"":0,""output"":true,""sour"
2026-04-22T15:35:49,shellyazplug-node/rpc,86,"{""id"": 1, ""src"": ""attacker"", ""method"": ""Switch.Set"", ""params"": {""id"": 0, ""on"": false}}"
2026-04-22T15:35:49,attacker/rpc,84,"{""id"":1,""src"":""shellyazplug-e4b323337220"",""dst"":""attacker"",""result"":{""was_on"":true}}"
2026-04-22T15:35:49,shellyazplug-node/debug/log,87,"shellyazplug-e4b323337220 509 30682.594 1|shos_rpc_inst.c:230     Switch.Set via MQTT 
"
2026-04-22T15:35:49,shellyazplug-node/status/switch:0,200,"{""id"":0, ""source"":""MQTT"", ""output"":false, ""apower"":0.0, ""voltage"":233.1, ""freq"":50.0, ""current"":0.000, ""aenergy"":{""total"
2026-04-22T15:35:49,shellyazplug-node/events/rpc,191,"{""src"":""shellyazplug-e4b323337220"",""dst"":""shellyazplug-node/events"",""method"":""NotifyStatus"",""params"":{""ts"":30682.59,""swi"
2026-04-22T15:35:49,shellyazplug-node/debug/log,156,"shellyazplug-e4b323337220 510 30682.613 1|shelly_notification:163 Status change of switch:0: {""id"":0,""apower"":0,""current"
2026-04-22T15:35:50,shellyazplug-node/rpc,85,"{""id"": 1, ""src"": ""attacker"", ""method"": ""Switch.Set"", ""params"": {""id"": 0, ""on"": true}}"
2026-04-22T15:35:50,attacker/rpc,85,"{""id"":1,""src"":""shellyazplug-e4b323337220"",""dst"":""attacker"",""result"":{""was_on"":false}}"
2026-04-22T15:35:50,shellyazplug-node/debug/log,87,"shellyazplug-e4b323337220 511 30683.093 1|shos_rpc_inst.c:230     Switch.Set via MQTT 
"
2026-04-22T15:35:50,shellyazplug-node/status/switch:0,199,"{""id"":0, ""source"":""MQTT"", ""output"":true, ""apower"":0.0, ""voltage"":233.1, ""freq"":50.0, ""current"":0.000, ""aenergy"":{""total"""
2026-04-22T15:35:50,shellyazplug-node/events/rpc,167,"{""src"":""shellyazplug-e4b323337220"",""dst"":""shellyazplug-node/events"",""method"":""NotifyStatus"",""params"":{""ts"":30683.09,""swi"
2026-04-22T15:35:50,shellyazplug-node/debug/log,132,"shellyazplug-e4b323337220 512 30683.109 1|shelly_notification:163 Status change of switch:0: {""id"":0,""output"":true,""sour"
2026-04-22T15:35:50,shellyazplug-node/rpc,86,"{""id"": 1, ""src"": ""attacker"", ""method"": ""Switch.Set"", ""params"": {""id"": 0, ""on"": false}}"
2026-04-22T15:35:50,attacker/rpc,84,"{""id"":1,""src"":""shellyazplug-e4b323337220"",""dst"":""attacker"",""result"":{""was_on"":true}}"
2026-04-22T15:35:50,shellyazplug-node/debug/log,87,"shellyazplug-e4b323337220 513 30683.593 1|shos_rpc_inst.c:230     Switch.Set via MQTT 
"
2026-04-22T15:35:50,shellyazplug-node/status/switch:0,200,"{""id"":0, ""source"":""MQTT"", ""output"":false, ""apower"":0.0, ""voltage"":233.0, ""freq"":50.0, ""current"":0.000, ""aenergy"":{""total"
2026-04-22T15:35:50,shellyazplug-node/events/rpc,191,"{""src"":""shellyazplug-e4b323337220"",""dst"":""shellyazplug-node/events"",""method"":""NotifyStatus"",""params"":{""ts"":30683.59,""swi"
2026-04-22T15:35:50,shellyazplug-node/debug/log,156,"shellyazplug-e4b323337220 514 30683.612 1|shelly_notification:163 Status change of switch:0: {""id"":0,""apower"":0,""current"
2026-04-22T15:35:51,shellyazplug-node/rpc,85,"{""id"": 1, ""src"": ""attacker"", ""method"": ""Switch.Set"", ""params"": {""id"": 0, ""on"": true}}"
2026-04-22T15:35:51,attacker/rpc,85,"{""id"":1,""src"":""shellyazplug-e4b323337220"",""dst"":""attacker"",""result"":{""was_on"":false}}"
2026-04-22T15:35:51,shellyazplug-node/debug/log,87,"shellyazplug-e4b323337220 515 30684.093 1|shos_rpc_inst.c:230     Switch.Set via MQTT 
"
2026-04-22T15:35:51,shellyazplug-node/status/switch:0,199,"{""id"":0, ""source"":""MQTT"", ""output"":true, ""apower"":0.0, ""voltage"":233.0, ""freq"":50.0, ""current"":0.000, ""aenergy"":{""total"""
2026-04-22T15:35:51,shellyazplug-node/events/rpc,167,"{""src"":""shellyazplug-e4b323337220"",""dst"":""shellyazplug-node/events"",""method"":""NotifyStatus"",""params"":{""ts"":30684.09,""swi"
2026-04-22T15:35:51,shellyazplug-node/debug/log,132,"shellyazplug-e4b323337220 516 30684.110 1|shelly_notification:163 Status change of switch:0: {""id"":0,""output"":true,""sour"
2026-04-22T15:35:51,shellyazplug-node/rpc,86,"{""id"": 1, ""src"": ""attacker"", ""method"": ""Switch.Set"", ""params"": {""id"": 0, ""on"": false}}"
2026-04-22T15:35:51,attacker/rpc,84,"{""id"":1,""src"":""shellyazplug-e4b323337220"",""dst"":""attacker"",""result"":{""was_on"":true}}"
2026-04-22T15:35:51,shellyazplug-node/debug/log,87,"shellyazplug-e4b323337220 517 30684.593 1|shos_rpc_inst.c:230     Switch.Set via MQTT 
"
2026-04-22T15:35:51,shellyazplug-node/status/switch:0,200,"{""id"":0, ""source"":""MQTT"", ""output"":false, ""apower"":0.0, ""voltage"":233.0, ""freq"":50.0, ""current"":0.000, ""aenergy"":{""total"
2026-04-22T15:35:51,shellyazplug-node/events/rpc,191,"{""src"":""shellyazplug-e4b323337220"",""dst"":""shellyazplug-node/events"",""method"":""NotifyStatus"",""params"":{""ts"":30684.59,""swi"
2026-04-22T15:35:51,shellyazplug-node/debug/log,156,"shellyazplug-e4b323337220 518 30684.613 1|shelly_notification:163 Status change of switch:0: {""id"":0,""apower"":0,""current"
2026-04-22T15:35:52,shellyazplug-node/rpc,85,"{""id"": 1, ""src"": ""attacker"", ""method"": ""Switch.Set"", ""params"": {""id"": 0, ""on"": true}}"
2026-04-22T15:35:52,attacker/rpc,85,"{""id"":1,""src"":""shellyazplug-e4b323337220"",""dst"":""attacker"",""result"":{""was_on"":false}}"
2026-04-22T15:35:52,shellyazplug-node/debug/log,87,"shellyazplug-e4b323337220 519 30685.095 1|shos_rpc_inst.c:230     Switch.Set via MQTT 
"
2026-04-22T15:35:52,shellyazplug-node/status/switch:0,199,"{""id"":0, ""source"":""MQTT"", ""output"":true, ""apower"":0.0, ""voltage"":233.0, ""freq"":50.0, ""current"":0.000, ""aenergy"":{""total"""
2026-04-22T15:35:52,shellyazplug-node/events/rpc,167,"{""src"":""shellyazplug-e4b323337220"",""dst"":""shellyazplug-node/events"",""method"":""NotifyStatus"",""params"":{""ts"":30685.09,""swi"
2026-04-22T15:35:52,shellyazplug-node/debug/log,132,"shellyazplug-e4b323337220 520 30685.112 1|shelly_notification:163 Status change of switch:0: {""id"":0,""output"":true,""sour"
2026-04-22T15:35:52,shellyazplug-node/rpc,86,"{""id"": 1, ""src"": ""attacker"", ""method"": ""Switch.Set"", ""params"": {""id"": 0, ""on"": false}}"
2026-04-22T15:35:52,attacker/rpc,84,"{""id"":1,""src"":""shellyazplug-e4b323337220"",""dst"":""attacker"",""result"":{""was_on"":true}}"
2026-04-22T15:35:52,shellyazplug-node/debug/log,87,"shellyazplug-e4b323337220 521 30685.595 1|shos_rpc_inst.c:230     Switch.Set via MQTT 
"
2026-04-22T15:35:52,shellyazplug-node/status/switch:0,200,"{""id"":0, ""source"":""MQTT"", ""output"":false, ""apower"":0.0, ""voltage"":233.1, ""freq"":50.0, ""current"":0.000, ""aenergy"":{""total"
2026-04-22T15:35:52,shellyazplug-node/events/rpc,191,"{""src"":""shellyazplug-e4b323337220"",""dst"":""shellyazplug-node/events"",""method"":""NotifyStatus"",""params"":{""ts"":30685.59,""swi"
2026-04-22T15:35:52,shellyazplug-node/debug/log,156,"shellyazplug-e4b323337220 522 30685.614 1|shelly_notification:163 Status change of switch:0: {""id"":0,""apower"":0,""current"
2026-04-22T15:35:53,iot/mq/debug,50,[0;36m[D][sensor:124]: 'Gas Sensor' >> 0.55 V[0m
2026-04-22T15:35:53,iot/mq/sensor/gas_sensor/state,4,0.55
2026-04-22T15:35:53,shellyazplug-node/rpc,85,"{""id"": 1, ""src"": ""attacker"", ""method"": ""Switch.Set"", ""params"": {""id"": 0, ""on"": true}}"
2026-04-22T15:35:53,attacker/rpc,85,"{""id"":1,""src"":""shellyazplug-e4b323337220"",""dst"":""attacker"",""result"":{""was_on"":false}}"
2026-04-22T15:35:53,shellyazplug-node/debug/log,87,"shellyazplug-e4b323337220 523 30686.095 1|shos_rpc_inst.c:230     Switch.Set via MQTT 
"
2026-04-22T15:35:53,shellyazplug-node/status/switch:0,199,"{""id"":0, ""source"":""MQTT"", ""output"":true, ""apower"":0.0, ""voltage"":233.1, ""freq"":50.0, ""current"":0.000, ""aenergy"":{""total"""
2026-04-22T15:35:53,shellyazplug-node/events/rpc,167,"{""src"":""shellyazplug-e4b323337220"",""dst"":""shellyazplug-node/events"",""method"":""NotifyStatus"",""params"":{""ts"":30686.09,""swi"
2026-04-22T15:35:53,shellyazplug-node/debug/log,132,"shellyazplug-e4b323337220 524 30686.111 1|shelly_notification:163 Status change of switch:0: {""id"":0,""output"":true,""sour"
2026-04-22T15:35:53,shellyazplug-node/rpc,86,"{""id"": 1, ""src"": ""attacker"", ""method"": ""Switch.Set"", ""params"": {""id"": 0, ""on"": false}}"
2026-04-22T15:35:53,attacker/rpc,84,"{""id"":1,""src"":""shellyazplug-e4b323337220"",""dst"":""attacker"",""result"":{""was_on"":true}}"
2026-04-22T15:35:53,shellyazplug-node/debug/log,87,"shellyazplug-e4b323337220 525 30686.596 1|shos_rpc_inst.c:230     Switch.Set via MQTT 
"
2026-04-22T15:35:53,shellyazplug-node/status/switch:0,200,"{""id"":0, ""source"":""MQTT"", ""output"":false, ""apower"":0.0, ""voltage"":233.2, ""freq"":50.0, ""current"":0.000, ""aenergy"":{""total"
2026-04-22T15:35:53,shellyazplug-node/events/rpc,191,"{""src"":""shellyazplug-e4b323337220"",""dst"":""shellyazplug-node/events"",""method"":""NotifyStatus"",""params"":{""ts"":30686.59,""swi"
2026-04-22T15:35:53,shellyazplug-node/debug/log,156,"shellyazplug-e4b323337220 526 30686.615 1|shelly_notification:163 Status change of switch:0: {""id"":0,""apower"":0,""current"
2026-04-22T15:35:54,shellyazplug-node/rpc,85,"{""id"": 1, ""src"": ""attacker"", ""method"": ""Switch.Set"", ""params"": {""id"": 0, ""on"": true}}"
2026-04-22T15:35:54,attacker/rpc,85,"{""id"":1,""src"":""shellyazplug-e4b323337220"",""dst"":""attacker"",""result"":{""was_on"":false}}"
2026-04-22T15:35:54,shellyazplug-node/debug/log,87,"shellyazplug-e4b323337220 527 30687.100 1|shos_rpc_inst.c:230     Switch.Set via MQTT 
"
2026-04-22T15:35:54,shellyazplug-node/status/switch:0,199,"{""id"":0, ""source"":""MQTT"", ""output"":true, ""apower"":0.0, ""voltage"":233.2, ""freq"":50.0, ""current"":0.000, ""aenergy"":{""total"""
2026-04-22T15:35:54,shellyazplug-node/events/rpc,167,"{""src"":""shellyazplug-e4b323337220"",""dst"":""shellyazplug-node/events"",""method"":""NotifyStatus"",""params"":{""ts"":30687.10,""swi"
2026-04-22T15:35:54,shellyazplug-node/debug/log,132,"shellyazplug-e4b323337220 528 30687.116 1|shelly_notification:163 Status change of switch:0: {""id"":0,""output"":true,""sour"
2026-04-22T15:35:54,shellyazplug-node/rpc,86,"{""id"": 1, ""src"": ""attacker"", ""method"": ""Switch.Set"", ""params"": {""id"": 0, ""on"": false}}"
2026-04-22T15:35:54,attacker/rpc,84,"{""id"":1,""src"":""shellyazplug-e4b323337220"",""dst"":""attacker"",""result"":{""was_on"":true}}"
2026-04-22T15:35:54,shellyazplug-node/debug/log,87,"shellyazplug-e4b323337220 529 30687.597 1|shos_rpc_inst.c:230     Switch.Set via MQTT 
"
2026-04-22T15:35:54,shellyazplug-node/status/switch:0,200,"{""id"":0, ""source"":""MQTT"", ""output"":false, ""apower"":0.0, ""voltage"":233.2, ""freq"":50.0, ""current"":0.000, ""aenergy"":{""total"
2026-04-22T15:35:54,shellyazplug-node/events/rpc,191,"{""src"":""shellyazplug-e4b323337220"",""dst"":""shellyazplug-node/events"",""method"":""NotifyStatus"",""params"":{""ts"":30687.59,""swi"
2026-04-22T15:35:54,shellyazplug-node/debug/log,156,"shellyazplug-e4b323337220 530 30687.616 1|shelly_notification:163 Status change of switch:0: {""id"":0,""apower"":0,""current"
2026-04-22T15:35:55,iot/dht11/debug,59,[0;36m[D][dht:048]: Temperature 24.8°C Humidity 39.0%[0m
2026-04-22T15:35:55,iot/dht11/debug,53,[0;36m[D][sensor:124]: 'Temperature' >> 24.8 °C[0m
2026-04-22T15:35:55,iot/dht11/sensor/temperature/state,4,24.8
2026-04-22T15:35:55,iot/dht11/debug,46,[0;36m[D][sensor:124]: 'Humidity' >> 39 %[0m
2026-04-22T15:35:55,iot/dht11/sensor/humidity/state,2,39
2026-04-22T15:35:55,shellyazplug-node/rpc,85,"{""id"": 1, ""src"": ""attacker"", ""method"": ""Switch.Set"", ""params"": {""id"": 0, ""on"": true}}"
2026-04-22T15:35:55,attacker/rpc,85,"{""id"":1,""src"":""shellyazplug-e4b323337220"",""dst"":""attacker"",""result"":{""was_on"":false}}"
2026-04-22T15:35:55,shellyazplug-node/debug/log,87,"shellyazplug-e4b323337220 531 30688.097 1|shos_rpc_inst.c:230     Switch.Set via MQTT 
"
2026-04-22T15:35:55,shellyazplug-node/status/switch:0,199,"{""id"":0, ""source"":""MQTT"", ""output"":true, ""apower"":0.0, ""voltage"":233.2, ""freq"":50.0, ""current"":0.000, ""aenergy"":{""total"""
2026-04-22T15:35:55,shellyazplug-node/events/rpc,167,"{""src"":""shellyazplug-e4b323337220"",""dst"":""shellyazplug-node/events"",""method"":""NotifyStatus"",""params"":{""ts"":30688.09,""swi"
2026-04-22T15:35:55,shellyazplug-node/debug/log,132,"shellyazplug-e4b323337220 532 30688.114 1|shelly_notification:163 Status change of switch:0: {""id"":0,""output"":true,""sour"
2026-04-22T15:35:55,shellyazplug-node/rpc,86,"{""id"": 1, ""src"": ""attacker"", ""method"": ""Switch.Set"", ""params"": {""id"": 0, ""on"": false}}"
2026-04-22T15:35:55,attacker/rpc,84,"{""id"":1,""src"":""shellyazplug-e4b323337220"",""dst"":""attacker"",""result"":{""was_on"":true}}"
2026-04-22T15:35:55,shellyazplug-node/debug/log,87,"shellyazplug-e4b323337220 533 30688.598 1|shos_rpc_inst.c:230     Switch.Set via MQTT 
"
2026-04-22T15:35:55,shellyazplug-node/status/switch:0,200,"{""id"":0, ""source"":""MQTT"", ""output"":false, ""apower"":0.0, ""voltage"":233.1, ""freq"":50.0, ""current"":0.000, ""aenergy"":{""total"
2026-04-22T15:35:55,shellyazplug-node/events/rpc,191,"{""src"":""shellyazplug-e4b323337220"",""dst"":""shellyazplug-node/events"",""method"":""NotifyStatus"",""params"":{""ts"":30688.59,""swi"
2026-04-22T15:35:55,shellyazplug-node/debug/log,156,"shellyazplug-e4b323337220 534 30688.617 1|shelly_notification:163 Status change of switch:0: {""id"":0,""apower"":0,""current"
2026-04-22T15:35:56,shellyazplug-node/rpc,85,"{""id"": 1, ""src"": ""attacker"", ""method"": ""Switch.Set"", ""params"": {""id"": 0, ""on"": true}}"
2026-04-22T15:35:56,attacker/rpc,85,"{""id"":1,""src"":""shellyazplug-e4b323337220"",""dst"":""attacker"",""result"":{""was_on"":false}}"
2026-04-22T15:35:56,shellyazplug-node/debug/log,87,"shellyazplug-e4b323337220 535 30689.098 1|shos_rpc_inst.c:230     Switch.Set via MQTT 
"
2026-04-22T15:35:56,shellyazplug-node/status/switch:0,199,"{""id"":0, ""source"":""MQTT"", ""output"":true, ""apower"":0.0, ""voltage"":233.1, ""freq"":50.0, ""current"":0.000, ""aenergy"":{""total"""
2026-04-22T15:35:56,shellyazplug-node/events/rpc,167,"{""src"":""shellyazplug-e4b323337220"",""dst"":""shellyazplug-node/events"",""method"":""NotifyStatus"",""params"":{""ts"":30689.10,""swi"
2026-04-22T15:35:56,shellyazplug-node/debug/log,132,"shellyazplug-e4b323337220 536 30689.115 1|shelly_notification:163 Status change of switch:0: {""id"":0,""output"":true,""sour"
2026-04-22T15:35:56,shellyazplug-node/rpc,86,"{""id"": 1, ""src"": ""attacker"", ""method"": ""Switch.Set"", ""params"": {""id"": 0, ""on"": false}}"
2026-04-22T15:35:56,attacker/rpc,84,"{""id"":1,""src"":""shellyazplug-e4b323337220"",""dst"":""attacker"",""result"":{""was_on"":true}}"
2026-04-22T15:35:56,shellyazplug-node/debug/log,87,"shellyazplug-e4b323337220 537 30689.599 1|shos_rpc_inst.c:230     Switch.Set via MQTT 
"
2026-04-22T15:35:56,shellyazplug-node/status/switch:0,200,"{""id"":0, ""source"":""MQTT"", ""output"":false, ""apower"":0.0, ""voltage"":233.1, ""freq"":50.0, ""current"":0.000, ""aenergy"":{""total"
2026-04-22T15:35:56,shellyazplug-node/events/rpc,191,"{""src"":""shellyazplug-e4b323337220"",""dst"":""shellyazplug-node/events"",""method"":""NotifyStatus"",""params"":{""ts"":30689.60,""swi"
2026-04-22T15:35:56,shellyazplug-node/debug/log,156,"shellyazplug-e4b323337220 538 30689.619 1|shelly_notification:163 Status change of switch:0: {""id"":0,""apower"":0,""current"
2026-04-22T15:35:57,shellyazplug-node/rpc,85,"{""id"": 1, ""src"": ""attacker"", ""method"": ""Switch.Set"", ""params"": {""id"": 0, ""on"": true}}"
2026-04-22T15:35:57,attacker/rpc,85,"{""id"":1,""src"":""shellyazplug-e4b323337220"",""dst"":""attacker"",""result"":{""was_on"":false}}"
2026-04-22T15:35:57,shellyazplug-node/debug/log,87,"shellyazplug-e4b323337220 539 30690.099 1|shos_rpc_inst.c:230     Switch.Set via MQTT 
"
2026-04-22T15:35:57,shellyazplug-node/status/switch:0,199,"{""id"":0, ""source"":""MQTT"", ""output"":true, ""apower"":0.0, ""voltage"":233.1, ""freq"":50.0, ""current"":0.000, ""aenergy"":{""total"""
2026-04-22T15:35:57,shellyazplug-node/events/rpc,167,"{""src"":""shellyazplug-e4b323337220"",""dst"":""shellyazplug-node/events"",""method"":""NotifyStatus"",""params"":{""ts"":30690.10,""swi"
2026-04-22T15:35:57,shellyazplug-node/debug/log,132,"shellyazplug-e4b323337220 540 30690.115 1|shelly_notification:163 Status change of switch:0: {""id"":0,""output"":true,""sour"
2026-04-22T15:35:57,shellyazplug-node/rpc,86,"{""id"": 1, ""src"": ""attacker"", ""method"": ""Switch.Set"", ""params"": {""id"": 0, ""on"": false}}"
2026-04-22T15:35:57,attacker/rpc,84,"{""id"":1,""src"":""shellyazplug-e4b323337220"",""dst"":""attacker"",""result"":{""was_on"":true}}"
2026-04-22T15:35:57,shellyazplug-node/debug/log,87,"shellyazplug-e4b323337220 541 30690.600 1|shos_rpc_inst.c:230     Switch.Set via MQTT 
"
2026-04-22T15:35:57,shellyazplug-node/status/switch:0,200,"{""id"":0, ""source"":""MQTT"", ""output"":false, ""apower"":0.0, ""voltage"":233.3, ""freq"":50.0, ""current"":0.000, ""aenergy"":{""total"
2026-04-22T15:35:57,shellyazplug-node/events/rpc,191,"{""src"":""shellyazplug-e4b323337220"",""dst"":""shellyazplug-node/events"",""method"":""NotifyStatus"",""params"":{""ts"":30690.60,""swi"
2026-04-22T15:35:57,shellyazplug-node/debug/log,156,"shellyazplug-e4b323337220 542 30690.619 1|shelly_notification:163 Status change of switch:0: {""id"":0,""apower"":0,""current"
2026-04-22T15:35:58,iot/mq/debug,50,[0;36m[D][sensor:124]: 'Gas Sensor' >> 0.55 V[0m
2026-04-22T15:35:58,iot/mq/sensor/gas_sensor/state,4,0.55
2026-04-22T15:35:58,shellyazplug-node/rpc,85,"{""id"": 1, ""src"": ""attacker"", ""method"": ""Switch.Set"", ""params"": {""id"": 0, ""on"": true}}"
2026-04-22T15:35:58,attacker/rpc,85,"{""id"":1,""src"":""shellyazplug-e4b323337220"",""dst"":""attacker"",""result"":{""was_on"":false}}"
2026-04-22T15:35:58,shellyazplug-node/debug/log,87,"shellyazplug-e4b323337220 543 30691.100 1|shos_rpc_inst.c:230     Switch.Set via MQTT 
"
2026-04-22T15:35:58,shellyazplug-node/status/switch:0,199,"{""id"":0, ""source"":""MQTT"", ""output"":true, ""apower"":0.0, ""voltage"":233.3, ""freq"":50.0, ""current"":0.000, ""aenergy"":{""total"""
2026-04-22T15:35:58,shellyazplug-node/events/rpc,167,"{""src"":""shellyazplug-e4b323337220"",""dst"":""shellyazplug-node/events"",""method"":""NotifyStatus"",""params"":{""ts"":30691.10,""swi"
2026-04-22T15:35:58,shellyazplug-node/debug/log,132,"shellyazplug-e4b323337220 544 30691.117 1|shelly_notification:163 Status change of switch:0: {""id"":0,""output"":true,""sour"
2026-04-22T15:35:58,shellyazplug-node/rpc,86,"{""id"": 1, ""src"": ""attacker"", ""method"": ""Switch.Set"", ""params"": {""id"": 0, ""on"": false}}"
2026-04-22T15:35:58,attacker/rpc,84,"{""id"":1,""src"":""shellyazplug-e4b323337220"",""dst"":""attacker"",""result"":{""was_on"":true}}"
2026-04-22T15:35:58,shellyazplug-node/debug/log,87,"shellyazplug-e4b323337220 545 30691.606 1|shos_rpc_inst.c:230     Switch.Set via MQTT 
"
2026-04-22T15:35:58,shellyazplug-node/status/switch:0,200,"{""id"":0, ""source"":""MQTT"", ""output"":false, ""apower"":0.0, ""voltage"":233.3, ""freq"":50.0, ""current"":0.000, ""aenergy"":{""total"
2026-04-22T15:35:58,shellyazplug-node/events/rpc,191,"{""src"":""shellyazplug-e4b323337220"",""dst"":""shellyazplug-node/events"",""method"":""NotifyStatus"",""params"":{""ts"":30691.60,""swi"
2026-04-22T15:35:58,shellyazplug-node/debug/log,156,"shellyazplug-e4b323337220 546 30691.625 1|shelly_notification:163 Status change of switch:0: {""id"":0,""apower"":0,""current"
2026-04-22T15:35:59,shellyazplug-node/rpc,85,"{""id"": 1, ""src"": ""attacker"", ""method"": ""Switch.Set"", ""params"": {""id"": 0, ""on"": true}}"
2026-04-22T15:35:59,attacker/rpc,85,"{""id"":1,""src"":""shellyazplug-e4b323337220"",""dst"":""attacker"",""result"":{""was_on"":false}}"
2026-04-22T15:35:59,shellyazplug-node/debug/log,87,"shellyazplug-e4b323337220 547 30692.104 1|shos_rpc_inst.c:230     Switch.Set via MQTT 
"
2026-04-22T15:35:59,shellyazplug-node/status/switch:0,199,"{""id"":0, ""source"":""MQTT"", ""output"":true, ""apower"":0.0, ""voltage"":233.3, ""freq"":50.0, ""current"":0.000, ""aenergy"":{""total"""
2026-04-22T15:35:59,shellyazplug-node/events/rpc,167,"{""src"":""shellyazplug-e4b323337220"",""dst"":""shellyazplug-node/events"",""method"":""NotifyStatus"",""params"":{""ts"":30692.10,""swi"
2026-04-22T15:35:59,shellyazplug-node/debug/log,132,"shellyazplug-e4b323337220 548 30692.120 1|shelly_notification:163 Status change of switch:0: {""id"":0,""output"":true,""sour"
2026-04-22T15:35:59,shellyazplug-node/rpc,86,"{""id"": 1, ""src"": ""attacker"", ""method"": ""Switch.Set"", ""params"": {""id"": 0, ""on"": false}}"
2026-04-22T15:35:59,attacker/rpc,84,"{""id"":1,""src"":""shellyazplug-e4b323337220"",""dst"":""attacker"",""result"":{""was_on"":true}}"
2026-04-22T15:35:59,shellyazplug-node/debug/log,87,"shellyazplug-e4b323337220 549 30692.605 1|shos_rpc_inst.c:230     Switch.Set via MQTT 
"
2026-04-22T15:35:59,shellyazplug-node/status/switch:0,200,"{""id"":0, ""source"":""MQTT"", ""output"":false, ""apower"":0.0, ""voltage"":233.2, ""freq"":50.0, ""current"":0.000, ""aenergy"":{""total"
2026-04-22T15:35:59,shellyazplug-node/events/rpc,191,"{""src"":""shellyazplug-e4b323337220"",""dst"":""shellyazplug-node/events"",""method"":""NotifyStatus"",""params"":{""ts"":30692.60,""swi"
2026-04-22T15:35:59,shellyazplug-node/debug/log,156,"shellyazplug-e4b323337220 550 30692.624 1|shelly_notification:163 Status change of switch:0: {""id"":0,""apower"":0,""current"
2026-04-22T15:36:00,shellyazplug-node/rpc,85,"{""id"": 1, ""src"": ""attacker"", ""method"": ""Switch.Set"", ""params"": {""id"": 0, ""on"": true}}"
2026-04-22T15:36:00,attacker/rpc,85,"{""id"":1,""src"":""shellyazplug-e4b323337220"",""dst"":""attacker"",""result"":{""was_on"":false}}"
2026-04-22T15:36:00,shellyazplug-node/debug/log,87,"shellyazplug-e4b323337220 551 30693.106 1|shos_rpc_inst.c:230     Switch.Set via MQTT 
"
2026-04-22T15:36:00,shellyazplug-node/status/switch:0,199,"{""id"":0, ""source"":""MQTT"", ""output"":true, ""apower"":0.0, ""voltage"":233.2, ""freq"":50.0, ""current"":0.000, ""aenergy"":{""total"""
2026-04-22T15:36:00,shellyazplug-node/events/rpc,167,"{""src"":""shellyazplug-e4b323337220"",""dst"":""shellyazplug-node/events"",""method"":""NotifyStatus"",""params"":{""ts"":30693.10,""swi"
2026-04-22T15:36:00,shellyazplug-node/debug/log,132,"shellyazplug-e4b323337220 552 30693.122 1|shelly_notification:163 Status change of switch:0: {""id"":0,""output"":true,""sour"
2026-04-22T15:36:00,shellyazplug-node/rpc,86,"{""id"": 1, ""src"": ""attacker"", ""method"": ""Switch.Set"", ""params"": {""id"": 0, ""on"": false}}"
2026-04-22T15:36:00,attacker/rpc,84,"{""id"":1,""src"":""shellyazplug-e4b323337220"",""dst"":""attacker"",""result"":{""was_on"":true}}"
2026-04-22T15:36:00,shellyazplug-node/debug/log,87,"shellyazplug-e4b323337220 553 30693.608 1|shos_rpc_inst.c:230     Switch.Set via MQTT 
"
2026-04-22T15:36:00,shellyazplug-node/status/switch:0,200,"{""id"":0, ""source"":""MQTT"", ""output"":false, ""apower"":0.0, ""voltage"":233.2, ""freq"":50.0, ""current"":0.000, ""aenergy"":{""total"
2026-04-22T15:36:00,shellyazplug-node/events/rpc,191,"{""src"":""shellyazplug-e4b323337220"",""dst"":""shellyazplug-node/events"",""method"":""NotifyStatus"",""params"":{""ts"":30693.61,""swi"
2026-04-22T15:36:00,shellyazplug-node/debug/log,156,"shellyazplug-e4b323337220 554 30693.628 1|shelly_notification:163 Status change of switch:0: {""id"":0,""apower"":0,""current"
2026-04-22T15:36:01,shellyazplug-node/rpc,85,"{""id"": 1, ""src"": ""attacker"", ""method"": ""Switch.Set"", ""params"": {""id"": 0, ""on"": true}}"
2026-04-22T15:36:01,attacker/rpc,85,"{""id"":1,""src"":""shellyazplug-e4b323337220"",""dst"":""attacker"",""result"":{""was_on"":false}}"
2026-04-22T15:36:01,shellyazplug-node/debug/log,87,"shellyazplug-e4b323337220 555 30694.106 1|shos_rpc_inst.c:230     Switch.Set via MQTT 
"
2026-04-22T15:36:01,shellyazplug-node/status/switch:0,199,"{""id"":0, ""source"":""MQTT"", ""output"":true, ""apower"":0.0, ""voltage"":233.2, ""freq"":50.0, ""current"":0.000, ""aenergy"":{""total"""
2026-04-22T15:36:01,shellyazplug-node/events/rpc,167,"{""src"":""shellyazplug-e4b323337220"",""dst"":""shellyazplug-node/events"",""method"":""NotifyStatus"",""params"":{""ts"":30694.10,""swi"
2026-04-22T15:36:01,shellyazplug-node/debug/log,132,"shellyazplug-e4b323337220 556 30694.123 1|shelly_notification:163 Status change of switch:0: {""id"":0,""output"":true,""sour"
2026-04-22T15:36:01,shellyazplug-node/rpc,86,"{""id"": 1, ""src"": ""attacker"", ""method"": ""Switch.Set"", ""params"": {""id"": 0, ""on"": false}}"
2026-04-22T15:36:01,attacker/rpc,84,"{""id"":1,""src"":""shellyazplug-e4b323337220"",""dst"":""attacker"",""result"":{""was_on"":true}}"
2026-04-22T15:36:01,shellyazplug-node/debug/log,87,"shellyazplug-e4b323337220 557 30694.607 1|shos_rpc_inst.c:230     Switch.Set via MQTT 
"
2026-04-22T15:36:01,shellyazplug-node/status/switch:0,200,"{""id"":0, ""source"":""MQTT"", ""output"":false, ""apower"":0.0, ""voltage"":233.2, ""freq"":50.0, ""current"":0.000, ""aenergy"":{""total"
2026-04-22T15:36:01,shellyazplug-node/events/rpc,191,"{""src"":""shellyazplug-e4b323337220"",""dst"":""shellyazplug-node/events"",""method"":""NotifyStatus"",""params"":{""ts"":30694.60,""swi"
2026-04-22T15:36:01,shellyazplug-node/debug/log,156,"shellyazplug-e4b323337220 558 30694.626 1|shelly_notification:163 Status change of switch:0: {""id"":0,""apower"":0,""current"
2026-04-22T15:36:02,shellyazplug-node/rpc,85,"{""id"": 1, ""src"": ""attacker"", ""method"": ""Switch.Set"", ""params"": {""id"": 0, ""on"": true}}"
2026-04-22T15:36:02,attacker/rpc,85,"{""id"":1,""src"":""shellyazplug-e4b323337220"",""dst"":""attacker"",""result"":{""was_on"":false}}"
2026-04-22T15:36:02,shellyazplug-node/debug/log,87,"shellyazplug-e4b323337220 559 30695.107 1|shos_rpc_inst.c:230     Switch.Set via MQTT 
"
2026-04-22T15:36:02,shellyazplug-node/status/switch:0,199,"{""id"":0, ""source"":""MQTT"", ""output"":true, ""apower"":0.0, ""voltage"":233.2, ""freq"":50.0, ""current"":0.000, ""aenergy"":{""total"""
2026-04-22T15:36:02,shellyazplug-node/events/rpc,167,"{""src"":""shellyazplug-e4b323337220"",""dst"":""shellyazplug-node/events"",""method"":""NotifyStatus"",""params"":{""ts"":30695.10,""swi"
2026-04-22T15:36:02,shellyazplug-node/debug/log,132,"shellyazplug-e4b323337220 560 30695.124 1|shelly_notification:163 Status change of switch:0: {""id"":0,""output"":true,""sour"
2026-04-22T15:36:02,shellyazplug-node/rpc,86,"{""id"": 1, ""src"": ""attacker"", ""method"": ""Switch.Set"", ""params"": {""id"": 0, ""on"": false}}"
2026-04-22T15:36:02,attacker/rpc,84,"{""id"":1,""src"":""shellyazplug-e4b323337220"",""dst"":""attacker"",""result"":{""was_on"":true}}"
2026-04-22T15:36:02,shellyazplug-node/debug/log,87,"shellyazplug-e4b323337220 561 30695.608 1|shos_rpc_inst.c:230     Switch.Set via MQTT 
"
2026-04-22T15:36:02,shellyazplug-node/status/switch:0,200,"{""id"":0, ""source"":""MQTT"", ""output"":false, ""apower"":0.0, ""voltage"":233.3, ""freq"":50.0, ""current"":0.000, ""aenergy"":{""total"
2026-04-22T15:36:02,shellyazplug-node/events/rpc,191,"{""src"":""shellyazplug-e4b323337220"",""dst"":""shellyazplug-node/events"",""method"":""NotifyStatus"",""params"":{""ts"":30695.60,""swi"
2026-04-22T15:36:02,shellyazplug-node/debug/log,156,"shellyazplug-e4b323337220 562 30695.627 1|shelly_notification:163 Status change of switch:0: {""id"":0,""apower"":0,""current"
2026-04-22T15:36:03,iot/mq/debug,50,[0;36m[D][sensor:124]: 'Gas Sensor' >> 0.55 V[0m
2026-04-22T15:36:03,iot/mq/sensor/gas_sensor/state,4,0.55
2026-04-22T15:36:03,shellyazplug-node/rpc,85,"{""id"": 1, ""src"": ""attacker"", ""method"": ""Switch.Set"", ""params"": {""id"": 0, ""on"": true}}"
2026-04-22T15:36:03,attacker/rpc,85,"{""id"":1,""src"":""shellyazplug-e4b323337220"",""dst"":""attacker"",""result"":{""was_on"":false}}"
2026-04-22T15:36:03,shellyazplug-node/debug/log,87,"shellyazplug-e4b323337220 563 30696.111 1|shos_rpc_inst.c:230     Switch.Set via MQTT 
"
2026-04-22T15:36:03,shellyazplug-node/status/switch:0,199,"{""id"":0, ""source"":""MQTT"", ""output"":true, ""apower"":0.0, ""voltage"":233.3, ""freq"":50.0, ""current"":0.000, ""aenergy"":{""total"""
2026-04-22T15:36:03,shellyazplug-node/events/rpc,167,"{""src"":""shellyazplug-e4b323337220"",""dst"":""shellyazplug-node/events"",""method"":""NotifyStatus"",""params"":{""ts"":30696.11,""swi"
2026-04-22T15:36:03,shellyazplug-node/debug/log,132,"shellyazplug-e4b323337220 564 30696.127 1|shelly_notification:163 Status change of switch:0: {""id"":0,""output"":true,""sour"
2026-04-22T15:36:03,shellyazplug-node/rpc,86,"{""id"": 1, ""src"": ""attacker"", ""method"": ""Switch.Set"", ""params"": {""id"": 0, ""on"": false}}"
2026-04-22T15:36:03,attacker/rpc,84,"{""id"":1,""src"":""shellyazplug-e4b323337220"",""dst"":""attacker"",""result"":{""was_on"":true}}"
2026-04-22T15:36:03,shellyazplug-node/debug/log,87,"shellyazplug-e4b323337220 565 30696.609 1|shos_rpc_inst.c:230     Switch.Set via MQTT 
"
2026-04-22T15:36:03,shellyazplug-node/status/switch:0,200,"{""id"":0, ""source"":""MQTT"", ""output"":false, ""apower"":0.0, ""voltage"":233.3, ""freq"":50.0, ""current"":0.000, ""aenergy"":{""total"
2026-04-22T15:36:03,shellyazplug-node/events/rpc,191,"{""src"":""shellyazplug-e4b323337220"",""dst"":""shellyazplug-node/events"",""method"":""NotifyStatus"",""params"":{""ts"":30696.61,""swi"
2026-04-22T15:36:03,shellyazplug-node/debug/log,156,"shellyazplug-e4b323337220 566 30696.628 1|shelly_notification:163 Status change of switch:0: {""id"":0,""apower"":0,""current"
2026-04-22T15:36:04,shellyazplug-node/rpc,85,"{""id"": 1, ""src"": ""attacker"", ""method"": ""Switch.Set"", ""params"": {""id"": 0, ""on"": true}}"
2026-04-22T15:36:04,attacker/rpc,85,"{""id"":1,""src"":""shellyazplug-e4b323337220"",""dst"":""attacker"",""result"":{""was_on"":false}}"
2026-04-22T15:36:04,shellyazplug-node/debug/log,87,"shellyazplug-e4b323337220 567 30697.109 1|shos_rpc_inst.c:230     Switch.Set via MQTT 
"
2026-04-22T15:36:04,shellyazplug-node/status/switch:0,199,"{""id"":0, ""source"":""MQTT"", ""output"":true, ""apower"":0.0, ""voltage"":233.3, ""freq"":50.0, ""current"":0.000, ""aenergy"":{""total"""
2026-04-22T15:36:04,shellyazplug-node/events/rpc,167,"{""src"":""shellyazplug-e4b323337220"",""dst"":""shellyazplug-node/events"",""method"":""NotifyStatus"",""params"":{""ts"":30697.11,""swi"
2026-04-22T15:36:04,shellyazplug-node/debug/log,132,"shellyazplug-e4b323337220 568 30697.126 1|shelly_notification:163 Status change of switch:0: {""id"":0,""output"":true,""sour"
2026-04-22T15:36:04,shellyazplug-node/rpc,86,"{""id"": 1, ""src"": ""attacker"", ""method"": ""Switch.Set"", ""params"": {""id"": 0, ""on"": false}}"
2026-04-22T15:36:04,attacker/rpc,84,"{""id"":1,""src"":""shellyazplug-e4b323337220"",""dst"":""attacker"",""result"":{""was_on"":true}}"
2026-04-22T15:36:04,shellyazplug-node/debug/log,87,"shellyazplug-e4b323337220 569 30697.611 1|shos_rpc_inst.c:230     Switch.Set via MQTT 
"
2026-04-22T15:36:04,shellyazplug-node/status/switch:0,200,"{""id"":0, ""source"":""MQTT"", ""output"":false, ""apower"":0.0, ""voltage"":233.2, ""freq"":50.0, ""current"":0.000, ""aenergy"":{""total"
2026-04-22T15:36:04,shellyazplug-node/events/rpc,191,"{""src"":""shellyazplug-e4b323337220"",""dst"":""shellyazplug-node/events"",""method"":""NotifyStatus"",""params"":{""ts"":30697.61,""swi"
2026-04-22T15:36:04,shellyazplug-node/debug/log,156,"shellyazplug-e4b323337220 570 30697.630 1|shelly_notification:163 Status change of switch:0: {""id"":0,""apower"":0,""current"
2026-04-22T15:36:05,iot/dht11/debug,59,[0;36m[D][dht:048]: Temperature 24.8°C Humidity 39.0%[0m
2026-04-22T15:36:05,iot/dht11/debug,53,[0;36m[D][sensor:124]: 'Temperature' >> 24.8 °C[0m
2026-04-22T15:36:05,iot/dht11/sensor/temperature/state,4,24.8
2026-04-22T15:36:05,iot/dht11/debug,46,[0;36m[D][sensor:124]: 'Humidity' >> 39 %[0m
2026-04-22T15:36:05,iot/dht11/sensor/humidity/state,2,39
2026-04-22T15:36:05,shellyazplug-node/rpc,85,"{""id"": 1, ""src"": ""attacker"", ""method"": ""Switch.Set"", ""params"": {""id"": 0, ""on"": true}}"
2026-04-22T15:36:05,attacker/rpc,85,"{""id"":1,""src"":""shellyazplug-e4b323337220"",""dst"":""attacker"",""result"":{""was_on"":false}}"
2026-04-22T15:36:05,shellyazplug-node/debug/log,87,"shellyazplug-e4b323337220 571 30698.111 1|shos_rpc_inst.c:230     Switch.Set via MQTT 
"
2026-04-22T15:36:05,shellyazplug-node/status/switch:0,199,"{""id"":0, ""source"":""MQTT"", ""output"":true, ""apower"":0.0, ""voltage"":233.2, ""freq"":50.0, ""current"":0.000, ""aenergy"":{""total"""
2026-04-22T15:36:05,shellyazplug-node/events/rpc,167,"{""src"":""shellyazplug-e4b323337220"",""dst"":""shellyazplug-node/events"",""method"":""NotifyStatus"",""params"":{""ts"":30698.11,""swi"
2026-04-22T15:36:05,shellyazplug-node/debug/log,132,"shellyazplug-e4b323337220 572 30698.127 1|shelly_notification:163 Status change of switch:0: {""id"":0,""output"":true,""sour"
2026-04-22T15:36:05,shellyazplug-node/rpc,86,"{""id"": 1, ""src"": ""attacker"", ""method"": ""Switch.Set"", ""params"": {""id"": 0, ""on"": false}}"
2026-04-22T15:36:05,attacker/rpc,84,"{""id"":1,""src"":""shellyazplug-e4b323337220"",""dst"":""attacker"",""result"":{""was_on"":true}}"
2026-04-22T15:36:05,shellyazplug-node/debug/log,87,"shellyazplug-e4b323337220 573 30698.611 1|shos_rpc_inst.c:230     Switch.Set via MQTT 
"
2026-04-22T15:36:05,shellyazplug-node/status/switch:0,200,"{""id"":0, ""source"":""MQTT"", ""output"":false, ""apower"":0.0, ""voltage"":233.2, ""freq"":50.0, ""current"":0.000, ""aenergy"":{""total"
2026-04-22T15:36:05,shellyazplug-node/events/rpc,191,"{""src"":""shellyazplug-e4b323337220"",""dst"":""shellyazplug-node/events"",""method"":""NotifyStatus"",""params"":{""ts"":30698.61,""swi"
2026-04-22T15:36:05,shellyazplug-node/debug/log,156,"shellyazplug-e4b323337220 574 30698.631 1|shelly_notification:163 Status change of switch:0: {""id"":0,""apower"":0,""current"
2026-04-22T15:36:06,shellyazplug-node/rpc,85,"{""id"": 1, ""src"": ""attacker"", ""method"": ""Switch.Set"", ""params"": {""id"": 0, ""on"": true}}"
2026-04-22T15:36:06,attacker/rpc,85,"{""id"":1,""src"":""shellyazplug-e4b323337220"",""dst"":""attacker"",""result"":{""was_on"":false}}"
2026-04-22T15:36:06,shellyazplug-node/debug/log,87,"shellyazplug-e4b323337220 575 30699.112 1|shos_rpc_inst.c:230     Switch.Set via MQTT 
"
2026-04-22T15:36:06,shellyazplug-node/status/switch:0,199,"{""id"":0, ""source"":""MQTT"", ""output"":true, ""apower"":0.0, ""voltage"":233.2, ""freq"":50.0, ""current"":0.000, ""aenergy"":{""total"""
2026-04-22T15:36:06,shellyazplug-node/events/rpc,167,"{""src"":""shellyazplug-e4b323337220"",""dst"":""shellyazplug-node/events"",""method"":""NotifyStatus"",""params"":{""ts"":30699.11,""swi"
2026-04-22T15:36:06,shellyazplug-node/debug/log,132,"shellyazplug-e4b323337220 576 30699.128 1|shelly_notification:163 Status change of switch:0: {""id"":0,""output"":true,""sour"
2026-04-22T15:36:06,shellyazplug-node/rpc,86,"{""id"": 1, ""src"": ""attacker"", ""method"": ""Switch.Set"", ""params"": {""id"": 0, ""on"": false}}"
2026-04-22T15:36:06,attacker/rpc,84,"{""id"":1,""src"":""shellyazplug-e4b323337220"",""dst"":""attacker"",""result"":{""was_on"":true}}"
2026-04-22T15:36:06,shellyazplug-node/debug/log,87,"shellyazplug-e4b323337220 577 30699.612 1|shos_rpc_inst.c:230     Switch.Set via MQTT 
"
2026-04-22T15:36:06,shellyazplug-node/status/switch:0,200,"{""id"":0, ""source"":""MQTT"", ""output"":false, ""apower"":0.0, ""voltage"":233.0, ""freq"":50.0, ""current"":0.000, ""aenergy"":{""total"
2026-04-22T15:36:06,shellyazplug-node/events/rpc,191,"{""src"":""shellyazplug-e4b323337220"",""dst"":""shellyazplug-node/events"",""method"":""NotifyStatus"",""params"":{""ts"":30699.61,""swi"
2026-04-22T15:36:06,shellyazplug-node/debug/log,156,"shellyazplug-e4b323337220 578 30699.631 1|shelly_notification:163 Status change of switch:0: {""id"":0,""apower"":0,""current"
2026-04-22T15:36:07,shellyazplug-node/rpc,85,"{""id"": 1, ""src"": ""attacker"", ""method"": ""Switch.Set"", ""params"": {""id"": 0, ""on"": true}}"
2026-04-22T15:36:07,attacker/rpc,85,"{""id"":1,""src"":""shellyazplug-e4b323337220"",""dst"":""attacker"",""result"":{""was_on"":false}}"
2026-04-22T15:36:07,shellyazplug-node/debug/log,87,"shellyazplug-e4b323337220 579 30700.113 1|shos_rpc_inst.c:230     Switch.Set via MQTT 
"
2026-04-22T15:36:07,shellyazplug-node/status/switch:0,199,"{""id"":0, ""source"":""MQTT"", ""output"":true, ""apower"":0.0, ""voltage"":233.0, ""freq"":50.0, ""current"":0.000, ""aenergy"":{""total"""
2026-04-22T15:36:07,shellyazplug-node/events/rpc,167,"{""src"":""shellyazplug-e4b323337220"",""dst"":""shellyazplug-node/events"",""method"":""NotifyStatus"",""params"":{""ts"":30700.11,""swi"
2026-04-22T15:36:07,shellyazplug-node/debug/log,132,"shellyazplug-e4b323337220 580 30700.129 1|shelly_notification:163 Status change of switch:0: {""id"":0,""output"":true,""sour"
2026-04-22T15:36:07,shellyazplug-node/rpc,86,"{""id"": 1, ""src"": ""attacker"", ""method"": ""Switch.Set"", ""params"": {""id"": 0, ""on"": false}}"
2026-04-22T15:36:07,attacker/rpc,84,"{""id"":1,""src"":""shellyazplug-e4b323337220"",""dst"":""attacker"",""result"":{""was_on"":true}}"
2026-04-22T15:36:07,shellyazplug-node/debug/log,87,"shellyazplug-e4b323337220 581 30700.617 1|shos_rpc_inst.c:230     Switch.Set via MQTT 
"
2026-04-22T15:36:07,shellyazplug-node/status/switch:0,200,"{""id"":0, ""source"":""MQTT"", ""output"":false, ""apower"":0.0, ""voltage"":232.9, ""freq"":50.0, ""current"":0.000, ""aenergy"":{""total"
2026-04-22T15:36:07,shellyazplug-node/events/rpc,191,"{""src"":""shellyazplug-e4b323337220"",""dst"":""shellyazplug-node/events"",""method"":""NotifyStatus"",""params"":{""ts"":30700.61,""swi"
2026-04-22T15:36:07,shellyazplug-node/debug/log,156,"shellyazplug-e4b323337220 582 30700.636 1|shelly_notification:163 Status change of switch:0: {""id"":0,""apower"":0,""current"
2026-04-22T15:36:08,iot/mq/debug,50,[0;36m[D][sensor:124]: 'Gas Sensor' >> 0.55 V[0m
2026-04-22T15:36:08,iot/mq/sensor/gas_sensor/state,4,0.55
2026-04-22T15:36:08,shellyazplug-node/rpc,85,"{""id"": 1, ""src"": ""attacker"", ""method"": ""Switch.Set"", ""params"": {""id"": 0, ""on"": true}}"
2026-04-22T15:36:08,attacker/rpc,85,"{""id"":1,""src"":""shellyazplug-e4b323337220"",""dst"":""attacker"",""result"":{""was_on"":false}}"
2026-04-22T15:36:08,shellyazplug-node/debug/log,87,"shellyazplug-e4b323337220 583 30701.116 1|shos_rpc_inst.c:230     Switch.Set via MQTT 
"
2026-04-22T15:36:08,shellyazplug-node/status/switch:0,199,"{""id"":0, ""source"":""MQTT"", ""output"":true, ""apower"":0.0, ""voltage"":232.9, ""freq"":50.0, ""current"":0.000, ""aenergy"":{""total"""
2026-04-22T15:36:08,shellyazplug-node/events/rpc,167,"{""src"":""shellyazplug-e4b323337220"",""dst"":""shellyazplug-node/events"",""method"":""NotifyStatus"",""params"":{""ts"":30701.11,""swi"
2026-04-22T15:36:08,shellyazplug-node/debug/log,132,"shellyazplug-e4b323337220 584 30701.132 1|shelly_notification:163 Status change of switch:0: {""id"":0,""output"":true,""sour"
2026-04-22T15:36:08,shellyazplug-node/rpc,86,"{""id"": 1, ""src"": ""attacker"", ""method"": ""Switch.Set"", ""params"": {""id"": 0, ""on"": false}}"
2026-04-22T15:36:08,attacker/rpc,84,"{""id"":1,""src"":""shellyazplug-e4b323337220"",""dst"":""attacker"",""result"":{""was_on"":true}}"
2026-04-22T15:36:08,shellyazplug-node/debug/log,87,"shellyazplug-e4b323337220 585 30701.615 1|shos_rpc_inst.c:230     Switch.Set via MQTT 
"
2026-04-22T15:36:08,shellyazplug-node/status/switch:0,200,"{""id"":0, ""source"":""MQTT"", ""output"":false, ""apower"":0.0, ""voltage"":232.9, ""freq"":50.0, ""current"":0.000, ""aenergy"":{""total"
2026-04-22T15:36:08,shellyazplug-node/events/rpc,191,"{""src"":""shellyazplug-e4b323337220"",""dst"":""shellyazplug-node/events"",""method"":""NotifyStatus"",""params"":{""ts"":30701.61,""swi"
2026-04-22T15:36:08,shellyazplug-node/debug/log,156,"shellyazplug-e4b323337220 586 30701.634 1|shelly_notification:163 Status change of switch:0: {""id"":0,""apower"":0,""current"
2026-04-22T15:36:09,shellyazplug-node/rpc,85,"{""id"": 1, ""src"": ""attacker"", ""method"": ""Switch.Set"", ""params"": {""id"": 0, ""on"": true}}"
2026-04-22T15:36:09,attacker/rpc,85,"{""id"":1,""src"":""shellyazplug-e4b323337220"",""dst"":""attacker"",""result"":{""was_on"":false}}"
2026-04-22T15:36:09,shellyazplug-node/debug/log,87,"shellyazplug-e4b323337220 587 30702.116 1|shos_rpc_inst.c:230     Switch.Set via MQTT 
"
2026-04-22T15:36:09,shellyazplug-node/status/switch:0,199,"{""id"":0, ""source"":""MQTT"", ""output"":true, ""apower"":0.0, ""voltage"":232.9, ""freq"":50.0, ""current"":0.000, ""aenergy"":{""total"""
2026-04-22T15:36:09,shellyazplug-node/events/rpc,167,"{""src"":""shellyazplug-e4b323337220"",""dst"":""shellyazplug-node/events"",""method"":""NotifyStatus"",""params"":{""ts"":30702.11,""swi"
2026-04-22T15:36:09,shellyazplug-node/debug/log,132,"shellyazplug-e4b323337220 588 30702.132 1|shelly_notification:163 Status change of switch:0: {""id"":0,""output"":true,""sour"
2026-04-22T15:36:09,shellyazplug-node/rpc,86,"{""id"": 1, ""src"": ""attacker"", ""method"": ""Switch.Set"", ""params"": {""id"": 0, ""on"": false}}"
2026-04-22T15:36:09,attacker/rpc,84,"{""id"":1,""src"":""shellyazplug-e4b323337220"",""dst"":""attacker"",""result"":{""was_on"":true}}"
2026-04-22T15:36:09,shellyazplug-node/debug/log,87,"shellyazplug-e4b323337220 589 30702.616 1|shos_rpc_inst.c:230     Switch.Set via MQTT 
"
2026-04-22T15:36:09,shellyazplug-node/status/switch:0,200,"{""id"":0, ""source"":""MQTT"", ""output"":false, ""apower"":0.0, ""voltage"":233.0, ""freq"":50.0, ""current"":0.000, ""aenergy"":{""total"
2026-04-22T15:36:09,shellyazplug-node/events/rpc,191,"{""src"":""shellyazplug-e4b323337220"",""dst"":""shellyazplug-node/events"",""method"":""NotifyStatus"",""params"":{""ts"":30702.61,""swi"
2026-04-22T15:36:09,shellyazplug-node/debug/log,156,"shellyazplug-e4b323337220 590 30702.635 1|shelly_notification:163 Status change of switch:0: {""id"":0,""apower"":0,""current"
2026-04-22T15:36:10,shellyazplug-node/rpc,85,"{""id"": 1, ""src"": ""attacker"", ""method"": ""Switch.Set"", ""params"": {""id"": 0, ""on"": true}}"
2026-04-22T15:36:10,attacker/rpc,85,"{""id"":1,""src"":""shellyazplug-e4b323337220"",""dst"":""attacker"",""result"":{""was_on"":false}}"
2026-04-22T15:36:10,shellyazplug-node/debug/log,87,"shellyazplug-e4b323337220 591 30703.117 1|shos_rpc_inst.c:230     Switch.Set via MQTT 
"
2026-04-22T15:36:10,shellyazplug-node/status/switch:0,199,"{""id"":0, ""source"":""MQTT"", ""output"":true, ""apower"":0.0, ""voltage"":233.0, ""freq"":50.0, ""current"":0.000, ""aenergy"":{""total"""
2026-04-22T15:36:10,shellyazplug-node/events/rpc,167,"{""src"":""shellyazplug-e4b323337220"",""dst"":""shellyazplug-node/events"",""method"":""NotifyStatus"",""params"":{""ts"":30703.11,""swi"
2026-04-22T15:36:10,shellyazplug-node/debug/log,132,"shellyazplug-e4b323337220 592 30703.133 1|shelly_notification:163 Status change of switch:0: {""id"":0,""output"":true,""sour"
2026-04-22T15:36:10,shellyazplug-node/rpc,86,"{""id"": 1, ""src"": ""attacker"", ""method"": ""Switch.Set"", ""params"": {""id"": 0, ""on"": false}}"
2026-04-22T15:36:10,attacker/rpc,84,"{""id"":1,""src"":""shellyazplug-e4b323337220"",""dst"":""attacker"",""result"":{""was_on"":true}}"
2026-04-22T15:36:10,shellyazplug-node/debug/log,87,"shellyazplug-e4b323337220 593 30703.617 1|shos_rpc_inst.c:230     Switch.Set via MQTT 
"
2026-04-22T15:36:10,shellyazplug-node/status/switch:0,200,"{""id"":0, ""source"":""MQTT"", ""output"":false, ""apower"":0.0, ""voltage"":233.1, ""freq"":50.0, ""current"":0.000, ""aenergy"":{""total"
2026-04-22T15:36:10,shellyazplug-node/events/rpc,191,"{""src"":""shellyazplug-e4b323337220"",""dst"":""shellyazplug-node/events"",""method"":""NotifyStatus"",""params"":{""ts"":30703.61,""swi"
2026-04-22T15:36:10,shellyazplug-node/debug/log,156,"shellyazplug-e4b323337220 594 30703.636 1|shelly_notification:163 Status change of switch:0: {""id"":0,""apower"":0,""current"
2026-04-22T15:36:11,shellyazplug-node/rpc,85,"{""id"": 1, ""src"": ""attacker"", ""method"": ""Switch.Set"", ""params"": {""id"": 0, ""on"": true}}"
2026-04-22T15:36:11,attacker/rpc,85,"{""id"":1,""src"":""shellyazplug-e4b323337220"",""dst"":""attacker"",""result"":{""was_on"":false}}"
2026-04-22T15:36:11,shellyazplug-node/debug/log,87,"shellyazplug-e4b323337220 595 30704.117 1|shos_rpc_inst.c:230     Switch.Set via MQTT 
"
2026-04-22T15:36:11,shellyazplug-node/status/switch:0,199,"{""id"":0, ""source"":""MQTT"", ""output"":true, ""apower"":0.0, ""voltage"":233.1, ""freq"":50.0, ""current"":0.000, ""aenergy"":{""total"""
2026-04-22T15:36:11,shellyazplug-node/events/rpc,167,"{""src"":""shellyazplug-e4b323337220"",""dst"":""shellyazplug-node/events"",""method"":""NotifyStatus"",""params"":{""ts"":30704.11,""swi"
2026-04-22T15:36:11,shellyazplug-node/debug/log,132,"shellyazplug-e4b323337220 596 30704.133 1|shelly_notification:163 Status change of switch:0: {""id"":0,""output"":true,""sour"
2026-04-22T15:36:11,shellyazplug-node/rpc,86,"{""id"": 1, ""src"": ""attacker"", ""method"": ""Switch.Set"", ""params"": {""id"": 0, ""on"": false}}"
2026-04-22T15:36:11,attacker/rpc,84,"{""id"":1,""src"":""shellyazplug-e4b323337220"",""dst"":""attacker"",""result"":{""was_on"":true}}"
2026-04-22T15:36:11,shellyazplug-node/debug/log,87,"shellyazplug-e4b323337220 597 30704.618 1|shos_rpc_inst.c:230     Switch.Set via MQTT 
"
2026-04-22T15:36:11,shellyazplug-node/status/switch:0,200,"{""id"":0, ""source"":""MQTT"", ""output"":false, ""apower"":0.0, ""voltage"":233.2, ""freq"":50.0, ""current"":0.000, ""aenergy"":{""total"
2026-04-22T15:36:11,shellyazplug-node/events/rpc,191,"{""src"":""shellyazplug-e4b323337220"",""dst"":""shellyazplug-node/events"",""method"":""NotifyStatus"",""params"":{""ts"":30704.61,""swi"
2026-04-22T15:36:11,shellyazplug-node/debug/log,156,"shellyazplug-e4b323337220 598 30704.636 1|shelly_notification:163 Status change of switch:0: {""id"":0,""apower"":0,""current"
2026-04-22T15:36:12,shellyazplug-node/rpc,85,"{""id"": 1, ""src"": ""attacker"", ""method"": ""Switch.Set"", ""params"": {""id"": 0, ""on"": true}}"
2026-04-22T15:36:12,attacker/rpc,85,"{""id"":1,""src"":""shellyazplug-e4b323337220"",""dst"":""attacker"",""result"":{""was_on"":false}}"
2026-04-22T15:36:12,shellyazplug-node/debug/log,87,"shellyazplug-e4b323337220 599 30705.123 1|shos_rpc_inst.c:230     Switch.Set via MQTT 
"
2026-04-22T15:36:12,shellyazplug-node/status/switch:0,199,"{""id"":0, ""source"":""MQTT"", ""output"":true, ""apower"":0.0, ""voltage"":233.2, ""freq"":50.0, ""current"":0.000, ""aenergy"":{""total"""
2026-04-22T15:36:12,shellyazplug-node/events/rpc,167,"{""src"":""shellyazplug-e4b323337220"",""dst"":""shellyazplug-node/events"",""method"":""NotifyStatus"",""params"":{""ts"":30705.12,""swi"
2026-04-22T15:36:12,shellyazplug-node/debug/log,132,"shellyazplug-e4b323337220 600 30705.139 1|shelly_notification:163 Status change of switch:0: {""id"":0,""output"":true,""sour"
2026-04-22T15:36:12,shellyazplug-node/rpc,86,"{""id"": 1, ""src"": ""attacker"", ""method"": ""Switch.Set"", ""params"": {""id"": 0, ""on"": false}}"
2026-04-22T15:36:12,attacker/rpc,84,"{""id"":1,""src"":""shellyazplug-e4b323337220"",""dst"":""attacker"",""result"":{""was_on"":true}}"
2026-04-22T15:36:12,shellyazplug-node/debug/log,87,"shellyazplug-e4b323337220 601 30705.619 1|shos_rpc_inst.c:230     Switch.Set via MQTT 
"
2026-04-22T15:36:12,shellyazplug-node/status/switch:0,200,"{""id"":0, ""source"":""MQTT"", ""output"":false, ""apower"":0.0, ""voltage"":233.1, ""freq"":50.0, ""current"":0.000, ""aenergy"":{""total"
2026-04-22T15:36:12,shellyazplug-node/events/rpc,191,"{""src"":""shellyazplug-e4b323337220"",""dst"":""shellyazplug-node/events"",""method"":""NotifyStatus"",""params"":{""ts"":30705.62,""swi"
2026-04-22T15:36:12,shellyazplug-node/debug/log,156,"shellyazplug-e4b323337220 602 30705.637 1|shelly_notification:163 Status change of switch:0: {""id"":0,""apower"":0,""current"
2026-04-22T15:36:13,iot/mq/debug,50,[0;36m[D][sensor:124]: 'Gas Sensor' >> 0.55 V[0m
2026-04-22T15:36:13,iot/mq/sensor/gas_sensor/state,4,0.55
2026-04-22T15:36:13,shellyazplug-node/rpc,85,"{""id"": 1, ""src"": ""attacker"", ""method"": ""Switch.Set"", ""params"": {""id"": 0, ""on"": true}}"
2026-04-22T15:36:13,attacker/rpc,85,"{""id"":1,""src"":""shellyazplug-e4b323337220"",""dst"":""attacker"",""result"":{""was_on"":false}}"
2026-04-22T15:36:13,shellyazplug-node/debug/log,87,"shellyazplug-e4b323337220 603 30706.119 1|shos_rpc_inst.c:230     Switch.Set via MQTT 
"
2026-04-22T15:36:13,shellyazplug-node/status/switch:0,199,"{""id"":0, ""source"":""MQTT"", ""output"":true, ""apower"":0.0, ""voltage"":233.1, ""freq"":50.0, ""current"":0.000, ""aenergy"":{""total"""
2026-04-22T15:36:13,shellyazplug-node/events/rpc,167,"{""src"":""shellyazplug-e4b323337220"",""dst"":""shellyazplug-node/events"",""method"":""NotifyStatus"",""params"":{""ts"":30706.12,""swi"
2026-04-22T15:36:13,shellyazplug-node/debug/log,132,"shellyazplug-e4b323337220 604 30706.136 1|shelly_notification:163 Status change of switch:0: {""id"":0,""output"":true,""sour"
2026-04-22T15:36:13,shellyazplug-node/rpc,86,"{""id"": 1, ""src"": ""attacker"", ""method"": ""Switch.Set"", ""params"": {""id"": 0, ""on"": false}}"
2026-04-22T15:36:13,attacker/rpc,84,"{""id"":1,""src"":""shellyazplug-e4b323337220"",""dst"":""attacker"",""result"":{""was_on"":true}}"
2026-04-22T15:36:13,shellyazplug-node/debug/log,87,"shellyazplug-e4b323337220 605 30706.620 1|shos_rpc_inst.c:230     Switch.Set via MQTT 
"
2026-04-22T15:36:13,shellyazplug-node/status/switch:0,200,"{""id"":0, ""source"":""MQTT"", ""output"":false, ""apower"":0.0, ""voltage"":232.9, ""freq"":50.0, ""current"":0.000, ""aenergy"":{""total"
2026-04-22T15:36:13,shellyazplug-node/events/rpc,191,"{""src"":""shellyazplug-e4b323337220"",""dst"":""shellyazplug-node/events"",""method"":""NotifyStatus"",""params"":{""ts"":30706.62,""swi"
2026-04-22T15:36:13,shellyazplug-node/debug/log,156,"shellyazplug-e4b323337220 606 30706.639 1|shelly_notification:163 Status change of switch:0: {""id"":0,""apower"":0,""current"
2026-04-22T15:36:14,shellyazplug-node/rpc,85,"{""id"": 1, ""src"": ""attacker"", ""method"": ""Switch.Set"", ""params"": {""id"": 0, ""on"": true}}"
2026-04-22T15:36:14,attacker/rpc,85,"{""id"":1,""src"":""shellyazplug-e4b323337220"",""dst"":""attacker"",""result"":{""was_on"":false}}"
2026-04-22T15:36:14,shellyazplug-node/debug/log,87,"shellyazplug-e4b323337220 607 30707.125 1|shos_rpc_inst.c:230     Switch.Set via MQTT 
"
2026-04-22T15:36:14,shellyazplug-node/status/switch:0,199,"{""id"":0, ""source"":""MQTT"", ""output"":true, ""apower"":0.0, ""voltage"":232.9, ""freq"":50.0, ""current"":0.000, ""aenergy"":{""total"""
2026-04-22T15:36:14,shellyazplug-node/events/rpc,167,"{""src"":""shellyazplug-e4b323337220"",""dst"":""shellyazplug-node/events"",""method"":""NotifyStatus"",""params"":{""ts"":30707.12,""swi"
2026-04-22T15:36:14,shellyazplug-node/debug/log,132,"shellyazplug-e4b323337220 608 30707.142 1|shelly_notification:163 Status change of switch:0: {""id"":0,""output"":true,""sour"
2026-04-22T15:36:14,shellyazplug-node/rpc,86,"{""id"": 1, ""src"": ""attacker"", ""method"": ""Switch.Set"", ""params"": {""id"": 0, ""on"": false}}"
2026-04-22T15:36:14,attacker/rpc,84,"{""id"":1,""src"":""shellyazplug-e4b323337220"",""dst"":""attacker"",""result"":{""was_on"":true}}"
2026-04-22T15:36:14,shellyazplug-node/debug/log,87,"shellyazplug-e4b323337220 609 30707.627 1|shos_rpc_inst.c:230     Switch.Set via MQTT 
"
2026-04-22T15:36:14,shellyazplug-node/status/switch:0,200,"{""id"":0, ""source"":""MQTT"", ""output"":false, ""apower"":0.0, ""voltage"":232.8, ""freq"":50.0, ""current"":0.000, ""aenergy"":{""total"
2026-04-22T15:36:14,shellyazplug-node/events/rpc,191,"{""src"":""shellyazplug-e4b323337220"",""dst"":""shellyazplug-node/events"",""method"":""NotifyStatus"",""params"":{""ts"":30707.62,""swi"
2026-04-22T15:36:14,shellyazplug-node/debug/log,156,"shellyazplug-e4b323337220 610 30707.646 1|shelly_notification:163 Status change of switch:0: {""id"":0,""apower"":0,""current"
2026-04-22T15:36:15,iot/dht11/debug,59,[0;36m[D][dht:048]: Temperature 24.8°C Humidity 39.0%[0m
2026-04-22T15:36:15,iot/dht11/debug,53,[0;36m[D][sensor:124]: 'Temperature' >> 24.8 °C[0m
2026-04-22T15:36:15,iot/dht11/sensor/temperature/state,4,24.8
2026-04-22T15:36:15,iot/dht11/debug,46,[0;36m[D][sensor:124]: 'Humidity' >> 39 %[0m
2026-04-22T15:36:15,iot/dht11/sensor/humidity/state,2,39
2026-04-22T15:36:15,shellyazplug-node/rpc,85,"{""id"": 1, ""src"": ""attacker"", ""method"": ""Switch.Set"", ""params"": {""id"": 0, ""on"": true}}"
2026-04-22T15:36:15,attacker/rpc,85,"{""id"":1,""src"":""shellyazplug-e4b323337220"",""dst"":""attacker"",""result"":{""was_on"":false}}"
2026-04-22T15:36:15,shellyazplug-node/debug/log,87,"shellyazplug-e4b323337220 611 30708.125 1|shos_rpc_inst.c:230     Switch.Set via MQTT 
"
2026-04-22T15:36:15,shellyazplug-node/status/switch:0,199,"{""id"":0, ""source"":""MQTT"", ""output"":true, ""apower"":0.0, ""voltage"":232.8, ""freq"":50.0, ""current"":0.000, ""aenergy"":{""total"""
2026-04-22T15:36:15,shellyazplug-node/events/rpc,167,"{""src"":""shellyazplug-e4b323337220"",""dst"":""shellyazplug-node/events"",""method"":""NotifyStatus"",""params"":{""ts"":30708.12,""swi"
2026-04-22T15:36:15,shellyazplug-node/debug/log,132,"shellyazplug-e4b323337220 612 30708.142 1|shelly_notification:163 Status change of switch:0: {""id"":0,""output"":true,""sour"
2026-04-22T15:36:15,shellyazplug-node/rpc,86,"{""id"": 1, ""src"": ""attacker"", ""method"": ""Switch.Set"", ""params"": {""id"": 0, ""on"": false}}"
2026-04-22T15:36:15,attacker/rpc,84,"{""id"":1,""src"":""shellyazplug-e4b323337220"",""dst"":""attacker"",""result"":{""was_on"":true}}"
2026-04-22T15:36:15,shellyazplug-node/debug/log,87,"shellyazplug-e4b323337220 613 30708.627 1|shos_rpc_inst.c:230     Switch.Set via MQTT 
"
2026-04-22T15:36:15,shellyazplug-node/status/switch:0,200,"{""id"":0, ""source"":""MQTT"", ""output"":false, ""apower"":0.0, ""voltage"":233.1, ""freq"":50.0, ""current"":0.000, ""aenergy"":{""total"
2026-04-22T15:36:15,shellyazplug-node/events/rpc,191,"{""src"":""shellyazplug-e4b323337220"",""dst"":""shellyazplug-node/events"",""method"":""NotifyStatus"",""params"":{""ts"":30708.62,""swi"
2026-04-22T15:36:15,shellyazplug-node/debug/log,156,"shellyazplug-e4b323337220 614 30708.645 1|shelly_notification:163 Status change of switch:0: {""id"":0,""apower"":0,""current"
2026-04-22T15:36:16,shellyazplug-node/rpc,85,"{""id"": 1, ""src"": ""attacker"", ""method"": ""Switch.Set"", ""params"": {""id"": 0, ""on"": true}}"
2026-04-22T15:36:16,attacker/rpc,85,"{""id"":1,""src"":""shellyazplug-e4b323337220"",""dst"":""attacker"",""result"":{""was_on"":false}}"
2026-04-22T15:36:16,shellyazplug-node/debug/log,87,"shellyazplug-e4b323337220 615 30709.127 1|shos_rpc_inst.c:230     Switch.Set via MQTT 
"
2026-04-22T15:36:16,shellyazplug-node/status/switch:0,199,"{""id"":0, ""source"":""MQTT"", ""output"":true, ""apower"":0.0, ""voltage"":233.1, ""freq"":50.0, ""current"":0.000, ""aenergy"":{""total"""
2026-04-22T15:36:16,shellyazplug-node/events/rpc,167,"{""src"":""shellyazplug-e4b323337220"",""dst"":""shellyazplug-node/events"",""method"":""NotifyStatus"",""params"":{""ts"":30709.12,""swi"
2026-04-22T15:36:16,shellyazplug-node/debug/log,132,"shellyazplug-e4b323337220 616 30709.143 1|shelly_notification:163 Status change of switch:0: {""id"":0,""output"":true,""sour"
2026-04-22T15:36:16,shellyazplug-node/rpc,86,"{""id"": 1, ""src"": ""attacker"", ""method"": ""Switch.Set"", ""params"": {""id"": 0, ""on"": false}}"
2026-04-22T15:36:16,attacker/rpc,84,"{""id"":1,""src"":""shellyazplug-e4b323337220"",""dst"":""attacker"",""result"":{""was_on"":true}}"
2026-04-22T15:36:16,shellyazplug-node/debug/log,87,"shellyazplug-e4b323337220 617 30709.629 1|shos_rpc_inst.c:230     Switch.Set via MQTT 
"
2026-04-22T15:36:16,shellyazplug-node/status/switch:0,200,"{""id"":0, ""source"":""MQTT"", ""output"":false, ""apower"":0.0, ""voltage"":233.2, ""freq"":50.0, ""current"":0.000, ""aenergy"":{""total"
2026-04-22T15:36:16,shellyazplug-node/events/rpc,191,"{""src"":""shellyazplug-e4b323337220"",""dst"":""shellyazplug-node/events"",""method"":""NotifyStatus"",""params"":{""ts"":30709.63,""swi"
2026-04-22T15:36:16,shellyazplug-node/debug/log,156,"shellyazplug-e4b323337220 618 30709.648 1|shelly_notification:163 Status change of switch:0: {""id"":0,""apower"":0,""current"
2026-04-22T15:36:17,shellyazplug-node/rpc,85,"{""id"": 1, ""src"": ""attacker"", ""method"": ""Switch.Set"", ""params"": {""id"": 0, ""on"": true}}"
2026-04-22T15:36:17,attacker/rpc,85,"{""id"":1,""src"":""shellyazplug-e4b323337220"",""dst"":""attacker"",""result"":{""was_on"":false}}"
2026-04-22T15:36:17,shellyazplug-node/debug/log,87,"shellyazplug-e4b323337220 619 30710.128 1|shos_rpc_inst.c:230     Switch.Set via MQTT 
"
2026-04-22T15:36:17,shellyazplug-node/status/switch:0,199,"{""id"":0, ""source"":""MQTT"", ""output"":true, ""apower"":0.0, ""voltage"":233.2, ""freq"":50.0, ""current"":0.000, ""aenergy"":{""total"""
2026-04-22T15:36:17,shellyazplug-node/events/rpc,167,"{""src"":""shellyazplug-e4b323337220"",""dst"":""shellyazplug-node/events"",""method"":""NotifyStatus"",""params"":{""ts"":30710.12,""swi"
2026-04-22T15:36:17,shellyazplug-node/debug/log,132,"shellyazplug-e4b323337220 620 30710.144 1|shelly_notification:163 Status change of switch:0: {""id"":0,""output"":true,""sour"
2026-04-22T15:36:17,shellyazplug-node/rpc,86,"{""id"": 1, ""src"": ""attacker"", ""method"": ""Switch.Set"", ""params"": {""id"": 0, ""on"": false}}"
2026-04-22T15:36:17,attacker/rpc,84,"{""id"":1,""src"":""shellyazplug-e4b323337220"",""dst"":""attacker"",""result"":{""was_on"":true}}"
2026-04-22T15:36:17,shellyazplug-node/debug/log,87,"shellyazplug-e4b323337220 621 30710.628 1|shos_rpc_inst.c:230     Switch.Set via MQTT 
"
2026-04-22T15:36:17,shellyazplug-node/status/switch:0,200,"{""id"":0, ""source"":""MQTT"", ""output"":false, ""apower"":0.0, ""voltage"":233.1, ""freq"":50.0, ""current"":0.000, ""aenergy"":{""total"
2026-04-22T15:36:17,shellyazplug-node/events/rpc,191,"{""src"":""shellyazplug-e4b323337220"",""dst"":""shellyazplug-node/events"",""method"":""NotifyStatus"",""params"":{""ts"":30710.63,""swi"
2026-04-22T15:36:17,shellyazplug-node/debug/log,156,"shellyazplug-e4b323337220 622 30710.647 1|shelly_notification:163 Status change of switch:0: {""id"":0,""apower"":0,""current"
2026-04-22T15:36:18,iot/mq/debug,50,[0;36m[D][sensor:124]: 'Gas Sensor' >> 0.55 V[0m
2026-04-22T15:36:18,iot/mq/sensor/gas_sensor/state,4,0.55
2026-04-22T15:36:18,shellyazplug-node/rpc,85,"{""id"": 1, ""src"": ""attacker"", ""method"": ""Switch.Set"", ""params"": {""id"": 0, ""on"": true}}"
2026-04-22T15:36:18,attacker/rpc,85,"{""id"":1,""src"":""shellyazplug-e4b323337220"",""dst"":""attacker"",""result"":{""was_on"":false}}"
2026-04-22T15:36:18,shellyazplug-node/debug/log,87,"shellyazplug-e4b323337220 623 30711.130 1|shos_rpc_inst.c:230     Switch.Set via MQTT 
"
2026-04-22T15:36:18,shellyazplug-node/status/switch:0,199,"{""id"":0, ""source"":""MQTT"", ""output"":true, ""apower"":0.0, ""voltage"":233.1, ""freq"":50.0, ""current"":0.000, ""aenergy"":{""total"""
2026-04-22T15:36:18,shellyazplug-node/events/rpc,167,"{""src"":""shellyazplug-e4b323337220"",""dst"":""shellyazplug-node/events"",""method"":""NotifyStatus"",""params"":{""ts"":30711.13,""swi"
2026-04-22T15:36:18,shellyazplug-node/debug/log,132,"shellyazplug-e4b323337220 624 30711.146 1|shelly_notification:163 Status change of switch:0: {""id"":0,""output"":true,""sour"
2026-04-22T15:36:18,shellyazplug-node/rpc,86,"{""id"": 1, ""src"": ""attacker"", ""method"": ""Switch.Set"", ""params"": {""id"": 0, ""on"": false}}"
2026-04-22T15:36:18,attacker/rpc,84,"{""id"":1,""src"":""shellyazplug-e4b323337220"",""dst"":""attacker"",""result"":{""was_on"":true}}"
2026-04-22T15:36:18,shellyazplug-node/debug/log,87,"shellyazplug-e4b323337220 625 30711.636 1|shos_rpc_inst.c:230     Switch.Set via MQTT 
"
2026-04-22T15:36:18,shellyazplug-node/status/switch:0,200,"{""id"":0, ""source"":""MQTT"", ""output"":false, ""apower"":0.0, ""voltage"":232.9, ""freq"":50.0, ""current"":0.000, ""aenergy"":{""total"
2026-04-22T15:36:18,shellyazplug-node/events/rpc,191,"{""src"":""shellyazplug-e4b323337220"",""dst"":""shellyazplug-node/events"",""method"":""NotifyStatus"",""params"":{""ts"":30711.63,""swi"
2026-04-22T15:36:18,shellyazplug-node/debug/log,156,"shellyazplug-e4b323337220 626 30711.654 1|shelly_notification:163 Status change of switch:0: {""id"":0,""apower"":0,""current"
2026-04-22T15:36:19,shellyazplug-node/rpc,85,"{""id"": 1, ""src"": ""attacker"", ""method"": ""Switch.Set"", ""params"": {""id"": 0, ""on"": true}}"
2026-04-22T15:36:19,attacker/rpc,85,"{""id"":1,""src"":""shellyazplug-e4b323337220"",""dst"":""attacker"",""result"":{""was_on"":false}}"
2026-04-22T15:36:19,shellyazplug-node/debug/log,87,"shellyazplug-e4b323337220 627 30712.132 1|shos_rpc_inst.c:230     Switch.Set via MQTT 
"
2026-04-22T15:36:19,shellyazplug-node/status/switch:0,199,"{""id"":0, ""source"":""MQTT"", ""output"":true, ""apower"":0.0, ""voltage"":232.9, ""freq"":50.0, ""current"":0.000, ""aenergy"":{""total"""
2026-04-22T15:36:19,shellyazplug-node/events/rpc,167,"{""src"":""shellyazplug-e4b323337220"",""dst"":""shellyazplug-node/events"",""method"":""NotifyStatus"",""params"":{""ts"":30712.13,""swi"
2026-04-22T15:36:19,shellyazplug-node/debug/log,132,"shellyazplug-e4b323337220 628 30712.149 1|shelly_notification:163 Status change of switch:0: {""id"":0,""output"":true,""sour"
2026-04-22T15:36:19,shellyazplug-node/rpc,86,"{""id"": 1, ""src"": ""attacker"", ""method"": ""Switch.Set"", ""params"": {""id"": 0, ""on"": false}}"
2026-04-22T15:36:19,attacker/rpc,84,"{""id"":1,""src"":""shellyazplug-e4b323337220"",""dst"":""attacker"",""result"":{""was_on"":true}}"
2026-04-22T15:36:19,shellyazplug-node/debug/log,87,"shellyazplug-e4b323337220 629 30712.630 1|shos_rpc_inst.c:230     Switch.Set via MQTT 
"
2026-04-22T15:36:19,shellyazplug-node/status/switch:0,200,"{""id"":0, ""source"":""MQTT"", ""output"":false, ""apower"":0.0, ""voltage"":232.8, ""freq"":50.0, ""current"":0.000, ""aenergy"":{""total"
2026-04-22T15:36:19,shellyazplug-node/events/rpc,191,"{""src"":""shellyazplug-e4b323337220"",""dst"":""shellyazplug-node/events"",""method"":""NotifyStatus"",""params"":{""ts"":30712.63,""swi"
2026-04-22T15:36:19,shellyazplug-node/debug/log,156,"shellyazplug-e4b323337220 630 30712.649 1|shelly_notification:163 Status change of switch:0: {""id"":0,""apower"":0,""current"
2026-04-22T15:36:20,shellyazplug-node/rpc,85,"{""id"": 1, ""src"": ""attacker"", ""method"": ""Switch.Set"", ""params"": {""id"": 0, ""on"": true}}"
2026-04-22T15:36:20,attacker/rpc,85,"{""id"":1,""src"":""shellyazplug-e4b323337220"",""dst"":""attacker"",""result"":{""was_on"":false}}"
2026-04-22T15:36:20,shellyazplug-node/debug/log,87,"shellyazplug-e4b323337220 631 30713.131 1|shos_rpc_inst.c:230     Switch.Set via MQTT 
"
2026-04-22T15:36:20,shellyazplug-node/status/switch:0,199,"{""id"":0, ""source"":""MQTT"", ""output"":true, ""apower"":0.0, ""voltage"":232.8, ""freq"":50.0, ""current"":0.000, ""aenergy"":{""total"""
2026-04-22T15:36:20,shellyazplug-node/events/rpc,167,"{""src"":""shellyazplug-e4b323337220"",""dst"":""shellyazplug-node/events"",""method"":""NotifyStatus"",""params"":{""ts"":30713.13,""swi"
2026-04-22T15:36:20,shellyazplug-node/debug/log,132,"shellyazplug-e4b323337220 632 30713.147 1|shelly_notification:163 Status change of switch:0: {""id"":0,""output"":true,""sour"
2026-04-22T15:36:20,shellyazplug-node/rpc,86,"{""id"": 1, ""src"": ""attacker"", ""method"": ""Switch.Set"", ""params"": {""id"": 0, ""on"": false}}"
2026-04-22T15:36:20,attacker/rpc,84,"{""id"":1,""src"":""shellyazplug-e4b323337220"",""dst"":""attacker"",""result"":{""was_on"":true}}"
2026-04-22T15:36:20,shellyazplug-node/debug/log,87,"shellyazplug-e4b323337220 633 30713.631 1|shos_rpc_inst.c:230     Switch.Set via MQTT 
"
2026-04-22T15:36:20,shellyazplug-node/status/switch:0,200,"{""id"":0, ""source"":""MQTT"", ""output"":false, ""apower"":0.0, ""voltage"":232.7, ""freq"":50.0, ""current"":0.000, ""aenergy"":{""total"
2026-04-22T15:36:20,shellyazplug-node/events/rpc,191,"{""src"":""shellyazplug-e4b323337220"",""dst"":""shellyazplug-node/events"",""method"":""NotifyStatus"",""params"":{""ts"":30713.63,""swi"
2026-04-22T15:36:20,shellyazplug-node/debug/log,156,"shellyazplug-e4b323337220 634 30713.650 1|shelly_notification:163 Status change of switch:0: {""id"":0,""apower"":0,""current"
2026-04-22T15:36:21,shellyazplug-node/rpc,85,"{""id"": 1, ""src"": ""attacker"", ""method"": ""Switch.Set"", ""params"": {""id"": 0, ""on"": true}}"
2026-04-22T15:36:21,attacker/rpc,85,"{""id"":1,""src"":""shellyazplug-e4b323337220"",""dst"":""attacker"",""result"":{""was_on"":false}}"
2026-04-22T15:36:21,shellyazplug-node/debug/log,87,"shellyazplug-e4b323337220 635 30714.134 1|shos_rpc_inst.c:230     Switch.Set via MQTT 
"
2026-04-22T15:36:21,shellyazplug-node/status/switch:0,199,"{""id"":0, ""source"":""MQTT"", ""output"":true, ""apower"":0.0, ""voltage"":232.7, ""freq"":50.0, ""current"":0.000, ""aenergy"":{""total"""
2026-04-22T15:36:21,shellyazplug-node/events/rpc,167,"{""src"":""shellyazplug-e4b323337220"",""dst"":""shellyazplug-node/events"",""method"":""NotifyStatus"",""params"":{""ts"":30714.13,""swi"
2026-04-22T15:36:21,shellyazplug-node/debug/log,132,"shellyazplug-e4b323337220 636 30714.150 1|shelly_notification:163 Status change of switch:0: {""id"":0,""output"":true,""sour"
2026-04-22T15:36:21,shellyazplug-node/rpc,86,"{""id"": 1, ""src"": ""attacker"", ""method"": ""Switch.Set"", ""params"": {""id"": 0, ""on"": false}}"
2026-04-22T15:36:21,attacker/rpc,84,"{""id"":1,""src"":""shellyazplug-e4b323337220"",""dst"":""attacker"",""result"":{""was_on"":true}}"
2026-04-22T15:36:21,shellyazplug-node/debug/log,87,"shellyazplug-e4b323337220 637 30714.632 1|shos_rpc_inst.c:230     Switch.Set via MQTT 
"
2026-04-22T15:36:21,shellyazplug-node/status/switch:0,200,"{""id"":0, ""source"":""MQTT"", ""output"":false, ""apower"":0.0, ""voltage"":233.0, ""freq"":50.0, ""current"":0.000, ""aenergy"":{""total"
2026-04-22T15:36:21,shellyazplug-node/events/rpc,191,"{""src"":""shellyazplug-e4b323337220"",""dst"":""shellyazplug-node/events"",""method"":""NotifyStatus"",""params"":{""ts"":30714.63,""swi"
2026-04-22T15:36:21,shellyazplug-node/debug/log,156,"shellyazplug-e4b323337220 638 30714.651 1|shelly_notification:163 Status change of switch:0: {""id"":0,""apower"":0,""current"
2026-04-22T15:36:22,shellyazplug-node/rpc,85,"{""id"": 1, ""src"": ""attacker"", ""method"": ""Switch.Set"", ""params"": {""id"": 0, ""on"": true}}"
2026-04-22T15:36:22,attacker/rpc,85,"{""id"":1,""src"":""shellyazplug-e4b323337220"",""dst"":""attacker"",""result"":{""was_on"":false}}"
2026-04-22T15:36:22,shellyazplug-node/debug/log,87,"shellyazplug-e4b323337220 639 30715.133 1|shos_rpc_inst.c:230     Switch.Set via MQTT 
"
2026-04-22T15:36:22,shellyazplug-node/status/switch:0,199,"{""id"":0, ""source"":""MQTT"", ""output"":true, ""apower"":0.0, ""voltage"":233.0, ""freq"":50.0, ""current"":0.000, ""aenergy"":{""total"""
2026-04-22T15:36:22,shellyazplug-node/events/rpc,167,"{""src"":""shellyazplug-e4b323337220"",""dst"":""shellyazplug-node/events"",""method"":""NotifyStatus"",""params"":{""ts"":30715.13,""swi"
2026-04-22T15:36:22,shellyazplug-node/debug/log,132,"shellyazplug-e4b323337220 640 30715.149 1|shelly_notification:163 Status change of switch:0: {""id"":0,""output"":true,""sour"
2026-04-22T15:36:22,shellyazplug-node/rpc,86,"{""id"": 1, ""src"": ""attacker"", ""method"": ""Switch.Set"", ""params"": {""id"": 0, ""on"": false}}"
2026-04-22T15:36:22,attacker/rpc,84,"{""id"":1,""src"":""shellyazplug-e4b323337220"",""dst"":""attacker"",""result"":{""was_on"":true}}"
2026-04-22T15:36:22,shellyazplug-node/debug/log,87,"shellyazplug-e4b323337220 641 30715.634 1|shos_rpc_inst.c:230     Switch.Set via MQTT 
"
2026-04-22T15:36:22,shellyazplug-node/status/switch:0,200,"{""id"":0, ""source"":""MQTT"", ""output"":false, ""apower"":0.0, ""voltage"":233.1, ""freq"":50.0, ""current"":0.000, ""aenergy"":{""total"
2026-04-22T15:36:22,shellyazplug-node/events/rpc,191,"{""src"":""shellyazplug-e4b323337220"",""dst"":""shellyazplug-node/events"",""method"":""NotifyStatus"",""params"":{""ts"":30715.63,""swi"
2026-04-22T15:36:22,shellyazplug-node/debug/log,156,"shellyazplug-e4b323337220 642 30715.654 1|shelly_notification:163 Status change of switch:0: {""id"":0,""apower"":0,""current"
2026-04-22T15:36:23,iot/mq/debug,50,[0;36m[D][sensor:124]: 'Gas Sensor' >> 0.55 V[0m
2026-04-22T15:36:23,iot/mq/sensor/gas_sensor/state,4,0.55
2026-04-22T15:36:23,shellyazplug-node/rpc,85,"{""id"": 1, ""src"": ""attacker"", ""method"": ""Switch.Set"", ""params"": {""id"": 0, ""on"": true}}"
2026-04-22T15:36:23,attacker/rpc,85,"{""id"":1,""src"":""shellyazplug-e4b323337220"",""dst"":""attacker"",""result"":{""was_on"":false}}"
2026-04-22T15:36:23,shellyazplug-node/debug/log,87,"shellyazplug-e4b323337220 643 30716.134 1|shos_rpc_inst.c:230     Switch.Set via MQTT 
"
2026-04-22T15:36:23,shellyazplug-node/status/switch:0,199,"{""id"":0, ""source"":""MQTT"", ""output"":true, ""apower"":0.0, ""voltage"":233.1, ""freq"":50.0, ""current"":0.000, ""aenergy"":{""total"""
2026-04-22T15:36:23,shellyazplug-node/events/rpc,167,"{""src"":""shellyazplug-e4b323337220"",""dst"":""shellyazplug-node/events"",""method"":""NotifyStatus"",""params"":{""ts"":30716.13,""swi"
2026-04-22T15:36:23,shellyazplug-node/debug/log,132,"shellyazplug-e4b323337220 644 30716.150 1|shelly_notification:163 Status change of switch:0: {""id"":0,""output"":true,""sour"
2026-04-22T15:36:23,shellyazplug-node/rpc,86,"{""id"": 1, ""src"": ""attacker"", ""method"": ""Switch.Set"", ""params"": {""id"": 0, ""on"": false}}"
2026-04-22T15:36:23,attacker/rpc,84,"{""id"":1,""src"":""shellyazplug-e4b323337220"",""dst"":""attacker"",""result"":{""was_on"":true}}"
2026-04-22T15:36:23,shellyazplug-node/debug/log,87,"shellyazplug-e4b323337220 645 30716.634 1|shos_rpc_inst.c:230     Switch.Set via MQTT 
"
2026-04-22T15:36:23,shellyazplug-node/status/switch:0,200,"{""id"":0, ""source"":""MQTT"", ""output"":false, ""apower"":0.0, ""voltage"":233.1, ""freq"":50.0, ""current"":0.000, ""aenergy"":{""total"
2026-04-22T15:36:23,shellyazplug-node/events/rpc,191,"{""src"":""shellyazplug-e4b323337220"",""dst"":""shellyazplug-node/events"",""method"":""NotifyStatus"",""params"":{""ts"":30716.63,""swi"
2026-04-22T15:36:23,shellyazplug-node/debug/log,156,"shellyazplug-e4b323337220 646 30716.653 1|shelly_notification:163 Status change of switch:0: {""id"":0,""apower"":0,""current"
2026-04-22T15:36:24,shellyazplug-node/rpc,85,"{""id"": 1, ""src"": ""attacker"", ""method"": ""Switch.Set"", ""params"": {""id"": 0, ""on"": true}}"
2026-04-22T15:36:24,attacker/rpc,85,"{""id"":1,""src"":""shellyazplug-e4b323337220"",""dst"":""attacker"",""result"":{""was_on"":false}}"
2026-04-22T15:36:24,shellyazplug-node/debug/log,87,"shellyazplug-e4b323337220 647 30717.136 1|shos_rpc_inst.c:230     Switch.Set via MQTT 
"
2026-04-22T15:36:24,shellyazplug-node/status/switch:0,199,"{""id"":0, ""source"":""MQTT"", ""output"":true, ""apower"":0.0, ""voltage"":233.1, ""freq"":50.0, ""current"":0.000, ""aenergy"":{""total"""
2026-04-22T15:36:24,shellyazplug-node/events/rpc,167,"{""src"":""shellyazplug-e4b323337220"",""dst"":""shellyazplug-node/events"",""method"":""NotifyStatus"",""params"":{""ts"":30717.13,""swi"
2026-04-22T15:36:24,shellyazplug-node/debug/log,132,"shellyazplug-e4b323337220 648 30717.153 1|shelly_notification:163 Status change of switch:0: {""id"":0,""output"":true,""sour"
2026-04-22T15:36:24,shellyazplug-node/rpc,86,"{""id"": 1, ""src"": ""attacker"", ""method"": ""Switch.Set"", ""params"": {""id"": 0, ""on"": false}}"
2026-04-22T15:36:24,attacker/rpc,84,"{""id"":1,""src"":""shellyazplug-e4b323337220"",""dst"":""attacker"",""result"":{""was_on"":true}}"
2026-04-22T15:36:24,shellyazplug-node/debug/log,87,"shellyazplug-e4b323337220 649 30717.638 1|shos_rpc_inst.c:230     Switch.Set via MQTT 
"
2026-04-22T15:36:24,shellyazplug-node/status/switch:0,200,"{""id"":0, ""source"":""MQTT"", ""output"":false, ""apower"":0.0, ""voltage"":233.2, ""freq"":50.0, ""current"":0.000, ""aenergy"":{""total"
2026-04-22T15:36:24,shellyazplug-node/events/rpc,191,"{""src"":""shellyazplug-e4b323337220"",""dst"":""shellyazplug-node/events"",""method"":""NotifyStatus"",""params"":{""ts"":30717.63,""swi"
2026-04-22T15:36:24,shellyazplug-node/debug/log,156,"shellyazplug-e4b323337220 650 30717.656 1|shelly_notification:163 Status change of switch:0: {""id"":0,""apower"":0,""current"
2026-04-22T15:36:25,iot/dht11/debug,59,[0;36m[D][dht:048]: Temperature 24.8°C Humidity 39.0%[0m
2026-04-22T15:36:25,iot/dht11/debug,53,[0;36m[D][sensor:124]: 'Temperature' >> 24.8 °C[0m
2026-04-22T15:36:25,iot/dht11/sensor/temperature/state,4,24.8
2026-04-22T15:36:25,iot/dht11/debug,46,[0;36m[D][sensor:124]: 'Humidity' >> 39 %[0m
2026-04-22T15:36:25,iot/dht11/sensor/humidity/state,2,39
2026-04-22T15:36:25,shellyazplug-node/rpc,85,"{""id"": 1, ""src"": ""attacker"", ""method"": ""Switch.Set"", ""params"": {""id"": 0, ""on"": true}}"
2026-04-22T15:36:25,attacker/rpc,85,"{""id"":1,""src"":""shellyazplug-e4b323337220"",""dst"":""attacker"",""result"":{""was_on"":false}}"
2026-04-22T15:36:25,shellyazplug-node/debug/log,87,"shellyazplug-e4b323337220 651 30718.142 1|shos_rpc_inst.c:230     Switch.Set via MQTT 
"
2026-04-22T15:36:25,shellyazplug-node/status/switch:0,199,"{""id"":0, ""source"":""MQTT"", ""output"":true, ""apower"":0.0, ""voltage"":233.2, ""freq"":50.0, ""current"":0.000, ""aenergy"":{""total"""
2026-04-22T15:36:25,shellyazplug-node/events/rpc,167,"{""src"":""shellyazplug-e4b323337220"",""dst"":""shellyazplug-node/events"",""method"":""NotifyStatus"",""params"":{""ts"":30718.14,""swi"
2026-04-22T15:36:25,shellyazplug-node/debug/log,132,"shellyazplug-e4b323337220 652 30718.159 1|shelly_notification:163 Status change of switch:0: {""id"":0,""output"":true,""sour"
2026-04-22T15:36:25,shellyazplug-node/rpc,86,"{""id"": 1, ""src"": ""attacker"", ""method"": ""Switch.Set"", ""params"": {""id"": 0, ""on"": false}}"
2026-04-22T15:36:25,attacker/rpc,84,"{""id"":1,""src"":""shellyazplug-e4b323337220"",""dst"":""attacker"",""result"":{""was_on"":true}}"
2026-04-22T15:36:25,shellyazplug-node/debug/log,87,"shellyazplug-e4b323337220 653 30718.640 1|shos_rpc_inst.c:230     Switch.Set via MQTT 
"
2026-04-22T15:36:25,shellyazplug-node/status/switch:0,200,"{""id"":0, ""source"":""MQTT"", ""output"":false, ""apower"":0.0, ""voltage"":233.3, ""freq"":50.0, ""current"":0.000, ""aenergy"":{""total"
2026-04-22T15:36:25,shellyazplug-node/events/rpc,191,"{""src"":""shellyazplug-e4b323337220"",""dst"":""shellyazplug-node/events"",""method"":""NotifyStatus"",""params"":{""ts"":30718.64,""swi"
2026-04-22T15:36:25,shellyazplug-node/debug/log,156,"shellyazplug-e4b323337220 654 30718.658 1|shelly_notification:163 Status change of switch:0: {""id"":0,""apower"":0,""current"
2026-04-22T15:36:26,shellyazplug-node/rpc,85,"{""id"": 1, ""src"": ""attacker"", ""method"": ""Switch.Set"", ""params"": {""id"": 0, ""on"": true}}"
2026-04-22T15:36:26,attacker/rpc,85,"{""id"":1,""src"":""shellyazplug-e4b323337220"",""dst"":""attacker"",""result"":{""was_on"":false}}"
2026-04-22T15:36:26,shellyazplug-node/debug/log,87,"shellyazplug-e4b323337220 655 30719.138 1|shos_rpc_inst.c:230     Switch.Set via MQTT 
"
2026-04-22T15:36:26,shellyazplug-node/status/switch:0,199,"{""id"":0, ""source"":""MQTT"", ""output"":true, ""apower"":0.0, ""voltage"":233.3, ""freq"":50.0, ""current"":0.000, ""aenergy"":{""total"""
2026-04-22T15:36:26,shellyazplug-node/events/rpc,167,"{""src"":""shellyazplug-e4b323337220"",""dst"":""shellyazplug-node/events"",""method"":""NotifyStatus"",""params"":{""ts"":30719.13,""swi"
2026-04-22T15:36:26,shellyazplug-node/debug/log,132,"shellyazplug-e4b323337220 656 30719.154 1|shelly_notification:163 Status change of switch:0: {""id"":0,""output"":true,""sour"
2026-04-22T15:36:26,shellyazplug-node/rpc,86,"{""id"": 1, ""src"": ""attacker"", ""method"": ""Switch.Set"", ""params"": {""id"": 0, ""on"": false}}"
2026-04-22T15:36:26,attacker/rpc,84,"{""id"":1,""src"":""shellyazplug-e4b323337220"",""dst"":""attacker"",""result"":{""was_on"":true}}"
2026-04-22T15:36:26,shellyazplug-node/debug/log,87,"shellyazplug-e4b323337220 657 30719.639 1|shos_rpc_inst.c:230     Switch.Set via MQTT 
"
2026-04-22T15:36:26,shellyazplug-node/status/switch:0,200,"{""id"":0, ""source"":""MQTT"", ""output"":false, ""apower"":0.0, ""voltage"":233.0, ""freq"":50.0, ""current"":0.000, ""aenergy"":{""total"
2026-04-22T15:36:26,shellyazplug-node/events/rpc,191,"{""src"":""shellyazplug-e4b323337220"",""dst"":""shellyazplug-node/events"",""method"":""NotifyStatus"",""params"":{""ts"":30719.64,""swi"
2026-04-22T15:36:26,shellyazplug-node/debug/log,156,"shellyazplug-e4b323337220 658 30719.657 1|shelly_notification:163 Status change of switch:0: {""id"":0,""apower"":0,""current"
2026-04-22T15:36:27,shellyazplug-node/rpc,85,"{""id"": 1, ""src"": ""attacker"", ""method"": ""Switch.Set"", ""params"": {""id"": 0, ""on"": true}}"
2026-04-22T15:36:27,attacker/rpc,85,"{""id"":1,""src"":""shellyazplug-e4b323337220"",""dst"":""attacker"",""result"":{""was_on"":false}}"
2026-04-22T15:36:27,shellyazplug-node/debug/log,87,"shellyazplug-e4b323337220 659 30720.139 1|shos_rpc_inst.c:230     Switch.Set via MQTT 
"
2026-04-22T15:36:27,shellyazplug-node/status/switch:0,199,"{""id"":0, ""source"":""MQTT"", ""output"":true, ""apower"":0.0, ""voltage"":233.0, ""freq"":50.0, ""current"":0.000, ""aenergy"":{""total"""
2026-04-22T15:36:27,shellyazplug-node/events/rpc,167,"{""src"":""shellyazplug-e4b323337220"",""dst"":""shellyazplug-node/events"",""method"":""NotifyStatus"",""params"":{""ts"":30720.14,""swi"
2026-04-22T15:36:27,shellyazplug-node/debug/log,132,"shellyazplug-e4b323337220 660 30720.155 1|shelly_notification:163 Status change of switch:0: {""id"":0,""output"":true,""sour"
2026-04-22T15:36:27,shellyazplug-node/rpc,86,"{""id"": 1, ""src"": ""attacker"", ""method"": ""Switch.Set"", ""params"": {""id"": 0, ""on"": false}}"
2026-04-22T15:36:27,attacker/rpc,84,"{""id"":1,""src"":""shellyazplug-e4b323337220"",""dst"":""attacker"",""result"":{""was_on"":true}}"
2026-04-22T15:36:27,shellyazplug-node/debug/log,87,"shellyazplug-e4b323337220 661 30720.646 1|shos_rpc_inst.c:230     Switch.Set via MQTT 
"
2026-04-22T15:36:27,shellyazplug-node/status/switch:0,200,"{""id"":0, ""source"":""MQTT"", ""output"":false, ""apower"":0.0, ""voltage"":233.0, ""freq"":50.0, ""current"":0.000, ""aenergy"":{""total"
2026-04-22T15:36:27,shellyazplug-node/events/rpc,191,"{""src"":""shellyazplug-e4b323337220"",""dst"":""shellyazplug-node/events"",""method"":""NotifyStatus"",""params"":{""ts"":30720.64,""swi"
2026-04-22T15:36:27,shellyazplug-node/debug/log,156,"shellyazplug-e4b323337220 662 30720.664 1|shelly_notification:163 Status change of switch:0: {""id"":0,""apower"":0,""current"
2026-04-22T15:36:28,iot/mq/debug,50,[0;36m[D][sensor:124]: 'Gas Sensor' >> 0.55 V[0m
2026-04-22T15:36:28,iot/mq/sensor/gas_sensor/state,4,0.55
2026-04-22T15:36:28,shellyazplug-node/rpc,85,"{""id"": 1, ""src"": ""attacker"", ""method"": ""Switch.Set"", ""params"": {""id"": 0, ""on"": true}}"
2026-04-22T15:36:28,attacker/rpc,85,"{""id"":1,""src"":""shellyazplug-e4b323337220"",""dst"":""attacker"",""result"":{""was_on"":false}}"
2026-04-22T15:36:28,shellyazplug-node/debug/log,87,"shellyazplug-e4b323337220 663 30721.140 1|shos_rpc_inst.c:230     Switch.Set via MQTT 
"
2026-04-22T15:36:28,shellyazplug-node/status/switch:0,199,"{""id"":0, ""source"":""MQTT"", ""output"":true, ""apower"":0.0, ""voltage"":233.0, ""freq"":50.0, ""current"":0.000, ""aenergy"":{""total"""
2026-04-22T15:36:28,shellyazplug-node/events/rpc,167,"{""src"":""shellyazplug-e4b323337220"",""dst"":""shellyazplug-node/events"",""method"":""NotifyStatus"",""params"":{""ts"":30721.14,""swi"
2026-04-22T15:36:28,shellyazplug-node/debug/log,132,"shellyazplug-e4b323337220 664 30721.157 1|shelly_notification:163 Status change of switch:0: {""id"":0,""output"":true,""sour"
2026-04-22T15:36:28,shellyazplug-node/rpc,86,"{""id"": 1, ""src"": ""attacker"", ""method"": ""Switch.Set"", ""params"": {""id"": 0, ""on"": false}}"
2026-04-22T15:36:28,attacker/rpc,84,"{""id"":1,""src"":""shellyazplug-e4b323337220"",""dst"":""attacker"",""result"":{""was_on"":true}}"
2026-04-22T15:36:28,shellyazplug-node/debug/log,87,"shellyazplug-e4b323337220 665 30721.640 1|shos_rpc_inst.c:230     Switch.Set via MQTT 
"
2026-04-22T15:36:28,shellyazplug-node/status/switch:0,200,"{""id"":0, ""source"":""MQTT"", ""output"":false, ""apower"":0.0, ""voltage"":233.1, ""freq"":50.0, ""current"":0.000, ""aenergy"":{""total"
2026-04-22T15:36:28,shellyazplug-node/events/rpc,191,"{""src"":""shellyazplug-e4b323337220"",""dst"":""shellyazplug-node/events"",""method"":""NotifyStatus"",""params"":{""ts"":30721.64,""swi"
2026-04-22T15:36:28,shellyazplug-node/debug/log,156,"shellyazplug-e4b323337220 666 30721.659 1|shelly_notification:163 Status change of switch:0: {""id"":0,""apower"":0,""current"
2026-04-22T15:36:29,shellyazplug-node/rpc,85,"{""id"": 1, ""src"": ""attacker"", ""method"": ""Switch.Set"", ""params"": {""id"": 0, ""on"": true}}"
2026-04-22T15:36:29,attacker/rpc,85,"{""id"":1,""src"":""shellyazplug-e4b323337220"",""dst"":""attacker"",""result"":{""was_on"":false}}"
2026-04-22T15:36:29,shellyazplug-node/debug/log,87,"shellyazplug-e4b323337220 667 30722.141 1|shos_rpc_inst.c:230     Switch.Set via MQTT 
"
2026-04-22T15:36:29,shellyazplug-node/status/switch:0,199,"{""id"":0, ""source"":""MQTT"", ""output"":true, ""apower"":0.0, ""voltage"":233.1, ""freq"":50.0, ""current"":0.000, ""aenergy"":{""total"""
2026-04-22T15:36:29,shellyazplug-node/events/rpc,167,"{""src"":""shellyazplug-e4b323337220"",""dst"":""shellyazplug-node/events"",""method"":""NotifyStatus"",""params"":{""ts"":30722.14,""swi"
2026-04-22T15:36:29,shellyazplug-node/debug/log,132,"shellyazplug-e4b323337220 668 30722.157 1|shelly_notification:163 Status change of switch:0: {""id"":0,""output"":true,""sour"
2026-04-22T15:36:29,shellyazplug-node/rpc,86,"{""id"": 1, ""src"": ""attacker"", ""method"": ""Switch.Set"", ""params"": {""id"": 0, ""on"": false}}"
2026-04-22T15:36:29,attacker/rpc,84,"{""id"":1,""src"":""shellyazplug-e4b323337220"",""dst"":""attacker"",""result"":{""was_on"":true}}"
2026-04-22T15:36:29,shellyazplug-node/debug/log,87,"shellyazplug-e4b323337220 669 30722.642 1|shos_rpc_inst.c:230     Switch.Set via MQTT 
"
2026-04-22T15:36:29,shellyazplug-node/status/switch:0,200,"{""id"":0, ""source"":""MQTT"", ""output"":false, ""apower"":0.0, ""voltage"":233.2, ""freq"":50.0, ""current"":0.000, ""aenergy"":{""total"
2026-04-22T15:36:29,shellyazplug-node/events/rpc,191,"{""src"":""shellyazplug-e4b323337220"",""dst"":""shellyazplug-node/events"",""method"":""NotifyStatus"",""params"":{""ts"":30722.64,""swi"
2026-04-22T15:36:29,shellyazplug-node/debug/log,156,"shellyazplug-e4b323337220 670 30722.660 1|shelly_notification:163 Status change of switch:0: {""id"":0,""apower"":0,""current"
2026-04-22T15:36:30,shellyazplug-node/rpc,85,"{""id"": 1, ""src"": ""attacker"", ""method"": ""Switch.Set"", ""params"": {""id"": 0, ""on"": true}}"
2026-04-22T15:36:30,attacker/rpc,85,"{""id"":1,""src"":""shellyazplug-e4b323337220"",""dst"":""attacker"",""result"":{""was_on"":false}}"
2026-04-22T15:36:30,shellyazplug-node/debug/log,87,"shellyazplug-e4b323337220 671 30723.146 1|shos_rpc_inst.c:230     Switch.Set via MQTT 
"
2026-04-22T15:36:30,shellyazplug-node/status/switch:0,199,"{""id"":0, ""source"":""MQTT"", ""output"":true, ""apower"":0.0, ""voltage"":233.2, ""freq"":50.0, ""current"":0.000, ""aenergy"":{""total"""
2026-04-22T15:36:30,shellyazplug-node/events/rpc,167,"{""src"":""shellyazplug-e4b323337220"",""dst"":""shellyazplug-node/events"",""method"":""NotifyStatus"",""params"":{""ts"":30723.14,""swi"
2026-04-22T15:36:30,shellyazplug-node/debug/log,132,"shellyazplug-e4b323337220 672 30723.162 1|shelly_notification:163 Status change of switch:0: {""id"":0,""output"":true,""sour"
2026-04-22T15:36:30,shellyazplug-node/rpc,86,"{""id"": 1, ""src"": ""attacker"", ""method"": ""Switch.Set"", ""params"": {""id"": 0, ""on"": false}}"
2026-04-22T15:36:30,attacker/rpc,84,"{""id"":1,""src"":""shellyazplug-e4b323337220"",""dst"":""attacker"",""result"":{""was_on"":true}}"
2026-04-22T15:36:30,shellyazplug-node/debug/log,87,"shellyazplug-e4b323337220 673 30723.641 1|shos_rpc_inst.c:230     Switch.Set via MQTT 
"
2026-04-22T15:36:30,shellyazplug-node/status/switch:0,200,"{""id"":0, ""source"":""MQTT"", ""output"":false, ""apower"":0.0, ""voltage"":233.3, ""freq"":50.0, ""current"":0.000, ""aenergy"":{""total"
2026-04-22T15:36:30,shellyazplug-node/events/rpc,191,"{""src"":""shellyazplug-e4b323337220"",""dst"":""shellyazplug-node/events"",""method"":""NotifyStatus"",""params"":{""ts"":30723.64,""swi"
2026-04-22T15:36:30,shellyazplug-node/debug/log,156,"shellyazplug-e4b323337220 674 30723.660 1|shelly_notification:163 Status change of switch:0: {""id"":0,""apower"":0,""current"
2026-04-22T15:36:31,shellyazplug-node/rpc,85,"{""id"": 1, ""src"": ""attacker"", ""method"": ""Switch.Set"", ""params"": {""id"": 0, ""on"": true}}"
2026-04-22T15:36:31,attacker/rpc,85,"{""id"":1,""src"":""shellyazplug-e4b323337220"",""dst"":""attacker"",""result"":{""was_on"":false}}"
2026-04-22T15:36:31,shellyazplug-node/debug/log,87,"shellyazplug-e4b323337220 675 30724.142 1|shos_rpc_inst.c:230     Switch.Set via MQTT 
"
2026-04-22T15:36:31,shellyazplug-node/status/switch:0,199,"{""id"":0, ""source"":""MQTT"", ""output"":true, ""apower"":0.0, ""voltage"":233.3, ""freq"":50.0, ""current"":0.000, ""aenergy"":{""total"""
2026-04-22T15:36:31,shellyazplug-node/events/rpc,167,"{""src"":""shellyazplug-e4b323337220"",""dst"":""shellyazplug-node/events"",""method"":""NotifyStatus"",""params"":{""ts"":30724.14,""swi"
2026-04-22T15:36:31,shellyazplug-node/debug/log,132,"shellyazplug-e4b323337220 676 30724.158 1|shelly_notification:163 Status change of switch:0: {""id"":0,""output"":true,""sour"
2026-04-22T15:36:31,shellyazplug-node/rpc,86,"{""id"": 1, ""src"": ""attacker"", ""method"": ""Switch.Set"", ""params"": {""id"": 0, ""on"": false}}"
2026-04-22T15:36:31,attacker/rpc,84,"{""id"":1,""src"":""shellyazplug-e4b323337220"",""dst"":""attacker"",""result"":{""was_on"":true}}"
2026-04-22T15:36:31,shellyazplug-node/debug/log,87,"shellyazplug-e4b323337220 677 30724.643 1|shos_rpc_inst.c:230     Switch.Set via MQTT 
"
2026-04-22T15:36:31,shellyazplug-node/status/switch:0,200,"{""id"":0, ""source"":""MQTT"", ""output"":false, ""apower"":0.0, ""voltage"":233.3, ""freq"":50.0, ""current"":0.000, ""aenergy"":{""total"
2026-04-22T15:36:31,shellyazplug-node/events/rpc,191,"{""src"":""shellyazplug-e4b323337220"",""dst"":""shellyazplug-node/events"",""method"":""NotifyStatus"",""params"":{""ts"":30724.64,""swi"
2026-04-22T15:36:31,shellyazplug-node/debug/log,156,"shellyazplug-e4b323337220 678 30724.662 1|shelly_notification:163 Status change of switch:0: {""id"":0,""apower"":0,""current"
2026-04-22T15:36:32,shellyazplug-node/rpc,85,"{""id"": 1, ""src"": ""attacker"", ""method"": ""Switch.Set"", ""params"": {""id"": 0, ""on"": true}}"
2026-04-22T15:36:32,attacker/rpc,85,"{""id"":1,""src"":""shellyazplug-e4b323337220"",""dst"":""attacker"",""result"":{""was_on"":false}}"
2026-04-22T15:36:32,shellyazplug-node/debug/log,87,"shellyazplug-e4b323337220 679 30725.143 1|shos_rpc_inst.c:230     Switch.Set via MQTT 
"
2026-04-22T15:36:32,shellyazplug-node/status/switch:0,199,"{""id"":0, ""source"":""MQTT"", ""output"":true, ""apower"":0.0, ""voltage"":233.3, ""freq"":50.0, ""current"":0.000, ""aenergy"":{""total"""
2026-04-22T15:36:32,shellyazplug-node/events/rpc,167,"{""src"":""shellyazplug-e4b323337220"",""dst"":""shellyazplug-node/events"",""method"":""NotifyStatus"",""params"":{""ts"":30725.14,""swi"
2026-04-22T15:36:32,shellyazplug-node/debug/log,132,"shellyazplug-e4b323337220 680 30725.160 1|shelly_notification:163 Status change of switch:0: {""id"":0,""output"":true,""sour"
2026-04-22T15:36:32,shellyazplug-node/rpc,86,"{""id"": 1, ""src"": ""attacker"", ""method"": ""Switch.Set"", ""params"": {""id"": 0, ""on"": false}}"
2026-04-22T15:36:32,attacker/rpc,84,"{""id"":1,""src"":""shellyazplug-e4b323337220"",""dst"":""attacker"",""result"":{""was_on"":true}}"
2026-04-22T15:36:32,shellyazplug-node/debug/log,87,"shellyazplug-e4b323337220 681 30725.645 1|shos_rpc_inst.c:230     Switch.Set via MQTT 
"
2026-04-22T15:36:32,shellyazplug-node/status/switch:0,200,"{""id"":0, ""source"":""MQTT"", ""output"":false, ""apower"":0.0, ""voltage"":233.0, ""freq"":50.0, ""current"":0.000, ""aenergy"":{""total"
2026-04-22T15:36:32,shellyazplug-node/events/rpc,191,"{""src"":""shellyazplug-e4b323337220"",""dst"":""shellyazplug-node/events"",""method"":""NotifyStatus"",""params"":{""ts"":30725.64,""swi"
2026-04-22T15:36:32,shellyazplug-node/debug/log,156,"shellyazplug-e4b323337220 682 30725.665 1|shelly_notification:163 Status change of switch:0: {""id"":0,""apower"":0,""current"
2026-04-22T15:36:33,iot/mq/debug,50,[0;36m[D][sensor:124]: 'Gas Sensor' >> 0.55 V[0m
2026-04-22T15:36:33,iot/mq/sensor/gas_sensor/state,4,0.55
2026-04-22T15:36:33,shellyazplug-node/rpc,85,"{""id"": 1, ""src"": ""attacker"", ""method"": ""Switch.Set"", ""params"": {""id"": 0, ""on"": true}}"
2026-04-22T15:36:33,attacker/rpc,85,"{""id"":1,""src"":""shellyazplug-e4b323337220"",""dst"":""attacker"",""result"":{""was_on"":false}}"
2026-04-22T15:36:33,shellyazplug-node/debug/log,87,"shellyazplug-e4b323337220 683 30726.145 1|shos_rpc_inst.c:230     Switch.Set via MQTT 
"
2026-04-22T15:36:33,shellyazplug-node/status/switch:0,199,"{""id"":0, ""source"":""MQTT"", ""output"":true, ""apower"":0.0, ""voltage"":233.0, ""freq"":50.0, ""current"":0.000, ""aenergy"":{""total"""
2026-04-22T15:36:33,shellyazplug-node/events/rpc,167,"{""src"":""shellyazplug-e4b323337220"",""dst"":""shellyazplug-node/events"",""method"":""NotifyStatus"",""params"":{""ts"":30726.14,""swi"
2026-04-22T15:36:33,shellyazplug-node/debug/log,132,"shellyazplug-e4b323337220 684 30726.161 1|shelly_notification:163 Status change of switch:0: {""id"":0,""output"":true,""sour"
2026-04-22T15:36:33,shellyazplug-node/rpc,86,"{""id"": 1, ""src"": ""attacker"", ""method"": ""Switch.Set"", ""params"": {""id"": 0, ""on"": false}}"
2026-04-22T15:36:33,attacker/rpc,84,"{""id"":1,""src"":""shellyazplug-e4b323337220"",""dst"":""attacker"",""result"":{""was_on"":true}}"
2026-04-22T15:36:33,shellyazplug-node/debug/log,87,"shellyazplug-e4b323337220 685 30726.646 1|shos_rpc_inst.c:230     Switch.Set via MQTT 
"
2026-04-22T15:36:33,shellyazplug-node/status/switch:0,200,"{""id"":0, ""source"":""MQTT"", ""output"":false, ""apower"":0.0, ""voltage"":233.0, ""freq"":50.0, ""current"":0.000, ""aenergy"":{""total"
2026-04-22T15:36:33,shellyazplug-node/events/rpc,191,"{""src"":""shellyazplug-e4b323337220"",""dst"":""shellyazplug-node/events"",""method"":""NotifyStatus"",""params"":{""ts"":30726.64,""swi"
2026-04-22T15:36:33,shellyazplug-node/debug/log,156,"shellyazplug-e4b323337220 686 30726.664 1|shelly_notification:163 Status change of switch:0: {""id"":0,""apower"":0,""current"
2026-04-22T15:36:34,shellyazplug-node/rpc,85,"{""id"": 1, ""src"": ""attacker"", ""method"": ""Switch.Set"", ""params"": {""id"": 0, ""on"": true}}"
2026-04-22T15:36:34,attacker/rpc,85,"{""id"":1,""src"":""shellyazplug-e4b323337220"",""dst"":""attacker"",""result"":{""was_on"":false}}"
2026-04-22T15:36:34,shellyazplug-node/debug/log,87,"shellyazplug-e4b323337220 687 30727.149 1|shos_rpc_inst.c:230     Switch.Set via MQTT 
"
2026-04-22T15:36:34,shellyazplug-node/status/switch:0,199,"{""id"":0, ""source"":""MQTT"", ""output"":true, ""apower"":0.0, ""voltage"":233.0, ""freq"":50.0, ""current"":0.000, ""aenergy"":{""total"""
2026-04-22T15:36:34,shellyazplug-node/events/rpc,167,"{""src"":""shellyazplug-e4b323337220"",""dst"":""shellyazplug-node/events"",""method"":""NotifyStatus"",""params"":{""ts"":30727.15,""swi"
2026-04-22T15:36:34,shellyazplug-node/debug/log,132,"shellyazplug-e4b323337220 688 30727.165 1|shelly_notification:163 Status change of switch:0: {""id"":0,""output"":true,""sour"
2026-04-22T15:36:34,shellyazplug-node/rpc,86,"{""id"": 1, ""src"": ""attacker"", ""method"": ""Switch.Set"", ""params"": {""id"": 0, ""on"": false}}"
2026-04-22T15:36:34,attacker/rpc,84,"{""id"":1,""src"":""shellyazplug-e4b323337220"",""dst"":""attacker"",""result"":{""was_on"":true}}"
2026-04-22T15:36:34,shellyazplug-node/debug/log,87,"shellyazplug-e4b323337220 689 30727.652 1|shos_rpc_inst.c:230     Switch.Set via MQTT 
"
2026-04-22T15:36:34,shellyazplug-node/status/switch:0,200,"{""id"":0, ""source"":""MQTT"", ""output"":false, ""apower"":0.0, ""voltage"":233.0, ""freq"":50.0, ""current"":0.000, ""aenergy"":{""total"
2026-04-22T15:36:34,shellyazplug-node/events/rpc,191,"{""src"":""shellyazplug-e4b323337220"",""dst"":""shellyazplug-node/events"",""method"":""NotifyStatus"",""params"":{""ts"":30727.65,""swi"
2026-04-22T15:36:34,shellyazplug-node/debug/log,156,"shellyazplug-e4b323337220 690 30727.670 1|shelly_notification:163 Status change of switch:0: {""id"":0,""apower"":0,""current"
2026-04-22T15:36:35,iot/dht11/debug,59,[0;36m[D][dht:048]: Temperature 24.8°C Humidity 39.0%[0m
2026-04-22T15:36:35,iot/dht11/debug,53,[0;36m[D][sensor:124]: 'Temperature' >> 24.8 °C[0m
2026-04-22T15:36:35,iot/dht11/sensor/temperature/state,4,24.8
2026-04-22T15:36:35,iot/dht11/debug,46,[0;36m[D][sensor:124]: 'Humidity' >> 39 %[0m
2026-04-22T15:36:35,iot/dht11/sensor/humidity/state,2,39
2026-04-22T15:36:35,shellyazplug-node/rpc,85,"{""id"": 1, ""src"": ""attacker"", ""method"": ""Switch.Set"", ""params"": {""id"": 0, ""on"": true}}"
2026-04-22T15:36:35,attacker/rpc,85,"{""id"":1,""src"":""shellyazplug-e4b323337220"",""dst"":""attacker"",""result"":{""was_on"":false}}"
2026-04-22T15:36:35,shellyazplug-node/debug/log,87,"shellyazplug-e4b323337220 691 30728.150 1|shos_rpc_inst.c:230     Switch.Set via MQTT 
"
2026-04-22T15:36:35,shellyazplug-node/status/switch:0,199,"{""id"":0, ""source"":""MQTT"", ""output"":true, ""apower"":0.0, ""voltage"":233.0, ""freq"":50.0, ""current"":0.000, ""aenergy"":{""total"""
2026-04-22T15:36:35,shellyazplug-node/events/rpc,167,"{""src"":""shellyazplug-e4b323337220"",""dst"":""shellyazplug-node/events"",""method"":""NotifyStatus"",""params"":{""ts"":30728.15,""swi"
2026-04-22T15:36:35,shellyazplug-node/debug/log,132,"shellyazplug-e4b323337220 692 30728.167 1|shelly_notification:163 Status change of switch:0: {""id"":0,""output"":true,""sour"
2026-04-22T15:36:35,shellyazplug-node/rpc,86,"{""id"": 1, ""src"": ""attacker"", ""method"": ""Switch.Set"", ""params"": {""id"": 0, ""on"": false}}"
2026-04-22T15:36:35,attacker/rpc,84,"{""id"":1,""src"":""shellyazplug-e4b323337220"",""dst"":""attacker"",""result"":{""was_on"":true}}"
2026-04-22T15:36:35,shellyazplug-node/debug/log,87,"shellyazplug-e4b323337220 693 30728.650 1|shos_rpc_inst.c:230     Switch.Set via MQTT 
"
2026-04-22T15:36:35,shellyazplug-node/status/switch:0,200,"{""id"":0, ""source"":""MQTT"", ""output"":false, ""apower"":0.0, ""voltage"":233.0, ""freq"":50.0, ""current"":0.000, ""aenergy"":{""total"
2026-04-22T15:36:35,shellyazplug-node/events/rpc,191,"{""src"":""shellyazplug-e4b323337220"",""dst"":""shellyazplug-node/events"",""method"":""NotifyStatus"",""params"":{""ts"":30728.65,""swi"
2026-04-22T15:36:35,shellyazplug-node/debug/log,156,"shellyazplug-e4b323337220 694 30728.669 1|shelly_notification:163 Status change of switch:0: {""id"":0,""apower"":0,""current"
2026-04-22T15:36:36,shellyazplug-node/rpc,85,"{""id"": 1, ""src"": ""attacker"", ""method"": ""Switch.Set"", ""params"": {""id"": 0, ""on"": true}}"
2026-04-22T15:36:36,attacker/rpc,85,"{""id"":1,""src"":""shellyazplug-e4b323337220"",""dst"":""attacker"",""result"":{""was_on"":false}}"
2026-04-22T15:36:36,shellyazplug-node/debug/log,87,"shellyazplug-e4b323337220 695 30729.151 1|shos_rpc_inst.c:230     Switch.Set via MQTT 
"
2026-04-22T15:36:36,shellyazplug-node/status/switch:0,199,"{""id"":0, ""source"":""MQTT"", ""output"":true, ""apower"":0.0, ""voltage"":233.0, ""freq"":50.0, ""current"":0.000, ""aenergy"":{""total"""
2026-04-22T15:36:36,shellyazplug-node/events/rpc,167,"{""src"":""shellyazplug-e4b323337220"",""dst"":""shellyazplug-node/events"",""method"":""NotifyStatus"",""params"":{""ts"":30729.15,""swi"
2026-04-22T15:36:36,shellyazplug-node/debug/log,132,"shellyazplug-e4b323337220 696 30729.168 1|shelly_notification:163 Status change of switch:0: {""id"":0,""output"":true,""sour"
2026-04-22T15:36:36,shellyazplug-node/rpc,86,"{""id"": 1, ""src"": ""attacker"", ""method"": ""Switch.Set"", ""params"": {""id"": 0, ""on"": false}}"
2026-04-22T15:36:36,attacker/rpc,84,"{""id"":1,""src"":""shellyazplug-e4b323337220"",""dst"":""attacker"",""result"":{""was_on"":true}}"
2026-04-22T15:36:36,shellyazplug-node/debug/log,87,"shellyazplug-e4b323337220 697 30729.651 1|shos_rpc_inst.c:230     Switch.Set via MQTT 
"
2026-04-22T15:36:36,shellyazplug-node/status/switch:0,200,"{""id"":0, ""source"":""MQTT"", ""output"":false, ""apower"":0.0, ""voltage"":233.0, ""freq"":50.0, ""current"":0.000, ""aenergy"":{""total"
2026-04-22T15:36:36,shellyazplug-node/events/rpc,191,"{""src"":""shellyazplug-e4b323337220"",""dst"":""shellyazplug-node/events"",""method"":""NotifyStatus"",""params"":{""ts"":30729.65,""swi"
2026-04-22T15:36:36,shellyazplug-node/debug/log,156,"shellyazplug-e4b323337220 698 30729.670 1|shelly_notification:163 Status change of switch:0: {""id"":0,""apower"":0,""current"
2026-04-22T15:36:37,shellyazplug-node/rpc,85,"{""id"": 1, ""src"": ""attacker"", ""method"": ""Switch.Set"", ""params"": {""id"": 0, ""on"": true}}"
2026-04-22T15:36:37,attacker/rpc,85,"{""id"":1,""src"":""shellyazplug-e4b323337220"",""dst"":""attacker"",""result"":{""was_on"":false}}"
2026-04-22T15:36:37,shellyazplug-node/debug/log,87,"shellyazplug-e4b323337220 699 30730.152 1|shos_rpc_inst.c:230     Switch.Set via MQTT 
"
2026-04-22T15:36:37,shellyazplug-node/status/switch:0,199,"{""id"":0, ""source"":""MQTT"", ""output"":true, ""apower"":0.0, ""voltage"":233.0, ""freq"":50.0, ""current"":0.000, ""aenergy"":{""total"""
2026-04-22T15:36:37,shellyazplug-node/events/rpc,167,"{""src"":""shellyazplug-e4b323337220"",""dst"":""shellyazplug-node/events"",""method"":""NotifyStatus"",""params"":{""ts"":30730.15,""swi"
2026-04-22T15:36:37,shellyazplug-node/debug/log,132,"shellyazplug-e4b323337220 700 30730.169 1|shelly_notification:163 Status change of switch:0: {""id"":0,""output"":true,""sour"
2026-04-22T15:36:37,shellyazplug-node/rpc,86,"{""id"": 1, ""src"": ""attacker"", ""method"": ""Switch.Set"", ""params"": {""id"": 0, ""on"": false}}"
2026-04-22T15:36:37,attacker/rpc,84,"{""id"":1,""src"":""shellyazplug-e4b323337220"",""dst"":""attacker"",""result"":{""was_on"":true}}"
2026-04-22T15:36:37,shellyazplug-node/debug/log,87,"shellyazplug-e4b323337220 701 30730.652 1|shos_rpc_inst.c:230     Switch.Set via MQTT 
"
2026-04-22T15:36:37,shellyazplug-node/status/switch:0,200,"{""id"":0, ""source"":""MQTT"", ""output"":false, ""apower"":0.0, ""voltage"":232.9, ""freq"":50.0, ""current"":0.000, ""aenergy"":{""total"
2026-04-22T15:36:37,shellyazplug-node/events/rpc,191,"{""src"":""shellyazplug-e4b323337220"",""dst"":""shellyazplug-node/events"",""method"":""NotifyStatus"",""params"":{""ts"":30730.65,""swi"
2026-04-22T15:36:37,shellyazplug-node/debug/log,156,"shellyazplug-e4b323337220 702 30730.671 1|shelly_notification:163 Status change of switch:0: {""id"":0,""apower"":0,""current"
2026-04-22T15:36:38,iot/mq/debug,50,[0;36m[D][sensor:124]: 'Gas Sensor' >> 0.55 V[0m
2026-04-22T15:36:38,iot/mq/sensor/gas_sensor/state,4,0.55
2026-04-22T15:36:38,shellyazplug-node/rpc,85,"{""id"": 1, ""src"": ""attacker"", ""method"": ""Switch.Set"", ""params"": {""id"": 0, ""on"": true}}"
2026-04-22T15:36:38,attacker/rpc,85,"{""id"":1,""src"":""shellyazplug-e4b323337220"",""dst"":""attacker"",""result"":{""was_on"":false}}"
2026-04-22T15:36:38,shellyazplug-node/debug/log,87,"shellyazplug-e4b323337220 703 30731.155 1|shos_rpc_inst.c:230     Switch.Set via MQTT 
"
2026-04-22T15:36:38,shellyazplug-node/status/switch:0,199,"{""id"":0, ""source"":""MQTT"", ""output"":true, ""apower"":0.0, ""voltage"":232.9, ""freq"":50.0, ""current"":0.000, ""aenergy"":{""total"""
2026-04-22T15:36:38,shellyazplug-node/events/rpc,167,"{""src"":""shellyazplug-e4b323337220"",""dst"":""shellyazplug-node/events"",""method"":""NotifyStatus"",""params"":{""ts"":30731.15,""swi"
2026-04-22T15:36:38,shellyazplug-node/debug/log,132,"shellyazplug-e4b323337220 704 30731.171 1|shelly_notification:163 Status change of switch:0: {""id"":0,""output"":true,""sour"
2026-04-22T15:36:38,shellyazplug-node/rpc,86,"{""id"": 1, ""src"": ""attacker"", ""method"": ""Switch.Set"", ""params"": {""id"": 0, ""on"": false}}"
2026-04-22T15:36:38,attacker/rpc,84,"{""id"":1,""src"":""shellyazplug-e4b323337220"",""dst"":""attacker"",""result"":{""was_on"":true}}"
2026-04-22T15:36:38,shellyazplug-node/debug/log,87,"shellyazplug-e4b323337220 705 30731.654 1|shos_rpc_inst.c:230     Switch.Set via MQTT 
"
2026-04-22T15:36:38,shellyazplug-node/status/switch:0,200,"{""id"":0, ""source"":""MQTT"", ""output"":false, ""apower"":0.0, ""voltage"":232.9, ""freq"":50.0, ""current"":0.000, ""aenergy"":{""total"
2026-04-22T15:36:38,shellyazplug-node/events/rpc,191,"{""src"":""shellyazplug-e4b323337220"",""dst"":""shellyazplug-node/events"",""method"":""NotifyStatus"",""params"":{""ts"":30731.65,""swi"
2026-04-22T15:36:38,shellyazplug-node/debug/log,156,"shellyazplug-e4b323337220 706 30731.672 1|shelly_notification:163 Status change of switch:0: {""id"":0,""apower"":0,""current"
2026-04-22T15:36:39,shellyazplug-node/rpc,85,"{""id"": 1, ""src"": ""attacker"", ""method"": ""Switch.Set"", ""params"": {""id"": 0, ""on"": true}}"
2026-04-22T15:36:39,attacker/rpc,85,"{""id"":1,""src"":""shellyazplug-e4b323337220"",""dst"":""attacker"",""result"":{""was_on"":false}}"
2026-04-22T15:36:39,shellyazplug-node/debug/log,87,"shellyazplug-e4b323337220 707 30732.157 1|shos_rpc_inst.c:230     Switch.Set via MQTT 
"
2026-04-22T15:36:39,shellyazplug-node/status/switch:0,199,"{""id"":0, ""source"":""MQTT"", ""output"":true, ""apower"":0.0, ""voltage"":232.9, ""freq"":50.0, ""current"":0.000, ""aenergy"":{""total"""
2026-04-22T15:36:39,shellyazplug-node/events/rpc,167,"{""src"":""shellyazplug-e4b323337220"",""dst"":""shellyazplug-node/events"",""method"":""NotifyStatus"",""params"":{""ts"":30732.15,""swi"
2026-04-22T15:36:39,shellyazplug-node/debug/log,132,"shellyazplug-e4b323337220 708 30732.173 1|shelly_notification:163 Status change of switch:0: {""id"":0,""output"":true,""sour"
2026-04-22T15:36:39,shellyazplug-node/rpc,86,"{""id"": 1, ""src"": ""attacker"", ""method"": ""Switch.Set"", ""params"": {""id"": 0, ""on"": false}}"
2026-04-22T15:36:39,attacker/rpc,84,"{""id"":1,""src"":""shellyazplug-e4b323337220"",""dst"":""attacker"",""result"":{""was_on"":true}}"
2026-04-22T15:36:39,shellyazplug-node/debug/log,87,"shellyazplug-e4b323337220 709 30732.654 1|shos_rpc_inst.c:230     Switch.Set via MQTT 
"
2026-04-22T15:36:39,shellyazplug-node/status/switch:0,200,"{""id"":0, ""source"":""MQTT"", ""output"":false, ""apower"":0.0, ""voltage"":232.8, ""freq"":50.0, ""current"":0.000, ""aenergy"":{""total"
2026-04-22T15:36:39,shellyazplug-node/events/rpc,191,"{""src"":""shellyazplug-e4b323337220"",""dst"":""shellyazplug-node/events"",""method"":""NotifyStatus"",""params"":{""ts"":30732.65,""swi"
2026-04-22T15:36:39,shellyazplug-node/debug/log,156,"shellyazplug-e4b323337220 710 30732.673 1|shelly_notification:163 Status change of switch:0: {""id"":0,""apower"":0,""current"
2026-04-22T15:36:40,shellyazplug-node/rpc,85,"{""id"": 1, ""src"": ""attacker"", ""method"": ""Switch.Set"", ""params"": {""id"": 0, ""on"": true}}"
2026-04-22T15:36:40,attacker/rpc,85,"{""id"":1,""src"":""shellyazplug-e4b323337220"",""dst"":""attacker"",""result"":{""was_on"":false}}"
2026-04-22T15:36:40,shellyazplug-node/debug/log,87,"shellyazplug-e4b323337220 711 30733.156 1|shos_rpc_inst.c:230     Switch.Set via MQTT 
"
2026-04-22T15:36:40,shellyazplug-node/status/switch:0,199,"{""id"":0, ""source"":""MQTT"", ""output"":true, ""apower"":0.0, ""voltage"":232.8, ""freq"":50.0, ""current"":0.000, ""aenergy"":{""total"""
2026-04-22T15:36:40,shellyazplug-node/events/rpc,167,"{""src"":""shellyazplug-e4b323337220"",""dst"":""shellyazplug-node/events"",""method"":""NotifyStatus"",""params"":{""ts"":30733.15,""swi"
2026-04-22T15:36:40,shellyazplug-node/debug/log,132,"shellyazplug-e4b323337220 712 30733.173 1|shelly_notification:163 Status change of switch:0: {""id"":0,""output"":true,""sour"
2026-04-22T15:36:40,shellyazplug-node/rpc,86,"{""id"": 1, ""src"": ""attacker"", ""method"": ""Switch.Set"", ""params"": {""id"": 0, ""on"": false}}"
2026-04-22T15:36:40,attacker/rpc,84,"{""id"":1,""src"":""shellyazplug-e4b323337220"",""dst"":""attacker"",""result"":{""was_on"":true}}"
2026-04-22T15:36:40,shellyazplug-node/debug/log,87,"shellyazplug-e4b323337220 713 30733.656 1|shos_rpc_inst.c:230     Switch.Set via MQTT 
"
2026-04-22T15:36:40,shellyazplug-node/status/switch:0,200,"{""id"":0, ""source"":""MQTT"", ""output"":false, ""apower"":0.0, ""voltage"":232.9, ""freq"":50.0, ""current"":0.000, ""aenergy"":{""total"
2026-04-22T15:36:40,shellyazplug-node/events/rpc,191,"{""src"":""shellyazplug-e4b323337220"",""dst"":""shellyazplug-node/events"",""method"":""NotifyStatus"",""params"":{""ts"":30733.65,""swi"
2026-04-22T15:36:40,shellyazplug-node/debug/log,156,"shellyazplug-e4b323337220 714 30733.675 1|shelly_notification:163 Status change of switch:0: {""id"":0,""apower"":0,""current"
2026-04-22T15:36:41,shellyazplug-node/rpc,85,"{""id"": 1, ""src"": ""attacker"", ""method"": ""Switch.Set"", ""params"": {""id"": 0, ""on"": true}}"
2026-04-22T15:36:41,attacker/rpc,85,"{""id"":1,""src"":""shellyazplug-e4b323337220"",""dst"":""attacker"",""result"":{""was_on"":false}}"
2026-04-22T15:36:41,shellyazplug-node/debug/log,87,"shellyazplug-e4b323337220 715 30734.156 1|shos_rpc_inst.c:230     Switch.Set via MQTT 
"
2026-04-22T15:36:41,shellyazplug-node/status/switch:0,199,"{""id"":0, ""source"":""MQTT"", ""output"":true, ""apower"":0.0, ""voltage"":232.9, ""freq"":50.0, ""current"":0.000, ""aenergy"":{""total"""
2026-04-22T15:36:41,shellyazplug-node/events/rpc,167,"{""src"":""shellyazplug-e4b323337220"",""dst"":""shellyazplug-node/events"",""method"":""NotifyStatus"",""params"":{""ts"":30734.15,""swi"
2026-04-22T15:36:41,shellyazplug-node/debug/log,132,"shellyazplug-e4b323337220 716 30734.173 1|shelly_notification:163 Status change of switch:0: {""id"":0,""output"":true,""sour"
2026-04-22T15:36:41,shellyazplug-node/rpc,86,"{""id"": 1, ""src"": ""attacker"", ""method"": ""Switch.Set"", ""params"": {""id"": 0, ""on"": false}}"
2026-04-22T15:36:41,attacker/rpc,84,"{""id"":1,""src"":""shellyazplug-e4b323337220"",""dst"":""attacker"",""result"":{""was_on"":true}}"
2026-04-22T15:36:41,shellyazplug-node/debug/log,87,"shellyazplug-e4b323337220 717 30734.657 1|shos_rpc_inst.c:230     Switch.Set via MQTT 
"
2026-04-22T15:36:41,shellyazplug-node/status/switch:0,200,"{""id"":0, ""source"":""MQTT"", ""output"":false, ""apower"":0.0, ""voltage"":232.9, ""freq"":50.0, ""current"":0.000, ""aenergy"":{""total"
2026-04-22T15:36:41,shellyazplug-node/events/rpc,191,"{""src"":""shellyazplug-e4b323337220"",""dst"":""shellyazplug-node/events"",""method"":""NotifyStatus"",""params"":{""ts"":30734.65,""swi"
2026-04-22T15:36:41,shellyazplug-node/debug/log,156,"shellyazplug-e4b323337220 718 30734.676 1|shelly_notification:163 Status change of switch:0: {""id"":0,""apower"":0,""current"
2026-04-22T15:36:42,shellyazplug-node/rpc,85,"{""id"": 1, ""src"": ""attacker"", ""method"": ""Switch.Set"", ""params"": {""id"": 0, ""on"": true}}"
2026-04-22T15:36:42,attacker/rpc,85,"{""id"":1,""src"":""shellyazplug-e4b323337220"",""dst"":""attacker"",""result"":{""was_on"":false}}"
2026-04-22T15:36:42,shellyazplug-node/debug/log,87,"shellyazplug-e4b323337220 719 30735.159 1|shos_rpc_inst.c:230     Switch.Set via MQTT 
"
2026-04-22T15:36:42,shellyazplug-node/status/switch:0,199,"{""id"":0, ""source"":""MQTT"", ""output"":true, ""apower"":0.0, ""voltage"":232.9, ""freq"":50.0, ""current"":0.000, ""aenergy"":{""total"""
2026-04-22T15:36:42,shellyazplug-node/events/rpc,167,"{""src"":""shellyazplug-e4b323337220"",""dst"":""shellyazplug-node/events"",""method"":""NotifyStatus"",""params"":{""ts"":30735.16,""swi"
2026-04-22T15:36:42,shellyazplug-node/debug/log,132,"shellyazplug-e4b323337220 720 30735.176 1|shelly_notification:163 Status change of switch:0: {""id"":0,""output"":true,""sour"
2026-04-22T15:36:42,shellyazplug-node/rpc,86,"{""id"": 1, ""src"": ""attacker"", ""method"": ""Switch.Set"", ""params"": {""id"": 0, ""on"": false}}"
2026-04-22T15:36:42,attacker/rpc,84,"{""id"":1,""src"":""shellyazplug-e4b323337220"",""dst"":""attacker"",""result"":{""was_on"":true}}"
2026-04-22T15:36:42,shellyazplug-node/debug/log,87,"shellyazplug-e4b323337220 721 30735.658 1|shos_rpc_inst.c:230     Switch.Set via MQTT 
"
2026-04-22T15:36:42,shellyazplug-node/status/switch:0,200,"{""id"":0, ""source"":""MQTT"", ""output"":false, ""apower"":0.0, ""voltage"":233.0, ""freq"":50.0, ""current"":0.000, ""aenergy"":{""total"
2026-04-22T15:36:42,shellyazplug-node/events/rpc,191,"{""src"":""shellyazplug-e4b323337220"",""dst"":""shellyazplug-node/events"",""method"":""NotifyStatus"",""params"":{""ts"":30735.65,""swi"
2026-04-22T15:36:42,shellyazplug-node/debug/log,156,"shellyazplug-e4b323337220 722 30735.676 1|shelly_notification:163 Status change of switch:0: {""id"":0,""apower"":0,""current"
2026-04-22T15:36:43,iot/mq/debug,50,[0;36m[D][sensor:124]: 'Gas Sensor' >> 0.55 V[0m
2026-04-22T15:36:43,iot/mq/sensor/gas_sensor/state,4,0.55
2026-04-22T15:36:43,shellyazplug-node/rpc,85,"{""id"": 1, ""src"": ""attacker"", ""method"": ""Switch.Set"", ""params"": {""id"": 0, ""on"": true}}"
2026-04-22T15:36:43,attacker/rpc,85,"{""id"":1,""src"":""shellyazplug-e4b323337220"",""dst"":""attacker"",""result"":{""was_on"":false}}"
2026-04-22T15:36:43,shellyazplug-node/debug/log,87,"shellyazplug-e4b323337220 723 30736.159 1|shos_rpc_inst.c:230     Switch.Set via MQTT 
"
2026-04-22T15:36:43,shellyazplug-node/status/switch:0,199,"{""id"":0, ""source"":""MQTT"", ""output"":true, ""apower"":0.0, ""voltage"":233.0, ""freq"":50.0, ""current"":0.000, ""aenergy"":{""total"""
2026-04-22T15:36:43,shellyazplug-node/events/rpc,167,"{""src"":""shellyazplug-e4b323337220"",""dst"":""shellyazplug-node/events"",""method"":""NotifyStatus"",""params"":{""ts"":30736.16,""swi"
2026-04-22T15:36:43,shellyazplug-node/debug/log,132,"shellyazplug-e4b323337220 724 30736.175 1|shelly_notification:163 Status change of switch:0: {""id"":0,""output"":true,""sour"
2026-04-22T15:36:43,shellyazplug-node/rpc,86,"{""id"": 1, ""src"": ""attacker"", ""method"": ""Switch.Set"", ""params"": {""id"": 0, ""on"": false}}"
2026-04-22T15:36:43,attacker/rpc,84,"{""id"":1,""src"":""shellyazplug-e4b323337220"",""dst"":""attacker"",""result"":{""was_on"":true}}"
2026-04-22T15:36:43,shellyazplug-node/debug/log,87,"shellyazplug-e4b323337220 725 30736.663 1|shos_rpc_inst.c:230     Switch.Set via MQTT 
"
2026-04-22T15:36:43,shellyazplug-node/status/switch:0,200,"{""id"":0, ""source"":""MQTT"", ""output"":false, ""apower"":0.0, ""voltage"":233.0, ""freq"":50.0, ""current"":0.000, ""aenergy"":{""total"
2026-04-22T15:36:43,shellyazplug-node/events/rpc,191,"{""src"":""shellyazplug-e4b323337220"",""dst"":""shellyazplug-node/events"",""method"":""NotifyStatus"",""params"":{""ts"":30736.66,""swi"
2026-04-22T15:36:43,shellyazplug-node/debug/log,156,"shellyazplug-e4b323337220 726 30736.682 1|shelly_notification:163 Status change of switch:0: {""id"":0,""apower"":0,""current"
2026-04-22T15:36:44,shellyazplug-node/rpc,85,"{""id"": 1, ""src"": ""attacker"", ""method"": ""Switch.Set"", ""params"": {""id"": 0, ""on"": true}}"
2026-04-22T15:36:44,attacker/rpc,85,"{""id"":1,""src"":""shellyazplug-e4b323337220"",""dst"":""attacker"",""result"":{""was_on"":false}}"
2026-04-22T15:36:44,shellyazplug-node/debug/log,87,"shellyazplug-e4b323337220 727 30737.162 1|shos_rpc_inst.c:230     Switch.Set via MQTT 
"
2026-04-22T15:36:44,shellyazplug-node/status/switch:0,199,"{""id"":0, ""source"":""MQTT"", ""output"":true, ""apower"":0.0, ""voltage"":233.0, ""freq"":50.0, ""current"":0.000, ""aenergy"":{""total"""
2026-04-22T15:36:44,shellyazplug-node/events/rpc,167,"{""src"":""shellyazplug-e4b323337220"",""dst"":""shellyazplug-node/events"",""method"":""NotifyStatus"",""params"":{""ts"":30737.16,""swi"
2026-04-22T15:36:44,shellyazplug-node/debug/log,132,"shellyazplug-e4b323337220 728 30737.179 1|shelly_notification:163 Status change of switch:0: {""id"":0,""output"":true,""sour"
2026-04-22T15:36:44,shellyazplug-node/rpc,86,"{""id"": 1, ""src"": ""attacker"", ""method"": ""Switch.Set"", ""params"": {""id"": 0, ""on"": false}}"
2026-04-22T15:36:44,attacker/rpc,84,"{""id"":1,""src"":""shellyazplug-e4b323337220"",""dst"":""attacker"",""result"":{""was_on"":true}}"
2026-04-22T15:36:44,shellyazplug-node/debug/log,87,"shellyazplug-e4b323337220 729 30737.663 1|shos_rpc_inst.c:230     Switch.Set via MQTT 
"
2026-04-22T15:36:44,shellyazplug-node/status/switch:0,200,"{""id"":0, ""source"":""MQTT"", ""output"":false, ""apower"":0.0, ""voltage"":232.8, ""freq"":50.0, ""current"":0.000, ""aenergy"":{""total"
2026-04-22T15:36:44,shellyazplug-node/events/rpc,191,"{""src"":""shellyazplug-e4b323337220"",""dst"":""shellyazplug-node/events"",""method"":""NotifyStatus"",""params"":{""ts"":30737.66,""swi"
2026-04-22T15:36:44,shellyazplug-node/debug/log,156,"shellyazplug-e4b323337220 730 30737.682 1|shelly_notification:163 Status change of switch:0: {""id"":0,""apower"":0,""current"
2026-04-22T15:36:45,iot/dht11/debug,59,[0;36m[D][dht:048]: Temperature 24.8°C Humidity 39.0%[0m
2026-04-22T15:36:45,iot/dht11/debug,53,[0;36m[D][sensor:124]: 'Temperature' >> 24.8 °C[0m
2026-04-22T15:36:45,iot/dht11/sensor/temperature/state,4,24.8
2026-04-22T15:36:45,iot/dht11/debug,46,[0;36m[D][sensor:124]: 'Humidity' >> 39 %[0m
2026-04-22T15:36:45,iot/dht11/sensor/humidity/state,2,39
2026-04-22T15:36:45,shellyazplug-node/rpc,85,"{""id"": 1, ""src"": ""attacker"", ""method"": ""Switch.Set"", ""params"": {""id"": 0, ""on"": true}}"
2026-04-22T15:36:45,attacker/rpc,85,"{""id"":1,""src"":""shellyazplug-e4b323337220"",""dst"":""attacker"",""result"":{""was_on"":false}}"
2026-04-22T15:36:45,shellyazplug-node/debug/log,87,"shellyazplug-e4b323337220 731 30738.165 1|shos_rpc_inst.c:230     Switch.Set via MQTT 
"
2026-04-22T15:36:45,shellyazplug-node/status/switch:0,199,"{""id"":0, ""source"":""MQTT"", ""output"":true, ""apower"":0.0, ""voltage"":232.8, ""freq"":50.0, ""current"":0.000, ""aenergy"":{""total"""
2026-04-22T15:36:45,shellyazplug-node/events/rpc,167,"{""src"":""shellyazplug-e4b323337220"",""dst"":""shellyazplug-node/events"",""method"":""NotifyStatus"",""params"":{""ts"":30738.16,""swi"
2026-04-22T15:36:45,shellyazplug-node/debug/log,132,"shellyazplug-e4b323337220 732 30738.181 1|shelly_notification:163 Status change of switch:0: {""id"":0,""output"":true,""sour"
2026-04-22T15:36:45,shellyazplug-node/rpc,86,"{""id"": 1, ""src"": ""attacker"", ""method"": ""Switch.Set"", ""params"": {""id"": 0, ""on"": false}}"
2026-04-22T15:36:45,attacker/rpc,84,"{""id"":1,""src"":""shellyazplug-e4b323337220"",""dst"":""attacker"",""result"":{""was_on"":true}}"
2026-04-22T15:36:45,shellyazplug-node/debug/log,87,"shellyazplug-e4b323337220 733 30738.666 1|shos_rpc_inst.c:230     Switch.Set via MQTT 
"
2026-04-22T15:36:45,shellyazplug-node/status/switch:0,200,"{""id"":0, ""source"":""MQTT"", ""output"":false, ""apower"":0.0, ""voltage"":232.9, ""freq"":50.0, ""current"":0.000, ""aenergy"":{""total"
2026-04-22T15:36:45,shellyazplug-node/events/rpc,191,"{""src"":""shellyazplug-e4b323337220"",""dst"":""shellyazplug-node/events"",""method"":""NotifyStatus"",""params"":{""ts"":30738.66,""swi"
2026-04-22T15:36:45,shellyazplug-node/debug/log,156,"shellyazplug-e4b323337220 734 30738.685 1|shelly_notification:163 Status change of switch:0: {""id"":0,""apower"":0,""current"
2026-04-22T15:36:46,shellyazplug-node/rpc,85,"{""id"": 1, ""src"": ""attacker"", ""method"": ""Switch.Set"", ""params"": {""id"": 0, ""on"": true}}"
2026-04-22T15:36:46,attacker/rpc,85,"{""id"":1,""src"":""shellyazplug-e4b323337220"",""dst"":""attacker"",""result"":{""was_on"":false}}"
2026-04-22T15:36:46,shellyazplug-node/debug/log,87,"shellyazplug-e4b323337220 735 30739.166 1|shos_rpc_inst.c:230     Switch.Set via MQTT 
"
2026-04-22T15:36:46,shellyazplug-node/status/switch:0,199,"{""id"":0, ""source"":""MQTT"", ""output"":true, ""apower"":0.0, ""voltage"":232.9, ""freq"":50.0, ""current"":0.000, ""aenergy"":{""total"""
2026-04-22T15:36:46,shellyazplug-node/events/rpc,167,"{""src"":""shellyazplug-e4b323337220"",""dst"":""shellyazplug-node/events"",""method"":""NotifyStatus"",""params"":{""ts"":30739.16,""swi"
2026-04-22T15:36:46,shellyazplug-node/debug/log,132,"shellyazplug-e4b323337220 736 30739.183 1|shelly_notification:163 Status change of switch:0: {""id"":0,""output"":true,""sour"
2026-04-22T15:36:46,shellyazplug-node/rpc,86,"{""id"": 1, ""src"": ""attacker"", ""method"": ""Switch.Set"", ""params"": {""id"": 0, ""on"": false}}"
2026-04-22T15:36:46,attacker/rpc,84,"{""id"":1,""src"":""shellyazplug-e4b323337220"",""dst"":""attacker"",""result"":{""was_on"":true}}"
2026-04-22T15:36:46,shellyazplug-node/debug/log,87,"shellyazplug-e4b323337220 737 30739.667 1|shos_rpc_inst.c:230     Switch.Set via MQTT 
"
2026-04-22T15:36:46,shellyazplug-node/status/switch:0,200,"{""id"":0, ""source"":""MQTT"", ""output"":false, ""apower"":0.0, ""voltage"":233.0, ""freq"":50.0, ""current"":0.000, ""aenergy"":{""total"
2026-04-22T15:36:46,shellyazplug-node/events/rpc,191,"{""src"":""shellyazplug-e4b323337220"",""dst"":""shellyazplug-node/events"",""method"":""NotifyStatus"",""params"":{""ts"":30739.66,""swi"
2026-04-22T15:36:46,shellyazplug-node/debug/log,156,"shellyazplug-e4b323337220 738 30739.686 1|shelly_notification:163 Status change of switch:0: {""id"":0,""apower"":0,""current"
2026-04-22T15:36:47,shellyazplug-node/rpc,85,"{""id"": 1, ""src"": ""attacker"", ""method"": ""Switch.Set"", ""params"": {""id"": 0, ""on"": true}}"
2026-04-22T15:36:47,attacker/rpc,85,"{""id"":1,""src"":""shellyazplug-e4b323337220"",""dst"":""attacker"",""result"":{""was_on"":false}}"
2026-04-22T15:36:47,shellyazplug-node/debug/log,87,"shellyazplug-e4b323337220 739 30740.166 1|shos_rpc_inst.c:230     Switch.Set via MQTT 
"
2026-04-22T15:36:47,shellyazplug-node/status/switch:0,199,"{""id"":0, ""source"":""MQTT"", ""output"":true, ""apower"":0.0, ""voltage"":233.0, ""freq"":50.0, ""current"":0.000, ""aenergy"":{""total"""
2026-04-22T15:36:47,shellyazplug-node/events/rpc,167,"{""src"":""shellyazplug-e4b323337220"",""dst"":""shellyazplug-node/events"",""method"":""NotifyStatus"",""params"":{""ts"":30740.16,""swi"
2026-04-22T15:36:47,shellyazplug-node/debug/log,132,"shellyazplug-e4b323337220 740 30740.183 1|shelly_notification:163 Status change of switch:0: {""id"":0,""output"":true,""sour"
2026-04-22T15:36:47,shellyazplug-node/rpc,86,"{""id"": 1, ""src"": ""attacker"", ""method"": ""Switch.Set"", ""params"": {""id"": 0, ""on"": false}}"
2026-04-22T15:36:47,attacker/rpc,84,"{""id"":1,""src"":""shellyazplug-e4b323337220"",""dst"":""attacker"",""result"":{""was_on"":true}}"
2026-04-22T15:36:47,shellyazplug-node/debug/log,87,"shellyazplug-e4b323337220 741 30740.667 1|shos_rpc_inst.c:230     Switch.Set via MQTT 
"
2026-04-22T15:36:47,shellyazplug-node/status/switch:0,200,"{""id"":0, ""source"":""MQTT"", ""output"":false, ""apower"":0.0, ""voltage"":233.1, ""freq"":50.0, ""current"":0.000, ""aenergy"":{""total"
2026-04-22T15:36:47,shellyazplug-node/events/rpc,191,"{""src"":""shellyazplug-e4b323337220"",""dst"":""shellyazplug-node/events"",""method"":""NotifyStatus"",""params"":{""ts"":30740.66,""swi"
2026-04-22T15:36:47,shellyazplug-node/debug/log,156,"shellyazplug-e4b323337220 742 30740.685 1|shelly_notification:163 Status change of switch:0: {""id"":0,""apower"":0,""current"
2026-04-22T15:36:48,iot/mq/debug,50,[0;36m[D][sensor:124]: 'Gas Sensor' >> 0.55 V[0m
2026-04-22T15:36:48,iot/mq/sensor/gas_sensor/state,4,0.55
2026-04-22T15:36:48,shellyazplug-node/rpc,85,"{""id"": 1, ""src"": ""attacker"", ""method"": ""Switch.Set"", ""params"": {""id"": 0, ""on"": true}}"
2026-04-22T15:36:48,attacker/rpc,85,"{""id"":1,""src"":""shellyazplug-e4b323337220"",""dst"":""attacker"",""result"":{""was_on"":false}}"
2026-04-22T15:36:48,shellyazplug-node/debug/log,87,"shellyazplug-e4b323337220 743 30741.169 1|shos_rpc_inst.c:230     Switch.Set via MQTT 
"
2026-04-22T15:36:48,shellyazplug-node/status/switch:0,199,"{""id"":0, ""source"":""MQTT"", ""output"":true, ""apower"":0.0, ""voltage"":233.1, ""freq"":50.0, ""current"":0.000, ""aenergy"":{""total"""
2026-04-22T15:36:48,shellyazplug-node/events/rpc,167,"{""src"":""shellyazplug-e4b323337220"",""dst"":""shellyazplug-node/events"",""method"":""NotifyStatus"",""params"":{""ts"":30741.17,""swi"
2026-04-22T15:36:48,shellyazplug-node/debug/log,132,"shellyazplug-e4b323337220 744 30741.185 1|shelly_notification:163 Status change of switch:0: {""id"":0,""output"":true,""sour"
2026-04-22T15:36:48,shellyazplug-node/rpc,86,"{""id"": 1, ""src"": ""attacker"", ""method"": ""Switch.Set"", ""params"": {""id"": 0, ""on"": false}}"
2026-04-22T15:36:48,attacker/rpc,84,"{""id"":1,""src"":""shellyazplug-e4b323337220"",""dst"":""attacker"",""result"":{""was_on"":true}}"
2026-04-22T15:36:48,shellyazplug-node/debug/log,87,"shellyazplug-e4b323337220 745 30741.668 1|shos_rpc_inst.c:230     Switch.Set via MQTT 
"
2026-04-22T15:36:48,shellyazplug-node/status/switch:0,200,"{""id"":0, ""source"":""MQTT"", ""output"":false, ""apower"":0.0, ""voltage"":233.1, ""freq"":50.0, ""current"":0.000, ""aenergy"":{""total"
2026-04-22T15:36:48,shellyazplug-node/events/rpc,191,"{""src"":""shellyazplug-e4b323337220"",""dst"":""shellyazplug-node/events"",""method"":""NotifyStatus"",""params"":{""ts"":30741.66,""swi"
2026-04-22T15:36:48,shellyazplug-node/debug/log,156,"shellyazplug-e4b323337220 746 30741.687 1|shelly_notification:163 Status change of switch:0: {""id"":0,""apower"":0,""current"
2026-04-22T15:36:49,shellyazplug-node/rpc,85,"{""id"": 1, ""src"": ""attacker"", ""method"": ""Switch.Set"", ""params"": {""id"": 0, ""on"": true}}"
2026-04-22T15:36:49,attacker/rpc,85,"{""id"":1,""src"":""shellyazplug-e4b323337220"",""dst"":""attacker"",""result"":{""was_on"":false}}"
2026-04-22T15:36:49,shellyazplug-node/debug/log,87,"shellyazplug-e4b323337220 747 30742.169 1|shos_rpc_inst.c:230     Switch.Set via MQTT 
"
2026-04-22T15:36:49,shellyazplug-node/status/switch:0,199,"{""id"":0, ""source"":""MQTT"", ""output"":true, ""apower"":0.0, ""voltage"":233.1, ""freq"":50.0, ""current"":0.000, ""aenergy"":{""total"""
2026-04-22T15:36:49,shellyazplug-node/events/rpc,167,"{""src"":""shellyazplug-e4b323337220"",""dst"":""shellyazplug-node/events"",""method"":""NotifyStatus"",""params"":{""ts"":30742.17,""swi"
2026-04-22T15:36:49,shellyazplug-node/debug/log,132,"shellyazplug-e4b323337220 748 30742.185 1|shelly_notification:163 Status change of switch:0: {""id"":0,""output"":true,""sour"
2026-04-22T15:36:49,shellyazplug-node/rpc,86,"{""id"": 1, ""src"": ""attacker"", ""method"": ""Switch.Set"", ""params"": {""id"": 0, ""on"": false}}"
2026-04-22T15:36:49,attacker/rpc,84,"{""id"":1,""src"":""shellyazplug-e4b323337220"",""dst"":""attacker"",""result"":{""was_on"":true}}"
2026-04-22T15:36:49,shellyazplug-node/debug/log,87,"shellyazplug-e4b323337220 749 30742.669 1|shos_rpc_inst.c:230     Switch.Set via MQTT 
"
2026-04-22T15:36:49,shellyazplug-node/status/switch:0,200,"{""id"":0, ""source"":""MQTT"", ""output"":false, ""apower"":0.0, ""voltage"":232.9, ""freq"":50.0, ""current"":0.000, ""aenergy"":{""total"
2026-04-22T15:36:49,shellyazplug-node/events/rpc,191,"{""src"":""shellyazplug-e4b323337220"",""dst"":""shellyazplug-node/events"",""method"":""NotifyStatus"",""params"":{""ts"":30742.67,""swi"
2026-04-22T15:36:49,shellyazplug-node/debug/log,156,"shellyazplug-e4b323337220 750 30742.688 1|shelly_notification:163 Status change of switch:0: {""id"":0,""apower"":0,""current"
2026-04-22T15:36:50,shellyazplug-node/rpc,85,"{""id"": 1, ""src"": ""attacker"", ""method"": ""Switch.Set"", ""params"": {""id"": 0, ""on"": true}}"
2026-04-22T15:36:50,attacker/rpc,85,"{""id"":1,""src"":""shellyazplug-e4b323337220"",""dst"":""attacker"",""result"":{""was_on"":false}}"
2026-04-22T15:36:50,shellyazplug-node/debug/log,87,"shellyazplug-e4b323337220 751 30743.169 1|shos_rpc_inst.c:230     Switch.Set via MQTT 
"
2026-04-22T15:36:50,shellyazplug-node/status/switch:0,199,"{""id"":0, ""source"":""MQTT"", ""output"":true, ""apower"":0.0, ""voltage"":232.9, ""freq"":50.0, ""current"":0.000, ""aenergy"":{""total"""
2026-04-22T15:36:50,shellyazplug-node/events/rpc,167,"{""src"":""shellyazplug-e4b323337220"",""dst"":""shellyazplug-node/events"",""method"":""NotifyStatus"",""params"":{""ts"":30743.17,""swi"
2026-04-22T15:36:50,shellyazplug-node/debug/log,132,"shellyazplug-e4b323337220 752 30743.186 1|shelly_notification:163 Status change of switch:0: {""id"":0,""output"":true,""sour"
2026-04-22T15:36:50,shellyazplug-node/rpc,86,"{""id"": 1, ""src"": ""attacker"", ""method"": ""Switch.Set"", ""params"": {""id"": 0, ""on"": false}}"
2026-04-22T15:36:50,attacker/rpc,84,"{""id"":1,""src"":""shellyazplug-e4b323337220"",""dst"":""attacker"",""result"":{""was_on"":true}}"
2026-04-22T15:36:50,shellyazplug-node/debug/log,87,"shellyazplug-e4b323337220 753 30743.672 1|shos_rpc_inst.c:230     Switch.Set via MQTT 
"
2026-04-22T15:36:50,shellyazplug-node/status/switch:0,200,"{""id"":0, ""source"":""MQTT"", ""output"":false, ""apower"":0.0, ""voltage"":233.0, ""freq"":50.0, ""current"":0.000, ""aenergy"":{""total"
2026-04-22T15:36:50,shellyazplug-node/events/rpc,191,"{""src"":""shellyazplug-e4b323337220"",""dst"":""shellyazplug-node/events"",""method"":""NotifyStatus"",""params"":{""ts"":30743.67,""swi"
2026-04-22T15:36:50,shellyazplug-node/debug/log,156,"shellyazplug-e4b323337220 754 30743.691 1|shelly_notification:163 Status change of switch:0: {""id"":0,""apower"":0,""current"
2026-04-22T15:36:51,shellyazplug-node/rpc,85,"{""id"": 1, ""src"": ""attacker"", ""method"": ""Switch.Set"", ""params"": {""id"": 0, ""on"": true}}"
2026-04-22T15:36:51,attacker/rpc,85,"{""id"":1,""src"":""shellyazplug-e4b323337220"",""dst"":""attacker"",""result"":{""was_on"":false}}"
2026-04-22T15:36:51,shellyazplug-node/debug/log,87,"shellyazplug-e4b323337220 755 30744.171 1|shos_rpc_inst.c:230     Switch.Set via MQTT 
"
2026-04-22T15:36:51,shellyazplug-node/status/switch:0,199,"{""id"":0, ""source"":""MQTT"", ""output"":true, ""apower"":0.0, ""voltage"":233.0, ""freq"":50.0, ""current"":0.000, ""aenergy"":{""total"""
2026-04-22T15:36:51,shellyazplug-node/events/rpc,167,"{""src"":""shellyazplug-e4b323337220"",""dst"":""shellyazplug-node/events"",""method"":""NotifyStatus"",""params"":{""ts"":30744.17,""swi"
2026-04-22T15:36:51,shellyazplug-node/debug/log,132,"shellyazplug-e4b323337220 756 30744.187 1|shelly_notification:163 Status change of switch:0: {""id"":0,""output"":true,""sour"
2026-04-22T15:36:51,shellyazplug-node/rpc,86,"{""id"": 1, ""src"": ""attacker"", ""method"": ""Switch.Set"", ""params"": {""id"": 0, ""on"": false}}"
2026-04-22T15:36:51,attacker/rpc,84,"{""id"":1,""src"":""shellyazplug-e4b323337220"",""dst"":""attacker"",""result"":{""was_on"":true}}"
2026-04-22T15:36:51,shellyazplug-node/debug/log,87,"shellyazplug-e4b323337220 757 30744.671 1|shos_rpc_inst.c:230     Switch.Set via MQTT 
"
2026-04-22T15:36:51,shellyazplug-node/status/switch:0,200,"{""id"":0, ""source"":""MQTT"", ""output"":false, ""apower"":0.0, ""voltage"":233.1, ""freq"":50.0, ""current"":0.000, ""aenergy"":{""total"
2026-04-22T15:36:51,shellyazplug-node/events/rpc,191,"{""src"":""shellyazplug-e4b323337220"",""dst"":""shellyazplug-node/events"",""method"":""NotifyStatus"",""params"":{""ts"":30744.67,""swi"
2026-04-22T15:36:51,shellyazplug-node/debug/log,156,"shellyazplug-e4b323337220 758 30744.689 1|shelly_notification:163 Status change of switch:0: {""id"":0,""apower"":0,""current"
2026-04-22T15:36:52,shellyazplug-node/rpc,85,"{""id"": 1, ""src"": ""attacker"", ""method"": ""Switch.Set"", ""params"": {""id"": 0, ""on"": true}}"
2026-04-22T15:36:52,attacker/rpc,85,"{""id"":1,""src"":""shellyazplug-e4b323337220"",""dst"":""attacker"",""result"":{""was_on"":false}}"
2026-04-22T15:36:52,shellyazplug-node/debug/log,87,"shellyazplug-e4b323337220 759 30745.171 1|shos_rpc_inst.c:230     Switch.Set via MQTT 
"
2026-04-22T15:36:52,shellyazplug-node/status/switch:0,199,"{""id"":0, ""source"":""MQTT"", ""output"":true, ""apower"":0.0, ""voltage"":233.1, ""freq"":50.0, ""current"":0.000, ""aenergy"":{""total"""
2026-04-22T15:36:52,shellyazplug-node/events/rpc,167,"{""src"":""shellyazplug-e4b323337220"",""dst"":""shellyazplug-node/events"",""method"":""NotifyStatus"",""params"":{""ts"":30745.17,""swi"
2026-04-22T15:36:52,shellyazplug-node/debug/log,132,"shellyazplug-e4b323337220 760 30745.188 1|shelly_notification:163 Status change of switch:0: {""id"":0,""output"":true,""sour"
2026-04-22T15:36:52,shellyazplug-node/rpc,86,"{""id"": 1, ""src"": ""attacker"", ""method"": ""Switch.Set"", ""params"": {""id"": 0, ""on"": false}}"
2026-04-22T15:36:52,attacker/rpc,84,"{""id"":1,""src"":""shellyazplug-e4b323337220"",""dst"":""attacker"",""result"":{""was_on"":true}}"
2026-04-22T15:36:52,shellyazplug-node/debug/log,87,"shellyazplug-e4b323337220 761 30745.675 1|shos_rpc_inst.c:230     Switch.Set via MQTT 
"
2026-04-22T15:36:52,shellyazplug-node/status/switch:0,200,"{""id"":0, ""source"":""MQTT"", ""output"":false, ""apower"":0.0, ""voltage"":233.2, ""freq"":50.0, ""current"":0.000, ""aenergy"":{""total"
2026-04-22T15:36:52,shellyazplug-node/events/rpc,191,"{""src"":""shellyazplug-e4b323337220"",""dst"":""shellyazplug-node/events"",""method"":""NotifyStatus"",""params"":{""ts"":30745.67,""swi"
2026-04-22T15:36:52,shellyazplug-node/debug/log,156,"shellyazplug-e4b323337220 762 30745.693 1|shelly_notification:163 Status change of switch:0: {""id"":0,""apower"":0,""current"
2026-04-22T15:36:53,iot/mq/debug,50,[0;36m[D][sensor:124]: 'Gas Sensor' >> 0.55 V[0m
2026-04-22T15:36:53,iot/mq/sensor/gas_sensor/state,4,0.55
2026-04-22T15:36:53,shellyazplug-node/rpc,85,"{""id"": 1, ""src"": ""attacker"", ""method"": ""Switch.Set"", ""params"": {""id"": 0, ""on"": true}}"
2026-04-22T15:36:53,attacker/rpc,85,"{""id"":1,""src"":""shellyazplug-e4b323337220"",""dst"":""attacker"",""result"":{""was_on"":false}}"
2026-04-22T15:36:53,shellyazplug-node/debug/log,87,"shellyazplug-e4b323337220 763 30746.172 1|shos_rpc_inst.c:230     Switch.Set via MQTT 
"
2026-04-22T15:36:53,shellyazplug-node/status/switch:0,199,"{""id"":0, ""source"":""MQTT"", ""output"":true, ""apower"":0.0, ""voltage"":233.2, ""freq"":50.0, ""current"":0.000, ""aenergy"":{""total"""
2026-04-22T15:36:53,shellyazplug-node/events/rpc,167,"{""src"":""shellyazplug-e4b323337220"",""dst"":""shellyazplug-node/events"",""method"":""NotifyStatus"",""params"":{""ts"":30746.17,""swi"
2026-04-22T15:36:53,shellyazplug-node/debug/log,132,"shellyazplug-e4b323337220 764 30746.189 1|shelly_notification:163 Status change of switch:0: {""id"":0,""output"":true,""sour"
2026-04-22T15:36:53,shellyazplug-node/rpc,86,"{""id"": 1, ""src"": ""attacker"", ""method"": ""Switch.Set"", ""params"": {""id"": 0, ""on"": false}}"
2026-04-22T15:36:53,attacker/rpc,84,"{""id"":1,""src"":""shellyazplug-e4b323337220"",""dst"":""attacker"",""result"":{""was_on"":true}}"
2026-04-22T15:36:53,shellyazplug-node/debug/log,87,"shellyazplug-e4b323337220 765 30746.673 1|shos_rpc_inst.c:230     Switch.Set via MQTT 
"
2026-04-22T15:36:53,shellyazplug-node/status/switch:0,200,"{""id"":0, ""source"":""MQTT"", ""output"":false, ""apower"":0.0, ""voltage"":233.3, ""freq"":50.0, ""current"":0.000, ""aenergy"":{""total"
2026-04-22T15:36:53,shellyazplug-node/events/rpc,191,"{""src"":""shellyazplug-e4b323337220"",""dst"":""shellyazplug-node/events"",""method"":""NotifyStatus"",""params"":{""ts"":30746.67,""swi"
2026-04-22T15:36:53,shellyazplug-node/debug/log,156,"shellyazplug-e4b323337220 766 30746.691 1|shelly_notification:163 Status change of switch:0: {""id"":0,""apower"":0,""current"
2026-04-22T15:36:54,shellyazplug-node/rpc,85,"{""id"": 1, ""src"": ""attacker"", ""method"": ""Switch.Set"", ""params"": {""id"": 0, ""on"": true}}"
2026-04-22T15:36:54,attacker/rpc,85,"{""id"":1,""src"":""shellyazplug-e4b323337220"",""dst"":""attacker"",""result"":{""was_on"":false}}"
2026-04-22T15:36:54,shellyazplug-node/debug/log,87,"shellyazplug-e4b323337220 767 30747.173 1|shos_rpc_inst.c:230     Switch.Set via MQTT 
"
2026-04-22T15:36:54,shellyazplug-node/status/switch:0,199,"{""id"":0, ""source"":""MQTT"", ""output"":true, ""apower"":0.0, ""voltage"":233.3, ""freq"":50.0, ""current"":0.000, ""aenergy"":{""total"""
2026-04-22T15:36:54,shellyazplug-node/events/rpc,167,"{""src"":""shellyazplug-e4b323337220"",""dst"":""shellyazplug-node/events"",""method"":""NotifyStatus"",""params"":{""ts"":30747.17,""swi"
2026-04-22T15:36:54,shellyazplug-node/debug/log,132,"shellyazplug-e4b323337220 768 30747.190 1|shelly_notification:163 Status change of switch:0: {""id"":0,""output"":true,""sour"
2026-04-22T15:36:54,shellyazplug-node/rpc,86,"{""id"": 1, ""src"": ""attacker"", ""method"": ""Switch.Set"", ""params"": {""id"": 0, ""on"": false}}"
2026-04-22T15:36:54,attacker/rpc,84,"{""id"":1,""src"":""shellyazplug-e4b323337220"",""dst"":""attacker"",""result"":{""was_on"":true}}"
2026-04-22T15:36:54,shellyazplug-node/debug/log,87,"shellyazplug-e4b323337220 769 30747.674 1|shos_rpc_inst.c:230     Switch.Set via MQTT 
"
2026-04-22T15:36:54,shellyazplug-node/status/switch:0,200,"{""id"":0, ""source"":""MQTT"", ""output"":false, ""apower"":0.0, ""voltage"":233.5, ""freq"":50.0, ""current"":0.000, ""aenergy"":{""total"
2026-04-22T15:36:54,shellyazplug-node/events/rpc,191,"{""src"":""shellyazplug-e4b323337220"",""dst"":""shellyazplug-node/events"",""method"":""NotifyStatus"",""params"":{""ts"":30747.67,""swi"
2026-04-22T15:36:54,shellyazplug-node/debug/log,156,"shellyazplug-e4b323337220 770 30747.693 1|shelly_notification:163 Status change of switch:0: {""id"":0,""apower"":0,""current"
2026-04-22T15:36:55,iot/dht11/debug,59,[0;36m[D][dht:048]: Temperature 24.8°C Humidity 39.0%[0m
2026-04-22T15:36:55,iot/dht11/debug,53,[0;36m[D][sensor:124]: 'Temperature' >> 24.8 °C[0m
2026-04-22T15:36:55,iot/dht11/sensor/temperature/state,4,24.8
2026-04-22T15:36:55,iot/dht11/debug,46,[0;36m[D][sensor:124]: 'Humidity' >> 39 %[0m
2026-04-22T15:36:55,iot/dht11/sensor/humidity/state,2,39
2026-04-22T15:36:55,shellyazplug-node/rpc,85,"{""id"": 1, ""src"": ""attacker"", ""method"": ""Switch.Set"", ""params"": {""id"": 0, ""on"": true}}"
2026-04-22T15:36:55,attacker/rpc,85,"{""id"":1,""src"":""shellyazplug-e4b323337220"",""dst"":""attacker"",""result"":{""was_on"":false}}"
2026-04-22T15:36:55,shellyazplug-node/debug/log,87,"shellyazplug-e4b323337220 771 30748.174 1|shos_rpc_inst.c:230     Switch.Set via MQTT 
"
2026-04-22T15:36:55,shellyazplug-node/status/switch:0,199,"{""id"":0, ""source"":""MQTT"", ""output"":true, ""apower"":0.0, ""voltage"":233.5, ""freq"":50.0, ""current"":0.000, ""aenergy"":{""total"""
2026-04-22T15:36:55,shellyazplug-node/events/rpc,167,"{""src"":""shellyazplug-e4b323337220"",""dst"":""shellyazplug-node/events"",""method"":""NotifyStatus"",""params"":{""ts"":30748.17,""swi"
2026-04-22T15:36:55,shellyazplug-node/debug/log,132,"shellyazplug-e4b323337220 772 30748.191 1|shelly_notification:163 Status change of switch:0: {""id"":0,""output"":true,""sour"
2026-04-22T15:36:55,shellyazplug-node/rpc,86,"{""id"": 1, ""src"": ""attacker"", ""method"": ""Switch.Set"", ""params"": {""id"": 0, ""on"": false}}"
2026-04-22T15:36:55,attacker/rpc,84,"{""id"":1,""src"":""shellyazplug-e4b323337220"",""dst"":""attacker"",""result"":{""was_on"":true}}"
2026-04-22T15:36:55,shellyazplug-node/debug/log,87,"shellyazplug-e4b323337220 773 30748.675 1|shos_rpc_inst.c:230     Switch.Set via MQTT 
"
2026-04-22T15:36:55,shellyazplug-node/status/switch:0,200,"{""id"":0, ""source"":""MQTT"", ""output"":false, ""apower"":0.0, ""voltage"":233.1, ""freq"":50.0, ""current"":0.000, ""aenergy"":{""total"
2026-04-22T15:36:55,shellyazplug-node/events/rpc,191,"{""src"":""shellyazplug-e4b323337220"",""dst"":""shellyazplug-node/events"",""method"":""NotifyStatus"",""params"":{""ts"":30748.67,""swi"
2026-04-22T15:36:55,shellyazplug-node/debug/log,156,"shellyazplug-e4b323337220 774 30748.693 1|shelly_notification:163 Status change of switch:0: {""id"":0,""apower"":0,""current"
2026-04-22T15:36:56,shellyazplug-node/rpc,85,"{""id"": 1, ""src"": ""attacker"", ""method"": ""Switch.Set"", ""params"": {""id"": 0, ""on"": true}}"
2026-04-22T15:36:56,attacker/rpc,85,"{""id"":1,""src"":""shellyazplug-e4b323337220"",""dst"":""attacker"",""result"":{""was_on"":false}}"
2026-04-22T15:36:56,shellyazplug-node/debug/log,87,"shellyazplug-e4b323337220 775 30749.175 1|shos_rpc_inst.c:230     Switch.Set via MQTT 
"
2026-04-22T15:36:56,shellyazplug-node/status/switch:0,199,"{""id"":0, ""source"":""MQTT"", ""output"":true, ""apower"":0.0, ""voltage"":233.1, ""freq"":50.0, ""current"":0.000, ""aenergy"":{""total"""
2026-04-22T15:36:56,shellyazplug-node/events/rpc,167,"{""src"":""shellyazplug-e4b323337220"",""dst"":""shellyazplug-node/events"",""method"":""NotifyStatus"",""params"":{""ts"":30749.17,""swi"
2026-04-22T15:36:56,shellyazplug-node/debug/log,132,"shellyazplug-e4b323337220 776 30749.191 1|shelly_notification:163 Status change of switch:0: {""id"":0,""output"":true,""sour"
2026-04-22T15:36:56,shellyazplug-node/rpc,86,"{""id"": 1, ""src"": ""attacker"", ""method"": ""Switch.Set"", ""params"": {""id"": 0, ""on"": false}}"
2026-04-22T15:36:56,attacker/rpc,84,"{""id"":1,""src"":""shellyazplug-e4b323337220"",""dst"":""attacker"",""result"":{""was_on"":true}}"
2026-04-22T15:36:56,shellyazplug-node/debug/log,87,"shellyazplug-e4b323337220 777 30749.675 1|shos_rpc_inst.c:230     Switch.Set via MQTT 
"
2026-04-22T15:36:56,shellyazplug-node/status/switch:0,200,"{""id"":0, ""source"":""MQTT"", ""output"":false, ""apower"":0.0, ""voltage"":233.1, ""freq"":50.0, ""current"":0.000, ""aenergy"":{""total"
2026-04-22T15:36:56,shellyazplug-node/events/rpc,191,"{""src"":""shellyazplug-e4b323337220"",""dst"":""shellyazplug-node/events"",""method"":""NotifyStatus"",""params"":{""ts"":30749.67,""swi"
2026-04-22T15:36:56,shellyazplug-node/debug/log,156,"shellyazplug-e4b323337220 778 30749.694 1|shelly_notification:163 Status change of switch:0: {""id"":0,""apower"":0,""current"
2026-04-22T15:36:57,shellyazplug-node/rpc,85,"{""id"": 1, ""src"": ""attacker"", ""method"": ""Switch.Set"", ""params"": {""id"": 0, ""on"": true}}"
2026-04-22T15:36:57,attacker/rpc,85,"{""id"":1,""src"":""shellyazplug-e4b323337220"",""dst"":""attacker"",""result"":{""was_on"":false}}"
2026-04-22T15:36:57,shellyazplug-node/debug/log,87,"shellyazplug-e4b323337220 779 30750.180 1|shos_rpc_inst.c:230     Switch.Set via MQTT 
"
2026-04-22T15:36:57,shellyazplug-node/status/switch:0,199,"{""id"":0, ""source"":""MQTT"", ""output"":true, ""apower"":0.0, ""voltage"":233.1, ""freq"":50.0, ""current"":0.000, ""aenergy"":{""total"""
2026-04-22T15:36:57,shellyazplug-node/events/rpc,167,"{""src"":""shellyazplug-e4b323337220"",""dst"":""shellyazplug-node/events"",""method"":""NotifyStatus"",""params"":{""ts"":30750.18,""swi"
2026-04-22T15:36:57,shellyazplug-node/debug/log,132,"shellyazplug-e4b323337220 780 30750.196 1|shelly_notification:163 Status change of switch:0: {""id"":0,""output"":true,""sour"
2026-04-22T15:36:57,shellyazplug-node/rpc,86,"{""id"": 1, ""src"": ""attacker"", ""method"": ""Switch.Set"", ""params"": {""id"": 0, ""on"": false}}"
2026-04-22T15:36:57,attacker/rpc,84,"{""id"":1,""src"":""shellyazplug-e4b323337220"",""dst"":""attacker"",""result"":{""was_on"":true}}"
2026-04-22T15:36:57,shellyazplug-node/debug/log,87,"shellyazplug-e4b323337220 781 30750.677 1|shos_rpc_inst.c:230     Switch.Set via MQTT 
"
2026-04-22T15:36:57,shellyazplug-node/status/switch:0,200,"{""id"":0, ""source"":""MQTT"", ""output"":false, ""apower"":0.0, ""voltage"":233.0, ""freq"":50.0, ""current"":0.000, ""aenergy"":{""total"
2026-04-22T15:36:57,shellyazplug-node/events/rpc,191,"{""src"":""shellyazplug-e4b323337220"",""dst"":""shellyazplug-node/events"",""method"":""NotifyStatus"",""params"":{""ts"":30750.67,""swi"
2026-04-22T15:36:57,shellyazplug-node/debug/log,156,"shellyazplug-e4b323337220 782 30750.695 1|shelly_notification:163 Status change of switch:0: {""id"":0,""apower"":0,""current"
2026-04-22T15:36:58,iot/mq/debug,50,[0;36m[D][sensor:124]: 'Gas Sensor' >> 0.55 V[0m
2026-04-22T15:36:58,iot/mq/sensor/gas_sensor/state,4,0.55
2026-04-22T15:36:58,shellyazplug-node/rpc,85,"{""id"": 1, ""src"": ""attacker"", ""method"": ""Switch.Set"", ""params"": {""id"": 0, ""on"": true}}"
2026-04-22T15:36:58,attacker/rpc,85,"{""id"":1,""src"":""shellyazplug-e4b323337220"",""dst"":""attacker"",""result"":{""was_on"":false}}"
2026-04-22T15:36:58,shellyazplug-node/debug/log,87,"shellyazplug-e4b323337220 783 30751.177 1|shos_rpc_inst.c:230     Switch.Set via MQTT 
"
2026-04-22T15:36:58,shellyazplug-node/status/switch:0,199,"{""id"":0, ""source"":""MQTT"", ""output"":true, ""apower"":0.0, ""voltage"":233.0, ""freq"":50.0, ""current"":0.000, ""aenergy"":{""total"""
2026-04-22T15:36:58,shellyazplug-node/events/rpc,167,"{""src"":""shellyazplug-e4b323337220"",""dst"":""shellyazplug-node/events"",""method"":""NotifyStatus"",""params"":{""ts"":30751.17,""swi"
2026-04-22T15:36:58,shellyazplug-node/debug/log,132,"shellyazplug-e4b323337220 784 30751.194 1|shelly_notification:163 Status change of switch:0: {""id"":0,""output"":true,""sour"
2026-04-22T15:36:58,shellyazplug-node/rpc,86,"{""id"": 1, ""src"": ""attacker"", ""method"": ""Switch.Set"", ""params"": {""id"": 0, ""on"": false}}"
2026-04-22T15:36:58,attacker/rpc,84,"{""id"":1,""src"":""shellyazplug-e4b323337220"",""dst"":""attacker"",""result"":{""was_on"":true}}"
2026-04-22T15:36:58,shellyazplug-node/debug/log,87,"shellyazplug-e4b323337220 785 30751.678 1|shos_rpc_inst.c:230     Switch.Set via MQTT 
"
2026-04-22T15:36:58,shellyazplug-node/status/switch:0,200,"{""id"":0, ""source"":""MQTT"", ""output"":false, ""apower"":0.0, ""voltage"":233.1, ""freq"":50.0, ""current"":0.000, ""aenergy"":{""total"
2026-04-22T15:36:58,shellyazplug-node/events/rpc,191,"{""src"":""shellyazplug-e4b323337220"",""dst"":""shellyazplug-node/events"",""method"":""NotifyStatus"",""params"":{""ts"":30751.67,""swi"
2026-04-22T15:36:58,shellyazplug-node/debug/log,156,"shellyazplug-e4b323337220 786 30751.697 1|shelly_notification:163 Status change of switch:0: {""id"":0,""apower"":0,""current"
2026-04-22T15:36:59,shellyazplug-node/rpc,85,"{""id"": 1, ""src"": ""attacker"", ""method"": ""Switch.Set"", ""params"": {""id"": 0, ""on"": true}}"
2026-04-22T15:36:59,attacker/rpc,85,"{""id"":1,""src"":""shellyazplug-e4b323337220"",""dst"":""attacker"",""result"":{""was_on"":false}}"
2026-04-22T15:36:59,shellyazplug-node/debug/log,87,"shellyazplug-e4b323337220 787 30752.179 1|shos_rpc_inst.c:230     Switch.Set via MQTT 
"
2026-04-22T15:36:59,shellyazplug-node/status/switch:0,199,"{""id"":0, ""source"":""MQTT"", ""output"":true, ""apower"":0.0, ""voltage"":233.1, ""freq"":50.0, ""current"":0.000, ""aenergy"":{""total"""
2026-04-22T15:36:59,shellyazplug-node/events/rpc,167,"{""src"":""shellyazplug-e4b323337220"",""dst"":""shellyazplug-node/events"",""method"":""NotifyStatus"",""params"":{""ts"":30752.18,""swi"
2026-04-22T15:36:59,shellyazplug-node/debug/log,132,"shellyazplug-e4b323337220 788 30752.195 1|shelly_notification:163 Status change of switch:0: {""id"":0,""output"":true,""sour"
2026-04-22T15:36:59,shellyazplug-node/rpc,86,"{""id"": 1, ""src"": ""attacker"", ""method"": ""Switch.Set"", ""params"": {""id"": 0, ""on"": false}}"
2026-04-22T15:36:59,attacker/rpc,84,"{""id"":1,""src"":""shellyazplug-e4b323337220"",""dst"":""attacker"",""result"":{""was_on"":true}}"
2026-04-22T15:36:59,shellyazplug-node/debug/log,87,"shellyazplug-e4b323337220 789 30752.679 1|shos_rpc_inst.c:230     Switch.Set via MQTT 
"
2026-04-22T15:36:59,shellyazplug-node/status/switch:0,200,"{""id"":0, ""source"":""MQTT"", ""output"":false, ""apower"":0.0, ""voltage"":233.2, ""freq"":50.0, ""current"":0.000, ""aenergy"":{""total"
2026-04-22T15:36:59,shellyazplug-node/events/rpc,191,"{""src"":""shellyazplug-e4b323337220"",""dst"":""shellyazplug-node/events"",""method"":""NotifyStatus"",""params"":{""ts"":30752.68,""swi"
2026-04-22T15:36:59,shellyazplug-node/debug/log,156,"shellyazplug-e4b323337220 790 30752.699 1|shelly_notification:163 Status change of switch:0: {""id"":0,""apower"":0,""current"
2026-04-22T15:37:00,shellyazplug-node/rpc,85,"{""id"": 1, ""src"": ""attacker"", ""method"": ""Switch.Set"", ""params"": {""id"": 0, ""on"": true}}"
2026-04-22T15:37:00,attacker/rpc,85,"{""id"":1,""src"":""shellyazplug-e4b323337220"",""dst"":""attacker"",""result"":{""was_on"":false}}"
2026-04-22T15:37:00,shellyazplug-node/debug/log,87,"shellyazplug-e4b323337220 791 30753.180 1|shos_rpc_inst.c:230     Switch.Set via MQTT 
"
2026-04-22T15:37:00,shellyazplug-node/status/switch:0,199,"{""id"":0, ""source"":""MQTT"", ""output"":true, ""apower"":0.0, ""voltage"":233.2, ""freq"":50.0, ""current"":0.000, ""aenergy"":{""total"""
2026-04-22T15:37:00,shellyazplug-node/events/rpc,167,"{""src"":""shellyazplug-e4b323337220"",""dst"":""shellyazplug-node/events"",""method"":""NotifyStatus"",""params"":{""ts"":30753.18,""swi"
2026-04-22T15:37:00,shellyazplug-node/debug/log,132,"shellyazplug-e4b323337220 792 30753.196 1|shelly_notification:163 Status change of switch:0: {""id"":0,""output"":true,""sour"
2026-04-22T15:37:00,shellyazplug-node/rpc,86,"{""id"": 1, ""src"": ""attacker"", ""method"": ""Switch.Set"", ""params"": {""id"": 0, ""on"": false}}"
2026-04-22T15:37:00,attacker/rpc,84,"{""id"":1,""src"":""shellyazplug-e4b323337220"",""dst"":""attacker"",""result"":{""was_on"":true}}"
2026-04-22T15:37:00,shellyazplug-node/debug/log,87,"shellyazplug-e4b323337220 793 30753.680 1|shos_rpc_inst.c:230     Switch.Set via MQTT 
"
2026-04-22T15:37:00,shellyazplug-node/status/switch:0,200,"{""id"":0, ""source"":""MQTT"", ""output"":false, ""apower"":0.0, ""voltage"":233.2, ""freq"":50.0, ""current"":0.000, ""aenergy"":{""total"
2026-04-22T15:37:00,shellyazplug-node/events/rpc,191,"{""src"":""shellyazplug-e4b323337220"",""dst"":""shellyazplug-node/events"",""method"":""NotifyStatus"",""params"":{""ts"":30753.68,""swi"
2026-04-22T15:37:00,shellyazplug-node/debug/log,156,"shellyazplug-e4b323337220 794 30753.699 1|shelly_notification:163 Status change of switch:0: {""id"":0,""apower"":0,""current"
2026-04-22T15:37:01,shellyazplug-node/rpc,85,"{""id"": 1, ""src"": ""attacker"", ""method"": ""Switch.Set"", ""params"": {""id"": 0, ""on"": true}}"
2026-04-22T15:37:01,attacker/rpc,85,"{""id"":1,""src"":""shellyazplug-e4b323337220"",""dst"":""attacker"",""result"":{""was_on"":false}}"
2026-04-22T15:37:01,shellyazplug-node/debug/log,87,"shellyazplug-e4b323337220 795 30754.181 1|shos_rpc_inst.c:230     Switch.Set via MQTT 
"
2026-04-22T15:37:01,shellyazplug-node/status/switch:0,199,"{""id"":0, ""source"":""MQTT"", ""output"":true, ""apower"":0.0, ""voltage"":233.2, ""freq"":50.0, ""current"":0.000, ""aenergy"":{""total"""
2026-04-22T15:37:01,shellyazplug-node/events/rpc,167,"{""src"":""shellyazplug-e4b323337220"",""dst"":""shellyazplug-node/events"",""method"":""NotifyStatus"",""params"":{""ts"":30754.18,""swi"
2026-04-22T15:37:01,shellyazplug-node/debug/log,132,"shellyazplug-e4b323337220 796 30754.197 1|shelly_notification:163 Status change of switch:0: {""id"":0,""output"":true,""sour"
2026-04-22T15:37:01,shellyazplug-node/rpc,86,"{""id"": 1, ""src"": ""attacker"", ""method"": ""Switch.Set"", ""params"": {""id"": 0, ""on"": false}}"
2026-04-22T15:37:01,attacker/rpc,84,"{""id"":1,""src"":""shellyazplug-e4b323337220"",""dst"":""attacker"",""result"":{""was_on"":true}}"
2026-04-22T15:37:01,shellyazplug-node/debug/log,87,"shellyazplug-e4b323337220 797 30754.681 1|shos_rpc_inst.c:230     Switch.Set via MQTT 
"
2026-04-22T15:37:01,shellyazplug-node/status/switch:0,200,"{""id"":0, ""source"":""MQTT"", ""output"":false, ""apower"":0.0, ""voltage"":233.2, ""freq"":50.0, ""current"":0.000, ""aenergy"":{""total"
2026-04-22T15:37:01,shellyazplug-node/events/rpc,191,"{""src"":""shellyazplug-e4b323337220"",""dst"":""shellyazplug-node/events"",""method"":""NotifyStatus"",""params"":{""ts"":30754.68,""swi"
2026-04-22T15:37:01,shellyazplug-node/debug/log,156,"shellyazplug-e4b323337220 798 30754.700 1|shelly_notification:163 Status change of switch:0: {""id"":0,""apower"":0,""current"
2026-04-22T15:37:02,shellyazplug-node/rpc,85,"{""id"": 1, ""src"": ""attacker"", ""method"": ""Switch.Set"", ""params"": {""id"": 0, ""on"": true}}"
2026-04-22T15:37:02,attacker/rpc,85,"{""id"":1,""src"":""shellyazplug-e4b323337220"",""dst"":""attacker"",""result"":{""was_on"":false}}"
2026-04-22T15:37:02,shellyazplug-node/debug/log,87,"shellyazplug-e4b323337220 799 30755.181 1|shos_rpc_inst.c:230     Switch.Set via MQTT 
"
2026-04-22T15:37:02,shellyazplug-node/status/switch:0,199,"{""id"":0, ""source"":""MQTT"", ""output"":true, ""apower"":0.0, ""voltage"":233.2, ""freq"":50.0, ""current"":0.000, ""aenergy"":{""total"""
2026-04-22T15:37:02,shellyazplug-node/events/rpc,167,"{""src"":""shellyazplug-e4b323337220"",""dst"":""shellyazplug-node/events"",""method"":""NotifyStatus"",""params"":{""ts"":30755.18,""swi"
2026-04-22T15:37:02,shellyazplug-node/debug/log,132,"shellyazplug-e4b323337220 800 30755.198 1|shelly_notification:163 Status change of switch:0: {""id"":0,""output"":true,""sour"
2026-04-22T15:37:02,shellyazplug-node/rpc,86,"{""id"": 1, ""src"": ""attacker"", ""method"": ""Switch.Set"", ""params"": {""id"": 0, ""on"": false}}"
2026-04-22T15:37:02,attacker/rpc,84,"{""id"":1,""src"":""shellyazplug-e4b323337220"",""dst"":""attacker"",""result"":{""was_on"":true}}"
2026-04-22T15:37:02,shellyazplug-node/debug/log,87,"shellyazplug-e4b323337220 801 30755.682 1|shos_rpc_inst.c:230     Switch.Set via MQTT 
"
2026-04-22T15:37:02,shellyazplug-node/status/switch:0,200,"{""id"":0, ""source"":""MQTT"", ""output"":false, ""apower"":0.0, ""voltage"":233.2, ""freq"":50.0, ""current"":0.000, ""aenergy"":{""total"
2026-04-22T15:37:02,shellyazplug-node/events/rpc,191,"{""src"":""shellyazplug-e4b323337220"",""dst"":""shellyazplug-node/events"",""method"":""NotifyStatus"",""params"":{""ts"":30755.68,""swi"
2026-04-22T15:37:02,shellyazplug-node/debug/log,156,"shellyazplug-e4b323337220 802 30755.702 1|shelly_notification:163 Status change of switch:0: {""id"":0,""apower"":0,""current"
2026-04-22T15:37:03,iot/mq/debug,50,[0;36m[D][sensor:124]: 'Gas Sensor' >> 0.55 V[0m
2026-04-22T15:37:03,iot/mq/sensor/gas_sensor/state,4,0.55
2026-04-22T15:37:03,shellyazplug-node/rpc,85,"{""id"": 1, ""src"": ""attacker"", ""method"": ""Switch.Set"", ""params"": {""id"": 0, ""on"": true}}"
2026-04-22T15:37:03,attacker/rpc,85,"{""id"":1,""src"":""shellyazplug-e4b323337220"",""dst"":""attacker"",""result"":{""was_on"":false}}"
2026-04-22T15:37:03,shellyazplug-node/debug/log,87,"shellyazplug-e4b323337220 803 30756.183 1|shos_rpc_inst.c:230     Switch.Set via MQTT 
"
2026-04-22T15:37:03,shellyazplug-node/status/switch:0,199,"{""id"":0, ""source"":""MQTT"", ""output"":true, ""apower"":0.0, ""voltage"":233.2, ""freq"":50.0, ""current"":0.000, ""aenergy"":{""total"""
2026-04-22T15:37:03,shellyazplug-node/events/rpc,167,"{""src"":""shellyazplug-e4b323337220"",""dst"":""shellyazplug-node/events"",""method"":""NotifyStatus"",""params"":{""ts"":30756.18,""swi"
2026-04-22T15:37:03,shellyazplug-node/debug/log,132,"shellyazplug-e4b323337220 804 30756.200 1|shelly_notification:163 Status change of switch:0: {""id"":0,""output"":true,""sour"
2026-04-22T15:37:03,shellyazplug-node/rpc,86,"{""id"": 1, ""src"": ""attacker"", ""method"": ""Switch.Set"", ""params"": {""id"": 0, ""on"": false}}"
2026-04-22T15:37:03,attacker/rpc,84,"{""id"":1,""src"":""shellyazplug-e4b323337220"",""dst"":""attacker"",""result"":{""was_on"":true}}"
2026-04-22T15:37:03,shellyazplug-node/debug/log,87,"shellyazplug-e4b323337220 805 30756.684 1|shos_rpc_inst.c:230     Switch.Set via MQTT 
"
2026-04-22T15:37:03,shellyazplug-node/status/switch:0,200,"{""id"":0, ""source"":""MQTT"", ""output"":false, ""apower"":0.0, ""voltage"":233.2, ""freq"":50.0, ""current"":0.000, ""aenergy"":{""total"
2026-04-22T15:37:03,shellyazplug-node/events/rpc,191,"{""src"":""shellyazplug-e4b323337220"",""dst"":""shellyazplug-node/events"",""method"":""NotifyStatus"",""params"":{""ts"":30756.68,""swi"
2026-04-22T15:37:03,shellyazplug-node/debug/log,156,"shellyazplug-e4b323337220 806 30756.704 1|shelly_notification:163 Status change of switch:0: {""id"":0,""apower"":0,""current"
2026-04-22T15:37:04,shellyazplug-node/rpc,85,"{""id"": 1, ""src"": ""attacker"", ""method"": ""Switch.Set"", ""params"": {""id"": 0, ""on"": true}}"
2026-04-22T15:37:04,attacker/rpc,85,"{""id"":1,""src"":""shellyazplug-e4b323337220"",""dst"":""attacker"",""result"":{""was_on"":false}}"
2026-04-22T15:37:04,shellyazplug-node/debug/log,87,"shellyazplug-e4b323337220 807 30757.185 1|shos_rpc_inst.c:230     Switch.Set via MQTT 
"
2026-04-22T15:37:04,shellyazplug-node/status/switch:0,199,"{""id"":0, ""source"":""MQTT"", ""output"":true, ""apower"":0.0, ""voltage"":233.2, ""freq"":50.0, ""current"":0.000, ""aenergy"":{""total"""
2026-04-22T15:37:04,shellyazplug-node/events/rpc,167,"{""src"":""shellyazplug-e4b323337220"",""dst"":""shellyazplug-node/events"",""method"":""NotifyStatus"",""params"":{""ts"":30757.18,""swi"
2026-04-22T15:37:04,shellyazplug-node/debug/log,132,"shellyazplug-e4b323337220 808 30757.201 1|shelly_notification:163 Status change of switch:0: {""id"":0,""output"":true,""sour"
2026-04-22T15:37:04,shellyazplug-node/rpc,86,"{""id"": 1, ""src"": ""attacker"", ""method"": ""Switch.Set"", ""params"": {""id"": 0, ""on"": false}}"
2026-04-22T15:37:04,attacker/rpc,84,"{""id"":1,""src"":""shellyazplug-e4b323337220"",""dst"":""attacker"",""result"":{""was_on"":true}}"
2026-04-22T15:37:04,shellyazplug-node/debug/log,87,"shellyazplug-e4b323337220 809 30757.684 1|shos_rpc_inst.c:230     Switch.Set via MQTT 
"
2026-04-22T15:37:04,shellyazplug-node/status/switch:0,200,"{""id"":0, ""source"":""MQTT"", ""output"":false, ""apower"":0.0, ""voltage"":233.3, ""freq"":50.0, ""current"":0.000, ""aenergy"":{""total"
2026-04-22T15:37:04,shellyazplug-node/events/rpc,191,"{""src"":""shellyazplug-e4b323337220"",""dst"":""shellyazplug-node/events"",""method"":""NotifyStatus"",""params"":{""ts"":30757.68,""swi"
2026-04-22T15:37:04,shellyazplug-node/debug/log,156,"shellyazplug-e4b323337220 810 30757.705 1|shelly_notification:163 Status change of switch:0: {""id"":0,""apower"":0,""current"
2026-04-22T15:37:05,iot/dht11/debug,59,[0;36m[D][dht:048]: Temperature 24.8°C Humidity 39.0%[0m
2026-04-22T15:37:05,iot/dht11/debug,53,[0;36m[D][sensor:124]: 'Temperature' >> 24.8 °C[0m
2026-04-22T15:37:05,iot/dht11/sensor/temperature/state,4,24.8
2026-04-22T15:37:05,iot/dht11/debug,46,[0;36m[D][sensor:124]: 'Humidity' >> 39 %[0m
2026-04-22T15:37:05,iot/dht11/sensor/humidity/state,2,39
2026-04-22T15:37:05,shellyazplug-node/rpc,85,"{""id"": 1, ""src"": ""attacker"", ""method"": ""Switch.Set"", ""params"": {""id"": 0, ""on"": true}}"
2026-04-22T15:37:05,attacker/rpc,85,"{""id"":1,""src"":""shellyazplug-e4b323337220"",""dst"":""attacker"",""result"":{""was_on"":false}}"
2026-04-22T15:37:05,shellyazplug-node/debug/log,87,"shellyazplug-e4b323337220 811 30758.186 1|shos_rpc_inst.c:230     Switch.Set via MQTT 
"
2026-04-22T15:37:05,shellyazplug-node/status/switch:0,199,"{""id"":0, ""source"":""MQTT"", ""output"":true, ""apower"":0.0, ""voltage"":233.3, ""freq"":50.0, ""current"":0.000, ""aenergy"":{""total"""
2026-04-22T15:37:05,shellyazplug-node/events/rpc,167,"{""src"":""shellyazplug-e4b323337220"",""dst"":""shellyazplug-node/events"",""method"":""NotifyStatus"",""params"":{""ts"":30758.18,""swi"
2026-04-22T15:37:05,shellyazplug-node/debug/log,132,"shellyazplug-e4b323337220 812 30758.202 1|shelly_notification:163 Status change of switch:0: {""id"":0,""output"":true,""sour"
2026-04-22T15:37:05,shellyazplug-node/rpc,86,"{""id"": 1, ""src"": ""attacker"", ""method"": ""Switch.Set"", ""params"": {""id"": 0, ""on"": false}}"
2026-04-22T15:37:05,attacker/rpc,84,"{""id"":1,""src"":""shellyazplug-e4b323337220"",""dst"":""attacker"",""result"":{""was_on"":true}}"
2026-04-22T15:37:05,shellyazplug-node/debug/log,87,"shellyazplug-e4b323337220 813 30758.685 1|shos_rpc_inst.c:230     Switch.Set via MQTT 
"
2026-04-22T15:37:05,shellyazplug-node/status/switch:0,200,"{""id"":0, ""source"":""MQTT"", ""output"":false, ""apower"":0.0, ""voltage"":233.2, ""freq"":50.0, ""current"":0.000, ""aenergy"":{""total"
2026-04-22T15:37:05,shellyazplug-node/events/rpc,191,"{""src"":""shellyazplug-e4b323337220"",""dst"":""shellyazplug-node/events"",""method"":""NotifyStatus"",""params"":{""ts"":30758.68,""swi"
2026-04-22T15:37:05,shellyazplug-node/debug/log,156,"shellyazplug-e4b323337220 814 30758.704 1|shelly_notification:163 Status change of switch:0: {""id"":0,""apower"":0,""current"
2026-04-22T15:37:06,shellyazplug-node/rpc,85,"{""id"": 1, ""src"": ""attacker"", ""method"": ""Switch.Set"", ""params"": {""id"": 0, ""on"": true}}"
2026-04-22T15:37:06,attacker/rpc,85,"{""id"":1,""src"":""shellyazplug-e4b323337220"",""dst"":""attacker"",""result"":{""was_on"":false}}"
2026-04-22T15:37:06,shellyazplug-node/debug/log,87,"shellyazplug-e4b323337220 815 30759.186 1|shos_rpc_inst.c:230     Switch.Set via MQTT 
"
2026-04-22T15:37:06,shellyazplug-node/status/switch:0,199,"{""id"":0, ""source"":""MQTT"", ""output"":true, ""apower"":0.0, ""voltage"":233.2, ""freq"":50.0, ""current"":0.000, ""aenergy"":{""total"""
2026-04-22T15:37:06,shellyazplug-node/events/rpc,167,"{""src"":""shellyazplug-e4b323337220"",""dst"":""shellyazplug-node/events"",""method"":""NotifyStatus"",""params"":{""ts"":30759.18,""swi"
2026-04-22T15:37:06,shellyazplug-node/debug/log,132,"shellyazplug-e4b323337220 816 30759.202 1|shelly_notification:163 Status change of switch:0: {""id"":0,""output"":true,""sour"
2026-04-22T15:37:06,shellyazplug-node/rpc,86,"{""id"": 1, ""src"": ""attacker"", ""method"": ""Switch.Set"", ""params"": {""id"": 0, ""on"": false}}"
2026-04-22T15:37:06,attacker/rpc,84,"{""id"":1,""src"":""shellyazplug-e4b323337220"",""dst"":""attacker"",""result"":{""was_on"":true}}"
2026-04-22T15:37:06,shellyazplug-node/debug/log,87,"shellyazplug-e4b323337220 817 30759.686 1|shos_rpc_inst.c:230     Switch.Set via MQTT 
"
2026-04-22T15:37:06,shellyazplug-node/status/switch:0,200,"{""id"":0, ""source"":""MQTT"", ""output"":false, ""apower"":0.0, ""voltage"":233.2, ""freq"":50.0, ""current"":0.000, ""aenergy"":{""total"
2026-04-22T15:37:06,shellyazplug-node/events/rpc,191,"{""src"":""shellyazplug-e4b323337220"",""dst"":""shellyazplug-node/events"",""method"":""NotifyStatus"",""params"":{""ts"":30759.68,""swi"
2026-04-22T15:37:06,shellyazplug-node/debug/log,156,"shellyazplug-e4b323337220 818 30759.705 1|shelly_notification:163 Status change of switch:0: {""id"":0,""apower"":0,""current"
2026-04-22T15:37:07,shellyazplug-node/rpc,85,"{""id"": 1, ""src"": ""attacker"", ""method"": ""Switch.Set"", ""params"": {""id"": 0, ""on"": true}}"
2026-04-22T15:37:07,attacker/rpc,85,"{""id"":1,""src"":""shellyazplug-e4b323337220"",""dst"":""attacker"",""result"":{""was_on"":false}}"
2026-04-22T15:37:07,shellyazplug-node/debug/log,87,"shellyazplug-e4b323337220 819 30760.186 1|shos_rpc_inst.c:230     Switch.Set via MQTT 
"
2026-04-22T15:37:07,shellyazplug-node/status/switch:0,199,"{""id"":0, ""source"":""MQTT"", ""output"":true, ""apower"":0.0, ""voltage"":233.2, ""freq"":50.0, ""current"":0.000, ""aenergy"":{""total"""
2026-04-22T15:37:07,shellyazplug-node/events/rpc,167,"{""src"":""shellyazplug-e4b323337220"",""dst"":""shellyazplug-node/events"",""method"":""NotifyStatus"",""params"":{""ts"":30760.18,""swi"
2026-04-22T15:37:07,shellyazplug-node/debug/log,132,"shellyazplug-e4b323337220 820 30760.203 1|shelly_notification:163 Status change of switch:0: {""id"":0,""output"":true,""sour"
2026-04-22T15:37:07,shellyazplug-node/rpc,86,"{""id"": 1, ""src"": ""attacker"", ""method"": ""Switch.Set"", ""params"": {""id"": 0, ""on"": false}}"
2026-04-22T15:37:07,attacker/rpc,84,"{""id"":1,""src"":""shellyazplug-e4b323337220"",""dst"":""attacker"",""result"":{""was_on"":true}}"
2026-04-22T15:37:07,shellyazplug-node/debug/log,87,"shellyazplug-e4b323337220 821 30760.687 1|shos_rpc_inst.c:230     Switch.Set via MQTT 
"
2026-04-22T15:37:07,shellyazplug-node/status/switch:0,200,"{""id"":0, ""source"":""MQTT"", ""output"":false, ""apower"":0.0, ""voltage"":233.3, ""freq"":50.0, ""current"":0.000, ""aenergy"":{""total"
2026-04-22T15:37:07,shellyazplug-node/events/rpc,191,"{""src"":""shellyazplug-e4b323337220"",""dst"":""shellyazplug-node/events"",""method"":""NotifyStatus"",""params"":{""ts"":30760.68,""swi"
2026-04-22T15:37:07,shellyazplug-node/debug/log,156,"shellyazplug-e4b323337220 822 30760.705 1|shelly_notification:163 Status change of switch:0: {""id"":0,""apower"":0,""current"
2026-04-22T15:37:08,iot/mq/debug,50,[0;36m[D][sensor:124]: 'Gas Sensor' >> 0.55 V[0m
2026-04-22T15:37:08,iot/mq/sensor/gas_sensor/state,4,0.55
2026-04-22T15:37:08,shellyazplug-node/rpc,85,"{""id"": 1, ""src"": ""attacker"", ""method"": ""Switch.Set"", ""params"": {""id"": 0, ""on"": true}}"
2026-04-22T15:37:08,attacker/rpc,85,"{""id"":1,""src"":""shellyazplug-e4b323337220"",""dst"":""attacker"",""result"":{""was_on"":false}}"
2026-04-22T15:37:08,shellyazplug-node/debug/log,87,"shellyazplug-e4b323337220 823 30761.188 1|shos_rpc_inst.c:230     Switch.Set via MQTT 
"
2026-04-22T15:37:08,shellyazplug-node/status/switch:0,199,"{""id"":0, ""source"":""MQTT"", ""output"":true, ""apower"":0.0, ""voltage"":233.3, ""freq"":50.0, ""current"":0.000, ""aenergy"":{""total"""
2026-04-22T15:37:08,shellyazplug-node/events/rpc,167,"{""src"":""shellyazplug-e4b323337220"",""dst"":""shellyazplug-node/events"",""method"":""NotifyStatus"",""params"":{""ts"":30761.18,""swi"
2026-04-22T15:37:08,shellyazplug-node/debug/log,132,"shellyazplug-e4b323337220 824 30761.204 1|shelly_notification:163 Status change of switch:0: {""id"":0,""output"":true,""sour"
2026-04-22T15:37:08,shellyazplug-node/rpc,86,"{""id"": 1, ""src"": ""attacker"", ""method"": ""Switch.Set"", ""params"": {""id"": 0, ""on"": false}}"
2026-04-22T15:37:08,attacker/rpc,84,"{""id"":1,""src"":""shellyazplug-e4b323337220"",""dst"":""attacker"",""result"":{""was_on"":true}}"
2026-04-22T15:37:08,shellyazplug-node/debug/log,87,"shellyazplug-e4b323337220 825 30761.691 1|shos_rpc_inst.c:230     Switch.Set via MQTT 
"
2026-04-22T15:37:08,shellyazplug-node/status/switch:0,200,"{""id"":0, ""source"":""MQTT"", ""output"":false, ""apower"":0.0, ""voltage"":233.2, ""freq"":50.0, ""current"":0.000, ""aenergy"":{""total"
2026-04-22T15:37:08,shellyazplug-node/events/rpc,191,"{""src"":""shellyazplug-e4b323337220"",""dst"":""shellyazplug-node/events"",""method"":""NotifyStatus"",""params"":{""ts"":30761.69,""swi"
2026-04-22T15:37:09,shellyazplug-node/debug/log,156,"shellyazplug-e4b323337220 826 30761.710 1|shelly_notification:163 Status change of switch:0: {""id"":0,""apower"":0,""current"
2026-04-22T15:37:09,shellyazplug-node/rpc,85,"{""id"": 1, ""src"": ""attacker"", ""method"": ""Switch.Set"", ""params"": {""id"": 0, ""on"": true}}"
2026-04-22T15:37:09,attacker/rpc,85,"{""id"":1,""src"":""shellyazplug-e4b323337220"",""dst"":""attacker"",""result"":{""was_on"":false}}"
2026-04-22T15:37:09,shellyazplug-node/debug/log,87,"shellyazplug-e4b323337220 827 30762.188 1|shos_rpc_inst.c:230     Switch.Set via MQTT 
"
2026-04-22T15:37:09,shellyazplug-node/status/switch:0,199,"{""id"":0, ""source"":""MQTT"", ""output"":true, ""apower"":0.0, ""voltage"":233.2, ""freq"":50.0, ""current"":0.000, ""aenergy"":{""total"""
2026-04-22T15:37:09,shellyazplug-node/events/rpc,167,"{""src"":""shellyazplug-e4b323337220"",""dst"":""shellyazplug-node/events"",""method"":""NotifyStatus"",""params"":{""ts"":30762.19,""swi"
2026-04-22T15:37:09,shellyazplug-node/debug/log,132,"shellyazplug-e4b323337220 828 30762.205 1|shelly_notification:163 Status change of switch:0: {""id"":0,""output"":true,""sour"
2026-04-22T15:37:09,shellyazplug-node/rpc,86,"{""id"": 1, ""src"": ""attacker"", ""method"": ""Switch.Set"", ""params"": {""id"": 0, ""on"": false}}"
2026-04-22T15:37:09,attacker/rpc,84,"{""id"":1,""src"":""shellyazplug-e4b323337220"",""dst"":""attacker"",""result"":{""was_on"":true}}"
2026-04-22T15:37:09,shellyazplug-node/debug/log,87,"shellyazplug-e4b323337220 829 30762.698 1|shos_rpc_inst.c:230     Switch.Set via MQTT 
"
2026-04-22T15:37:09,shellyazplug-node/status/switch:0,200,"{""id"":0, ""source"":""MQTT"", ""output"":false, ""apower"":0.0, ""voltage"":233.1, ""freq"":50.0, ""current"":0.000, ""aenergy"":{""total"
2026-04-22T15:37:09,shellyazplug-node/events/rpc,191,"{""src"":""shellyazplug-e4b323337220"",""dst"":""shellyazplug-node/events"",""method"":""NotifyStatus"",""params"":{""ts"":30762.69,""swi"
2026-04-22T15:37:09,shellyazplug-node/debug/log,156,"shellyazplug-e4b323337220 830 30762.717 1|shelly_notification:163 Status change of switch:0: {""id"":0,""apower"":0,""current"
2026-04-22T15:37:10,shellyazplug-node/rpc,85,"{""id"": 1, ""src"": ""attacker"", ""method"": ""Switch.Set"", ""params"": {""id"": 0, ""on"": true}}"
2026-04-22T15:37:10,attacker/rpc,85,"{""id"":1,""src"":""shellyazplug-e4b323337220"",""dst"":""attacker"",""result"":{""was_on"":false}}"
2026-04-22T15:37:10,shellyazplug-node/debug/log,87,"shellyazplug-e4b323337220 831 30763.191 1|shos_rpc_inst.c:230     Switch.Set via MQTT 
"
2026-04-22T15:37:10,shellyazplug-node/status/switch:0,199,"{""id"":0, ""source"":""MQTT"", ""output"":true, ""apower"":0.0, ""voltage"":233.1, ""freq"":50.0, ""current"":0.000, ""aenergy"":{""total"""
2026-04-22T15:37:10,shellyazplug-node/events/rpc,167,"{""src"":""shellyazplug-e4b323337220"",""dst"":""shellyazplug-node/events"",""method"":""NotifyStatus"",""params"":{""ts"":30763.19,""swi"
2026-04-22T15:37:10,shellyazplug-node/debug/log,132,"shellyazplug-e4b323337220 832 30763.207 1|shelly_notification:163 Status change of switch:0: {""id"":0,""output"":true,""sour"
2026-04-22T15:37:10,shellyazplug-node/rpc,86,"{""id"": 1, ""src"": ""attacker"", ""method"": ""Switch.Set"", ""params"": {""id"": 0, ""on"": false}}"
2026-04-22T15:37:10,attacker/rpc,84,"{""id"":1,""src"":""shellyazplug-e4b323337220"",""dst"":""attacker"",""result"":{""was_on"":true}}"
2026-04-22T15:37:10,shellyazplug-node/debug/log,87,"shellyazplug-e4b323337220 833 30763.691 1|shos_rpc_inst.c:230     Switch.Set via MQTT 
"
2026-04-22T15:37:10,shellyazplug-node/status/switch:0,200,"{""id"":0, ""source"":""MQTT"", ""output"":false, ""apower"":0.0, ""voltage"":233.1, ""freq"":50.0, ""current"":0.000, ""aenergy"":{""total"
2026-04-22T15:37:10,shellyazplug-node/events/rpc,191,"{""src"":""shellyazplug-e4b323337220"",""dst"":""shellyazplug-node/events"",""method"":""NotifyStatus"",""params"":{""ts"":30763.69,""swi"
2026-04-22T15:37:10,shellyazplug-node/debug/log,156,"shellyazplug-e4b323337220 834 30763.710 1|shelly_notification:163 Status change of switch:0: {""id"":0,""apower"":0,""current"
2026-04-22T15:37:11,shellyazplug-node/rpc,85,"{""id"": 1, ""src"": ""attacker"", ""method"": ""Switch.Set"", ""params"": {""id"": 0, ""on"": true}}"
2026-04-22T15:37:11,attacker/rpc,85,"{""id"":1,""src"":""shellyazplug-e4b323337220"",""dst"":""attacker"",""result"":{""was_on"":false}}"
2026-04-22T15:37:11,shellyazplug-node/debug/log,87,"shellyazplug-e4b323337220 835 30764.191 1|shos_rpc_inst.c:230     Switch.Set via MQTT 
"
2026-04-22T15:37:11,shellyazplug-node/status/switch:0,199,"{""id"":0, ""source"":""MQTT"", ""output"":true, ""apower"":0.0, ""voltage"":233.1, ""freq"":50.0, ""current"":0.000, ""aenergy"":{""total"""
2026-04-22T15:37:11,shellyazplug-node/events/rpc,167,"{""src"":""shellyazplug-e4b323337220"",""dst"":""shellyazplug-node/events"",""method"":""NotifyStatus"",""params"":{""ts"":30764.19,""swi"
2026-04-22T15:37:11,shellyazplug-node/debug/log,132,"shellyazplug-e4b323337220 836 30764.208 1|shelly_notification:163 Status change of switch:0: {""id"":0,""output"":true,""sour"
2026-04-22T15:37:11,shellyazplug-node/rpc,86,"{""id"": 1, ""src"": ""attacker"", ""method"": ""Switch.Set"", ""params"": {""id"": 0, ""on"": false}}"
2026-04-22T15:37:11,attacker/rpc,84,"{""id"":1,""src"":""shellyazplug-e4b323337220"",""dst"":""attacker"",""result"":{""was_on"":true}}"
2026-04-22T15:37:11,shellyazplug-node/debug/log,87,"shellyazplug-e4b323337220 837 30764.692 1|shos_rpc_inst.c:230     Switch.Set via MQTT 
"
2026-04-22T15:37:11,shellyazplug-node/status/switch:0,200,"{""id"":0, ""source"":""MQTT"", ""output"":false, ""apower"":0.0, ""voltage"":233.0, ""freq"":50.0, ""current"":0.000, ""aenergy"":{""total"
2026-04-22T15:37:11,shellyazplug-node/events/rpc,191,"{""src"":""shellyazplug-e4b323337220"",""dst"":""shellyazplug-node/events"",""method"":""NotifyStatus"",""params"":{""ts"":30764.69,""swi"
2026-04-22T15:37:11,shellyazplug-node/debug/log,156,"shellyazplug-e4b323337220 838 30764.711 1|shelly_notification:163 Status change of switch:0: {""id"":0,""apower"":0,""current"
2026-04-22T15:37:12,shellyazplug-node/rpc,85,"{""id"": 1, ""src"": ""attacker"", ""method"": ""Switch.Set"", ""params"": {""id"": 0, ""on"": true}}"
2026-04-22T15:37:12,attacker/rpc,85,"{""id"":1,""src"":""shellyazplug-e4b323337220"",""dst"":""attacker"",""result"":{""was_on"":false}}"
2026-04-22T15:37:12,shellyazplug-node/debug/log,87,"shellyazplug-e4b323337220 839 30765.193 1|shos_rpc_inst.c:230     Switch.Set via MQTT 
"
2026-04-22T15:37:12,shellyazplug-node/status/switch:0,199,"{""id"":0, ""source"":""MQTT"", ""output"":true, ""apower"":0.0, ""voltage"":233.0, ""freq"":50.0, ""current"":0.000, ""aenergy"":{""total"""
2026-04-22T15:37:12,shellyazplug-node/events/rpc,167,"{""src"":""shellyazplug-e4b323337220"",""dst"":""shellyazplug-node/events"",""method"":""NotifyStatus"",""params"":{""ts"":30765.19,""swi"
2026-04-22T15:37:12,shellyazplug-node/debug/log,132,"shellyazplug-e4b323337220 840 30765.210 1|shelly_notification:163 Status change of switch:0: {""id"":0,""output"":true,""sour"
2026-04-22T15:37:12,shellyazplug-node/rpc,86,"{""id"": 1, ""src"": ""attacker"", ""method"": ""Switch.Set"", ""params"": {""id"": 0, ""on"": false}}"
2026-04-22T15:37:12,attacker/rpc,84,"{""id"":1,""src"":""shellyazplug-e4b323337220"",""dst"":""attacker"",""result"":{""was_on"":true}}"
2026-04-22T15:37:12,shellyazplug-node/debug/log,87,"shellyazplug-e4b323337220 841 30765.693 1|shos_rpc_inst.c:230     Switch.Set via MQTT 
"
2026-04-22T15:37:12,shellyazplug-node/status/switch:0,200,"{""id"":0, ""source"":""MQTT"", ""output"":false, ""apower"":0.0, ""voltage"":233.0, ""freq"":50.0, ""current"":0.000, ""aenergy"":{""total"
2026-04-22T15:37:12,shellyazplug-node/events/rpc,191,"{""src"":""shellyazplug-e4b323337220"",""dst"":""shellyazplug-node/events"",""method"":""NotifyStatus"",""params"":{""ts"":30765.69,""swi"
2026-04-22T15:37:12,shellyazplug-node/debug/log,156,"shellyazplug-e4b323337220 842 30765.711 1|shelly_notification:163 Status change of switch:0: {""id"":0,""apower"":0,""current"
2026-04-22T15:37:13,iot/mq/debug,50,[0;36m[D][sensor:124]: 'Gas Sensor' >> 0.55 V[0m
2026-04-22T15:37:13,iot/mq/sensor/gas_sensor/state,4,0.55
2026-04-22T15:37:13,shellyazplug-node/rpc,85,"{""id"": 1, ""src"": ""attacker"", ""method"": ""Switch.Set"", ""params"": {""id"": 0, ""on"": true}}"
2026-04-22T15:37:13,attacker/rpc,85,"{""id"":1,""src"":""shellyazplug-e4b323337220"",""dst"":""attacker"",""result"":{""was_on"":false}}"
2026-04-22T15:37:13,shellyazplug-node/debug/log,87,"shellyazplug-e4b323337220 843 30766.193 1|shos_rpc_inst.c:230     Switch.Set via MQTT 
"
2026-04-22T15:37:13,shellyazplug-node/status/switch:0,199,"{""id"":0, ""source"":""MQTT"", ""output"":true, ""apower"":0.0, ""voltage"":233.0, ""freq"":50.0, ""current"":0.000, ""aenergy"":{""total"""
2026-04-22T15:37:13,shellyazplug-node/events/rpc,167,"{""src"":""shellyazplug-e4b323337220"",""dst"":""shellyazplug-node/events"",""method"":""NotifyStatus"",""params"":{""ts"":30766.19,""swi"
2026-04-22T15:37:13,shellyazplug-node/debug/log,132,"shellyazplug-e4b323337220 844 30766.209 1|shelly_notification:163 Status change of switch:0: {""id"":0,""output"":true,""sour"
2026-04-22T15:37:13,shellyazplug-node/rpc,86,"{""id"": 1, ""src"": ""attacker"", ""method"": ""Switch.Set"", ""params"": {""id"": 0, ""on"": false}}"
2026-04-22T15:37:13,attacker/rpc,84,"{""id"":1,""src"":""shellyazplug-e4b323337220"",""dst"":""attacker"",""result"":{""was_on"":true}}"
2026-04-22T15:37:13,shellyazplug-node/debug/log,87,"shellyazplug-e4b323337220 845 30766.694 1|shos_rpc_inst.c:230     Switch.Set via MQTT 
"
2026-04-22T15:37:13,shellyazplug-node/status/switch:0,200,"{""id"":0, ""source"":""MQTT"", ""output"":false, ""apower"":0.0, ""voltage"":233.1, ""freq"":50.0, ""current"":0.000, ""aenergy"":{""total"
2026-04-22T15:37:13,shellyazplug-node/events/rpc,191,"{""src"":""shellyazplug-e4b323337220"",""dst"":""shellyazplug-node/events"",""method"":""NotifyStatus"",""params"":{""ts"":30766.69,""swi"
2026-04-22T15:37:13,shellyazplug-node/debug/log,156,"shellyazplug-e4b323337220 846 30766.712 1|shelly_notification:163 Status change of switch:0: {""id"":0,""apower"":0,""current"
2026-04-22T15:37:14,shellyazplug-node/rpc,85,"{""id"": 1, ""src"": ""attacker"", ""method"": ""Switch.Set"", ""params"": {""id"": 0, ""on"": true}}"
2026-04-22T15:37:14,attacker/rpc,85,"{""id"":1,""src"":""shellyazplug-e4b323337220"",""dst"":""attacker"",""result"":{""was_on"":false}}"
2026-04-22T15:37:14,shellyazplug-node/debug/log,87,"shellyazplug-e4b323337220 847 30767.194 1|shos_rpc_inst.c:230     Switch.Set via MQTT 
"
2026-04-22T15:37:14,shellyazplug-node/status/switch:0,199,"{""id"":0, ""source"":""MQTT"", ""output"":true, ""apower"":0.0, ""voltage"":233.1, ""freq"":50.0, ""current"":0.000, ""aenergy"":{""total"""
2026-04-22T15:37:14,shellyazplug-node/events/rpc,167,"{""src"":""shellyazplug-e4b323337220"",""dst"":""shellyazplug-node/events"",""method"":""NotifyStatus"",""params"":{""ts"":30767.19,""swi"
2026-04-22T15:37:14,shellyazplug-node/debug/log,132,"shellyazplug-e4b323337220 848 30767.211 1|shelly_notification:163 Status change of switch:0: {""id"":0,""output"":true,""sour"
2026-04-22T15:37:14,shellyazplug-node/rpc,86,"{""id"": 1, ""src"": ""attacker"", ""method"": ""Switch.Set"", ""params"": {""id"": 0, ""on"": false}}"
2026-04-22T15:37:14,attacker/rpc,84,"{""id"":1,""src"":""shellyazplug-e4b323337220"",""dst"":""attacker"",""result"":{""was_on"":true}}"
2026-04-22T15:37:14,shellyazplug-node/debug/log,87,"shellyazplug-e4b323337220 849 30767.695 1|shos_rpc_inst.c:230     Switch.Set via MQTT 
"
2026-04-22T15:37:14,shellyazplug-node/status/switch:0,200,"{""id"":0, ""source"":""MQTT"", ""output"":false, ""apower"":0.0, ""voltage"":233.2, ""freq"":50.0, ""current"":0.000, ""aenergy"":{""total"
2026-04-22T15:37:14,shellyazplug-node/events/rpc,191,"{""src"":""shellyazplug-e4b323337220"",""dst"":""shellyazplug-node/events"",""method"":""NotifyStatus"",""params"":{""ts"":30767.69,""swi"
2026-04-22T15:37:14,shellyazplug-node/debug/log,156,"shellyazplug-e4b323337220 850 30767.713 1|shelly_notification:163 Status change of switch:0: {""id"":0,""apower"":0,""current"
2026-04-22T15:37:15,iot/dht11/debug,59,[0;36m[D][dht:048]: Temperature 24.8°C Humidity 39.0%[0m
2026-04-22T15:37:15,iot/dht11/debug,53,[0;36m[D][sensor:124]: 'Temperature' >> 24.8 °C[0m
2026-04-22T15:37:15,iot/dht11/sensor/temperature/state,4,24.8
2026-04-22T15:37:15,iot/dht11/debug,46,[0;36m[D][sensor:124]: 'Humidity' >> 39 %[0m
2026-04-22T15:37:15,iot/dht11/sensor/humidity/state,2,39
2026-04-22T15:37:15,shellyazplug-node/rpc,85,"{""id"": 1, ""src"": ""attacker"", ""method"": ""Switch.Set"", ""params"": {""id"": 0, ""on"": true}}"
2026-04-22T15:37:15,attacker/rpc,85,"{""id"":1,""src"":""shellyazplug-e4b323337220"",""dst"":""attacker"",""result"":{""was_on"":false}}"
2026-04-22T15:37:15,shellyazplug-node/debug/log,87,"shellyazplug-e4b323337220 851 30768.196 1|shos_rpc_inst.c:230     Switch.Set via MQTT 
"
2026-04-22T15:37:15,shellyazplug-node/status/switch:0,199,"{""id"":0, ""source"":""MQTT"", ""output"":true, ""apower"":0.0, ""voltage"":233.2, ""freq"":50.0, ""current"":0.000, ""aenergy"":{""total"""
2026-04-22T15:37:15,shellyazplug-node/events/rpc,167,"{""src"":""shellyazplug-e4b323337220"",""dst"":""shellyazplug-node/events"",""method"":""NotifyStatus"",""params"":{""ts"":30768.19,""swi"
2026-04-22T15:37:15,shellyazplug-node/debug/log,132,"shellyazplug-e4b323337220 852 30768.212 1|shelly_notification:163 Status change of switch:0: {""id"":0,""output"":true,""sour"
2026-04-22T15:37:15,shellyazplug-node/rpc,86,"{""id"": 1, ""src"": ""attacker"", ""method"": ""Switch.Set"", ""params"": {""id"": 0, ""on"": false}}"
2026-04-22T15:37:15,attacker/rpc,84,"{""id"":1,""src"":""shellyazplug-e4b323337220"",""dst"":""attacker"",""result"":{""was_on"":true}}"
2026-04-22T15:37:15,shellyazplug-node/debug/log,87,"shellyazplug-e4b323337220 853 30768.696 1|shos_rpc_inst.c:230     Switch.Set via MQTT 
"
2026-04-22T15:37:15,shellyazplug-node/status/switch:0,200,"{""id"":0, ""source"":""MQTT"", ""output"":false, ""apower"":0.0, ""voltage"":233.1, ""freq"":50.0, ""current"":0.000, ""aenergy"":{""total"
2026-04-22T15:37:15,shellyazplug-node/events/rpc,191,"{""src"":""shellyazplug-e4b323337220"",""dst"":""shellyazplug-node/events"",""method"":""NotifyStatus"",""params"":{""ts"":30768.69,""swi"
2026-04-22T15:37:15,shellyazplug-node/debug/log,156,"shellyazplug-e4b323337220 854 30768.715 1|shelly_notification:163 Status change of switch:0: {""id"":0,""apower"":0,""current"
2026-04-22T15:37:16,shellyazplug-node/rpc,85,"{""id"": 1, ""src"": ""attacker"", ""method"": ""Switch.Set"", ""params"": {""id"": 0, ""on"": true}}"
2026-04-22T15:37:16,attacker/rpc,85,"{""id"":1,""src"":""shellyazplug-e4b323337220"",""dst"":""attacker"",""result"":{""was_on"":false}}"
2026-04-22T15:37:16,shellyazplug-node/debug/log,87,"shellyazplug-e4b323337220 855 30769.197 1|shos_rpc_inst.c:230     Switch.Set via MQTT 
"
2026-04-22T15:37:16,shellyazplug-node/status/switch:0,199,"{""id"":0, ""source"":""MQTT"", ""output"":true, ""apower"":0.0, ""voltage"":233.1, ""freq"":50.0, ""current"":0.000, ""aenergy"":{""total"""
2026-04-22T15:37:16,shellyazplug-node/events/rpc,167,"{""src"":""shellyazplug-e4b323337220"",""dst"":""shellyazplug-node/events"",""method"":""NotifyStatus"",""params"":{""ts"":30769.19,""swi"
2026-04-22T15:37:16,shellyazplug-node/debug/log,132,"shellyazplug-e4b323337220 856 30769.214 1|shelly_notification:163 Status change of switch:0: {""id"":0,""output"":true,""sour"
2026-04-22T15:37:16,shellyazplug-node/rpc,86,"{""id"": 1, ""src"": ""attacker"", ""method"": ""Switch.Set"", ""params"": {""id"": 0, ""on"": false}}"
2026-04-22T15:37:16,attacker/rpc,84,"{""id"":1,""src"":""shellyazplug-e4b323337220"",""dst"":""attacker"",""result"":{""was_on"":true}}"
2026-04-22T15:37:16,shellyazplug-node/debug/log,87,"shellyazplug-e4b323337220 857 30769.697 1|shos_rpc_inst.c:230     Switch.Set via MQTT 
"
2026-04-22T15:37:16,shellyazplug-node/status/switch:0,200,"{""id"":0, ""source"":""MQTT"", ""output"":false, ""apower"":0.0, ""voltage"":233.3, ""freq"":50.0, ""current"":0.000, ""aenergy"":{""total"
2026-04-22T15:37:17,shellyazplug-node/events/rpc,191,"{""src"":""shellyazplug-e4b323337220"",""dst"":""shellyazplug-node/events"",""method"":""NotifyStatus"",""params"":{""ts"":30769.69,""swi"
2026-04-22T15:37:17,shellyazplug-node/debug/log,156,"shellyazplug-e4b323337220 858 30769.716 1|shelly_notification:163 Status change of switch:0: {""id"":0,""apower"":0,""current"
2026-04-22T15:37:17,shellyazplug-node/rpc,85,"{""id"": 1, ""src"": ""attacker"", ""method"": ""Switch.Set"", ""params"": {""id"": 0, ""on"": true}}"
2026-04-22T15:37:17,attacker/rpc,85,"{""id"":1,""src"":""shellyazplug-e4b323337220"",""dst"":""attacker"",""result"":{""was_on"":false}}"
2026-04-22T15:37:17,shellyazplug-node/debug/log,87,"shellyazplug-e4b323337220 859 30770.196 1|shos_rpc_inst.c:230     Switch.Set via MQTT 
"
2026-04-22T15:37:17,shellyazplug-node/status/switch:0,199,"{""id"":0, ""source"":""MQTT"", ""output"":true, ""apower"":0.0, ""voltage"":233.3, ""freq"":50.0, ""current"":0.000, ""aenergy"":{""total"""
2026-04-22T15:37:17,shellyazplug-node/events/rpc,167,"{""src"":""shellyazplug-e4b323337220"",""dst"":""shellyazplug-node/events"",""method"":""NotifyStatus"",""params"":{""ts"":30770.19,""swi"
2026-04-22T15:37:17,shellyazplug-node/debug/log,132,"shellyazplug-e4b323337220 860 30770.213 1|shelly_notification:163 Status change of switch:0: {""id"":0,""output"":true,""sour"
2026-04-22T15:37:17,shellyazplug-node/rpc,86,"{""id"": 1, ""src"": ""attacker"", ""method"": ""Switch.Set"", ""params"": {""id"": 0, ""on"": false}}"
2026-04-22T15:37:17,attacker/rpc,84,"{""id"":1,""src"":""shellyazplug-e4b323337220"",""dst"":""attacker"",""result"":{""was_on"":true}}"
2026-04-22T15:37:17,shellyazplug-node/debug/log,87,"shellyazplug-e4b323337220 861 30770.697 1|shos_rpc_inst.c:230     Switch.Set via MQTT 
"
2026-04-22T15:37:17,shellyazplug-node/status/switch:0,200,"{""id"":0, ""source"":""MQTT"", ""output"":false, ""apower"":0.0, ""voltage"":233.1, ""freq"":50.0, ""current"":0.000, ""aenergy"":{""total"
2026-04-22T15:37:17,shellyazplug-node/events/rpc,191,"{""src"":""shellyazplug-e4b323337220"",""dst"":""shellyazplug-node/events"",""method"":""NotifyStatus"",""params"":{""ts"":30770.69,""swi"
2026-04-22T15:37:17,shellyazplug-node/debug/log,156,"shellyazplug-e4b323337220 862 30770.716 1|shelly_notification:163 Status change of switch:0: {""id"":0,""apower"":0,""current"
2026-04-22T15:37:18,iot/mq/debug,50,[0;36m[D][sensor:124]: 'Gas Sensor' >> 0.55 V[0m
2026-04-22T15:37:18,iot/mq/sensor/gas_sensor/state,4,0.55
2026-04-22T15:37:18,shellyazplug-node/rpc,85,"{""id"": 1, ""src"": ""attacker"", ""method"": ""Switch.Set"", ""params"": {""id"": 0, ""on"": true}}"
2026-04-22T15:37:18,attacker/rpc,85,"{""id"":1,""src"":""shellyazplug-e4b323337220"",""dst"":""attacker"",""result"":{""was_on"":false}}"
2026-04-22T15:37:18,shellyazplug-node/debug/log,87,"shellyazplug-e4b323337220 863 30771.197 1|shos_rpc_inst.c:230     Switch.Set via MQTT 
"
2026-04-22T15:37:18,shellyazplug-node/status/switch:0,199,"{""id"":0, ""source"":""MQTT"", ""output"":true, ""apower"":0.0, ""voltage"":233.1, ""freq"":50.0, ""current"":0.000, ""aenergy"":{""total"""
2026-04-22T15:37:18,shellyazplug-node/events/rpc,167,"{""src"":""shellyazplug-e4b323337220"",""dst"":""shellyazplug-node/events"",""method"":""NotifyStatus"",""params"":{""ts"":30771.19,""swi"
2026-04-22T15:37:18,shellyazplug-node/debug/log,132,"shellyazplug-e4b323337220 864 30771.214 1|shelly_notification:163 Status change of switch:0: {""id"":0,""output"":true,""sour"
2026-04-22T15:37:18,shellyazplug-node/rpc,86,"{""id"": 1, ""src"": ""attacker"", ""method"": ""Switch.Set"", ""params"": {""id"": 0, ""on"": false}}"
2026-04-22T15:37:18,attacker/rpc,84,"{""id"":1,""src"":""shellyazplug-e4b323337220"",""dst"":""attacker"",""result"":{""was_on"":true}}"
2026-04-22T15:37:18,shellyazplug-node/debug/log,87,"shellyazplug-e4b323337220 865 30771.698 1|shos_rpc_inst.c:230     Switch.Set via MQTT 
"
2026-04-22T15:37:18,shellyazplug-node/status/switch:0,200,"{""id"":0, ""source"":""MQTT"", ""output"":false, ""apower"":0.0, ""voltage"":233.0, ""freq"":50.0, ""current"":0.000, ""aenergy"":{""total"
2026-04-22T15:37:18,shellyazplug-node/events/rpc,191,"{""src"":""shellyazplug-e4b323337220"",""dst"":""shellyazplug-node/events"",""method"":""NotifyStatus"",""params"":{""ts"":30771.69,""swi"
2026-04-22T15:37:19,shellyazplug-node/debug/log,156,"shellyazplug-e4b323337220 866 30771.717 1|shelly_notification:163 Status change of switch:0: {""id"":0,""apower"":0,""current"
2026-04-22T15:37:19,shellyazplug-node/rpc,85,"{""id"": 1, ""src"": ""attacker"", ""method"": ""Switch.Set"", ""params"": {""id"": 0, ""on"": true}}"
2026-04-22T15:37:19,attacker/rpc,85,"{""id"":1,""src"":""shellyazplug-e4b323337220"",""dst"":""attacker"",""result"":{""was_on"":false}}"
2026-04-22T15:37:19,shellyazplug-node/debug/log,87,"shellyazplug-e4b323337220 867 30772.202 1|shos_rpc_inst.c:230     Switch.Set via MQTT 
"
2026-04-22T15:37:19,shellyazplug-node/status/switch:0,199,"{""id"":0, ""source"":""MQTT"", ""output"":true, ""apower"":0.0, ""voltage"":233.0, ""freq"":50.0, ""current"":0.000, ""aenergy"":{""total"""
2026-04-22T15:37:19,shellyazplug-node/events/rpc,167,"{""src"":""shellyazplug-e4b323337220"",""dst"":""shellyazplug-node/events"",""method"":""NotifyStatus"",""params"":{""ts"":30772.20,""swi"
2026-04-22T15:37:19,shellyazplug-node/debug/log,132,"shellyazplug-e4b323337220 868 30772.218 1|shelly_notification:163 Status change of switch:0: {""id"":0,""output"":true,""sour"
2026-04-22T15:37:19,shellyazplug-node/rpc,86,"{""id"": 1, ""src"": ""attacker"", ""method"": ""Switch.Set"", ""params"": {""id"": 0, ""on"": false}}"
2026-04-22T15:37:19,attacker/rpc,84,"{""id"":1,""src"":""shellyazplug-e4b323337220"",""dst"":""attacker"",""result"":{""was_on"":true}}"
2026-04-22T15:37:19,shellyazplug-node/debug/log,87,"shellyazplug-e4b323337220 869 30772.702 1|shos_rpc_inst.c:230     Switch.Set via MQTT 
"
2026-04-22T15:37:19,shellyazplug-node/status/switch:0,200,"{""id"":0, ""source"":""MQTT"", ""output"":false, ""apower"":0.0, ""voltage"":232.9, ""freq"":50.0, ""current"":0.000, ""aenergy"":{""total"
2026-04-22T15:37:19,shellyazplug-node/events/rpc,191,"{""src"":""shellyazplug-e4b323337220"",""dst"":""shellyazplug-node/events"",""method"":""NotifyStatus"",""params"":{""ts"":30772.70,""swi"
2026-04-22T15:37:19,shellyazplug-node/debug/log,156,"shellyazplug-e4b323337220 870 30772.720 1|shelly_notification:163 Status change of switch:0: {""id"":0,""apower"":0,""current"
2026-04-22T15:37:20,shellyazplug-node/rpc,85,"{""id"": 1, ""src"": ""attacker"", ""method"": ""Switch.Set"", ""params"": {""id"": 0, ""on"": true}}"
2026-04-22T15:37:20,attacker/rpc,85,"{""id"":1,""src"":""shellyazplug-e4b323337220"",""dst"":""attacker"",""result"":{""was_on"":false}}"
2026-04-22T15:37:20,shellyazplug-node/debug/log,87,"shellyazplug-e4b323337220 871 30773.202 1|shos_rpc_inst.c:230     Switch.Set via MQTT 
"
2026-04-22T15:37:20,shellyazplug-node/status/switch:0,199,"{""id"":0, ""source"":""MQTT"", ""output"":true, ""apower"":0.0, ""voltage"":232.9, ""freq"":50.0, ""current"":0.000, ""aenergy"":{""total"""
2026-04-22T15:37:20,shellyazplug-node/events/rpc,167,"{""src"":""shellyazplug-e4b323337220"",""dst"":""shellyazplug-node/events"",""method"":""NotifyStatus"",""params"":{""ts"":30773.20,""swi"
2026-04-22T15:37:20,shellyazplug-node/debug/log,132,"shellyazplug-e4b323337220 872 30773.219 1|shelly_notification:163 Status change of switch:0: {""id"":0,""output"":true,""sour"
2026-04-22T15:37:20,shellyazplug-node/rpc,86,"{""id"": 1, ""src"": ""attacker"", ""method"": ""Switch.Set"", ""params"": {""id"": 0, ""on"": false}}"
2026-04-22T15:37:20,attacker/rpc,84,"{""id"":1,""src"":""shellyazplug-e4b323337220"",""dst"":""attacker"",""result"":{""was_on"":true}}"
2026-04-22T15:37:20,shellyazplug-node/debug/log,87,"shellyazplug-e4b323337220 873 30773.703 1|shos_rpc_inst.c:230     Switch.Set via MQTT 
"
2026-04-22T15:37:20,shellyazplug-node/status/switch:0,200,"{""id"":0, ""source"":""MQTT"", ""output"":false, ""apower"":0.0, ""voltage"":233.2, ""freq"":50.0, ""current"":0.000, ""aenergy"":{""total"
2026-04-22T15:37:20,shellyazplug-node/events/rpc,191,"{""src"":""shellyazplug-e4b323337220"",""dst"":""shellyazplug-node/events"",""method"":""NotifyStatus"",""params"":{""ts"":30773.70,""swi"
2026-04-22T15:37:21,shellyazplug-node/debug/log,156,"shellyazplug-e4b323337220 874 30773.722 1|shelly_notification:163 Status change of switch:0: {""id"":0,""apower"":0,""current"
2026-04-22T15:37:21,shellyazplug-node/rpc,85,"{""id"": 1, ""src"": ""attacker"", ""method"": ""Switch.Set"", ""params"": {""id"": 0, ""on"": true}}"
2026-04-22T15:37:21,attacker/rpc,85,"{""id"":1,""src"":""shellyazplug-e4b323337220"",""dst"":""attacker"",""result"":{""was_on"":false}}"
2026-04-22T15:37:21,shellyazplug-node/debug/log,87,"shellyazplug-e4b323337220 875 30774.204 1|shos_rpc_inst.c:230     Switch.Set via MQTT 
"
2026-04-22T15:37:21,shellyazplug-node/status/switch:0,199,"{""id"":0, ""source"":""MQTT"", ""output"":true, ""apower"":0.0, ""voltage"":233.2, ""freq"":50.0, ""current"":0.000, ""aenergy"":{""total"""
2026-04-22T15:37:21,shellyazplug-node/events/rpc,167,"{""src"":""shellyazplug-e4b323337220"",""dst"":""shellyazplug-node/events"",""method"":""NotifyStatus"",""params"":{""ts"":30774.20,""swi"
2026-04-22T15:37:21,shellyazplug-node/debug/log,132,"shellyazplug-e4b323337220 876 30774.220 1|shelly_notification:163 Status change of switch:0: {""id"":0,""output"":true,""sour"
2026-04-22T15:37:21,shellyazplug-node/rpc,86,"{""id"": 1, ""src"": ""attacker"", ""method"": ""Switch.Set"", ""params"": {""id"": 0, ""on"": false}}"
2026-04-22T15:37:21,attacker/rpc,84,"{""id"":1,""src"":""shellyazplug-e4b323337220"",""dst"":""attacker"",""result"":{""was_on"":true}}"
2026-04-22T15:37:21,shellyazplug-node/debug/log,87,"shellyazplug-e4b323337220 877 30774.704 1|shos_rpc_inst.c:230     Switch.Set via MQTT 
"
2026-04-22T15:37:21,shellyazplug-node/status/switch:0,200,"{""id"":0, ""source"":""MQTT"", ""output"":false, ""apower"":0.0, ""voltage"":233.2, ""freq"":50.0, ""current"":0.000, ""aenergy"":{""total"
2026-04-22T15:37:22,shellyazplug-node/events/rpc,191,"{""src"":""shellyazplug-e4b323337220"",""dst"":""shellyazplug-node/events"",""method"":""NotifyStatus"",""params"":{""ts"":30774.70,""swi"
2026-04-22T15:37:22,shellyazplug-node/debug/log,156,"shellyazplug-e4b323337220 878 30774.723 1|shelly_notification:163 Status change of switch:0: {""id"":0,""apower"":0,""current"
2026-04-22T15:37:22,shellyazplug-node/rpc,85,"{""id"": 1, ""src"": ""attacker"", ""method"": ""Switch.Set"", ""params"": {""id"": 0, ""on"": true}}"
2026-04-22T15:37:22,attacker/rpc,85,"{""id"":1,""src"":""shellyazplug-e4b323337220"",""dst"":""attacker"",""result"":{""was_on"":false}}"
2026-04-22T15:37:22,shellyazplug-node/debug/log,87,"shellyazplug-e4b323337220 879 30775.206 1|shos_rpc_inst.c:230     Switch.Set via MQTT 
"
2026-04-22T15:37:22,shellyazplug-node/status/switch:0,199,"{""id"":0, ""source"":""MQTT"", ""output"":true, ""apower"":0.0, ""voltage"":233.2, ""freq"":50.0, ""current"":0.000, ""aenergy"":{""total"""
2026-04-22T15:37:22,shellyazplug-node/events/rpc,167,"{""src"":""shellyazplug-e4b323337220"",""dst"":""shellyazplug-node/events"",""method"":""NotifyStatus"",""params"":{""ts"":30775.20,""swi"
2026-04-22T15:37:22,shellyazplug-node/debug/log,132,"shellyazplug-e4b323337220 880 30775.222 1|shelly_notification:163 Status change of switch:0: {""id"":0,""output"":true,""sour"
2026-04-22T15:37:22,shellyazplug-node/rpc,86,"{""id"": 1, ""src"": ""attacker"", ""method"": ""Switch.Set"", ""params"": {""id"": 0, ""on"": false}}"
2026-04-22T15:37:22,attacker/rpc,84,"{""id"":1,""src"":""shellyazplug-e4b323337220"",""dst"":""attacker"",""result"":{""was_on"":true}}"
2026-04-22T15:37:22,shellyazplug-node/debug/log,87,"shellyazplug-e4b323337220 881 30775.705 1|shos_rpc_inst.c:230     Switch.Set via MQTT 
"
2026-04-22T15:37:23,shellyazplug-node/status/switch:0,200,"{""id"":0, ""source"":""MQTT"", ""output"":false, ""apower"":0.0, ""voltage"":233.0, ""freq"":50.0, ""current"":0.000, ""aenergy"":{""total"
2026-04-22T15:37:23,shellyazplug-node/events/rpc,191,"{""src"":""shellyazplug-e4b323337220"",""dst"":""shellyazplug-node/events"",""method"":""NotifyStatus"",""params"":{""ts"":30775.70,""swi"
2026-04-22T15:37:23,shellyazplug-node/debug/log,156,"shellyazplug-e4b323337220 882 30775.724 1|shelly_notification:163 Status change of switch:0: {""id"":0,""apower"":0,""current"
2026-04-22T15:37:23,iot/mq/debug,50,[0;36m[D][sensor:124]: 'Gas Sensor' >> 0.55 V[0m
2026-04-22T15:37:23,iot/mq/sensor/gas_sensor/state,4,0.55
2026-04-22T15:37:23,shellyazplug-node/rpc,85,"{""id"": 1, ""src"": ""attacker"", ""method"": ""Switch.Set"", ""params"": {""id"": 0, ""on"": true}}"
2026-04-22T15:37:23,attacker/rpc,85,"{""id"":1,""src"":""shellyazplug-e4b323337220"",""dst"":""attacker"",""result"":{""was_on"":false}}"
2026-04-22T15:37:23,shellyazplug-node/debug/log,87,"shellyazplug-e4b323337220 883 30776.206 1|shos_rpc_inst.c:230     Switch.Set via MQTT 
"
2026-04-22T15:37:23,shellyazplug-node/status/switch:0,199,"{""id"":0, ""source"":""MQTT"", ""output"":true, ""apower"":0.0, ""voltage"":233.0, ""freq"":50.0, ""current"":0.000, ""aenergy"":{""total"""
2026-04-22T15:37:23,shellyazplug-node/events/rpc,167,"{""src"":""shellyazplug-e4b323337220"",""dst"":""shellyazplug-node/events"",""method"":""NotifyStatus"",""params"":{""ts"":30776.20,""swi"
2026-04-22T15:37:23,shellyazplug-node/debug/log,132,"shellyazplug-e4b323337220 884 30776.222 1|shelly_notification:163 Status change of switch:0: {""id"":0,""output"":true,""sour"
2026-04-22T15:37:23,shellyazplug-node/rpc,86,"{""id"": 1, ""src"": ""attacker"", ""method"": ""Switch.Set"", ""params"": {""id"": 0, ""on"": false}}"
2026-04-22T15:37:23,attacker/rpc,84,"{""id"":1,""src"":""shellyazplug-e4b323337220"",""dst"":""attacker"",""result"":{""was_on"":true}}"
2026-04-22T15:37:23,shellyazplug-node/debug/log,87,"shellyazplug-e4b323337220 885 30776.706 1|shos_rpc_inst.c:230     Switch.Set via MQTT 
"
2026-04-22T15:37:24,shellyazplug-node/status/switch:0,200,"{""id"":0, ""source"":""MQTT"", ""output"":false, ""apower"":0.0, ""voltage"":233.1, ""freq"":50.0, ""current"":0.000, ""aenergy"":{""total"
2026-04-22T15:37:24,shellyazplug-node/events/rpc,191,"{""src"":""shellyazplug-e4b323337220"",""dst"":""shellyazplug-node/events"",""method"":""NotifyStatus"",""params"":{""ts"":30776.70,""swi"
2026-04-22T15:37:24,shellyazplug-node/debug/log,156,"shellyazplug-e4b323337220 886 30776.725 1|shelly_notification:163 Status change of switch:0: {""id"":0,""apower"":0,""current"
2026-04-22T15:37:24,shellyazplug-node/rpc,85,"{""id"": 1, ""src"": ""attacker"", ""method"": ""Switch.Set"", ""params"": {""id"": 0, ""on"": true}}"
2026-04-22T15:37:24,attacker/rpc,85,"{""id"":1,""src"":""shellyazplug-e4b323337220"",""dst"":""attacker"",""result"":{""was_on"":false}}"
2026-04-22T15:37:24,shellyazplug-node/debug/log,87,"shellyazplug-e4b323337220 887 30777.207 1|shos_rpc_inst.c:230     Switch.Set via MQTT 
"
2026-04-22T15:37:24,shellyazplug-node/status/switch:0,199,"{""id"":0, ""source"":""MQTT"", ""output"":true, ""apower"":0.0, ""voltage"":233.1, ""freq"":50.0, ""current"":0.000, ""aenergy"":{""total"""
2026-04-22T15:37:24,shellyazplug-node/events/rpc,167,"{""src"":""shellyazplug-e4b323337220"",""dst"":""shellyazplug-node/events"",""method"":""NotifyStatus"",""params"":{""ts"":30777.20,""swi"
2026-04-22T15:37:24,shellyazplug-node/debug/log,132,"shellyazplug-e4b323337220 888 30777.223 1|shelly_notification:163 Status change of switch:0: {""id"":0,""output"":true,""sour"
2026-04-22T15:37:24,shellyazplug-node/rpc,86,"{""id"": 1, ""src"": ""attacker"", ""method"": ""Switch.Set"", ""params"": {""id"": 0, ""on"": false}}"
2026-04-22T15:37:24,attacker/rpc,84,"{""id"":1,""src"":""shellyazplug-e4b323337220"",""dst"":""attacker"",""result"":{""was_on"":true}}"
2026-04-22T15:37:24,shellyazplug-node/debug/log,87,"shellyazplug-e4b323337220 889 30777.707 1|shos_rpc_inst.c:230     Switch.Set via MQTT 
"
2026-04-22T15:37:24,shellyazplug-node/status/switch:0,200,"{""id"":0, ""source"":""MQTT"", ""output"":false, ""apower"":0.0, ""voltage"":233.0, ""freq"":50.0, ""current"":0.000, ""aenergy"":{""total"
2026-04-22T15:37:24,shellyazplug-node/events/rpc,191,"{""src"":""shellyazplug-e4b323337220"",""dst"":""shellyazplug-node/events"",""method"":""NotifyStatus"",""params"":{""ts"":30777.70,""swi"
2026-04-22T15:37:25,shellyazplug-node/debug/log,156,"shellyazplug-e4b323337220 890 30777.725 1|shelly_notification:163 Status change of switch:0: {""id"":0,""apower"":0,""current"
2026-04-22T15:37:25,iot/dht11/debug,59,[0;36m[D][dht:048]: Temperature 24.8°C Humidity 39.0%[0m
2026-04-22T15:37:25,iot/dht11/debug,53,[0;36m[D][sensor:124]: 'Temperature' >> 24.8 °C[0m
2026-04-22T15:37:25,iot/dht11/sensor/temperature/state,4,24.8
2026-04-22T15:37:25,iot/dht11/debug,46,[0;36m[D][sensor:124]: 'Humidity' >> 39 %[0m
2026-04-22T15:37:25,iot/dht11/sensor/humidity/state,2,39
2026-04-22T15:37:25,shellyazplug-node/rpc,85,"{""id"": 1, ""src"": ""attacker"", ""method"": ""Switch.Set"", ""params"": {""id"": 0, ""on"": true}}"
2026-04-22T15:37:25,attacker/rpc,85,"{""id"":1,""src"":""shellyazplug-e4b323337220"",""dst"":""attacker"",""result"":{""was_on"":false}}"
2026-04-22T15:37:25,shellyazplug-node/debug/log,87,"shellyazplug-e4b323337220 891 30778.207 1|shos_rpc_inst.c:230     Switch.Set via MQTT 
"
2026-04-22T15:37:25,shellyazplug-node/status/switch:0,199,"{""id"":0, ""source"":""MQTT"", ""output"":true, ""apower"":0.0, ""voltage"":233.0, ""freq"":50.0, ""current"":0.000, ""aenergy"":{""total"""
2026-04-22T15:37:25,shellyazplug-node/events/rpc,167,"{""src"":""shellyazplug-e4b323337220"",""dst"":""shellyazplug-node/events"",""method"":""NotifyStatus"",""params"":{""ts"":30778.20,""swi"
2026-04-22T15:37:25,shellyazplug-node/debug/log,132,"shellyazplug-e4b323337220 892 30778.224 1|shelly_notification:163 Status change of switch:0: {""id"":0,""output"":true,""sour"
2026-04-22T15:37:25,shellyazplug-node/rpc,86,"{""id"": 1, ""src"": ""attacker"", ""method"": ""Switch.Set"", ""params"": {""id"": 0, ""on"": false}}"
2026-04-22T15:37:25,attacker/rpc,84,"{""id"":1,""src"":""shellyazplug-e4b323337220"",""dst"":""attacker"",""result"":{""was_on"":true}}"
2026-04-22T15:37:25,shellyazplug-node/debug/log,87,"shellyazplug-e4b323337220 893 30778.708 1|shos_rpc_inst.c:230     Switch.Set via MQTT 
"
2026-04-22T15:37:25,shellyazplug-node/status/switch:0,200,"{""id"":0, ""source"":""MQTT"", ""output"":false, ""apower"":0.0, ""voltage"":233.1, ""freq"":50.0, ""current"":0.000, ""aenergy"":{""total"
2026-04-22T15:37:26,shellyazplug-node/events/rpc,191,"{""src"":""shellyazplug-e4b323337220"",""dst"":""shellyazplug-node/events"",""method"":""NotifyStatus"",""params"":{""ts"":30778.71,""swi"
2026-04-22T15:37:26,shellyazplug-node/debug/log,156,"shellyazplug-e4b323337220 894 30778.727 1|shelly_notification:163 Status change of switch:0: {""id"":0,""apower"":0,""current"
2026-04-22T15:37:26,shellyazplug-node/rpc,85,"{""id"": 1, ""src"": ""attacker"", ""method"": ""Switch.Set"", ""params"": {""id"": 0, ""on"": true}}"
2026-04-22T15:37:26,attacker/rpc,85,"{""id"":1,""src"":""shellyazplug-e4b323337220"",""dst"":""attacker"",""result"":{""was_on"":false}}"
2026-04-22T15:37:26,shellyazplug-node/debug/log,87,"shellyazplug-e4b323337220 895 30779.209 1|shos_rpc_inst.c:230     Switch.Set via MQTT 
"
2026-04-22T15:37:26,shellyazplug-node/status/switch:0,199,"{""id"":0, ""source"":""MQTT"", ""output"":true, ""apower"":0.0, ""voltage"":233.1, ""freq"":50.0, ""current"":0.000, ""aenergy"":{""total"""
2026-04-22T15:37:26,shellyazplug-node/events/rpc,167,"{""src"":""shellyazplug-e4b323337220"",""dst"":""shellyazplug-node/events"",""method"":""NotifyStatus"",""params"":{""ts"":30779.21,""swi"
2026-04-22T15:37:26,shellyazplug-node/debug/log,132,"shellyazplug-e4b323337220 896 30779.225 1|shelly_notification:163 Status change of switch:0: {""id"":0,""output"":true,""sour"
2026-04-22T15:37:26,shellyazplug-node/rpc,86,"{""id"": 1, ""src"": ""attacker"", ""method"": ""Switch.Set"", ""params"": {""id"": 0, ""on"": false}}"
2026-04-22T15:37:26,attacker/rpc,84,"{""id"":1,""src"":""shellyazplug-e4b323337220"",""dst"":""attacker"",""result"":{""was_on"":true}}"
2026-04-22T15:37:26,shellyazplug-node/debug/log,87,"shellyazplug-e4b323337220 897 30779.709 1|shos_rpc_inst.c:230     Switch.Set via MQTT 
"
2026-04-22T15:37:26,shellyazplug-node/status/switch:0,200,"{""id"":0, ""source"":""MQTT"", ""output"":false, ""apower"":0.0, ""voltage"":233.3, ""freq"":50.0, ""current"":0.000, ""aenergy"":{""total"
2026-04-22T15:37:27,shellyazplug-node/events/rpc,191,"{""src"":""shellyazplug-e4b323337220"",""dst"":""shellyazplug-node/events"",""method"":""NotifyStatus"",""params"":{""ts"":30779.71,""swi"
2026-04-22T15:37:27,shellyazplug-node/debug/log,156,"shellyazplug-e4b323337220 898 30779.728 1|shelly_notification:163 Status change of switch:0: {""id"":0,""apower"":0,""current"
2026-04-22T15:37:27,shellyazplug-node/rpc,85,"{""id"": 1, ""src"": ""attacker"", ""method"": ""Switch.Set"", ""params"": {""id"": 0, ""on"": true}}"
2026-04-22T15:37:27,attacker/rpc,85,"{""id"":1,""src"":""shellyazplug-e4b323337220"",""dst"":""attacker"",""result"":{""was_on"":false}}"
2026-04-22T15:37:27,shellyazplug-node/debug/log,87,"shellyazplug-e4b323337220 899 30780.209 1|shos_rpc_inst.c:230     Switch.Set via MQTT 
"
2026-04-22T15:37:27,shellyazplug-node/status/switch:0,199,"{""id"":0, ""source"":""MQTT"", ""output"":true, ""apower"":0.0, ""voltage"":233.3, ""freq"":50.0, ""current"":0.000, ""aenergy"":{""total"""
2026-04-22T15:37:27,shellyazplug-node/events/rpc,167,"{""src"":""shellyazplug-e4b323337220"",""dst"":""shellyazplug-node/events"",""method"":""NotifyStatus"",""params"":{""ts"":30780.21,""swi"
2026-04-22T15:37:27,shellyazplug-node/debug/log,132,"shellyazplug-e4b323337220 900 30780.226 1|shelly_notification:163 Status change of switch:0: {""id"":0,""output"":true,""sour"
2026-04-22T15:37:27,shellyazplug-node/rpc,86,"{""id"": 1, ""src"": ""attacker"", ""method"": ""Switch.Set"", ""params"": {""id"": 0, ""on"": false}}"
2026-04-22T15:37:27,attacker/rpc,84,"{""id"":1,""src"":""shellyazplug-e4b323337220"",""dst"":""attacker"",""result"":{""was_on"":true}}"
2026-04-22T15:37:27,shellyazplug-node/status/switch:0,200,"{""id"":0, ""source"":""MQTT"", ""output"":false, ""apower"":0.0, ""voltage"":233.2, ""freq"":50.0, ""current"":0.000, ""aenergy"":{""total"
2026-04-22T15:37:27,shellyazplug-node/debug/log,87,"shellyazplug-e4b323337220 901 30780.727 1|shos_rpc_inst.c:230     Switch.Set via MQTT 
"
2026-04-22T15:37:28,shellyazplug-node/debug/log,156,"shellyazplug-e4b323337220 902 30780.727 1|shelly_notification:163 Status change of switch:0: {""id"":0,""apower"":0,""current"
2026-04-22T15:37:28,shellyazplug-node/events/rpc,191,"{""src"":""shellyazplug-e4b323337220"",""dst"":""shellyazplug-node/events"",""method"":""NotifyStatus"",""params"":{""ts"":30780.71,""swi"
2026-04-22T15:37:28,iot/mq/debug,50,[0;36m[D][sensor:124]: 'Gas Sensor' >> 0.55 V[0m
2026-04-22T15:37:28,iot/mq/sensor/gas_sensor/state,4,0.55
2026-04-22T15:37:28,shellyazplug-node/rpc,85,"{""id"": 1, ""src"": ""attacker"", ""method"": ""Switch.Set"", ""params"": {""id"": 0, ""on"": true}}"
2026-04-22T15:37:28,attacker/rpc,85,"{""id"":1,""src"":""shellyazplug-e4b323337220"",""dst"":""attacker"",""result"":{""was_on"":false}}"
2026-04-22T15:37:28,shellyazplug-node/debug/log,87,"shellyazplug-e4b323337220 903 30781.210 1|shos_rpc_inst.c:230     Switch.Set via MQTT 
"
2026-04-22T15:37:28,shellyazplug-node/status/switch:0,199,"{""id"":0, ""source"":""MQTT"", ""output"":true, ""apower"":0.0, ""voltage"":233.2, ""freq"":50.0, ""current"":0.000, ""aenergy"":{""total"""
2026-04-22T15:37:28,shellyazplug-node/events/rpc,167,"{""src"":""shellyazplug-e4b323337220"",""dst"":""shellyazplug-node/events"",""method"":""NotifyStatus"",""params"":{""ts"":30781.21,""swi"
2026-04-22T15:37:28,shellyazplug-node/debug/log,132,"shellyazplug-e4b323337220 904 30781.227 1|shelly_notification:163 Status change of switch:0: {""id"":0,""output"":true,""sour"
2026-04-22T15:37:28,shellyazplug-node/rpc,86,"{""id"": 1, ""src"": ""attacker"", ""method"": ""Switch.Set"", ""params"": {""id"": 0, ""on"": false}}"
2026-04-22T15:37:28,attacker/rpc,84,"{""id"":1,""src"":""shellyazplug-e4b323337220"",""dst"":""attacker"",""result"":{""was_on"":true}}"
2026-04-22T15:37:28,shellyazplug-node/debug/log,87,"shellyazplug-e4b323337220 905 30781.713 1|shos_rpc_inst.c:230     Switch.Set via MQTT 
"
2026-04-22T15:37:29,shellyazplug-node/status/switch:0,200,"{""id"":0, ""source"":""MQTT"", ""output"":false, ""apower"":0.0, ""voltage"":233.2, ""freq"":50.0, ""current"":0.000, ""aenergy"":{""total"
2026-04-22T15:37:29,shellyazplug-node/events/rpc,191,"{""src"":""shellyazplug-e4b323337220"",""dst"":""shellyazplug-node/events"",""method"":""NotifyStatus"",""params"":{""ts"":30781.71,""swi"
2026-04-22T15:37:29,shellyazplug-node/debug/log,156,"shellyazplug-e4b323337220 906 30781.732 1|shelly_notification:163 Status change of switch:0: {""id"":0,""apower"":0,""current"
2026-04-22T15:37:29,shellyazplug-node/rpc,85,"{""id"": 1, ""src"": ""attacker"", ""method"": ""Switch.Set"", ""params"": {""id"": 0, ""on"": true}}"
2026-04-22T15:37:29,attacker/rpc,85,"{""id"":1,""src"":""shellyazplug-e4b323337220"",""dst"":""attacker"",""result"":{""was_on"":false}}"
2026-04-22T15:37:29,shellyazplug-node/debug/log,87,"shellyazplug-e4b323337220 907 30782.215 1|shos_rpc_inst.c:230     Switch.Set via MQTT 
"
2026-04-22T15:37:29,shellyazplug-node/status/switch:0,199,"{""id"":0, ""source"":""MQTT"", ""output"":true, ""apower"":0.0, ""voltage"":233.2, ""freq"":50.0, ""current"":0.000, ""aenergy"":{""total"""
2026-04-22T15:37:29,shellyazplug-node/events/rpc,167,"{""src"":""shellyazplug-e4b323337220"",""dst"":""shellyazplug-node/events"",""method"":""NotifyStatus"",""params"":{""ts"":30782.21,""swi"
2026-04-22T15:37:29,shellyazplug-node/debug/log,132,"shellyazplug-e4b323337220 908 30782.231 1|shelly_notification:163 Status change of switch:0: {""id"":0,""output"":true,""sour"
2026-04-22T15:37:29,shellyazplug-node/rpc,86,"{""id"": 1, ""src"": ""attacker"", ""method"": ""Switch.Set"", ""params"": {""id"": 0, ""on"": false}}"
2026-04-22T15:37:29,attacker/rpc,84,"{""id"":1,""src"":""shellyazplug-e4b323337220"",""dst"":""attacker"",""result"":{""was_on"":true}}"
2026-04-22T15:37:29,shellyazplug-node/debug/log,87,"shellyazplug-e4b323337220 909 30782.717 1|shos_rpc_inst.c:230     Switch.Set via MQTT 
"
2026-04-22T15:37:30,shellyazplug-node/status/switch:0,200,"{""id"":0, ""source"":""MQTT"", ""output"":false, ""apower"":0.0, ""voltage"":233.2, ""freq"":50.0, ""current"":0.000, ""aenergy"":{""total"
2026-04-22T15:37:30,shellyazplug-node/events/rpc,191,"{""src"":""shellyazplug-e4b323337220"",""dst"":""shellyazplug-node/events"",""method"":""NotifyStatus"",""params"":{""ts"":30782.71,""swi"
2026-04-22T15:37:30,shellyazplug-node/debug/log,156,"shellyazplug-e4b323337220 910 30782.735 1|shelly_notification:163 Status change of switch:0: {""id"":0,""apower"":0,""current"
2026-04-22T15:37:30,shellyazplug-node/rpc,85,"{""id"": 1, ""src"": ""attacker"", ""method"": ""Switch.Set"", ""params"": {""id"": 0, ""on"": true}}"
2026-04-22T15:37:30,attacker/rpc,85,"{""id"":1,""src"":""shellyazplug-e4b323337220"",""dst"":""attacker"",""result"":{""was_on"":false}}"
2026-04-22T15:37:30,shellyazplug-node/debug/log,87,"shellyazplug-e4b323337220 911 30783.217 1|shos_rpc_inst.c:230     Switch.Set via MQTT 
"
2026-04-22T15:37:30,shellyazplug-node/status/switch:0,199,"{""id"":0, ""source"":""MQTT"", ""output"":true, ""apower"":0.0, ""voltage"":233.2, ""freq"":50.0, ""current"":0.000, ""aenergy"":{""total"""
2026-04-22T15:37:30,shellyazplug-node/events/rpc,167,"{""src"":""shellyazplug-e4b323337220"",""dst"":""shellyazplug-node/events"",""method"":""NotifyStatus"",""params"":{""ts"":30783.21,""swi"
2026-04-22T15:37:30,shellyazplug-node/debug/log,132,"shellyazplug-e4b323337220 912 30783.233 1|shelly_notification:163 Status change of switch:0: {""id"":0,""output"":true,""sour"
2026-04-22T15:37:30,shellyazplug-node/rpc,86,"{""id"": 1, ""src"": ""attacker"", ""method"": ""Switch.Set"", ""params"": {""id"": 0, ""on"": false}}"
2026-04-22T15:37:30,attacker/rpc,84,"{""id"":1,""src"":""shellyazplug-e4b323337220"",""dst"":""attacker"",""result"":{""was_on"":true}}"
2026-04-22T15:37:30,shellyazplug-node/debug/log,87,"shellyazplug-e4b323337220 913 30783.717 1|shos_rpc_inst.c:230     Switch.Set via MQTT 
"
2026-04-22T15:37:31,shellyazplug-node/status/switch:0,200,"{""id"":0, ""source"":""MQTT"", ""output"":false, ""apower"":0.0, ""voltage"":233.1, ""freq"":50.0, ""current"":0.000, ""aenergy"":{""total"
2026-04-22T15:37:31,shellyazplug-node/events/rpc,191,"{""src"":""shellyazplug-e4b323337220"",""dst"":""shellyazplug-node/events"",""method"":""NotifyStatus"",""params"":{""ts"":30783.71,""swi"
2026-04-22T15:37:31,shellyazplug-node/debug/log,156,"shellyazplug-e4b323337220 914 30783.736 1|shelly_notification:163 Status change of switch:0: {""id"":0,""apower"":0,""current"
2026-04-22T15:37:31,shellyazplug-node/rpc,85,"{""id"": 1, ""src"": ""attacker"", ""method"": ""Switch.Set"", ""params"": {""id"": 0, ""on"": true}}"
2026-04-22T15:37:31,attacker/rpc,85,"{""id"":1,""src"":""shellyazplug-e4b323337220"",""dst"":""attacker"",""result"":{""was_on"":false}}"
2026-04-22T15:37:31,shellyazplug-node/debug/log,87,"shellyazplug-e4b323337220 915 30784.220 1|shos_rpc_inst.c:230     Switch.Set via MQTT 
"
2026-04-22T15:37:31,shellyazplug-node/status/switch:0,199,"{""id"":0, ""source"":""MQTT"", ""output"":true, ""apower"":0.0, ""voltage"":233.1, ""freq"":50.0, ""current"":0.000, ""aenergy"":{""total"""
2026-04-22T15:37:31,shellyazplug-node/events/rpc,167,"{""src"":""shellyazplug-e4b323337220"",""dst"":""shellyazplug-node/events"",""method"":""NotifyStatus"",""params"":{""ts"":30784.22,""swi"
2026-04-22T15:37:31,shellyazplug-node/debug/log,132,"shellyazplug-e4b323337220 916 30784.236 1|shelly_notification:163 Status change of switch:0: {""id"":0,""output"":true,""sour"
2026-04-22T15:37:31,shellyazplug-node/rpc,86,"{""id"": 1, ""src"": ""attacker"", ""method"": ""Switch.Set"", ""params"": {""id"": 0, ""on"": false}}"
2026-04-22T15:37:31,attacker/rpc,84,"{""id"":1,""src"":""shellyazplug-e4b323337220"",""dst"":""attacker"",""result"":{""was_on"":true}}"
2026-04-22T15:37:31,shellyazplug-node/debug/log,87,"shellyazplug-e4b323337220 917 30784.719 1|shos_rpc_inst.c:230     Switch.Set via MQTT 
"
2026-04-22T15:37:32,shellyazplug-node/status/switch:0,200,"{""id"":0, ""source"":""MQTT"", ""output"":false, ""apower"":0.0, ""voltage"":233.0, ""freq"":50.0, ""current"":0.000, ""aenergy"":{""total"
2026-04-22T15:37:32,shellyazplug-node/events/rpc,191,"{""src"":""shellyazplug-e4b323337220"",""dst"":""shellyazplug-node/events"",""method"":""NotifyStatus"",""params"":{""ts"":30784.72,""swi"
2026-04-22T15:37:32,shellyazplug-node/debug/log,156,"shellyazplug-e4b323337220 918 30784.737 1|shelly_notification:163 Status change of switch:0: {""id"":0,""apower"":0,""current"
2026-04-22T15:37:32,shellyazplug-node/rpc,85,"{""id"": 1, ""src"": ""attacker"", ""method"": ""Switch.Set"", ""params"": {""id"": 0, ""on"": true}}"
2026-04-22T15:37:32,attacker/rpc,85,"{""id"":1,""src"":""shellyazplug-e4b323337220"",""dst"":""attacker"",""result"":{""was_on"":false}}"
2026-04-22T15:37:32,shellyazplug-node/debug/log,87,"shellyazplug-e4b323337220 919 30785.220 1|shos_rpc_inst.c:230     Switch.Set via MQTT 
"
2026-04-22T15:37:32,shellyazplug-node/status/switch:0,199,"{""id"":0, ""source"":""MQTT"", ""output"":true, ""apower"":0.0, ""voltage"":233.0, ""freq"":50.0, ""current"":0.000, ""aenergy"":{""total"""
2026-04-22T15:37:32,shellyazplug-node/events/rpc,167,"{""src"":""shellyazplug-e4b323337220"",""dst"":""shellyazplug-node/events"",""method"":""NotifyStatus"",""params"":{""ts"":30785.22,""swi"
2026-04-22T15:37:32,shellyazplug-node/debug/log,132,"shellyazplug-e4b323337220 920 30785.236 1|shelly_notification:163 Status change of switch:0: {""id"":0,""output"":true,""sour"
2026-04-22T15:37:32,shellyazplug-node/rpc,86,"{""id"": 1, ""src"": ""attacker"", ""method"": ""Switch.Set"", ""params"": {""id"": 0, ""on"": false}}"
2026-04-22T15:37:32,attacker/rpc,84,"{""id"":1,""src"":""shellyazplug-e4b323337220"",""dst"":""attacker"",""result"":{""was_on"":true}}"
2026-04-22T15:37:32,shellyazplug-node/debug/log,87,"shellyazplug-e4b323337220 921 30785.720 1|shos_rpc_inst.c:230     Switch.Set via MQTT 
"
2026-04-22T15:37:33,shellyazplug-node/status/switch:0,200,"{""id"":0, ""source"":""MQTT"", ""output"":false, ""apower"":0.0, ""voltage"":233.0, ""freq"":50.0, ""current"":0.000, ""aenergy"":{""total"
2026-04-22T15:37:33,shellyazplug-node/events/rpc,191,"{""src"":""shellyazplug-e4b323337220"",""dst"":""shellyazplug-node/events"",""method"":""NotifyStatus"",""params"":{""ts"":30785.72,""swi"
2026-04-22T15:37:33,shellyazplug-node/debug/log,156,"shellyazplug-e4b323337220 922 30785.739 1|shelly_notification:163 Status change of switch:0: {""id"":0,""apower"":0,""current"
2026-04-22T15:37:33,iot/mq/debug,50,[0;36m[D][sensor:124]: 'Gas Sensor' >> 0.55 V[0m
2026-04-22T15:37:33,iot/mq/sensor/gas_sensor/state,4,0.55
2026-04-22T15:37:33,shellyazplug-node/rpc,85,"{""id"": 1, ""src"": ""attacker"", ""method"": ""Switch.Set"", ""params"": {""id"": 0, ""on"": true}}"
2026-04-22T15:37:33,attacker/rpc,85,"{""id"":1,""src"":""shellyazplug-e4b323337220"",""dst"":""attacker"",""result"":{""was_on"":false}}"
2026-04-22T15:37:33,shellyazplug-node/debug/log,87,"shellyazplug-e4b323337220 923 30786.221 1|shos_rpc_inst.c:230     Switch.Set via MQTT 
"
2026-04-22T15:37:33,shellyazplug-node/status/switch:0,199,"{""id"":0, ""source"":""MQTT"", ""output"":true, ""apower"":0.0, ""voltage"":233.0, ""freq"":50.0, ""current"":0.000, ""aenergy"":{""total"""
2026-04-22T15:37:33,shellyazplug-node/events/rpc,167,"{""src"":""shellyazplug-e4b323337220"",""dst"":""shellyazplug-node/events"",""method"":""NotifyStatus"",""params"":{""ts"":30786.22,""swi"
2026-04-22T15:37:33,shellyazplug-node/debug/log,132,"shellyazplug-e4b323337220 924 30786.237 1|shelly_notification:163 Status change of switch:0: {""id"":0,""output"":true,""sour"
2026-04-22T15:37:33,shellyazplug-node/rpc,86,"{""id"": 1, ""src"": ""attacker"", ""method"": ""Switch.Set"", ""params"": {""id"": 0, ""on"": false}}"
2026-04-22T15:37:33,attacker/rpc,84,"{""id"":1,""src"":""shellyazplug-e4b323337220"",""dst"":""attacker"",""result"":{""was_on"":true}}"
2026-04-22T15:37:33,shellyazplug-node/debug/log,87,"shellyazplug-e4b323337220 925 30786.721 1|shos_rpc_inst.c:230     Switch.Set via MQTT 
"
2026-04-22T15:37:34,shellyazplug-node/status/switch:0,200,"{""id"":0, ""source"":""MQTT"", ""output"":false, ""apower"":0.0, ""voltage"":233.3, ""freq"":50.0, ""current"":0.000, ""aenergy"":{""total"
2026-04-22T15:37:34,shellyazplug-node/events/rpc,191,"{""src"":""shellyazplug-e4b323337220"",""dst"":""shellyazplug-node/events"",""method"":""NotifyStatus"",""params"":{""ts"":30786.72,""swi"
2026-04-22T15:37:34,shellyazplug-node/debug/log,156,"shellyazplug-e4b323337220 926 30786.740 1|shelly_notification:163 Status change of switch:0: {""id"":0,""apower"":0,""current"
2026-04-22T15:37:34,shellyazplug-node/rpc,85,"{""id"": 1, ""src"": ""attacker"", ""method"": ""Switch.Set"", ""params"": {""id"": 0, ""on"": true}}"
2026-04-22T15:37:34,attacker/rpc,85,"{""id"":1,""src"":""shellyazplug-e4b323337220"",""dst"":""attacker"",""result"":{""was_on"":false}}"
2026-04-22T15:37:34,shellyazplug-node/debug/log,87,"shellyazplug-e4b323337220 927 30787.222 1|shos_rpc_inst.c:230     Switch.Set via MQTT 
"
2026-04-22T15:37:34,shellyazplug-node/status/switch:0,199,"{""id"":0, ""source"":""MQTT"", ""output"":true, ""apower"":0.0, ""voltage"":233.3, ""freq"":50.0, ""current"":0.000, ""aenergy"":{""total"""
2026-04-22T15:37:34,shellyazplug-node/events/rpc,167,"{""src"":""shellyazplug-e4b323337220"",""dst"":""shellyazplug-node/events"",""method"":""NotifyStatus"",""params"":{""ts"":30787.22,""swi"
2026-04-22T15:37:34,shellyazplug-node/debug/log,132,"shellyazplug-e4b323337220 928 30787.238 1|shelly_notification:163 Status change of switch:0: {""id"":0,""output"":true,""sour"
2026-04-22T15:37:34,shellyazplug-node/rpc,86,"{""id"": 1, ""src"": ""attacker"", ""method"": ""Switch.Set"", ""params"": {""id"": 0, ""on"": false}}"
2026-04-22T15:37:34,attacker/rpc,84,"{""id"":1,""src"":""shellyazplug-e4b323337220"",""dst"":""attacker"",""result"":{""was_on"":true}}"
2026-04-22T15:37:34,shellyazplug-node/debug/log,87,"shellyazplug-e4b323337220 929 30787.723 1|shos_rpc_inst.c:230     Switch.Set via MQTT 
"
2026-04-22T15:37:35,shellyazplug-node/status/switch:0,200,"{""id"":0, ""source"":""MQTT"", ""output"":false, ""apower"":0.0, ""voltage"":233.4, ""freq"":50.0, ""current"":0.000, ""aenergy"":{""total"
2026-04-22T15:37:35,shellyazplug-node/events/rpc,191,"{""src"":""shellyazplug-e4b323337220"",""dst"":""shellyazplug-node/events"",""method"":""NotifyStatus"",""params"":{""ts"":30787.72,""swi"
2026-04-22T15:37:35,shellyazplug-node/debug/log,156,"shellyazplug-e4b323337220 930 30787.741 1|shelly_notification:163 Status change of switch:0: {""id"":0,""apower"":0,""current"
2026-04-22T15:37:35,iot/dht11/debug,59,[0;36m[D][dht:048]: Temperature 24.8°C Humidity 39.0%[0m
2026-04-22T15:37:35,iot/dht11/debug,53,[0;36m[D][sensor:124]: 'Temperature' >> 24.8 °C[0m
2026-04-22T15:37:35,iot/dht11/sensor/temperature/state,4,24.8
2026-04-22T15:37:35,iot/dht11/debug,46,[0;36m[D][sensor:124]: 'Humidity' >> 39 %[0m
2026-04-22T15:37:35,iot/dht11/sensor/humidity/state,2,39
2026-04-22T15:37:35,shellyazplug-node/rpc,85,"{""id"": 1, ""src"": ""attacker"", ""method"": ""Switch.Set"", ""params"": {""id"": 0, ""on"": true}}"
2026-04-22T15:37:35,attacker/rpc,85,"{""id"":1,""src"":""shellyazplug-e4b323337220"",""dst"":""attacker"",""result"":{""was_on"":false}}"
2026-04-22T15:37:35,shellyazplug-node/debug/log,87,"shellyazplug-e4b323337220 931 30788.223 1|shos_rpc_inst.c:230     Switch.Set via MQTT 
"
2026-04-22T15:37:35,shellyazplug-node/status/switch:0,199,"{""id"":0, ""source"":""MQTT"", ""output"":true, ""apower"":0.0, ""voltage"":233.4, ""freq"":50.0, ""current"":0.000, ""aenergy"":{""total"""
2026-04-22T15:37:35,shellyazplug-node/events/rpc,167,"{""src"":""shellyazplug-e4b323337220"",""dst"":""shellyazplug-node/events"",""method"":""NotifyStatus"",""params"":{""ts"":30788.22,""swi"
2026-04-22T15:37:35,shellyazplug-node/debug/log,132,"shellyazplug-e4b323337220 932 30788.239 1|shelly_notification:163 Status change of switch:0: {""id"":0,""output"":true,""sour"
2026-04-22T15:37:35,shellyazplug-node/rpc,86,"{""id"": 1, ""src"": ""attacker"", ""method"": ""Switch.Set"", ""params"": {""id"": 0, ""on"": false}}"
2026-04-22T15:37:35,attacker/rpc,84,"{""id"":1,""src"":""shellyazplug-e4b323337220"",""dst"":""attacker"",""result"":{""was_on"":true}}"
2026-04-22T15:37:35,shellyazplug-node/debug/log,87,"shellyazplug-e4b323337220 933 30788.726 1|shos_rpc_inst.c:230     Switch.Set via MQTT 
"
2026-04-22T15:37:36,shellyazplug-node/status/switch:0,200,"{""id"":0, ""source"":""MQTT"", ""output"":false, ""apower"":0.0, ""voltage"":233.4, ""freq"":50.0, ""current"":0.000, ""aenergy"":{""total"
2026-04-22T15:37:36,shellyazplug-node/events/rpc,191,"{""src"":""shellyazplug-e4b323337220"",""dst"":""shellyazplug-node/events"",""method"":""NotifyStatus"",""params"":{""ts"":30788.72,""swi"
2026-04-22T15:37:36,shellyazplug-node/debug/log,156,"shellyazplug-e4b323337220 934 30788.745 1|shelly_notification:163 Status change of switch:0: {""id"":0,""apower"":0,""current"
2026-04-22T15:37:36,shellyazplug-node/rpc,85,"{""id"": 1, ""src"": ""attacker"", ""method"": ""Switch.Set"", ""params"": {""id"": 0, ""on"": true}}"
2026-04-22T15:37:36,attacker/rpc,85,"{""id"":1,""src"":""shellyazplug-e4b323337220"",""dst"":""attacker"",""result"":{""was_on"":false}}"
2026-04-22T15:37:36,shellyazplug-node/debug/log,87,"shellyazplug-e4b323337220 935 30789.224 1|shos_rpc_inst.c:230     Switch.Set via MQTT 
"
2026-04-22T15:37:36,shellyazplug-node/status/switch:0,199,"{""id"":0, ""source"":""MQTT"", ""output"":true, ""apower"":0.0, ""voltage"":233.4, ""freq"":50.0, ""current"":0.000, ""aenergy"":{""total"""
2026-04-22T15:37:36,shellyazplug-node/events/rpc,167,"{""src"":""shellyazplug-e4b323337220"",""dst"":""shellyazplug-node/events"",""method"":""NotifyStatus"",""params"":{""ts"":30789.22,""swi"
2026-04-22T15:37:36,shellyazplug-node/debug/log,132,"shellyazplug-e4b323337220 936 30789.240 1|shelly_notification:163 Status change of switch:0: {""id"":0,""output"":true,""sour"
2026-04-22T15:37:36,shellyazplug-node/rpc,86,"{""id"": 1, ""src"": ""attacker"", ""method"": ""Switch.Set"", ""params"": {""id"": 0, ""on"": false}}"
2026-04-22T15:37:36,attacker/rpc,84,"{""id"":1,""src"":""shellyazplug-e4b323337220"",""dst"":""attacker"",""result"":{""was_on"":true}}"
2026-04-22T15:37:36,shellyazplug-node/debug/log,87,"shellyazplug-e4b323337220 937 30789.726 1|shos_rpc_inst.c:230     Switch.Set via MQTT 
"
2026-04-22T15:37:37,shellyazplug-node/status/switch:0,200,"{""id"":0, ""source"":""MQTT"", ""output"":false, ""apower"":0.0, ""voltage"":233.1, ""freq"":50.0, ""current"":0.000, ""aenergy"":{""total"
2026-04-22T15:37:37,shellyazplug-node/events/rpc,191,"{""src"":""shellyazplug-e4b323337220"",""dst"":""shellyazplug-node/events"",""method"":""NotifyStatus"",""params"":{""ts"":30789.72,""swi"
2026-04-22T15:37:37,shellyazplug-node/debug/log,156,"shellyazplug-e4b323337220 938 30789.745 1|shelly_notification:163 Status change of switch:0: {""id"":0,""apower"":0,""current"
2026-04-22T15:37:37,shellyazplug-node/rpc,85,"{""id"": 1, ""src"": ""attacker"", ""method"": ""Switch.Set"", ""params"": {""id"": 0, ""on"": true}}"
2026-04-22T15:37:37,attacker/rpc,85,"{""id"":1,""src"":""shellyazplug-e4b323337220"",""dst"":""attacker"",""result"":{""was_on"":false}}"
2026-04-22T15:37:37,shellyazplug-node/debug/log,87,"shellyazplug-e4b323337220 939 30790.225 1|shos_rpc_inst.c:230     Switch.Set via MQTT 
"
2026-04-22T15:37:37,shellyazplug-node/status/switch:0,199,"{""id"":0, ""source"":""MQTT"", ""output"":true, ""apower"":0.0, ""voltage"":233.1, ""freq"":50.0, ""current"":0.000, ""aenergy"":{""total"""
2026-04-22T15:37:37,shellyazplug-node/events/rpc,167,"{""src"":""shellyazplug-e4b323337220"",""dst"":""shellyazplug-node/events"",""method"":""NotifyStatus"",""params"":{""ts"":30790.22,""swi"
2026-04-22T15:37:37,shellyazplug-node/debug/log,132,"shellyazplug-e4b323337220 940 30790.242 1|shelly_notification:163 Status change of switch:0: {""id"":0,""output"":true,""sour"
2026-04-22T15:37:37,shellyazplug-node/rpc,86,"{""id"": 1, ""src"": ""attacker"", ""method"": ""Switch.Set"", ""params"": {""id"": 0, ""on"": false}}"
2026-04-22T15:37:37,attacker/rpc,84,"{""id"":1,""src"":""shellyazplug-e4b323337220"",""dst"":""attacker"",""result"":{""was_on"":true}}"
2026-04-22T15:37:37,shellyazplug-node/debug/log,87,"shellyazplug-e4b323337220 941 30790.731 1|shos_rpc_inst.c:230     Switch.Set via MQTT 
"
2026-04-22T15:37:38,shellyazplug-node/status/switch:0,200,"{""id"":0, ""source"":""MQTT"", ""output"":false, ""apower"":0.0, ""voltage"":233.2, ""freq"":50.0, ""current"":0.000, ""aenergy"":{""total"
2026-04-22T15:37:38,shellyazplug-node/events/rpc,191,"{""src"":""shellyazplug-e4b323337220"",""dst"":""shellyazplug-node/events"",""method"":""NotifyStatus"",""params"":{""ts"":30790.73,""swi"
2026-04-22T15:37:38,shellyazplug-node/debug/log,156,"shellyazplug-e4b323337220 942 30790.750 1|shelly_notification:163 Status change of switch:0: {""id"":0,""apower"":0,""current"
2026-04-22T15:37:38,iot/mq/debug,50,[0;36m[D][sensor:124]: 'Gas Sensor' >> 0.55 V[0m
2026-04-22T15:37:38,iot/mq/sensor/gas_sensor/state,4,0.55
2026-04-22T15:37:38,shellyazplug-node/rpc,85,"{""id"": 1, ""src"": ""attacker"", ""method"": ""Switch.Set"", ""params"": {""id"": 0, ""on"": true}}"
2026-04-22T15:37:38,attacker/rpc,85,"{""id"":1,""src"":""shellyazplug-e4b323337220"",""dst"":""attacker"",""result"":{""was_on"":false}}"
2026-04-22T15:37:38,shellyazplug-node/debug/log,87,"shellyazplug-e4b323337220 943 30791.227 1|shos_rpc_inst.c:230     Switch.Set via MQTT 
"
2026-04-22T15:37:38,shellyazplug-node/status/switch:0,199,"{""id"":0, ""source"":""MQTT"", ""output"":true, ""apower"":0.0, ""voltage"":233.2, ""freq"":50.0, ""current"":0.000, ""aenergy"":{""total"""
2026-04-22T15:37:38,shellyazplug-node/events/rpc,167,"{""src"":""shellyazplug-e4b323337220"",""dst"":""shellyazplug-node/events"",""method"":""NotifyStatus"",""params"":{""ts"":30791.22,""swi"
2026-04-22T15:37:38,shellyazplug-node/debug/log,132,"shellyazplug-e4b323337220 944 30791.244 1|shelly_notification:163 Status change of switch:0: {""id"":0,""output"":true,""sour"
2026-04-22T15:37:38,shellyazplug-node/rpc,86,"{""id"": 1, ""src"": ""attacker"", ""method"": ""Switch.Set"", ""params"": {""id"": 0, ""on"": false}}"
2026-04-22T15:37:38,attacker/rpc,84,"{""id"":1,""src"":""shellyazplug-e4b323337220"",""dst"":""attacker"",""result"":{""was_on"":true}}"
2026-04-22T15:37:38,shellyazplug-node/debug/log,87,"shellyazplug-e4b323337220 945 30791.726 1|shos_rpc_inst.c:230     Switch.Set via MQTT 
"
2026-04-22T15:37:39,shellyazplug-node/status/switch:0,200,"{""id"":0, ""source"":""MQTT"", ""output"":false, ""apower"":0.0, ""voltage"":233.2, ""freq"":50.0, ""current"":0.000, ""aenergy"":{""total"
2026-04-22T15:37:39,shellyazplug-node/events/rpc,191,"{""src"":""shellyazplug-e4b323337220"",""dst"":""shellyazplug-node/events"",""method"":""NotifyStatus"",""params"":{""ts"":30791.72,""swi"
2026-04-22T15:37:39,shellyazplug-node/debug/log,156,"shellyazplug-e4b323337220 946 30791.745 1|shelly_notification:163 Status change of switch:0: {""id"":0,""apower"":0,""current"
2026-04-22T15:37:39,shellyazplug-node/rpc,85,"{""id"": 1, ""src"": ""attacker"", ""method"": ""Switch.Set"", ""params"": {""id"": 0, ""on"": true}}"
2026-04-22T15:37:39,attacker/rpc,85,"{""id"":1,""src"":""shellyazplug-e4b323337220"",""dst"":""attacker"",""result"":{""was_on"":false}}"
2026-04-22T15:37:39,shellyazplug-node/debug/log,87,"shellyazplug-e4b323337220 947 30792.227 1|shos_rpc_inst.c:230     Switch.Set via MQTT 
"
2026-04-22T15:37:39,shellyazplug-node/status/switch:0,199,"{""id"":0, ""source"":""MQTT"", ""output"":true, ""apower"":0.0, ""voltage"":233.2, ""freq"":50.0, ""current"":0.000, ""aenergy"":{""total"""
2026-04-22T15:37:39,shellyazplug-node/events/rpc,167,"{""src"":""shellyazplug-e4b323337220"",""dst"":""shellyazplug-node/events"",""method"":""NotifyStatus"",""params"":{""ts"":30792.22,""swi"
2026-04-22T15:37:39,shellyazplug-node/debug/log,132,"shellyazplug-e4b323337220 948 30792.243 1|shelly_notification:163 Status change of switch:0: {""id"":0,""output"":true,""sour"
2026-04-22T15:37:39,shellyazplug-node/rpc,86,"{""id"": 1, ""src"": ""attacker"", ""method"": ""Switch.Set"", ""params"": {""id"": 0, ""on"": false}}"
2026-04-22T15:37:39,attacker/rpc,84,"{""id"":1,""src"":""shellyazplug-e4b323337220"",""dst"":""attacker"",""result"":{""was_on"":true}}"
2026-04-22T15:37:39,shellyazplug-node/debug/log,87,"shellyazplug-e4b323337220 949 30792.727 1|shos_rpc_inst.c:230     Switch.Set via MQTT 
"
2026-04-22T15:37:40,shellyazplug-node/status/switch:0,200,"{""id"":0, ""source"":""MQTT"", ""output"":false, ""apower"":0.0, ""voltage"":233.2, ""freq"":50.0, ""current"":0.000, ""aenergy"":{""total"
2026-04-22T15:37:40,shellyazplug-node/events/rpc,191,"{""src"":""shellyazplug-e4b323337220"",""dst"":""shellyazplug-node/events"",""method"":""NotifyStatus"",""params"":{""ts"":30792.72,""swi"
2026-04-22T15:37:40,shellyazplug-node/debug/log,156,"shellyazplug-e4b323337220 950 30792.746 1|shelly_notification:163 Status change of switch:0: {""id"":0,""apower"":0,""current"
2026-04-22T15:37:40,shellyazplug-node/rpc,85,"{""id"": 1, ""src"": ""attacker"", ""method"": ""Switch.Set"", ""params"": {""id"": 0, ""on"": true}}"
2026-04-22T15:37:40,attacker/rpc,85,"{""id"":1,""src"":""shellyazplug-e4b323337220"",""dst"":""attacker"",""result"":{""was_on"":false}}"
2026-04-22T15:37:40,shellyazplug-node/debug/log,87,"shellyazplug-e4b323337220 951 30793.229 1|shos_rpc_inst.c:230     Switch.Set via MQTT 
"
2026-04-22T15:37:40,shellyazplug-node/status/switch:0,199,"{""id"":0, ""source"":""MQTT"", ""output"":true, ""apower"":0.0, ""voltage"":233.2, ""freq"":50.0, ""current"":0.000, ""aenergy"":{""total"""
2026-04-22T15:37:40,shellyazplug-node/events/rpc,167,"{""src"":""shellyazplug-e4b323337220"",""dst"":""shellyazplug-node/events"",""method"":""NotifyStatus"",""params"":{""ts"":30793.23,""swi"
2026-04-22T15:37:40,shellyazplug-node/debug/log,132,"shellyazplug-e4b323337220 952 30793.246 1|shelly_notification:163 Status change of switch:0: {""id"":0,""output"":true,""sour"
2026-04-22T15:37:40,shellyazplug-node/rpc,86,"{""id"": 1, ""src"": ""attacker"", ""method"": ""Switch.Set"", ""params"": {""id"": 0, ""on"": false}}"
2026-04-22T15:37:40,attacker/rpc,84,"{""id"":1,""src"":""shellyazplug-e4b323337220"",""dst"":""attacker"",""result"":{""was_on"":true}}"
2026-04-22T15:37:40,shellyazplug-node/debug/log,87,"shellyazplug-e4b323337220 953 30793.729 1|shos_rpc_inst.c:230     Switch.Set via MQTT 
"
2026-04-22T15:37:41,shellyazplug-node/status/switch:0,200,"{""id"":0, ""source"":""MQTT"", ""output"":false, ""apower"":0.0, ""voltage"":233.3, ""freq"":50.0, ""current"":0.000, ""aenergy"":{""total"
2026-04-22T15:37:41,shellyazplug-node/events/rpc,191,"{""src"":""shellyazplug-e4b323337220"",""dst"":""shellyazplug-node/events"",""method"":""NotifyStatus"",""params"":{""ts"":30793.73,""swi"
2026-04-22T15:37:41,shellyazplug-node/debug/log,156,"shellyazplug-e4b323337220 954 30793.747 1|shelly_notification:163 Status change of switch:0: {""id"":0,""apower"":0,""current"
2026-04-22T15:37:41,shellyazplug-node/rpc,85,"{""id"": 1, ""src"": ""attacker"", ""method"": ""Switch.Set"", ""params"": {""id"": 0, ""on"": true}}"
2026-04-22T15:37:41,attacker/rpc,85,"{""id"":1,""src"":""shellyazplug-e4b323337220"",""dst"":""attacker"",""result"":{""was_on"":false}}"
2026-04-22T15:37:41,shellyazplug-node/debug/log,87,"shellyazplug-e4b323337220 955 30794.229 1|shos_rpc_inst.c:230     Switch.Set via MQTT 
"
2026-04-22T15:37:41,shellyazplug-node/status/switch:0,199,"{""id"":0, ""source"":""MQTT"", ""output"":true, ""apower"":0.0, ""voltage"":233.3, ""freq"":50.0, ""current"":0.000, ""aenergy"":{""total"""
2026-04-22T15:37:41,shellyazplug-node/events/rpc,167,"{""src"":""shellyazplug-e4b323337220"",""dst"":""shellyazplug-node/events"",""method"":""NotifyStatus"",""params"":{""ts"":30794.23,""swi"
2026-04-22T15:37:41,shellyazplug-node/debug/log,132,"shellyazplug-e4b323337220 956 30794.245 1|shelly_notification:163 Status change of switch:0: {""id"":0,""output"":true,""sour"
2026-04-22T15:37:41,shellyazplug-node/rpc,86,"{""id"": 1, ""src"": ""attacker"", ""method"": ""Switch.Set"", ""params"": {""id"": 0, ""on"": false}}"
2026-04-22T15:37:41,attacker/rpc,84,"{""id"":1,""src"":""shellyazplug-e4b323337220"",""dst"":""attacker"",""result"":{""was_on"":true}}"
2026-04-22T15:37:41,shellyazplug-node/debug/log,87,"shellyazplug-e4b323337220 957 30794.729 1|shos_rpc_inst.c:230     Switch.Set via MQTT 
"
2026-04-22T15:37:42,shellyazplug-node/status/switch:0,200,"{""id"":0, ""source"":""MQTT"", ""output"":false, ""apower"":0.0, ""voltage"":233.1, ""freq"":50.0, ""current"":0.000, ""aenergy"":{""total"
2026-04-22T15:37:42,shellyazplug-node/events/rpc,191,"{""src"":""shellyazplug-e4b323337220"",""dst"":""shellyazplug-node/events"",""method"":""NotifyStatus"",""params"":{""ts"":30794.73,""swi"
2026-04-22T15:37:42,shellyazplug-node/debug/log,156,"shellyazplug-e4b323337220 958 30794.748 1|shelly_notification:163 Status change of switch:0: {""id"":0,""apower"":0,""current"
2026-04-22T15:37:42,shellyazplug-node/rpc,85,"{""id"": 1, ""src"": ""attacker"", ""method"": ""Switch.Set"", ""params"": {""id"": 0, ""on"": true}}"
2026-04-22T15:37:42,attacker/rpc,85,"{""id"":1,""src"":""shellyazplug-e4b323337220"",""dst"":""attacker"",""result"":{""was_on"":false}}"
2026-04-22T15:37:42,shellyazplug-node/debug/log,87,"shellyazplug-e4b323337220 959 30795.230 1|shos_rpc_inst.c:230     Switch.Set via MQTT 
"
2026-04-22T15:37:42,shellyazplug-node/status/switch:0,199,"{""id"":0, ""source"":""MQTT"", ""output"":true, ""apower"":0.0, ""voltage"":233.1, ""freq"":50.0, ""current"":0.000, ""aenergy"":{""total"""
2026-04-22T15:37:42,shellyazplug-node/events/rpc,167,"{""src"":""shellyazplug-e4b323337220"",""dst"":""shellyazplug-node/events"",""method"":""NotifyStatus"",""params"":{""ts"":30795.23,""swi"
2026-04-22T15:37:42,shellyazplug-node/debug/log,132,"shellyazplug-e4b323337220 960 30795.246 1|shelly_notification:163 Status change of switch:0: {""id"":0,""output"":true,""sour"
2026-04-22T15:37:42,shellyazplug-node/rpc,86,"{""id"": 1, ""src"": ""attacker"", ""method"": ""Switch.Set"", ""params"": {""id"": 0, ""on"": false}}"
2026-04-22T15:37:42,attacker/rpc,84,"{""id"":1,""src"":""shellyazplug-e4b323337220"",""dst"":""attacker"",""result"":{""was_on"":true}}"
2026-04-22T15:37:42,shellyazplug-node/debug/log,87,"shellyazplug-e4b323337220 961 30795.730 1|shos_rpc_inst.c:230     Switch.Set via MQTT 
"
2026-04-22T15:37:43,shellyazplug-node/status/switch:0,200,"{""id"":0, ""source"":""MQTT"", ""output"":false, ""apower"":0.0, ""voltage"":233.1, ""freq"":50.0, ""current"":0.000, ""aenergy"":{""total"
2026-04-22T15:37:43,shellyazplug-node/events/rpc,191,"{""src"":""shellyazplug-e4b323337220"",""dst"":""shellyazplug-node/events"",""method"":""NotifyStatus"",""params"":{""ts"":30795.73,""swi"
2026-04-22T15:37:43,shellyazplug-node/debug/log,156,"shellyazplug-e4b323337220 962 30795.749 1|shelly_notification:163 Status change of switch:0: {""id"":0,""apower"":0,""current"
2026-04-22T15:37:43,iot/mq/debug,50,[0;36m[D][sensor:124]: 'Gas Sensor' >> 0.55 V[0m
2026-04-22T15:37:43,iot/mq/sensor/gas_sensor/state,4,0.55
2026-04-22T15:37:43,shellyazplug-node/rpc,85,"{""id"": 1, ""src"": ""attacker"", ""method"": ""Switch.Set"", ""params"": {""id"": 0, ""on"": true}}"
2026-04-22T15:37:43,attacker/rpc,85,"{""id"":1,""src"":""shellyazplug-e4b323337220"",""dst"":""attacker"",""result"":{""was_on"":false}}"
2026-04-22T15:37:43,shellyazplug-node/debug/log,87,"shellyazplug-e4b323337220 963 30796.231 1|shos_rpc_inst.c:230     Switch.Set via MQTT 
"
2026-04-22T15:37:43,shellyazplug-node/status/switch:0,199,"{""id"":0, ""source"":""MQTT"", ""output"":true, ""apower"":0.0, ""voltage"":233.1, ""freq"":50.0, ""current"":0.000, ""aenergy"":{""total"""
2026-04-22T15:37:43,shellyazplug-node/events/rpc,167,"{""src"":""shellyazplug-e4b323337220"",""dst"":""shellyazplug-node/events"",""method"":""NotifyStatus"",""params"":{""ts"":30796.23,""swi"
2026-04-22T15:37:43,shellyazplug-node/debug/log,132,"shellyazplug-e4b323337220 964 30796.248 1|shelly_notification:163 Status change of switch:0: {""id"":0,""output"":true,""sour"
2026-04-22T15:37:43,shellyazplug-node/rpc,86,"{""id"": 1, ""src"": ""attacker"", ""method"": ""Switch.Set"", ""params"": {""id"": 0, ""on"": false}}"
2026-04-22T15:37:43,attacker/rpc,84,"{""id"":1,""src"":""shellyazplug-e4b323337220"",""dst"":""attacker"",""result"":{""was_on"":true}}"
2026-04-22T15:37:43,shellyazplug-node/debug/log,87,"shellyazplug-e4b323337220 965 30796.732 1|shos_rpc_inst.c:230     Switch.Set via MQTT 
"
2026-04-22T15:37:44,shellyazplug-node/status/switch:0,200,"{""id"":0, ""source"":""MQTT"", ""output"":false, ""apower"":0.0, ""voltage"":233.1, ""freq"":50.0, ""current"":0.000, ""aenergy"":{""total"
2026-04-22T15:37:44,shellyazplug-node/events/rpc,191,"{""src"":""shellyazplug-e4b323337220"",""dst"":""shellyazplug-node/events"",""method"":""NotifyStatus"",""params"":{""ts"":30796.73,""swi"
2026-04-22T15:37:44,shellyazplug-node/debug/log,156,"shellyazplug-e4b323337220 966 30796.750 1|shelly_notification:163 Status change of switch:0: {""id"":0,""apower"":0,""current"
2026-04-22T15:37:44,shellyazplug-node/rpc,85,"{""id"": 1, ""src"": ""attacker"", ""method"": ""Switch.Set"", ""params"": {""id"": 0, ""on"": true}}"
2026-04-22T15:37:44,attacker/rpc,85,"{""id"":1,""src"":""shellyazplug-e4b323337220"",""dst"":""attacker"",""result"":{""was_on"":false}}"
2026-04-22T15:37:44,shellyazplug-node/debug/log,87,"shellyazplug-e4b323337220 967 30797.233 1|shos_rpc_inst.c:230     Switch.Set via MQTT 
"
2026-04-22T15:37:44,shellyazplug-node/status/switch:0,199,"{""id"":0, ""source"":""MQTT"", ""output"":true, ""apower"":0.0, ""voltage"":233.1, ""freq"":50.0, ""current"":0.000, ""aenergy"":{""total"""
2026-04-22T15:37:44,shellyazplug-node/events/rpc,167,"{""src"":""shellyazplug-e4b323337220"",""dst"":""shellyazplug-node/events"",""method"":""NotifyStatus"",""params"":{""ts"":30797.23,""swi"
2026-04-22T15:37:44,shellyazplug-node/debug/log,132,"shellyazplug-e4b323337220 968 30797.250 1|shelly_notification:163 Status change of switch:0: {""id"":0,""output"":true,""sour"
2026-04-22T15:37:44,shellyazplug-node/rpc,86,"{""id"": 1, ""src"": ""attacker"", ""method"": ""Switch.Set"", ""params"": {""id"": 0, ""on"": false}}"
2026-04-22T15:37:44,attacker/rpc,84,"{""id"":1,""src"":""shellyazplug-e4b323337220"",""dst"":""attacker"",""result"":{""was_on"":true}}"
2026-04-22T15:37:44,shellyazplug-node/debug/log,87,"shellyazplug-e4b323337220 969 30797.734 1|shos_rpc_inst.c:230     Switch.Set via MQTT 
"
2026-04-22T15:37:45,shellyazplug-node/status/switch:0,200,"{""id"":0, ""source"":""MQTT"", ""output"":false, ""apower"":0.0, ""voltage"":233.1, ""freq"":50.0, ""current"":0.000, ""aenergy"":{""total"
2026-04-22T15:37:45,shellyazplug-node/events/rpc,191,"{""src"":""shellyazplug-e4b323337220"",""dst"":""shellyazplug-node/events"",""method"":""NotifyStatus"",""params"":{""ts"":30797.73,""swi"
2026-04-22T15:37:45,shellyazplug-node/debug/log,156,"shellyazplug-e4b323337220 970 30797.753 1|shelly_notification:163 Status change of switch:0: {""id"":0,""apower"":0,""current"
2026-04-22T15:37:45,iot/dht11/debug,59,[0;36m[D][dht:048]: Temperature 24.8°C Humidity 39.0%[0m
2026-04-22T15:37:45,iot/dht11/debug,53,[0;36m[D][sensor:124]: 'Temperature' >> 24.8 °C[0m
2026-04-22T15:37:45,iot/dht11/sensor/temperature/state,4,24.8
2026-04-22T15:37:45,iot/dht11/debug,46,[0;36m[D][sensor:124]: 'Humidity' >> 39 %[0m
2026-04-22T15:37:45,iot/dht11/sensor/humidity/state,2,39
2026-04-22T15:37:45,shellyazplug-node/rpc,85,"{""id"": 1, ""src"": ""attacker"", ""method"": ""Switch.Set"", ""params"": {""id"": 0, ""on"": true}}"
2026-04-22T15:37:45,attacker/rpc,85,"{""id"":1,""src"":""shellyazplug-e4b323337220"",""dst"":""attacker"",""result"":{""was_on"":false}}"
2026-04-22T15:37:45,shellyazplug-node/debug/log,87,"shellyazplug-e4b323337220 971 30798.233 1|shos_rpc_inst.c:230     Switch.Set via MQTT 
"
2026-04-22T15:37:45,shellyazplug-node/status/switch:0,199,"{""id"":0, ""source"":""MQTT"", ""output"":true, ""apower"":0.0, ""voltage"":233.1, ""freq"":50.0, ""current"":0.000, ""aenergy"":{""total"""
2026-04-22T15:37:45,shellyazplug-node/events/rpc,167,"{""src"":""shellyazplug-e4b323337220"",""dst"":""shellyazplug-node/events"",""method"":""NotifyStatus"",""params"":{""ts"":30798.23,""swi"
2026-04-22T15:37:45,shellyazplug-node/debug/log,132,"shellyazplug-e4b323337220 972 30798.249 1|shelly_notification:163 Status change of switch:0: {""id"":0,""output"":true,""sour"
2026-04-22T15:37:45,shellyazplug-node/rpc,86,"{""id"": 1, ""src"": ""attacker"", ""method"": ""Switch.Set"", ""params"": {""id"": 0, ""on"": false}}"
2026-04-22T15:37:45,attacker/rpc,84,"{""id"":1,""src"":""shellyazplug-e4b323337220"",""dst"":""attacker"",""result"":{""was_on"":true}}"
2026-04-22T15:37:45,shellyazplug-node/debug/log,87,"shellyazplug-e4b323337220 973 30798.734 1|shos_rpc_inst.c:230     Switch.Set via MQTT 
"
2026-04-22T15:37:46,shellyazplug-node/status/switch:0,200,"{""id"":0, ""source"":""MQTT"", ""output"":false, ""apower"":0.0, ""voltage"":233.2, ""freq"":50.0, ""current"":0.000, ""aenergy"":{""total"
2026-04-22T15:37:46,shellyazplug-node/events/rpc,191,"{""src"":""shellyazplug-e4b323337220"",""dst"":""shellyazplug-node/events"",""method"":""NotifyStatus"",""params"":{""ts"":30798.73,""swi"
2026-04-22T15:37:46,shellyazplug-node/debug/log,156,"shellyazplug-e4b323337220 974 30798.752 1|shelly_notification:163 Status change of switch:0: {""id"":0,""apower"":0,""current"
2026-04-22T15:37:46,shellyazplug-node/rpc,85,"{""id"": 1, ""src"": ""attacker"", ""method"": ""Switch.Set"", ""params"": {""id"": 0, ""on"": true}}"
2026-04-22T15:37:46,attacker/rpc,85,"{""id"":1,""src"":""shellyazplug-e4b323337220"",""dst"":""attacker"",""result"":{""was_on"":false}}"
2026-04-22T15:37:46,shellyazplug-node/debug/log,87,"shellyazplug-e4b323337220 975 30799.234 1|shos_rpc_inst.c:230     Switch.Set via MQTT 
"
2026-04-22T15:37:46,shellyazplug-node/status/switch:0,199,"{""id"":0, ""source"":""MQTT"", ""output"":true, ""apower"":0.0, ""voltage"":233.2, ""freq"":50.0, ""current"":0.000, ""aenergy"":{""total"""
2026-04-22T15:37:46,shellyazplug-node/events/rpc,167,"{""src"":""shellyazplug-e4b323337220"",""dst"":""shellyazplug-node/events"",""method"":""NotifyStatus"",""params"":{""ts"":30799.23,""swi"
2026-04-22T15:37:46,shellyazplug-node/debug/log,132,"shellyazplug-e4b323337220 976 30799.250 1|shelly_notification:163 Status change of switch:0: {""id"":0,""output"":true,""sour"
2026-04-22T15:37:46,shellyazplug-node/rpc,86,"{""id"": 1, ""src"": ""attacker"", ""method"": ""Switch.Set"", ""params"": {""id"": 0, ""on"": false}}"
2026-04-22T15:37:46,attacker/rpc,84,"{""id"":1,""src"":""shellyazplug-e4b323337220"",""dst"":""attacker"",""result"":{""was_on"":true}}"
2026-04-22T15:37:46,shellyazplug-node/debug/log,87,"shellyazplug-e4b323337220 977 30799.735 1|shos_rpc_inst.c:230     Switch.Set via MQTT 
"
2026-04-22T15:37:47,shellyazplug-node/status/switch:0,200,"{""id"":0, ""source"":""MQTT"", ""output"":false, ""apower"":0.0, ""voltage"":233.3, ""freq"":50.0, ""current"":0.000, ""aenergy"":{""total"
2026-04-22T15:37:47,shellyazplug-node/events/rpc,191,"{""src"":""shellyazplug-e4b323337220"",""dst"":""shellyazplug-node/events"",""method"":""NotifyStatus"",""params"":{""ts"":30799.73,""swi"
2026-04-22T15:37:47,shellyazplug-node/debug/log,156,"shellyazplug-e4b323337220 978 30799.754 1|shelly_notification:163 Status change of switch:0: {""id"":0,""apower"":0,""current"
2026-04-22T15:37:47,shellyazplug-node/rpc,85,"{""id"": 1, ""src"": ""attacker"", ""method"": ""Switch.Set"", ""params"": {""id"": 0, ""on"": true}}"
2026-04-22T15:37:47,attacker/rpc,85,"{""id"":1,""src"":""shellyazplug-e4b323337220"",""dst"":""attacker"",""result"":{""was_on"":false}}"
2026-04-22T15:37:47,shellyazplug-node/debug/log,87,"shellyazplug-e4b323337220 979 30800.235 1|shos_rpc_inst.c:230     Switch.Set via MQTT 
"
2026-04-22T15:37:47,shellyazplug-node/status/switch:0,199,"{""id"":0, ""source"":""MQTT"", ""output"":true, ""apower"":0.0, ""voltage"":233.3, ""freq"":50.0, ""current"":0.000, ""aenergy"":{""total"""
2026-04-22T15:37:47,shellyazplug-node/events/rpc,167,"{""src"":""shellyazplug-e4b323337220"",""dst"":""shellyazplug-node/events"",""method"":""NotifyStatus"",""params"":{""ts"":30800.23,""swi"
2026-04-22T15:37:47,shellyazplug-node/debug/log,132,"shellyazplug-e4b323337220 980 30800.251 1|shelly_notification:163 Status change of switch:0: {""id"":0,""output"":true,""sour"
2026-04-22T15:37:47,shellyazplug-node/rpc,86,"{""id"": 1, ""src"": ""attacker"", ""method"": ""Switch.Set"", ""params"": {""id"": 0, ""on"": false}}"
2026-04-22T15:37:47,attacker/rpc,84,"{""id"":1,""src"":""shellyazplug-e4b323337220"",""dst"":""attacker"",""result"":{""was_on"":true}}"
2026-04-22T15:37:47,shellyazplug-node/debug/log,87,"shellyazplug-e4b323337220 981 30800.735 1|shos_rpc_inst.c:230     Switch.Set via MQTT 
"
2026-04-22T15:37:48,shellyazplug-node/status/switch:0,200,"{""id"":0, ""source"":""MQTT"", ""output"":false, ""apower"":0.0, ""voltage"":233.5, ""freq"":50.0, ""current"":0.000, ""aenergy"":{""total"
2026-04-22T15:37:48,shellyazplug-node/events/rpc,191,"{""src"":""shellyazplug-e4b323337220"",""dst"":""shellyazplug-node/events"",""method"":""NotifyStatus"",""params"":{""ts"":30800.73,""swi"
2026-04-22T15:37:48,shellyazplug-node/debug/log,156,"shellyazplug-e4b323337220 982 30800.754 1|shelly_notification:163 Status change of switch:0: {""id"":0,""apower"":0,""current"
2026-04-22T15:37:48,iot/mq/debug,50,[0;36m[D][sensor:124]: 'Gas Sensor' >> 0.55 V[0m
2026-04-22T15:37:48,iot/mq/sensor/gas_sensor/state,4,0.55
2026-04-22T15:37:48,shellyazplug-node/rpc,85,"{""id"": 1, ""src"": ""attacker"", ""method"": ""Switch.Set"", ""params"": {""id"": 0, ""on"": true}}"
2026-04-22T15:37:48,attacker/rpc,85,"{""id"":1,""src"":""shellyazplug-e4b323337220"",""dst"":""attacker"",""result"":{""was_on"":false}}"
2026-04-22T15:37:48,shellyazplug-node/debug/log,87,"shellyazplug-e4b323337220 983 30801.236 1|shos_rpc_inst.c:230     Switch.Set via MQTT 
"
2026-04-22T15:37:48,shellyazplug-node/status/switch:0,199,"{""id"":0, ""source"":""MQTT"", ""output"":true, ""apower"":0.0, ""voltage"":233.5, ""freq"":50.0, ""current"":0.000, ""aenergy"":{""total"""
2026-04-22T15:37:48,shellyazplug-node/events/rpc,167,"{""src"":""shellyazplug-e4b323337220"",""dst"":""shellyazplug-node/events"",""method"":""NotifyStatus"",""params"":{""ts"":30801.23,""swi"
2026-04-22T15:37:48,shellyazplug-node/debug/log,132,"shellyazplug-e4b323337220 984 30801.252 1|shelly_notification:163 Status change of switch:0: {""id"":0,""output"":true,""sour"
2026-04-22T15:37:48,shellyazplug-node/rpc,86,"{""id"": 1, ""src"": ""attacker"", ""method"": ""Switch.Set"", ""params"": {""id"": 0, ""on"": false}}"
2026-04-22T15:37:48,attacker/rpc,84,"{""id"":1,""src"":""shellyazplug-e4b323337220"",""dst"":""attacker"",""result"":{""was_on"":true}}"
2026-04-22T15:37:48,shellyazplug-node/debug/log,87,"shellyazplug-e4b323337220 985 30801.736 1|shos_rpc_inst.c:230     Switch.Set via MQTT 
"
2026-04-22T15:37:49,shellyazplug-node/status/switch:0,200,"{""id"":0, ""source"":""MQTT"", ""output"":false, ""apower"":0.0, ""voltage"":233.5, ""freq"":50.0, ""current"":0.000, ""aenergy"":{""total"
2026-04-22T15:37:49,shellyazplug-node/events/rpc,191,"{""src"":""shellyazplug-e4b323337220"",""dst"":""shellyazplug-node/events"",""method"":""NotifyStatus"",""params"":{""ts"":30801.73,""swi"
2026-04-22T15:37:49,shellyazplug-node/debug/log,156,"shellyazplug-e4b323337220 986 30801.755 1|shelly_notification:163 Status change of switch:0: {""id"":0,""apower"":0,""current"
2026-04-22T15:37:49,shellyazplug-node/rpc,85,"{""id"": 1, ""src"": ""attacker"", ""method"": ""Switch.Set"", ""params"": {""id"": 0, ""on"": true}}"
2026-04-22T15:37:49,attacker/rpc,85,"{""id"":1,""src"":""shellyazplug-e4b323337220"",""dst"":""attacker"",""result"":{""was_on"":false}}"
2026-04-22T15:37:49,shellyazplug-node/debug/log,87,"shellyazplug-e4b323337220 987 30802.240 1|shos_rpc_inst.c:230     Switch.Set via MQTT 
"
2026-04-22T15:37:49,shellyazplug-node/status/switch:0,199,"{""id"":0, ""source"":""MQTT"", ""output"":true, ""apower"":0.0, ""voltage"":233.5, ""freq"":50.0, ""current"":0.000, ""aenergy"":{""total"""
2026-04-22T15:37:49,shellyazplug-node/events/rpc,167,"{""src"":""shellyazplug-e4b323337220"",""dst"":""shellyazplug-node/events"",""method"":""NotifyStatus"",""params"":{""ts"":30802.24,""swi"
2026-04-22T15:37:49,shellyazplug-node/debug/log,132,"shellyazplug-e4b323337220 988 30802.257 1|shelly_notification:163 Status change of switch:0: {""id"":0,""output"":true,""sour"
2026-04-22T15:37:49,shellyazplug-node/rpc,86,"{""id"": 1, ""src"": ""attacker"", ""method"": ""Switch.Set"", ""params"": {""id"": 0, ""on"": false}}"
2026-04-22T15:37:49,attacker/rpc,84,"{""id"":1,""src"":""shellyazplug-e4b323337220"",""dst"":""attacker"",""result"":{""was_on"":true}}"
2026-04-22T15:37:49,shellyazplug-node/debug/log,87,"shellyazplug-e4b323337220 989 30802.740 1|shos_rpc_inst.c:230     Switch.Set via MQTT 
"
2026-04-22T15:37:50,shellyazplug-node/status/switch:0,200,"{""id"":0, ""source"":""MQTT"", ""output"":false, ""apower"":0.0, ""voltage"":233.5, ""freq"":50.0, ""current"":0.000, ""aenergy"":{""total"
2026-04-22T15:37:50,shellyazplug-node/events/rpc,191,"{""src"":""shellyazplug-e4b323337220"",""dst"":""shellyazplug-node/events"",""method"":""NotifyStatus"",""params"":{""ts"":30802.74,""swi"
2026-04-22T15:37:50,shellyazplug-node/debug/log,156,"shellyazplug-e4b323337220 990 30802.758 1|shelly_notification:163 Status change of switch:0: {""id"":0,""apower"":0,""current"
2026-04-22T15:37:50,shellyazplug-node/rpc,85,"{""id"": 1, ""src"": ""attacker"", ""method"": ""Switch.Set"", ""params"": {""id"": 0, ""on"": true}}"
2026-04-22T15:37:50,attacker/rpc,85,"{""id"":1,""src"":""shellyazplug-e4b323337220"",""dst"":""attacker"",""result"":{""was_on"":false}}"
2026-04-22T15:37:50,shellyazplug-node/debug/log,87,"shellyazplug-e4b323337220 991 30803.240 1|shos_rpc_inst.c:230     Switch.Set via MQTT 
"
2026-04-22T15:37:50,shellyazplug-node/status/switch:0,199,"{""id"":0, ""source"":""MQTT"", ""output"":true, ""apower"":0.0, ""voltage"":233.5, ""freq"":50.0, ""current"":0.000, ""aenergy"":{""total"""
2026-04-22T15:37:50,shellyazplug-node/events/rpc,167,"{""src"":""shellyazplug-e4b323337220"",""dst"":""shellyazplug-node/events"",""method"":""NotifyStatus"",""params"":{""ts"":30803.24,""swi"
2026-04-22T15:37:50,shellyazplug-node/debug/log,132,"shellyazplug-e4b323337220 992 30803.256 1|shelly_notification:163 Status change of switch:0: {""id"":0,""output"":true,""sour"
2026-04-22T15:37:50,shellyazplug-node/rpc,86,"{""id"": 1, ""src"": ""attacker"", ""method"": ""Switch.Set"", ""params"": {""id"": 0, ""on"": false}}"
2026-04-22T15:37:50,attacker/rpc,84,"{""id"":1,""src"":""shellyazplug-e4b323337220"",""dst"":""attacker"",""result"":{""was_on"":true}}"
2026-04-22T15:37:50,shellyazplug-node/debug/log,87,"shellyazplug-e4b323337220 993 30803.741 1|shos_rpc_inst.c:230     Switch.Set via MQTT 
"
2026-04-22T15:37:51,shellyazplug-node/status/switch:0,200,"{""id"":0, ""source"":""MQTT"", ""output"":false, ""apower"":0.0, ""voltage"":233.4, ""freq"":50.0, ""current"":0.000, ""aenergy"":{""total"
2026-04-22T15:37:51,shellyazplug-node/events/rpc,191,"{""src"":""shellyazplug-e4b323337220"",""dst"":""shellyazplug-node/events"",""method"":""NotifyStatus"",""params"":{""ts"":30803.74,""swi"
2026-04-22T15:37:51,shellyazplug-node/debug/log,156,"shellyazplug-e4b323337220 994 30803.760 1|shelly_notification:163 Status change of switch:0: {""id"":0,""apower"":0,""current"
2026-04-22T15:37:51,shellyazplug-node/rpc,85,"{""id"": 1, ""src"": ""attacker"", ""method"": ""Switch.Set"", ""params"": {""id"": 0, ""on"": true}}"
2026-04-22T15:37:51,attacker/rpc,85,"{""id"":1,""src"":""shellyazplug-e4b323337220"",""dst"":""attacker"",""result"":{""was_on"":false}}"
2026-04-22T15:37:51,shellyazplug-node/debug/log,87,"shellyazplug-e4b323337220 995 30804.242 1|shos_rpc_inst.c:230     Switch.Set via MQTT 
"
2026-04-22T15:37:51,shellyazplug-node/status/switch:0,199,"{""id"":0, ""source"":""MQTT"", ""output"":true, ""apower"":0.0, ""voltage"":233.4, ""freq"":50.0, ""current"":0.000, ""aenergy"":{""total"""
2026-04-22T15:37:51,shellyazplug-node/events/rpc,167,"{""src"":""shellyazplug-e4b323337220"",""dst"":""shellyazplug-node/events"",""method"":""NotifyStatus"",""params"":{""ts"":30804.24,""swi"
2026-04-22T15:37:51,shellyazplug-node/debug/log,132,"shellyazplug-e4b323337220 996 30804.259 1|shelly_notification:163 Status change of switch:0: {""id"":0,""output"":true,""sour"
2026-04-22T15:37:51,shellyazplug-node/rpc,86,"{""id"": 1, ""src"": ""attacker"", ""method"": ""Switch.Set"", ""params"": {""id"": 0, ""on"": false}}"
2026-04-22T15:37:51,attacker/rpc,84,"{""id"":1,""src"":""shellyazplug-e4b323337220"",""dst"":""attacker"",""result"":{""was_on"":true}}"
2026-04-22T15:37:51,shellyazplug-node/debug/log,87,"shellyazplug-e4b323337220 997 30804.742 1|shos_rpc_inst.c:230     Switch.Set via MQTT 
"
2026-04-22T15:37:52,shellyazplug-node/status/switch:0,200,"{""id"":0, ""source"":""MQTT"", ""output"":false, ""apower"":0.0, ""voltage"":233.2, ""freq"":50.0, ""current"":0.000, ""aenergy"":{""total"
2026-04-22T15:37:52,shellyazplug-node/events/rpc,191,"{""src"":""shellyazplug-e4b323337220"",""dst"":""shellyazplug-node/events"",""method"":""NotifyStatus"",""params"":{""ts"":30804.74,""swi"
2026-04-22T15:37:52,shellyazplug-node/debug/log,156,"shellyazplug-e4b323337220 998 30804.760 1|shelly_notification:163 Status change of switch:0: {""id"":0,""apower"":0,""current"
2026-04-22T15:37:52,shellyazplug-node/rpc,85,"{""id"": 1, ""src"": ""attacker"", ""method"": ""Switch.Set"", ""params"": {""id"": 0, ""on"": true}}"
2026-04-22T15:37:52,attacker/rpc,85,"{""id"":1,""src"":""shellyazplug-e4b323337220"",""dst"":""attacker"",""result"":{""was_on"":false}}"
2026-04-22T15:37:52,shellyazplug-node/debug/log,87,"shellyazplug-e4b323337220 999 30805.242 1|shos_rpc_inst.c:230     Switch.Set via MQTT 
"
2026-04-22T15:37:52,shellyazplug-node/status/switch:0,199,"{""id"":0, ""source"":""MQTT"", ""output"":true, ""apower"":0.0, ""voltage"":233.2, ""freq"":50.0, ""current"":0.000, ""aenergy"":{""total"""
2026-04-22T15:37:52,shellyazplug-node/events/rpc,167,"{""src"":""shellyazplug-e4b323337220"",""dst"":""shellyazplug-node/events"",""method"":""NotifyStatus"",""params"":{""ts"":30805.24,""swi"
2026-04-22T15:37:52,shellyazplug-node/debug/log,133,"shellyazplug-e4b323337220 1000 30805.258 1|shelly_notification:163 Status change of switch:0: {""id"":0,""output"":true,""sou"
2026-04-22T15:37:52,shellyazplug-node/rpc,86,"{""id"": 1, ""src"": ""attacker"", ""method"": ""Switch.Set"", ""params"": {""id"": 0, ""on"": false}}"
2026-04-22T15:37:52,attacker/rpc,84,"{""id"":1,""src"":""shellyazplug-e4b323337220"",""dst"":""attacker"",""result"":{""was_on"":true}}"
2026-04-22T15:37:52,shellyazplug-node/debug/log,88,"shellyazplug-e4b323337220 1001 30805.742 1|shos_rpc_inst.c:230     Switch.Set via MQTT 
"
2026-04-22T15:37:53,shellyazplug-node/status/switch:0,200,"{""id"":0, ""source"":""MQTT"", ""output"":false, ""apower"":0.0, ""voltage"":233.3, ""freq"":50.0, ""current"":0.000, ""aenergy"":{""total"
2026-04-22T15:37:53,shellyazplug-node/events/rpc,191,"{""src"":""shellyazplug-e4b323337220"",""dst"":""shellyazplug-node/events"",""method"":""NotifyStatus"",""params"":{""ts"":30805.74,""swi"
2026-04-22T15:37:53,shellyazplug-node/debug/log,157,"shellyazplug-e4b323337220 1002 30805.761 1|shelly_notification:163 Status change of switch:0: {""id"":0,""apower"":0,""curren"
2026-04-22T15:37:53,iot/mq/debug,50,[0;36m[D][sensor:124]: 'Gas Sensor' >> 0.55 V[0m
2026-04-22T15:37:53,iot/mq/sensor/gas_sensor/state,4,0.55
2026-04-22T15:37:53,shellyazplug-node/rpc,85,"{""id"": 1, ""src"": ""attacker"", ""method"": ""Switch.Set"", ""params"": {""id"": 0, ""on"": true}}"
2026-04-22T15:37:53,attacker/rpc,85,"{""id"":1,""src"":""shellyazplug-e4b323337220"",""dst"":""attacker"",""result"":{""was_on"":false}}"
2026-04-22T15:37:53,shellyazplug-node/debug/log,88,"shellyazplug-e4b323337220 1003 30806.243 1|shos_rpc_inst.c:230     Switch.Set via MQTT 
"
2026-04-22T15:37:53,shellyazplug-node/status/switch:0,199,"{""id"":0, ""source"":""MQTT"", ""output"":true, ""apower"":0.0, ""voltage"":233.3, ""freq"":50.0, ""current"":0.000, ""aenergy"":{""total"""
2026-04-22T15:37:53,shellyazplug-node/events/rpc,167,"{""src"":""shellyazplug-e4b323337220"",""dst"":""shellyazplug-node/events"",""method"":""NotifyStatus"",""params"":{""ts"":30806.24,""swi"
2026-04-22T15:37:53,shellyazplug-node/debug/log,133,"shellyazplug-e4b323337220 1004 30806.259 1|shelly_notification:163 Status change of switch:0: {""id"":0,""output"":true,""sou"
2026-04-22T15:37:53,shellyazplug-node/rpc,86,"{""id"": 1, ""src"": ""attacker"", ""method"": ""Switch.Set"", ""params"": {""id"": 0, ""on"": false}}"
2026-04-22T15:37:53,attacker/rpc,84,"{""id"":1,""src"":""shellyazplug-e4b323337220"",""dst"":""attacker"",""result"":{""was_on"":true}}"
2026-04-22T15:37:53,shellyazplug-node/debug/log,88,"shellyazplug-e4b323337220 1005 30806.743 1|shos_rpc_inst.c:230     Switch.Set via MQTT 
"
2026-04-22T15:37:54,shellyazplug-node/status/switch:0,200,"{""id"":0, ""source"":""MQTT"", ""output"":false, ""apower"":0.0, ""voltage"":233.7, ""freq"":50.0, ""current"":0.000, ""aenergy"":{""total"
2026-04-22T15:37:54,shellyazplug-node/events/rpc,191,"{""src"":""shellyazplug-e4b323337220"",""dst"":""shellyazplug-node/events"",""method"":""NotifyStatus"",""params"":{""ts"":30806.74,""swi"
2026-04-22T15:37:54,shellyazplug-node/debug/log,157,"shellyazplug-e4b323337220 1006 30806.763 1|shelly_notification:163 Status change of switch:0: {""id"":0,""apower"":0,""curren"
2026-04-22T15:37:54,shellyazplug-node/rpc,85,"{""id"": 1, ""src"": ""attacker"", ""method"": ""Switch.Set"", ""params"": {""id"": 0, ""on"": true}}"
2026-04-22T15:37:54,attacker/rpc,85,"{""id"":1,""src"":""shellyazplug-e4b323337220"",""dst"":""attacker"",""result"":{""was_on"":false}}"
2026-04-22T15:37:54,shellyazplug-node/debug/log,88,"shellyazplug-e4b323337220 1007 30807.244 1|shos_rpc_inst.c:230     Switch.Set via MQTT 
"
2026-04-22T15:37:54,shellyazplug-node/status/switch:0,199,"{""id"":0, ""source"":""MQTT"", ""output"":true, ""apower"":0.0, ""voltage"":233.7, ""freq"":50.0, ""current"":0.000, ""aenergy"":{""total"""
2026-04-22T15:37:54,shellyazplug-node/events/rpc,167,"{""src"":""shellyazplug-e4b323337220"",""dst"":""shellyazplug-node/events"",""method"":""NotifyStatus"",""params"":{""ts"":30807.24,""swi"
2026-04-22T15:37:54,shellyazplug-node/debug/log,133,"shellyazplug-e4b323337220 1008 30807.261 1|shelly_notification:163 Status change of switch:0: {""id"":0,""output"":true,""sou"
2026-04-22T15:37:54,shellyazplug-node/rpc,86,"{""id"": 1, ""src"": ""attacker"", ""method"": ""Switch.Set"", ""params"": {""id"": 0, ""on"": false}}"
2026-04-22T15:37:54,attacker/rpc,84,"{""id"":1,""src"":""shellyazplug-e4b323337220"",""dst"":""attacker"",""result"":{""was_on"":true}}"
2026-04-22T15:37:54,shellyazplug-node/debug/log,88,"shellyazplug-e4b323337220 1009 30807.744 1|shos_rpc_inst.c:230     Switch.Set via MQTT 
"
2026-04-22T15:37:55,shellyazplug-node/status/switch:0,200,"{""id"":0, ""source"":""MQTT"", ""output"":false, ""apower"":0.0, ""voltage"":233.9, ""freq"":50.0, ""current"":0.000, ""aenergy"":{""total"
2026-04-22T15:37:55,shellyazplug-node/events/rpc,191,"{""src"":""shellyazplug-e4b323337220"",""dst"":""shellyazplug-node/events"",""method"":""NotifyStatus"",""params"":{""ts"":30807.74,""swi"
2026-04-22T15:37:55,shellyazplug-node/debug/log,157,"shellyazplug-e4b323337220 1010 30807.763 1|shelly_notification:163 Status change of switch:0: {""id"":0,""apower"":0,""curren"
2026-04-22T15:37:55,iot/dht11/debug,59,[0;36m[D][dht:048]: Temperature 24.8°C Humidity 39.0%[0m
2026-04-22T15:37:55,iot/dht11/debug,53,[0;36m[D][sensor:124]: 'Temperature' >> 24.8 °C[0m
2026-04-22T15:37:55,iot/dht11/sensor/temperature/state,4,24.8
2026-04-22T15:37:55,iot/dht11/debug,46,[0;36m[D][sensor:124]: 'Humidity' >> 39 %[0m
2026-04-22T15:37:55,iot/dht11/sensor/humidity/state,2,39
2026-04-22T15:37:55,shellyazplug-node/rpc,85,"{""id"": 1, ""src"": ""attacker"", ""method"": ""Switch.Set"", ""params"": {""id"": 0, ""on"": true}}"
2026-04-22T15:37:55,attacker/rpc,85,"{""id"":1,""src"":""shellyazplug-e4b323337220"",""dst"":""attacker"",""result"":{""was_on"":false}}"
2026-04-22T15:37:55,shellyazplug-node/debug/log,88,"shellyazplug-e4b323337220 1011 30808.245 1|shos_rpc_inst.c:230     Switch.Set via MQTT 
"
2026-04-22T15:37:55,shellyazplug-node/status/switch:0,199,"{""id"":0, ""source"":""MQTT"", ""output"":true, ""apower"":0.0, ""voltage"":233.9, ""freq"":50.0, ""current"":0.000, ""aenergy"":{""total"""
2026-04-22T15:37:55,shellyazplug-node/events/rpc,167,"{""src"":""shellyazplug-e4b323337220"",""dst"":""shellyazplug-node/events"",""method"":""NotifyStatus"",""params"":{""ts"":30808.24,""swi"
2026-04-22T15:37:55,shellyazplug-node/debug/log,133,"shellyazplug-e4b323337220 1012 30808.261 1|shelly_notification:163 Status change of switch:0: {""id"":0,""output"":true,""sou"
2026-04-22T15:37:55,shellyazplug-node/rpc,86,"{""id"": 1, ""src"": ""attacker"", ""method"": ""Switch.Set"", ""params"": {""id"": 0, ""on"": false}}"
2026-04-22T15:37:55,attacker/rpc,84,"{""id"":1,""src"":""shellyazplug-e4b323337220"",""dst"":""attacker"",""result"":{""was_on"":true}}"
2026-04-22T15:37:55,shellyazplug-node/debug/log,88,"shellyazplug-e4b323337220 1013 30808.745 1|shos_rpc_inst.c:230     Switch.Set via MQTT 
"
2026-04-22T15:37:56,shellyazplug-node/status/switch:0,200,"{""id"":0, ""source"":""MQTT"", ""output"":false, ""apower"":0.0, ""voltage"":233.9, ""freq"":50.0, ""current"":0.000, ""aenergy"":{""total"
2026-04-22T15:37:56,shellyazplug-node/events/rpc,191,"{""src"":""shellyazplug-e4b323337220"",""dst"":""shellyazplug-node/events"",""method"":""NotifyStatus"",""params"":{""ts"":30808.74,""swi"
2026-04-22T15:37:56,shellyazplug-node/debug/log,157,"shellyazplug-e4b323337220 1014 30808.764 1|shelly_notification:163 Status change of switch:0: {""id"":0,""apower"":0,""curren"
2026-04-22T15:37:56,shellyazplug-node/rpc,85,"{""id"": 1, ""src"": ""attacker"", ""method"": ""Switch.Set"", ""params"": {""id"": 0, ""on"": true}}"
2026-04-22T15:37:56,attacker/rpc,85,"{""id"":1,""src"":""shellyazplug-e4b323337220"",""dst"":""attacker"",""result"":{""was_on"":false}}"
2026-04-22T15:37:56,shellyazplug-node/debug/log,88,"shellyazplug-e4b323337220 1015 30809.246 1|shos_rpc_inst.c:230     Switch.Set via MQTT 
"
2026-04-22T15:37:56,shellyazplug-node/status/switch:0,199,"{""id"":0, ""source"":""MQTT"", ""output"":true, ""apower"":0.0, ""voltage"":233.9, ""freq"":50.0, ""current"":0.000, ""aenergy"":{""total"""
2026-04-22T15:37:56,shellyazplug-node/events/rpc,167,"{""src"":""shellyazplug-e4b323337220"",""dst"":""shellyazplug-node/events"",""method"":""NotifyStatus"",""params"":{""ts"":30809.24,""swi"
2026-04-22T15:37:56,shellyazplug-node/debug/log,133,"shellyazplug-e4b323337220 1016 30809.262 1|shelly_notification:163 Status change of switch:0: {""id"":0,""output"":true,""sou"
2026-04-22T15:37:56,shellyazplug-node/rpc,86,"{""id"": 1, ""src"": ""attacker"", ""method"": ""Switch.Set"", ""params"": {""id"": 0, ""on"": false}}"
2026-04-22T15:37:56,attacker/rpc,84,"{""id"":1,""src"":""shellyazplug-e4b323337220"",""dst"":""attacker"",""result"":{""was_on"":true}}"
2026-04-22T15:37:56,shellyazplug-node/debug/log,88,"shellyazplug-e4b323337220 1017 30809.747 1|shos_rpc_inst.c:230     Switch.Set via MQTT 
"
2026-04-22T15:37:57,shellyazplug-node/status/switch:0,200,"{""id"":0, ""source"":""MQTT"", ""output"":false, ""apower"":0.0, ""voltage"":233.8, ""freq"":50.0, ""current"":0.000, ""aenergy"":{""total"
2026-04-22T15:37:57,shellyazplug-node/events/rpc,191,"{""src"":""shellyazplug-e4b323337220"",""dst"":""shellyazplug-node/events"",""method"":""NotifyStatus"",""params"":{""ts"":30809.74,""swi"
2026-04-22T15:37:57,shellyazplug-node/debug/log,157,"shellyazplug-e4b323337220 1018 30809.765 1|shelly_notification:163 Status change of switch:0: {""id"":0,""apower"":0,""curren"
2026-04-22T15:37:57,shellyazplug-node/rpc,85,"{""id"": 1, ""src"": ""attacker"", ""method"": ""Switch.Set"", ""params"": {""id"": 0, ""on"": true}}"
2026-04-22T15:37:57,attacker/rpc,85,"{""id"":1,""src"":""shellyazplug-e4b323337220"",""dst"":""attacker"",""result"":{""was_on"":false}}"
2026-04-22T15:37:57,shellyazplug-node/debug/log,88,"shellyazplug-e4b323337220 1019 30810.247 1|shos_rpc_inst.c:230     Switch.Set via MQTT 
"
2026-04-22T15:37:57,shellyazplug-node/status/switch:0,199,"{""id"":0, ""source"":""MQTT"", ""output"":true, ""apower"":0.0, ""voltage"":233.8, ""freq"":50.0, ""current"":0.000, ""aenergy"":{""total"""
2026-04-22T15:37:57,shellyazplug-node/events/rpc,167,"{""src"":""shellyazplug-e4b323337220"",""dst"":""shellyazplug-node/events"",""method"":""NotifyStatus"",""params"":{""ts"":30810.24,""swi"
2026-04-22T15:37:57,shellyazplug-node/debug/log,133,"shellyazplug-e4b323337220 1020 30810.263 1|shelly_notification:163 Status change of switch:0: {""id"":0,""output"":true,""sou"
2026-04-22T15:37:57,shellyazplug-node/rpc,86,"{""id"": 1, ""src"": ""attacker"", ""method"": ""Switch.Set"", ""params"": {""id"": 0, ""on"": false}}"
2026-04-22T15:37:57,attacker/rpc,84,"{""id"":1,""src"":""shellyazplug-e4b323337220"",""dst"":""attacker"",""result"":{""was_on"":true}}"
2026-04-22T15:37:57,shellyazplug-node/debug/log,88,"shellyazplug-e4b323337220 1021 30810.752 1|shos_rpc_inst.c:230     Switch.Set via MQTT 
"
2026-04-22T15:37:58,shellyazplug-node/status/switch:0,200,"{""id"":0, ""source"":""MQTT"", ""output"":false, ""apower"":0.0, ""voltage"":233.8, ""freq"":50.0, ""current"":0.000, ""aenergy"":{""total"
2026-04-22T15:37:58,shellyazplug-node/events/rpc,191,"{""src"":""shellyazplug-e4b323337220"",""dst"":""shellyazplug-node/events"",""method"":""NotifyStatus"",""params"":{""ts"":30810.75,""swi"
2026-04-22T15:37:58,shellyazplug-node/debug/log,157,"shellyazplug-e4b323337220 1022 30810.772 1|shelly_notification:163 Status change of switch:0: {""id"":0,""apower"":0,""curren"
2026-04-22T15:37:58,iot/mq/debug,50,[0;36m[D][sensor:124]: 'Gas Sensor' >> 0.55 V[0m
2026-04-22T15:37:58,iot/mq/sensor/gas_sensor/state,4,0.55
2026-04-22T15:37:58,shellyazplug-node/rpc,85,"{""id"": 1, ""src"": ""attacker"", ""method"": ""Switch.Set"", ""params"": {""id"": 0, ""on"": true}}"
2026-04-22T15:37:58,attacker/rpc,85,"{""id"":1,""src"":""shellyazplug-e4b323337220"",""dst"":""attacker"",""result"":{""was_on"":false}}"
2026-04-22T15:37:58,shellyazplug-node/debug/log,88,"shellyazplug-e4b323337220 1023 30811.248 1|shos_rpc_inst.c:230     Switch.Set via MQTT 
"
2026-04-22T15:37:58,shellyazplug-node/status/switch:0,199,"{""id"":0, ""source"":""MQTT"", ""output"":true, ""apower"":0.0, ""voltage"":233.8, ""freq"":50.0, ""current"":0.000, ""aenergy"":{""total"""
2026-04-22T15:37:58,shellyazplug-node/events/rpc,167,"{""src"":""shellyazplug-e4b323337220"",""dst"":""shellyazplug-node/events"",""method"":""NotifyStatus"",""params"":{""ts"":30811.24,""swi"
2026-04-22T15:37:58,shellyazplug-node/debug/log,133,"shellyazplug-e4b323337220 1024 30811.264 1|shelly_notification:163 Status change of switch:0: {""id"":0,""output"":true,""sou"
2026-04-22T15:37:58,shellyazplug-node/rpc,86,"{""id"": 1, ""src"": ""attacker"", ""method"": ""Switch.Set"", ""params"": {""id"": 0, ""on"": false}}"
2026-04-22T15:37:58,attacker/rpc,84,"{""id"":1,""src"":""shellyazplug-e4b323337220"",""dst"":""attacker"",""result"":{""was_on"":true}}"
2026-04-22T15:37:58,shellyazplug-node/debug/log,88,"shellyazplug-e4b323337220 1025 30811.748 1|shos_rpc_inst.c:230     Switch.Set via MQTT 
"
2026-04-22T15:37:59,shellyazplug-node/status/switch:0,200,"{""id"":0, ""source"":""MQTT"", ""output"":false, ""apower"":0.0, ""voltage"":233.8, ""freq"":50.0, ""current"":0.000, ""aenergy"":{""total"
2026-04-22T15:37:59,shellyazplug-node/events/rpc,191,"{""src"":""shellyazplug-e4b323337220"",""dst"":""shellyazplug-node/events"",""method"":""NotifyStatus"",""params"":{""ts"":30811.75,""swi"
2026-04-22T15:37:59,shellyazplug-node/debug/log,157,"shellyazplug-e4b323337220 1026 30811.767 1|shelly_notification:163 Status change of switch:0: {""id"":0,""apower"":0,""curren"
2026-04-22T15:37:59,shellyazplug-node/rpc,85,"{""id"": 1, ""src"": ""attacker"", ""method"": ""Switch.Set"", ""params"": {""id"": 0, ""on"": true}}"
2026-04-22T15:37:59,attacker/rpc,85,"{""id"":1,""src"":""shellyazplug-e4b323337220"",""dst"":""attacker"",""result"":{""was_on"":false}}"
2026-04-22T15:37:59,shellyazplug-node/debug/log,88,"shellyazplug-e4b323337220 1027 30812.249 1|shos_rpc_inst.c:230     Switch.Set via MQTT 
"
2026-04-22T15:37:59,shellyazplug-node/status/switch:0,199,"{""id"":0, ""source"":""MQTT"", ""output"":true, ""apower"":0.0, ""voltage"":233.8, ""freq"":50.0, ""current"":0.000, ""aenergy"":{""total"""
2026-04-22T15:37:59,shellyazplug-node/events/rpc,167,"{""src"":""shellyazplug-e4b323337220"",""dst"":""shellyazplug-node/events"",""method"":""NotifyStatus"",""params"":{""ts"":30812.25,""swi"
2026-04-22T15:37:59,shellyazplug-node/debug/log,133,"shellyazplug-e4b323337220 1028 30812.265 1|shelly_notification:163 Status change of switch:0: {""id"":0,""output"":true,""sou"
2026-04-22T15:37:59,shellyazplug-node/rpc,86,"{""id"": 1, ""src"": ""attacker"", ""method"": ""Switch.Set"", ""params"": {""id"": 0, ""on"": false}}"
2026-04-22T15:37:59,attacker/rpc,84,"{""id"":1,""src"":""shellyazplug-e4b323337220"",""dst"":""attacker"",""result"":{""was_on"":true}}"
2026-04-22T15:37:59,shellyazplug-node/debug/log,88,"shellyazplug-e4b323337220 1029 30812.750 1|shos_rpc_inst.c:230     Switch.Set via MQTT 
"
2026-04-22T15:38:00,shellyazplug-node/status/switch:0,200,"{""id"":0, ""source"":""MQTT"", ""output"":false, ""apower"":0.0, ""voltage"":233.8, ""freq"":50.0, ""current"":0.000, ""aenergy"":{""total"
2026-04-22T15:38:00,shellyazplug-node/events/rpc,191,"{""src"":""shellyazplug-e4b323337220"",""dst"":""shellyazplug-node/events"",""method"":""NotifyStatus"",""params"":{""ts"":30812.75,""swi"
2026-04-22T15:38:00,shellyazplug-node/debug/log,157,"shellyazplug-e4b323337220 1030 30812.768 1|shelly_notification:163 Status change of switch:0: {""id"":0,""apower"":0,""curren"
2026-04-22T15:38:00,shellyazplug-node/rpc,85,"{""id"": 1, ""src"": ""attacker"", ""method"": ""Switch.Set"", ""params"": {""id"": 0, ""on"": true}}"
2026-04-22T15:38:00,attacker/rpc,85,"{""id"":1,""src"":""shellyazplug-e4b323337220"",""dst"":""attacker"",""result"":{""was_on"":false}}"
2026-04-22T15:38:00,shellyazplug-node/debug/log,88,"shellyazplug-e4b323337220 1031 30813.251 1|shos_rpc_inst.c:230     Switch.Set via MQTT 
"
2026-04-22T15:38:00,shellyazplug-node/status/switch:0,199,"{""id"":0, ""source"":""MQTT"", ""output"":true, ""apower"":0.0, ""voltage"":233.8, ""freq"":50.0, ""current"":0.000, ""aenergy"":{""total"""
2026-04-22T15:38:00,shellyazplug-node/events/rpc,167,"{""src"":""shellyazplug-e4b323337220"",""dst"":""shellyazplug-node/events"",""method"":""NotifyStatus"",""params"":{""ts"":30813.25,""swi"
2026-04-22T15:38:00,shellyazplug-node/debug/log,133,"shellyazplug-e4b323337220 1032 30813.268 1|shelly_notification:163 Status change of switch:0: {""id"":0,""output"":true,""sou"
2026-04-22T15:38:00,shellyazplug-node/rpc,86,"{""id"": 1, ""src"": ""attacker"", ""method"": ""Switch.Set"", ""params"": {""id"": 0, ""on"": false}}"
2026-04-22T15:38:00,attacker/rpc,84,"{""id"":1,""src"":""shellyazplug-e4b323337220"",""dst"":""attacker"",""result"":{""was_on"":true}}"
2026-04-22T15:38:00,shellyazplug-node/debug/log,88,"shellyazplug-e4b323337220 1033 30813.750 1|shos_rpc_inst.c:230     Switch.Set via MQTT 
"
2026-04-22T15:38:01,shellyazplug-node/status/switch:0,200,"{""id"":0, ""source"":""MQTT"", ""output"":false, ""apower"":0.0, ""voltage"":233.8, ""freq"":50.0, ""current"":0.000, ""aenergy"":{""total"
2026-04-22T15:38:01,shellyazplug-node/events/rpc,191,"{""src"":""shellyazplug-e4b323337220"",""dst"":""shellyazplug-node/events"",""method"":""NotifyStatus"",""params"":{""ts"":30813.75,""swi"
2026-04-22T15:38:01,shellyazplug-node/debug/log,157,"shellyazplug-e4b323337220 1034 30813.769 1|shelly_notification:163 Status change of switch:0: {""id"":0,""apower"":0,""curren"
2026-04-22T15:38:01,shellyazplug-node/rpc,85,"{""id"": 1, ""src"": ""attacker"", ""method"": ""Switch.Set"", ""params"": {""id"": 0, ""on"": true}}"
2026-04-22T15:38:01,attacker/rpc,85,"{""id"":1,""src"":""shellyazplug-e4b323337220"",""dst"":""attacker"",""result"":{""was_on"":false}}"
2026-04-22T15:38:01,shellyazplug-node/debug/log,88,"shellyazplug-e4b323337220 1035 30814.251 1|shos_rpc_inst.c:230     Switch.Set via MQTT 
"
2026-04-22T15:38:01,shellyazplug-node/status/switch:0,199,"{""id"":0, ""source"":""MQTT"", ""output"":true, ""apower"":0.0, ""voltage"":233.8, ""freq"":50.0, ""current"":0.000, ""aenergy"":{""total"""
2026-04-22T15:38:01,shellyazplug-node/events/rpc,167,"{""src"":""shellyazplug-e4b323337220"",""dst"":""shellyazplug-node/events"",""method"":""NotifyStatus"",""params"":{""ts"":30814.25,""swi"
2026-04-22T15:38:01,shellyazplug-node/debug/log,133,"shellyazplug-e4b323337220 1036 30814.267 1|shelly_notification:163 Status change of switch:0: {""id"":0,""output"":true,""sou"
2026-04-22T15:38:01,shellyazplug-node/rpc,86,"{""id"": 1, ""src"": ""attacker"", ""method"": ""Switch.Set"", ""params"": {""id"": 0, ""on"": false}}"
2026-04-22T15:38:01,attacker/rpc,84,"{""id"":1,""src"":""shellyazplug-e4b323337220"",""dst"":""attacker"",""result"":{""was_on"":true}}"
2026-04-22T15:38:01,shellyazplug-node/debug/log,88,"shellyazplug-e4b323337220 1037 30814.752 1|shos_rpc_inst.c:230     Switch.Set via MQTT 
"
2026-04-22T15:38:02,shellyazplug-node/status/switch:0,200,"{""id"":0, ""source"":""MQTT"", ""output"":false, ""apower"":0.0, ""voltage"":234.0, ""freq"":50.0, ""current"":0.000, ""aenergy"":{""total"
2026-04-22T15:38:02,shellyazplug-node/events/rpc,191,"{""src"":""shellyazplug-e4b323337220"",""dst"":""shellyazplug-node/events"",""method"":""NotifyStatus"",""params"":{""ts"":30814.75,""swi"
2026-04-22T15:38:02,shellyazplug-node/debug/log,157,"shellyazplug-e4b323337220 1038 30814.771 1|shelly_notification:163 Status change of switch:0: {""id"":0,""apower"":0,""curren"
2026-04-22T15:38:02,shellyazplug-node/rpc,85,"{""id"": 1, ""src"": ""attacker"", ""method"": ""Switch.Set"", ""params"": {""id"": 0, ""on"": true}}"
2026-04-22T15:38:02,attacker/rpc,85,"{""id"":1,""src"":""shellyazplug-e4b323337220"",""dst"":""attacker"",""result"":{""was_on"":false}}"
2026-04-22T15:38:02,shellyazplug-node/debug/log,88,"shellyazplug-e4b323337220 1039 30815.252 1|shos_rpc_inst.c:230     Switch.Set via MQTT 
"
2026-04-22T15:38:02,shellyazplug-node/status/switch:0,199,"{""id"":0, ""source"":""MQTT"", ""output"":true, ""apower"":0.0, ""voltage"":234.0, ""freq"":50.0, ""current"":0.000, ""aenergy"":{""total"""
2026-04-22T15:38:02,shellyazplug-node/events/rpc,167,"{""src"":""shellyazplug-e4b323337220"",""dst"":""shellyazplug-node/events"",""method"":""NotifyStatus"",""params"":{""ts"":30815.25,""swi"
2026-04-22T15:38:02,shellyazplug-node/debug/log,133,"shellyazplug-e4b323337220 1040 30815.269 1|shelly_notification:163 Status change of switch:0: {""id"":0,""output"":true,""sou"
2026-04-22T15:38:02,shellyazplug-node/rpc,86,"{""id"": 1, ""src"": ""attacker"", ""method"": ""Switch.Set"", ""params"": {""id"": 0, ""on"": false}}"
2026-04-22T15:38:02,attacker/rpc,84,"{""id"":1,""src"":""shellyazplug-e4b323337220"",""dst"":""attacker"",""result"":{""was_on"":true}}"
2026-04-22T15:38:02,shellyazplug-node/debug/log,88,"shellyazplug-e4b323337220 1041 30815.753 1|shos_rpc_inst.c:230     Switch.Set via MQTT 
"
2026-04-22T15:38:03,shellyazplug-node/status/switch:0,200,"{""id"":0, ""source"":""MQTT"", ""output"":false, ""apower"":0.0, ""voltage"":234.0, ""freq"":50.0, ""current"":0.000, ""aenergy"":{""total"
2026-04-22T15:38:03,shellyazplug-node/events/rpc,191,"{""src"":""shellyazplug-e4b323337220"",""dst"":""shellyazplug-node/events"",""method"":""NotifyStatus"",""params"":{""ts"":30815.75,""swi"
2026-04-22T15:38:03,shellyazplug-node/debug/log,157,"shellyazplug-e4b323337220 1042 30815.771 1|shelly_notification:163 Status change of switch:0: {""id"":0,""apower"":0,""curren"
2026-04-22T15:38:03,iot/mq/debug,50,[0;36m[D][sensor:124]: 'Gas Sensor' >> 0.55 V[0m
2026-04-22T15:38:03,iot/mq/sensor/gas_sensor/state,4,0.55
2026-04-22T15:38:03,shellyazplug-node/rpc,85,"{""id"": 1, ""src"": ""attacker"", ""method"": ""Switch.Set"", ""params"": {""id"": 0, ""on"": true}}"
2026-04-22T15:38:03,attacker/rpc,85,"{""id"":1,""src"":""shellyazplug-e4b323337220"",""dst"":""attacker"",""result"":{""was_on"":false}}"
2026-04-22T15:38:03,shellyazplug-node/debug/log,88,"shellyazplug-e4b323337220 1043 30816.254 1|shos_rpc_inst.c:230     Switch.Set via MQTT 
"
2026-04-22T15:38:03,shellyazplug-node/status/switch:0,199,"{""id"":0, ""source"":""MQTT"", ""output"":true, ""apower"":0.0, ""voltage"":234.0, ""freq"":50.0, ""current"":0.000, ""aenergy"":{""total"""
2026-04-22T15:38:03,shellyazplug-node/events/rpc,167,"{""src"":""shellyazplug-e4b323337220"",""dst"":""shellyazplug-node/events"",""method"":""NotifyStatus"",""params"":{""ts"":30816.25,""swi"
2026-04-22T15:38:03,shellyazplug-node/debug/log,133,"shellyazplug-e4b323337220 1044 30816.270 1|shelly_notification:163 Status change of switch:0: {""id"":0,""output"":true,""sou"
2026-04-22T15:38:03,shellyazplug-node/rpc,86,"{""id"": 1, ""src"": ""attacker"", ""method"": ""Switch.Set"", ""params"": {""id"": 0, ""on"": false}}"
2026-04-22T15:38:03,attacker/rpc,84,"{""id"":1,""src"":""shellyazplug-e4b323337220"",""dst"":""attacker"",""result"":{""was_on"":true}}"
2026-04-22T15:38:03,shellyazplug-node/debug/log,88,"shellyazplug-e4b323337220 1045 30816.755 1|shos_rpc_inst.c:230     Switch.Set via MQTT 
"
2026-04-22T15:38:04,shellyazplug-node/status/switch:0,200,"{""id"":0, ""source"":""MQTT"", ""output"":false, ""apower"":0.0, ""voltage"":233.9, ""freq"":50.0, ""current"":0.000, ""aenergy"":{""total"
2026-04-22T15:38:04,shellyazplug-node/events/rpc,191,"{""src"":""shellyazplug-e4b323337220"",""dst"":""shellyazplug-node/events"",""method"":""NotifyStatus"",""params"":{""ts"":30816.75,""swi"
2026-04-22T15:38:04,shellyazplug-node/debug/log,157,"shellyazplug-e4b323337220 1046 30816.773 1|shelly_notification:163 Status change of switch:0: {""id"":0,""apower"":0,""curren"
2026-04-22T15:38:04,shellyazplug-node/rpc,85,"{""id"": 1, ""src"": ""attacker"", ""method"": ""Switch.Set"", ""params"": {""id"": 0, ""on"": true}}"
2026-04-22T15:38:04,attacker/rpc,85,"{""id"":1,""src"":""shellyazplug-e4b323337220"",""dst"":""attacker"",""result"":{""was_on"":false}}"
2026-04-22T15:38:04,shellyazplug-node/debug/log,88,"shellyazplug-e4b323337220 1047 30817.255 1|shos_rpc_inst.c:230     Switch.Set via MQTT 
"
2026-04-22T15:38:04,shellyazplug-node/status/switch:0,199,"{""id"":0, ""source"":""MQTT"", ""output"":true, ""apower"":0.0, ""voltage"":233.9, ""freq"":50.0, ""current"":0.000, ""aenergy"":{""total"""
2026-04-22T15:38:04,shellyazplug-node/events/rpc,167,"{""src"":""shellyazplug-e4b323337220"",""dst"":""shellyazplug-node/events"",""method"":""NotifyStatus"",""params"":{""ts"":30817.25,""swi"
2026-04-22T15:38:04,shellyazplug-node/debug/log,133,"shellyazplug-e4b323337220 1048 30817.271 1|shelly_notification:163 Status change of switch:0: {""id"":0,""output"":true,""sou"
2026-04-22T15:38:04,shellyazplug-node/rpc,86,"{""id"": 1, ""src"": ""attacker"", ""method"": ""Switch.Set"", ""params"": {""id"": 0, ""on"": false}}"
2026-04-22T15:38:04,attacker/rpc,84,"{""id"":1,""src"":""shellyazplug-e4b323337220"",""dst"":""attacker"",""result"":{""was_on"":true}}"
2026-04-22T15:38:04,shellyazplug-node/debug/log,88,"shellyazplug-e4b323337220 1049 30817.756 1|shos_rpc_inst.c:230     Switch.Set via MQTT 
"
2026-04-22T15:38:05,shellyazplug-node/status/switch:0,200,"{""id"":0, ""source"":""MQTT"", ""output"":false, ""apower"":0.0, ""voltage"":233.9, ""freq"":50.0, ""current"":0.000, ""aenergy"":{""total"
2026-04-22T15:38:05,shellyazplug-node/events/rpc,191,"{""src"":""shellyazplug-e4b323337220"",""dst"":""shellyazplug-node/events"",""method"":""NotifyStatus"",""params"":{""ts"":30817.75,""swi"
2026-04-22T15:38:05,shellyazplug-node/debug/log,157,"shellyazplug-e4b323337220 1050 30817.774 1|shelly_notification:163 Status change of switch:0: {""id"":0,""apower"":0,""curren"
2026-04-22T15:38:05,iot/dht11/debug,59,[0;36m[D][dht:048]: Temperature 24.8°C Humidity 39.0%[0m
2026-04-22T15:38:05,iot/dht11/debug,53,[0;36m[D][sensor:124]: 'Temperature' >> 24.8 °C[0m
2026-04-22T15:38:05,iot/dht11/sensor/temperature/state,4,24.8
2026-04-22T15:38:05,iot/dht11/debug,46,[0;36m[D][sensor:124]: 'Humidity' >> 39 %[0m
2026-04-22T15:38:05,iot/dht11/sensor/humidity/state,2,39
2026-04-22T15:38:05,shellyazplug-node/rpc,85,"{""id"": 1, ""src"": ""attacker"", ""method"": ""Switch.Set"", ""params"": {""id"": 0, ""on"": true}}"
2026-04-22T15:38:05,attacker/rpc,85,"{""id"":1,""src"":""shellyazplug-e4b323337220"",""dst"":""attacker"",""result"":{""was_on"":false}}"
2026-04-22T15:38:05,shellyazplug-node/debug/log,88,"shellyazplug-e4b323337220 1051 30818.256 1|shos_rpc_inst.c:230     Switch.Set via MQTT 
"
2026-04-22T15:38:05,shellyazplug-node/status/switch:0,199,"{""id"":0, ""source"":""MQTT"", ""output"":true, ""apower"":0.0, ""voltage"":233.9, ""freq"":50.0, ""current"":0.000, ""aenergy"":{""total"""
2026-04-22T15:38:05,shellyazplug-node/events/rpc,167,"{""src"":""shellyazplug-e4b323337220"",""dst"":""shellyazplug-node/events"",""method"":""NotifyStatus"",""params"":{""ts"":30818.25,""swi"
2026-04-22T15:38:05,shellyazplug-node/debug/log,133,"shellyazplug-e4b323337220 1052 30818.273 1|shelly_notification:163 Status change of switch:0: {""id"":0,""output"":true,""sou"
2026-04-22T15:38:05,shellyazplug-node/rpc,86,"{""id"": 1, ""src"": ""attacker"", ""method"": ""Switch.Set"", ""params"": {""id"": 0, ""on"": false}}"
2026-04-22T15:38:05,attacker/rpc,84,"{""id"":1,""src"":""shellyazplug-e4b323337220"",""dst"":""attacker"",""result"":{""was_on"":true}}"
2026-04-22T15:38:06,shellyazplug-node/debug/log,88,"shellyazplug-e4b323337220 1053 30818.758 1|shos_rpc_inst.c:230     Switch.Set via MQTT 
"
2026-04-22T15:38:06,shellyazplug-node/status/switch:0,200,"{""id"":0, ""source"":""MQTT"", ""output"":false, ""apower"":0.0, ""voltage"":233.8, ""freq"":50.0, ""current"":0.000, ""aenergy"":{""total"
2026-04-22T15:38:06,shellyazplug-node/events/rpc,191,"{""src"":""shellyazplug-e4b323337220"",""dst"":""shellyazplug-node/events"",""method"":""NotifyStatus"",""params"":{""ts"":30818.76,""swi"
2026-04-22T15:38:06,shellyazplug-node/debug/log,157,"shellyazplug-e4b323337220 1054 30818.777 1|shelly_notification:163 Status change of switch:0: {""id"":0,""apower"":0,""curren"
2026-04-22T15:38:06,shellyazplug-node/rpc,85,"{""id"": 1, ""src"": ""attacker"", ""method"": ""Switch.Set"", ""params"": {""id"": 0, ""on"": true}}"
2026-04-22T15:38:06,attacker/rpc,85,"{""id"":1,""src"":""shellyazplug-e4b323337220"",""dst"":""attacker"",""result"":{""was_on"":false}}"
2026-04-22T15:38:06,shellyazplug-node/debug/log,88,"shellyazplug-e4b323337220 1055 30819.258 1|shos_rpc_inst.c:230     Switch.Set via MQTT 
"
2026-04-22T15:38:06,shellyazplug-node/status/switch:0,199,"{""id"":0, ""source"":""MQTT"", ""output"":true, ""apower"":0.0, ""voltage"":233.8, ""freq"":50.0, ""current"":0.000, ""aenergy"":{""total"""
2026-04-22T15:38:06,shellyazplug-node/events/rpc,167,"{""src"":""shellyazplug-e4b323337220"",""dst"":""shellyazplug-node/events"",""method"":""NotifyStatus"",""params"":{""ts"":30819.25,""swi"
2026-04-22T15:38:06,shellyazplug-node/debug/log,133,"shellyazplug-e4b323337220 1056 30819.274 1|shelly_notification:163 Status change of switch:0: {""id"":0,""output"":true,""sou"
2026-04-22T15:38:08,iot/mq/debug,50,[0;36m[D][sensor:124]: 'Gas Sensor' >> 0.55 V[0m
2026-04-22T15:38:08,iot/mq/sensor/gas_sensor/state,4,0.55
2026-04-22T15:38:13,iot/mq/debug,50,[0;36m[D][sensor:124]: 'Gas Sensor' >> 0.55 V[0m
2026-04-22T15:38:13,iot/mq/sensor/gas_sensor/state,4,0.55
2026-04-22T15:38:15,iot/dht11/debug,59,[0;36m[D][dht:048]: Temperature 24.8°C Humidity 39.0%[0m
2026-04-22T15:38:15,iot/dht11/debug,53,[0;36m[D][sensor:124]: 'Temperature' >> 24.8 °C[0m
2026-04-22T15:38:15,iot/dht11/sensor/temperature/state,4,24.8
2026-04-22T15:38:15,iot/dht11/debug,46,[0;36m[D][sensor:124]: 'Humidity' >> 39 %[0m
2026-04-22T15:38:15,iot/dht11/sensor/humidity/state,2,39
2026-04-22T15:38:18,iot/mq/debug,50,[0;36m[D][sensor:124]: 'Gas Sensor' >> 0.55 V[0m
2026-04-22T15:38:18,iot/mq/sensor/gas_sensor/state,4,0.55
2026-04-22T15:38:23,iot/mq/debug,50,[0;36m[D][sensor:124]: 'Gas Sensor' >> 0.55 V[0m
2026-04-22T15:38:23,iot/mq/sensor/gas_sensor/state,4,0.55
2026-04-22T15:38:25,iot/dht11/debug,59,[0;36m[D][dht:048]: Temperature 24.8°C Humidity 39.0%[0m
2026-04-22T15:38:25,iot/dht11/debug,53,[0;36m[D][sensor:124]: 'Temperature' >> 24.8 °C[0m
2026-04-22T15:38:25,iot/dht11/sensor/temperature/state,4,24.8
2026-04-22T15:38:25,iot/dht11/debug,46,[0;36m[D][sensor:124]: 'Humidity' >> 39 %[0m
2026-04-22T15:38:25,iot/dht11/sensor/humidity/state,2,39
2026-04-22T15:38:28,iot/mq/debug,50,[0;36m[D][sensor:124]: 'Gas Sensor' >> 0.55 V[0m
2026-04-22T15:38:28,iot/mq/sensor/gas_sensor/state,4,0.55
2026-04-22T15:38:33,iot/mq/debug,50,[0;36m[D][sensor:124]: 'Gas Sensor' >> 0.55 V[0m
2026-04-22T15:38:33,iot/mq/sensor/gas_sensor/state,4,0.55
2026-04-22T15:38:35,iot/dht11/debug,59,[0;36m[D][dht:048]: Temperature 24.8°C Humidity 39.0%[0m
2026-04-22T15:38:35,iot/dht11/debug,53,[0;36m[D][sensor:124]: 'Temperature' >> 24.8 °C[0m
2026-04-22T15:38:35,iot/dht11/sensor/temperature/state,4,24.8
2026-04-22T15:38:35,iot/dht11/debug,46,[0;36m[D][sensor:124]: 'Humidity' >> 39 %[0m
2026-04-22T15:38:35,iot/dht11/sensor/humidity/state,2,39
2026-04-22T15:38:38,iot/mq/debug,50,[0;36m[D][sensor:124]: 'Gas Sensor' >> 0.55 V[0m
2026-04-22T15:38:38,iot/mq/sensor/gas_sensor/state,4,0.55
2026-04-22T15:38:43,iot/mq/debug,50,[0;36m[D][sensor:124]: 'Gas Sensor' >> 0.55 V[0m
2026-04-22T15:38:43,iot/mq/sensor/gas_sensor/state,4,0.55
2026-04-22T15:38:45,iot/dht11/debug,59,[0;36m[D][dht:048]: Temperature 24.8°C Humidity 39.0%[0m
2026-04-22T15:38:45,iot/dht11/debug,53,[0;36m[D][sensor:124]: 'Temperature' >> 24.8 °C[0m
2026-04-22T15:38:45,iot/dht11/sensor/temperature/state,4,24.8
2026-04-22T15:38:45,iot/dht11/debug,46,[0;36m[D][sensor:124]: 'Humidity' >> 39 %[0m
2026-04-22T15:38:45,iot/dht11/sensor/humidity/state,2,39
2026-04-22T15:38:48,iot/mq/debug,50,[0;36m[D][sensor:124]: 'Gas Sensor' >> 0.55 V[0m
2026-04-22T15:38:48,iot/mq/sensor/gas_sensor/state,4,0.55
2026-04-22T15:38:53,iot/mq/debug,50,[0;36m[D][sensor:124]: 'Gas Sensor' >> 0.55 V[0m
2026-04-22T15:38:53,iot/mq/sensor/gas_sensor/state,4,0.55
2026-04-22T15:38:55,iot/dht11/debug,59,[0;36m[D][dht:048]: Temperature 24.8°C Humidity 39.0%[0m
2026-04-22T15:38:55,iot/dht11/debug,53,[0;36m[D][sensor:124]: 'Temperature' >> 24.8 °C[0m
2026-04-22T15:38:55,iot/dht11/sensor/temperature/state,4,24.8
2026-04-22T15:38:55,iot/dht11/debug,46,[0;36m[D][sensor:124]: 'Humidity' >> 39 %[0m
2026-04-22T15:38:55,iot/dht11/sensor/humidity/state,2,39
2026-04-22T15:38:58,iot/mq/debug,50,[0;36m[D][sensor:124]: 'Gas Sensor' >> 0.55 V[0m
2026-04-22T15:38:58,iot/mq/sensor/gas_sensor/state,4,0.55
2026-04-22T15:39:03,iot/mq/debug,50,[0;36m[D][sensor:124]: 'Gas Sensor' >> 0.55 V[0m
2026-04-22T15:39:03,iot/mq/sensor/gas_sensor/state,4,0.55
2026-04-22T15:39:05,iot/dht11/debug,59,[0;36m[D][dht:048]: Temperature 24.8°C Humidity 39.0%[0m
2026-04-22T15:39:05,iot/dht11/debug,53,[0;36m[D][sensor:124]: 'Temperature' >> 24.8 °C[0m
2026-04-22T15:39:05,iot/dht11/sensor/temperature/state,4,24.8
2026-04-22T15:39:05,iot/dht11/debug,46,[0;36m[D][sensor:124]: 'Humidity' >> 39 %[0m
2026-04-22T15:39:05,iot/dht11/sensor/humidity/state,2,39
2026-04-22T15:39:08,iot/mq/debug,50,[0;36m[D][sensor:124]: 'Gas Sensor' >> 0.55 V[0m
2026-04-22T15:39:08,iot/mq/sensor/gas_sensor/state,4,0.55
2026-04-22T15:39:13,iot/mq/debug,50,[0;36m[D][sensor:124]: 'Gas Sensor' >> 0.55 V[0m
2026-04-22T15:39:13,iot/mq/sensor/gas_sensor/state,4,0.55
2026-04-22T15:39:15,iot/dht11/debug,59,[0;36m[D][dht:048]: Temperature 24.8°C Humidity 39.0%[0m
2026-04-22T15:39:15,iot/dht11/debug,53,[0;36m[D][sensor:124]: 'Temperature' >> 24.8 °C[0m
2026-04-22T15:39:15,iot/dht11/sensor/temperature/state,4,24.8
2026-04-22T15:39:15,iot/dht11/debug,46,[0;36m[D][sensor:124]: 'Humidity' >> 39 %[0m
2026-04-22T15:39:15,iot/dht11/sensor/humidity/state,2,39
2026-04-22T15:39:18,iot/mq/debug,50,[0;36m[D][sensor:124]: 'Gas Sensor' >> 0.55 V[0m
2026-04-22T15:39:18,iot/mq/sensor/gas_sensor/state,4,0.55
2026-04-22T15:39:23,iot/mq/debug,50,[0;36m[D][sensor:124]: 'Gas Sensor' >> 0.55 V[0m
2026-04-22T15:39:23,iot/mq/sensor/gas_sensor/state,4,0.55
2026-04-22T15:39:25,iot/dht11/debug,59,[0;36m[D][dht:048]: Temperature 24.8°C Humidity 39.0%[0m
2026-04-22T15:39:25,iot/dht11/debug,53,[0;36m[D][sensor:124]: 'Temperature' >> 24.8 °C[0m
2026-04-22T15:39:25,iot/dht11/sensor/temperature/state,4,24.8
2026-04-22T15:39:25,iot/dht11/debug,46,[0;36m[D][sensor:124]: 'Humidity' >> 39 %[0m
2026-04-22T15:39:25,iot/dht11/sensor/humidity/state,2,39
2026-04-22T15:39:28,iot/mq/debug,50,[0;36m[D][sensor:124]: 'Gas Sensor' >> 0.55 V[0m
2026-04-22T15:39:28,iot/mq/sensor/gas_sensor/state,4,0.55
2026-04-22T15:39:33,iot/mq/debug,50,[0;36m[D][sensor:124]: 'Gas Sensor' >> 0.55 V[0m
2026-04-22T15:39:33,iot/mq/sensor/gas_sensor/state,4,0.55
2026-04-22T15:39:35,iot/dht11/debug,59,[0;36m[D][dht:048]: Temperature 24.8°C Humidity 39.0%[0m
2026-04-22T15:39:35,iot/dht11/debug,53,[0;36m[D][sensor:124]: 'Temperature' >> 24.8 °C[0m
2026-04-22T15:39:35,iot/dht11/sensor/temperature/state,4,24.8
2026-04-22T15:39:35,iot/dht11/debug,46,[0;36m[D][sensor:124]: 'Humidity' >> 39 %[0m
2026-04-22T15:39:35,iot/dht11/sensor/humidity/state,2,39
2026-04-22T15:39:38,iot/mq/debug,50,[0;36m[D][sensor:124]: 'Gas Sensor' >> 0.55 V[0m
2026-04-22T15:39:38,iot/mq/sensor/gas_sensor/state,4,0.55
2026-04-22T15:39:43,iot/mq/debug,50,[0;36m[D][sensor:124]: 'Gas Sensor' >> 0.55 V[0m
2026-04-22T15:39:43,iot/mq/sensor/gas_sensor/state,4,0.55
2026-04-22T15:39:45,iot/dht11/debug,59,[0;36m[D][dht:048]: Temperature 24.8°C Humidity 39.0%[0m
2026-04-22T15:39:45,iot/dht11/debug,53,[0;36m[D][sensor:124]: 'Temperature' >> 24.8 °C[0m
2026-04-22T15:39:45,iot/dht11/sensor/temperature/state,4,24.8
2026-04-22T15:39:45,iot/dht11/debug,46,[0;36m[D][sensor:124]: 'Humidity' >> 39 %[0m
2026-04-22T15:39:45,iot/dht11/sensor/humidity/state,2,39
2026-04-22T15:39:48,iot/mq/debug,50,[0;36m[D][sensor:124]: 'Gas Sensor' >> 0.55 V[0m
2026-04-22T15:39:48,iot/mq/sensor/gas_sensor/state,4,0.55
2026-04-22T15:39:53,iot/mq/debug,50,[0;36m[D][sensor:124]: 'Gas Sensor' >> 0.55 V[0m
2026-04-22T15:39:53,iot/mq/sensor/gas_sensor/state,4,0.55
2026-04-22T15:39:55,iot/dht11/debug,59,[0;36m[D][dht:048]: Temperature 24.8°C Humidity 39.0%[0m
2026-04-22T15:39:55,iot/dht11/debug,53,[0;36m[D][sensor:124]: 'Temperature' >> 24.8 °C[0m
2026-04-22T15:39:55,iot/dht11/sensor/temperature/state,4,24.8
2026-04-22T15:39:55,iot/dht11/debug,46,[0;36m[D][sensor:124]: 'Humidity' >> 39 %[0m
2026-04-22T15:39:55,iot/dht11/sensor/humidity/state,2,39
2026-04-22T15:39:58,iot/mq/debug,50,[0;36m[D][sensor:124]: 'Gas Sensor' >> 0.55 V[0m
2026-04-22T15:39:58,iot/mq/sensor/gas_sensor/state,4,0.55
2026-04-22T15:40:03,iot/mq/debug,50,[0;36m[D][sensor:124]: 'Gas Sensor' >> 0.55 V[0m
2026-04-22T15:40:03,iot/mq/sensor/gas_sensor/state,4,0.55
2026-04-22T15:40:05,iot/dht11/debug,59,[0;36m[D][dht:048]: Temperature 24.8°C Humidity 39.0%[0m
2026-04-22T15:40:05,iot/dht11/debug,53,[0;36m[D][sensor:124]: 'Temperature' >> 24.8 °C[0m
2026-04-22T15:40:05,iot/dht11/sensor/temperature/state,4,24.8
2026-04-22T15:40:05,iot/dht11/debug,46,[0;36m[D][sensor:124]: 'Humidity' >> 39 %[0m
2026-04-22T15:40:05,iot/dht11/sensor/humidity/state,2,39
2026-04-22T15:40:08,iot/mq/debug,50,[0;36m[D][sensor:124]: 'Gas Sensor' >> 0.55 V[0m
2026-04-22T15:40:08,iot/mq/sensor/gas_sensor/state,4,0.55
2026-04-22T15:40:13,iot/mq/debug,50,[0;36m[D][sensor:124]: 'Gas Sensor' >> 0.55 V[0m
2026-04-22T15:40:13,iot/mq/sensor/gas_sensor/state,4,0.55
2026-04-22T15:40:15,iot/dht11/debug,59,[0;36m[D][dht:048]: Temperature 24.8°C Humidity 39.0%[0m
2026-04-22T15:40:15,iot/dht11/debug,53,[0;36m[D][sensor:124]: 'Temperature' >> 24.8 °C[0m
2026-04-22T15:40:15,iot/dht11/sensor/temperature/state,4,24.8
2026-04-22T15:40:15,iot/dht11/debug,46,[0;36m[D][sensor:124]: 'Humidity' >> 39 %[0m
2026-04-22T15:40:15,iot/dht11/sensor/humidity/state,2,39
2026-04-22T15:40:18,iot/mq/debug,50,[0;36m[D][sensor:124]: 'Gas Sensor' >> 0.56 V[0m
2026-04-22T15:40:18,iot/mq/sensor/gas_sensor/state,4,0.56
